row	column	integer_cost	kind
0	108	1134625683	real
0	6424	11460592272901	private_dummy
1	110	1024916284	real
1	6425	11460592272901	private_dummy
2	112	960912471	real
2	6426	11460592272901	private_dummy
3	114	934574386	real
3	6427	11460592272901	private_dummy
4	116	943287091	real
4	6428	11460592272901	private_dummy
5	118	987879571	real
5	6429	11460592272901	private_dummy
6	120	1073192518	real
6	6430	11460592272901	private_dummy
7	122	1212633104	real
7	6431	11460592272901	private_dummy
8	124	1476010710	real
8	6432	11460592272901	private_dummy
9	107	1314620714	real
9	127	1314620714	real
9	6433	11460592272901	private_dummy
10	180	1024916284	real
10	6434	11460592272901	private_dummy
11	182	960912471	real
11	6435	11460592272901	private_dummy
12	184	934574386	real
12	6436	11460592272901	private_dummy
13	186	943287091	real
13	6437	11460592272901	private_dummy
14	188	987879571	real
14	6438	11460592272901	private_dummy
15	190	1073192518	real
15	6439	11460592272901	private_dummy
16	192	1212633104	real
16	6440	11460592272901	private_dummy
17	194	1476010710	real
17	6441	11460592272901	private_dummy
18	179	1134625683	real
18	197	1134625683	real
18	6442	11460592272901	private_dummy
19	244	960912471	real
19	6443	11460592272901	private_dummy
20	246	934574386	real
20	6444	11460592272901	private_dummy
21	248	943287091	real
21	6445	11460592272901	private_dummy
22	250	987879571	real
22	6446	11460592272901	private_dummy
23	252	1073192518	real
23	6447	11460592272901	private_dummy
24	254	1212633104	real
24	6448	11460592272901	private_dummy
25	256	1476010710	real
25	6449	11460592272901	private_dummy
26	243	1024916284	real
26	259	1024916284	real
26	6450	11460592272901	private_dummy
27	299	934574386	real
27	6451	11460592272901	private_dummy
28	301	943287091	real
28	6452	11460592272901	private_dummy
29	279	960912471	real
29	6453	11460592272901	private_dummy
30	306	1073192518	real
30	6454	11460592272901	private_dummy
31	308	1212633104	real
31	6455	11460592272901	private_dummy
32	310	1476010710	real
32	6456	11460592272901	private_dummy
33	298	960912471	real
33	313	960912471	real
33	6457	11460592272901	private_dummy
34	348	943287091	real
34	6458	11460592272901	private_dummy
35	350	987879571	real
35	6459	11460592272901	private_dummy
36	352	1073192518	real
36	6460	11460592272901	private_dummy
37	354	1212633104	real
37	6461	11460592272901	private_dummy
38	356	1476010710	real
38	6462	11460592272901	private_dummy
39	347	934574386	real
39	359	934574386	real
39	6463	11460592272901	private_dummy
40	389	987879571	real
40	6464	11460592272901	private_dummy
41	391	1073192518	real
41	6465	11460592272901	private_dummy
42	393	1212633104	real
42	6466	11460592272901	private_dummy
43	395	1476010710	real
43	6467	11460592272901	private_dummy
44	29	1476010710	real
44	397	1476010710	real
44	6468	11460592272901	private_dummy
45	422	1073192518	real
45	6469	11460592272901	private_dummy
46	424	1212633104	real
46	6470	11460592272901	private_dummy
47	426	1476010710	real
47	6471	11460592272901	private_dummy
48	34	1476010710	real
48	428	1476010710	real
48	6472	11460592272901	private_dummy
49	447	1212633104	real
49	6473	11460592272901	private_dummy
50	449	1476010710	real
50	6474	11460592272901	private_dummy
51	39	1476010710	real
51	451	1476010710	real
51	6475	11460592272901	private_dummy
52	464	1476010710	real
52	6476	11460592272901	private_dummy
53	44	1476010710	real
53	466	1476010710	real
53	6477	11460592272901	private_dummy
54	49	1476010710	real
54	473	1476010710	real
54	6478	11460592272901	private_dummy
55	2876	960912471	real
55	6479	11460592272901	private_dummy
56	2874	646256547	real
56	6480	11460592272901	private_dummy
57	2879	1040108784	real
57	6481	11460592272901	private_dummy
58	2879	1040108784	real
58	6482	11460592272901	private_dummy
59	2873	417818574	real
59	6483	11460592272901	private_dummy
60	2871	679876228	real
60	2872	679876228	real
60	6484	11460592272901	private_dummy
61	2861	114222248	real
61	2862	285552758	real
61	6485	11460592272901	private_dummy
62	2864	700851062	real
62	2865	700851062	real
62	6486	11460592272901	private_dummy
63	2886	325152045	real
63	6487	11460592272901	private_dummy
64	2862	285552758	real
64	6488	11460592272901	private_dummy
65	2875	943287091	real
65	6489	11460592272901	private_dummy
66	2888	325152045	real
66	6490	11460592272901	private_dummy
67	2861	342660221	real
67	6491	11460592272901	private_dummy
68	2868	435326750	real
68	2869	606657260	real
68	6492	11460592272901	private_dummy
69	2890	805238941	real
69	6493	11460592272901	private_dummy
70	2865	700851062	real
70	6494	11460592272901	private_dummy
71	2869	606657260	real
71	6495	11460592272901	private_dummy
72	2892	677762780	real
72	6496	11460592272901	private_dummy
73	2864	356658277	real
73	6497	11460592272901	private_dummy
74	2868	485993722	real
74	6498	11460592272901	private_dummy
75	2894	934574386	real
75	6499	11460592272901	private_dummy
76	2881	1000509497	real
76	6500	11460592272901	private_dummy
77	2881	921841024	real
77	6501	11460592272901	private_dummy
78	2879	1014507553	real
78	2880	575151027	real
78	2885	417818574	real
78	6502	11460592272901	private_dummy
79	2889	606657260	real
79	6503	11460592272901	private_dummy
80	2891	378219287	real
80	6504	11460592272901	private_dummy
81	2879	1059889174	real
81	2880	872181572	real
81	2887	714849118	real
81	6505	11460592272901	private_dummy
82	2889	803589001	real
82	6506	11460592272901	private_dummy
83	2891	378219287	real
83	6507	11460592272901	private_dummy
84	2878	559958527	real
84	6508	11460592272901	private_dummy
85	2878	456883268	real
85	6509	11460592272901	private_dummy
86	2877	456883268	real
86	6510	11460592272901	private_dummy
87	2893	606657260	real
87	6511	11460592272901	private_dummy
88	2895	482484498	real
88	6512	11460592272901	private_dummy
89	2877	685321241	real
89	6513	11460592272901	private_dummy
90	2893	803589001	real
90	6514	11460592272901	private_dummy
91	2895	482484498	real
91	6515	11460592272901	private_dummy
92	2789	958970270	real
92	6516	11460592272901	private_dummy
93	2863	671314201	real
93	6517	11460592272901	private_dummy
94	2863	671314201	real
94	6518	11460592272901	private_dummy
95	2752	456864501	real
95	2755	513977256	real
95	6519	11460592272901	private_dummy
96	2758	299541031	real
96	2761	299541031	real
96	6520	11460592272901	private_dummy
97	2764	348353212	real
97	2767	348353212	real
97	6521	11460592272901	private_dummy
98	2770	693393268	real
98	2772	693393268	real
98	6522	11460592272901	private_dummy
99	2773	1212633104	real
99	6523	11460592272901	private_dummy
100	2902	798790363	real
100	6524	11460592272901	private_dummy
101	2902	671314201	real
101	6525	11460592272901	private_dummy
102	2755	513977256	real
102	6526	11460592272901	private_dummy
103	2816	189370818	real
103	2819	189370818	real
103	6527	11460592272901	private_dummy
104	2823	757959324	real
104	6528	11460592272901	private_dummy
105	2866	553590018	real
105	6529	11460592272901	private_dummy
106	2866	356658277	real
106	6530	11460592272901	private_dummy
107	2752	693393268	real
107	6531	11460592272901	private_dummy
108	2794	245283838	real
108	2797	302396592	real
108	6532	11460592272901	private_dummy
109	2800	174178318	real
109	2803	174178318	real
109	6533	11460592272901	private_dummy
110	2806	451428472	real
110	2808	451428472	real
110	6534	11460592272901	private_dummy
111	2809	830547118	real
111	6535	11460592272901	private_dummy
112	2905	538397518	real
112	6536	11460592272901	private_dummy
113	2905	356658277	real
113	6537	11460592272901	private_dummy
114	2761	299541031	real
114	6538	11460592272901	private_dummy
115	2797	302396592	real
115	6539	11460592272901	private_dummy
116	2845	738178934	real
116	6540	11460592272901	private_dummy
117	2867	622182589	real
117	6541	11460592272901	private_dummy
118	2867	356658277	real
118	6542	11460592272901	private_dummy
119	2758	348353212	real
119	6543	11460592272901	private_dummy
120	2794	451428472	real
120	6544	11460592272901	private_dummy
121	2828	271544022	real
121	2831	328656777	real
121	6545	11460592272901	private_dummy
122	2834	428876476	real
122	2836	428876476	real
122	6546	11460592272901	private_dummy
123	2837	728429752	real
123	6547	11460592272901	private_dummy
124	2908	407325249	real
124	6548	11460592272901	private_dummy
125	2908	495287312	real
125	6549	11460592272901	private_dummy
126	2767	348353212	real
126	6550	11460592272901	private_dummy
127	2803	174178318	real
127	2819	174178318	real
127	6551	11460592272901	private_dummy
128	2831	328656777	real
128	6552	11460592272901	private_dummy
129	2857	886287249	real
129	6553	11460592272901	private_dummy
130	2870	814647702	real
130	6554	11460592272901	private_dummy
131	2870	902609765	real
131	6555	11460592272901	private_dummy
132	2764	299541031	real
132	6556	11460592272901	private_dummy
133	2800	174178318	real
133	2816	174178318	real
133	6557	11460592272901	private_dummy
134	2828	428876476	real
134	6558	11460592272901	private_dummy
135	2850	602099362	real
135	2852	659212116	real
135	6559	11460592272901	private_dummy
136	2853	788387517	real
136	6560	11460592272901	private_dummy
137	2911	721981173	real
137	6561	11460592272901	private_dummy
138	2911	706867976	real
138	6562	11460592272901	private_dummy
139	2772	693393268	real
139	6563	11460592272901	private_dummy
140	2808	451428472	real
140	6564	11460592272901	private_dummy
141	2836	428876476	real
141	6565	11460592272901	private_dummy
142	2852	659212116	real
142	6566	11460592272901	private_dummy
143	2860	1212633104	real
143	6567	11460592272901	private_dummy
144	2913	721981173	real
144	6568	11460592272901	private_dummy
145	2913	706867976	real
145	6569	11460592272901	private_dummy
146	2770	456864501	real
146	6570	11460592272901	private_dummy
147	2806	245283838	real
147	6571	11460592272901	private_dummy
148	2834	271544022	real
148	6572	11460592272901	private_dummy
149	2850	602099362	real
149	6573	11460592272901	private_dummy
150	2859	1055957210	real
150	6574	11460592272901	private_dummy
151	2915	814647702	real
151	6575	11460592272901	private_dummy
152	2915	799534505	real
152	6576	11460592272901	private_dummy
153	2883	649758483	real
153	6577	11460592272901	private_dummy
154	2883	788387517	real
154	6578	11460592272901	private_dummy
155	2901	886287249	real
155	6579	11460592272901	private_dummy
156	2903	649758483	real
156	6580	11460592272901	private_dummy
157	2904	541247193	real
157	6581	11460592272901	private_dummy
158	2906	492435012	real
158	6582	11460592272901	private_dummy
159	2884	335102559	real
159	6583	11460592272901	private_dummy
160	2884	473731594	real
160	6584	11460592272901	private_dummy
161	2907	492435012	real
161	6585	11460592272901	private_dummy
162	2909	541247193	real
162	6586	11460592272901	private_dummy
163	2910	649758483	real
163	6587	11460592272901	private_dummy
164	2914	571090010	real
164	6588	11460592272901	private_dummy
165	2916	571090010	real
165	6589	11460592272901	private_dummy
166	2912	1024916284	real
166	6590	11460592272901	private_dummy
167	2914	649758483	real
167	6591	11460592272901	private_dummy
168	2916	571090010	real
168	6592	11460592272901	private_dummy
169	2881	921841024	real
169	2882	807618777	real
169	6593	11460592272901	private_dummy
170	2881	921841024	real
170	2882	807618777	real
170	6594	11460592272901	private_dummy
171	3	1476010710	real
171	4	1476010710	real
171	126	1476010710	real
171	6595	11460592272901	private_dummy
172	2751	886287249	real
172	6596	11460592272901	private_dummy
173	2754	763980730	real
173	6597	11460592272901	private_dummy
174	2757	698579647	real
174	6598	11460592272901	private_dummy
175	2760	677762780	real
175	6599	11460592272901	private_dummy
176	2763	698579647	real
176	6600	11460592272901	private_dummy
177	2766	763980730	real
177	6601	11460592272901	private_dummy
178	2769	886287249	real
178	6602	11460592272901	private_dummy
179	53	1191738437	real
179	54	1134625683	real
179	56	1134625683	real
179	57	1134625683	real
179	6603	11460592272901	private_dummy
180	59	1082029038	real
180	60	1024916284	real
180	62	1024916284	real
180	63	1024916284	real
180	6604	11460592272901	private_dummy
181	65	1018025225	real
181	66	960912471	real
181	68	960912471	real
181	69	960912471	real
181	6605	11460592272901	private_dummy
182	71	991687140	real
182	72	934574386	real
182	74	934574386	real
182	75	934574386	real
182	6606	11460592272901	private_dummy
183	77	1000399846	real
183	78	943287091	real
183	80	943287091	real
183	81	943287091	real
183	6607	11460592272901	private_dummy
184	83	1044992326	real
184	84	987879571	real
184	86	987879571	real
184	87	987879571	real
184	6608	11460592272901	private_dummy
185	89	1130305272	real
185	90	1073192518	real
185	92	1073192518	real
185	93	1073192518	real
185	6609	11460592272901	private_dummy
186	95	1269745858	real
186	96	1212633104	real
186	98	1212633104	real
186	99	1212633104	real
186	6610	11460592272901	private_dummy
187	101	1533123464	real
187	102	1476010710	real
187	104	1476010710	real
187	105	1476010710	real
187	6611	11460592272901	private_dummy
188	0	1476010710	real
188	2	1476010710	real
188	6612	11460592272901	private_dummy
189	56	1314620714	real
189	58	1314620714	real
189	6613	11460592272901	private_dummy
190	8	1476010710	real
190	9	1476010710	real
190	196	1476010710	real
190	6614	11460592272901	private_dummy
191	2775	807618777	real
191	6615	11460592272901	private_dummy
192	2777	571090010	real
192	6616	11460592272901	private_dummy
193	2779	462578720	real
193	6617	11460592272901	private_dummy
194	2781	413766540	real
194	6618	11460592272901	private_dummy
195	2783	413766540	real
195	6619	11460592272901	private_dummy
196	2785	462578720	real
196	6620	11460592272901	private_dummy
197	2787	571090010	real
197	6621	11460592272901	private_dummy
198	53	1371733469	real
198	55	1314620714	real
198	109	1314620714	real
198	6622	11460592272901	private_dummy
199	131	1082029038	real
199	132	1024916284	real
199	134	1024916284	real
199	135	1024916284	real
199	6623	11460592272901	private_dummy
200	137	1018025225	real
200	138	960912471	real
200	140	960912471	real
200	141	960912471	real
200	6624	11460592272901	private_dummy
201	143	991687140	real
201	144	934574386	real
201	146	934574386	real
201	147	934574386	real
201	6625	11460592272901	private_dummy
202	149	1000399846	real
202	150	943287091	real
202	152	943287091	real
202	153	943287091	real
202	6626	11460592272901	private_dummy
203	155	1044992326	real
203	156	987879571	real
203	158	987879571	real
203	159	987879571	real
203	6627	11460592272901	private_dummy
204	161	1130305272	real
204	162	1073192518	real
204	164	1073192518	real
204	165	1073192518	real
204	6628	11460592272901	private_dummy
205	167	1269745858	real
205	168	1212633104	real
205	170	1212633104	real
205	171	1212633104	real
205	6629	11460592272901	private_dummy
206	173	1533123464	real
206	174	1476010710	real
206	176	1476010710	real
206	177	1476010710	real
206	6630	11460592272901	private_dummy
207	5	1476010710	real
207	7	1476010710	real
207	6631	11460592272901	private_dummy
208	62	1314620714	real
208	64	1314620714	real
208	6632	11460592272901	private_dummy
209	134	1134625683	real
209	136	1134625683	real
209	6633	11460592272901	private_dummy
210	13	1476010710	real
210	14	1476010710	real
210	258	1476010710	real
210	6634	11460592272901	private_dummy
211	2918	998844456	real
211	6635	11460592272901	private_dummy
212	2791	685312257	real
212	6636	11460592272901	private_dummy
213	2793	462578720	real
213	6637	11460592272901	private_dummy
214	2796	370656334	real
214	6638	11460592272901	private_dummy
215	2799	342661020	real
215	6639	11460592272901	private_dummy
216	2802	370656334	real
216	6640	11460592272901	private_dummy
217	2805	462578720	real
217	6641	11460592272901	private_dummy
218	59	1371733469	real
218	61	1314620714	real
218	111	1314620714	real
218	6642	11460592272901	private_dummy
219	131	1191738437	real
219	133	1134625683	real
219	181	1134625683	real
219	6643	11460592272901	private_dummy
220	201	1018025225	real
220	202	960912471	real
220	204	960912471	real
220	205	960912471	real
220	6644	11460592272901	private_dummy
221	207	991687140	real
221	208	934574386	real
221	210	934574386	real
221	211	934574386	real
221	6645	11460592272901	private_dummy
222	213	1000399846	real
222	214	943287091	real
222	216	943287091	real
222	217	943287091	real
222	6646	11460592272901	private_dummy
223	219	1044992326	real
223	220	987879571	real
223	222	987879571	real
223	223	987879571	real
223	6647	11460592272901	private_dummy
224	225	1130305272	real
224	226	1073192518	real
224	228	1073192518	real
224	229	1073192518	real
224	6648	11460592272901	private_dummy
225	231	1269745858	real
225	232	1212633104	real
225	234	1212633104	real
225	235	1212633104	real
225	6649	11460592272901	private_dummy
226	237	1533123464	real
226	238	1476010710	real
226	240	1476010710	real
226	241	1476010710	real
226	6650	11460592272901	private_dummy
227	10	1476010710	real
227	12	1476010710	real
227	6651	11460592272901	private_dummy
228	68	1314620714	real
228	70	1314620714	real
228	6652	11460592272901	private_dummy
229	140	1134625683	real
229	142	1134625683	real
229	6653	11460592272901	private_dummy
230	204	1024916284	real
230	206	1024916284	real
230	6654	11460592272901	private_dummy
231	303	987879571	real
231	304	987879571	real
231	6655	11460592272901	private_dummy
232	18	1476010710	real
232	19	1476010710	real
232	312	1476010710	real
232	6656	11460592272901	private_dummy
233	2920	998844456	real
233	6657	11460592272901	private_dummy
234	2922	829174495	real
234	6658	11460592272901	private_dummy
235	2811	619911174	real
235	6659	11460592272901	private_dummy
236	2813	413766540	real
236	6660	11460592272901	private_dummy
237	2924	342661020	real
237	6661	11460592272901	private_dummy
238	2818	342661020	real
238	6662	11460592272901	private_dummy
239	2821	413766540	real
239	6663	11460592272901	private_dummy
240	65	1371733469	real
240	67	1314620714	real
240	113	1314620714	real
240	6664	11460592272901	private_dummy
241	137	1191738437	real
241	139	1134625683	real
241	183	1134625683	real
241	6665	11460592272901	private_dummy
242	201	1082029038	real
242	203	1024916284	real
242	245	1024916284	real
242	6666	11460592272901	private_dummy
243	263	991687140	real
243	264	934574386	real
243	266	934574386	real
243	267	934574386	real
243	6667	11460592272901	private_dummy
244	269	1000399846	real
244	270	943287091	real
244	272	943287091	real
244	273	943287091	real
244	6668	11460592272901	private_dummy
245	275	1044992326	real
245	276	987879571	real
245	278	987879571	real
245	6669	11460592272901	private_dummy
246	280	1130305272	real
246	281	1073192518	real
246	283	1073192518	real
246	284	1073192518	real
246	6670	11460592272901	private_dummy
247	286	1269745858	real
247	287	1212633104	real
247	289	1212633104	real
247	290	1212633104	real
247	6671	11460592272901	private_dummy
248	292	1533123464	real
248	293	1476010710	real
248	295	1476010710	real
248	296	1476010710	real
248	6672	11460592272901	private_dummy
249	15	1476010710	real
249	17	1476010710	real
249	6673	11460592272901	private_dummy
250	74	1314620714	real
250	76	1314620714	real
250	6674	11460592272901	private_dummy
251	146	1134625683	real
251	148	1134625683	real
251	6675	11460592272901	private_dummy
252	210	1024916284	real
252	212	1024916284	real
252	6676	11460592272901	private_dummy
253	266	960912471	real
253	268	960912471	real
253	6677	11460592272901	private_dummy
254	23	1476010710	real
254	24	1476010710	real
254	358	1476010710	real
254	6678	11460592272901	private_dummy
255	2926	998844456	real
255	6679	11460592272901	private_dummy
256	2928	829174495	real
256	6680	11460592272901	private_dummy
257	2930	731274763	real
257	6681	11460592272901	private_dummy
258	2825	599094307	real
258	6682	11460592272901	private_dummy
259	2827	413766540	real
259	6683	11460592272901	private_dummy
260	2830	370656334	real
260	6684	11460592272901	private_dummy
261	2833	413766540	real
261	6685	11460592272901	private_dummy
262	71	1371733469	real
262	73	1314620714	real
262	115	1314620714	real
262	6686	11460592272901	private_dummy
263	143	1191738437	real
263	145	1134625683	real
263	185	1134625683	real
263	6687	11460592272901	private_dummy
264	207	1082029038	real
264	209	1024916284	real
264	247	1024916284	real
264	6688	11460592272901	private_dummy
265	263	1018025225	real
265	265	960912471	real
265	300	960912471	real
265	6689	11460592272901	private_dummy
266	317	1000399846	real
266	318	943287091	real
266	320	943287091	real
266	321	943287091	real
266	6690	11460592272901	private_dummy
267	323	1044992326	real
267	324	987879571	real
267	326	987879571	real
267	327	987879571	real
267	6691	11460592272901	private_dummy
268	329	1130305272	real
268	330	1073192518	real
268	332	1073192518	real
268	333	1073192518	real
268	6692	11460592272901	private_dummy
269	335	1269745858	real
269	336	1212633104	real
269	338	1212633104	real
269	339	1212633104	real
269	6693	11460592272901	private_dummy
270	341	1533123464	real
270	342	1476010710	real
270	344	1476010710	real
270	345	1476010710	real
270	6694	11460592272901	private_dummy
271	20	1476010710	real
271	22	1476010710	real
271	6695	11460592272901	private_dummy
272	80	1314620714	real
272	82	1314620714	real
272	6696	11460592272901	private_dummy
273	152	1134625683	real
273	154	1134625683	real
273	6697	11460592272901	private_dummy
274	216	1024916284	real
274	218	1024916284	real
274	6698	11460592272901	private_dummy
275	272	960912471	real
275	274	960912471	real
275	6699	11460592272901	private_dummy
276	320	934574386	real
276	322	934574386	real
276	6700	11460592272901	private_dummy
277	2932	998844456	real
277	6701	11460592272901	private_dummy
278	2934	829174495	real
278	6702	11460592272901	private_dummy
279	2936	731274763	real
279	6703	11460592272901	private_dummy
280	2938	681066180	real
280	6704	11460592272901	private_dummy
281	2839	619911174	real
281	6705	11460592272901	private_dummy
282	2841	462578720	real
282	6706	11460592272901	private_dummy
283	2843	462578720	real
283	6707	11460592272901	private_dummy
284	77	1371733469	real
284	79	1314620714	real
284	117	1314620714	real
284	6708	11460592272901	private_dummy
285	149	1191738437	real
285	151	1134625683	real
285	187	1134625683	real
285	6709	11460592272901	private_dummy
286	213	1082029038	real
286	215	1024916284	real
286	249	1024916284	real
286	6710	11460592272901	private_dummy
287	269	1018025225	real
287	271	960912471	real
287	302	960912471	real
287	6711	11460592272901	private_dummy
288	317	991687140	real
288	319	934574386	real
288	349	934574386	real
288	6712	11460592272901	private_dummy
289	363	1044992326	real
289	364	987879571	real
289	366	987879571	real
289	367	987879571	real
289	6713	11460592272901	private_dummy
290	369	1130305272	real
290	370	1073192518	real
290	372	1073192518	real
290	373	1073192518	real
290	6714	11460592272901	private_dummy
291	375	1269745858	real
291	376	1212633104	real
291	378	1212633104	real
291	379	1212633104	real
291	6715	11460592272901	private_dummy
292	381	1533123464	real
292	382	1476010710	real
292	384	1476010710	real
292	385	1476010710	real
292	6716	11460592272901	private_dummy
293	25	1476010710	real
293	27	1476010710	real
293	387	1476010710	real
293	6717	11460592272901	private_dummy
294	86	1314620714	real
294	88	1314620714	real
294	6718	11460592272901	private_dummy
295	158	1134625683	real
295	160	1134625683	real
295	6719	11460592272901	private_dummy
296	222	1024916284	real
296	224	1024916284	real
296	6720	11460592272901	private_dummy
297	326	934574386	real
297	328	934574386	real
297	6721	11460592272901	private_dummy
298	366	943287091	real
298	368	943287091	real
298	6722	11460592272901	private_dummy
299	2940	998844456	real
299	6723	11460592272901	private_dummy
300	2942	829174495	real
300	6724	11460592272901	private_dummy
301	2815	731274763	real
301	6725	11460592272901	private_dummy
302	2944	681066180	real
302	6726	11460592272901	private_dummy
303	2946	671316997	real
303	6727	11460592272901	private_dummy
304	2847	685312257	real
304	6728	11460592272901	private_dummy
305	2849	571090010	real
305	6729	11460592272901	private_dummy
306	83	1371733469	real
306	85	1314620714	real
306	119	1314620714	real
306	6730	11460592272901	private_dummy
307	155	1191738437	real
307	157	1134625683	real
307	189	1134625683	real
307	6731	11460592272901	private_dummy
308	219	1082029038	real
308	221	1024916284	real
308	251	1024916284	real
308	6732	11460592272901	private_dummy
309	275	1018025225	real
309	277	960912471	real
309	303	960912471	real
309	305	960912471	real
309	6733	11460592272901	private_dummy
310	323	991687140	real
310	325	934574386	real
310	351	934574386	real
310	6734	11460592272901	private_dummy
311	363	1000399846	real
311	365	943287091	real
311	390	943287091	real
311	6735	11460592272901	private_dummy
312	402	1130305272	real
312	403	1073192518	real
312	405	1073192518	real
312	406	1073192518	real
312	6736	11460592272901	private_dummy
313	408	1269745858	real
313	409	1212633104	real
313	411	1212633104	real
313	412	1212633104	real
313	6737	11460592272901	private_dummy
314	414	1533123464	real
314	415	1476010710	real
314	417	1476010710	real
314	418	1476010710	real
314	6738	11460592272901	private_dummy
315	30	1476010710	real
315	32	1476010710	real
315	420	1476010710	real
315	6739	11460592272901	private_dummy
316	92	1314620714	real
316	94	1314620714	real
316	6740	11460592272901	private_dummy
317	164	1134625683	real
317	166	1134625683	real
317	6741	11460592272901	private_dummy
318	228	1024916284	real
318	230	1024916284	real
318	6742	11460592272901	private_dummy
319	283	960912471	real
319	285	960912471	real
319	6743	11460592272901	private_dummy
320	332	934574386	real
320	334	934574386	real
320	6744	11460592272901	private_dummy
321	372	943287091	real
321	374	943287091	real
321	6745	11460592272901	private_dummy
322	405	987879571	real
322	407	987879571	real
322	6746	11460592272901	private_dummy
323	2948	998844456	real
323	6747	11460592272901	private_dummy
324	2950	829174495	real
324	6748	11460592272901	private_dummy
325	2952	731274763	real
325	6749	11460592272901	private_dummy
326	2954	681066180	real
326	6750	11460592272901	private_dummy
327	2956	671316997	real
327	6751	11460592272901	private_dummy
328	2958	700846570	real
328	6752	11460592272901	private_dummy
329	2855	807618777	real
329	6753	11460592272901	private_dummy
330	89	1371733469	real
330	91	1314620714	real
330	121	1314620714	real
330	6754	11460592272901	private_dummy
331	161	1191738437	real
331	163	1134625683	real
331	191	1134625683	real
331	6755	11460592272901	private_dummy
332	225	1082029038	real
332	227	1024916284	real
332	253	1024916284	real
332	6756	11460592272901	private_dummy
333	280	1018025225	real
333	282	960912471	real
333	307	960912471	real
333	6757	11460592272901	private_dummy
334	329	991687140	real
334	331	934574386	real
334	353	934574386	real
334	6758	11460592272901	private_dummy
335	369	1000399846	real
335	371	943287091	real
335	392	943287091	real
335	6759	11460592272901	private_dummy
336	402	1044992326	real
336	404	987879571	real
336	423	987879571	real
336	6760	11460592272901	private_dummy
337	433	1269745858	real
337	434	1212633104	real
337	436	1212633104	real
337	437	1212633104	real
337	6761	11460592272901	private_dummy
338	439	1533123464	real
338	440	1476010710	real
338	442	1476010710	real
338	443	1476010710	real
338	6762	11460592272901	private_dummy
339	35	1476010710	real
339	37	1476010710	real
339	445	1476010710	real
339	6763	11460592272901	private_dummy
340	98	1314620714	real
340	100	1314620714	real
340	6764	11460592272901	private_dummy
341	170	1134625683	real
341	172	1134625683	real
341	6765	11460592272901	private_dummy
342	234	1024916284	real
342	236	1024916284	real
342	6766	11460592272901	private_dummy
343	289	960912471	real
343	291	960912471	real
343	6767	11460592272901	private_dummy
344	338	934574386	real
344	340	934574386	real
344	6768	11460592272901	private_dummy
345	378	943287091	real
345	380	943287091	real
345	6769	11460592272901	private_dummy
346	411	987879571	real
346	413	987879571	real
346	6770	11460592272901	private_dummy
347	436	1073192518	real
347	438	1073192518	real
347	6771	11460592272901	private_dummy
348	2960	998844456	real
348	6772	11460592272901	private_dummy
349	2962	829174495	real
349	6773	11460592272901	private_dummy
350	2964	731274763	real
350	6774	11460592272901	private_dummy
351	2966	681066180	real
351	6775	11460592272901	private_dummy
352	2968	671316997	real
352	6776	11460592272901	private_dummy
353	2970	700846570	real
353	6777	11460592272901	private_dummy
354	2972	773434363	real
354	6778	11460592272901	private_dummy
355	95	1371733469	real
355	97	1314620714	real
355	123	1314620714	real
355	6779	11460592272901	private_dummy
356	167	1191738437	real
356	169	1134625683	real
356	193	1134625683	real
356	6780	11460592272901	private_dummy
357	231	1082029038	real
357	233	1024916284	real
357	255	1024916284	real
357	6781	11460592272901	private_dummy
358	286	1018025225	real
358	288	960912471	real
358	309	960912471	real
358	6782	11460592272901	private_dummy
359	335	991687140	real
359	337	934574386	real
359	355	934574386	real
359	6783	11460592272901	private_dummy
360	375	1000399846	real
360	377	943287091	real
360	394	943287091	real
360	6784	11460592272901	private_dummy
361	408	1044992326	real
361	410	987879571	real
361	425	987879571	real
361	6785	11460592272901	private_dummy
362	433	1130305272	real
362	435	1073192518	real
362	448	1073192518	real
362	6786	11460592272901	private_dummy
363	456	1533123464	real
363	457	1476010710	real
363	459	1476010710	real
363	460	1476010710	real
363	6787	11460592272901	private_dummy
364	40	1476010710	real
364	42	1476010710	real
364	462	1476010710	real
364	6788	11460592272901	private_dummy
365	104	1314620714	real
365	106	1314620714	real
365	6789	11460592272901	private_dummy
366	176	1134625683	real
366	178	1134625683	real
366	6790	11460592272901	private_dummy
367	240	1024916284	real
367	242	1024916284	real
367	6791	11460592272901	private_dummy
368	295	960912471	real
368	297	960912471	real
368	6792	11460592272901	private_dummy
369	344	934574386	real
369	346	934574386	real
369	6793	11460592272901	private_dummy
370	384	943287091	real
370	386	943287091	real
370	6794	11460592272901	private_dummy
371	417	987879571	real
371	419	987879571	real
371	6795	11460592272901	private_dummy
372	442	1073192518	real
372	444	1073192518	real
372	6796	11460592272901	private_dummy
373	459	1212633104	real
373	461	1212633104	real
373	6797	11460592272901	private_dummy
374	2974	998844456	real
374	6798	11460592272901	private_dummy
375	2976	829174495	real
375	6799	11460592272901	private_dummy
376	2978	731274763	real
376	6800	11460592272901	private_dummy
377	2980	681066180	real
377	6801	11460592272901	private_dummy
378	2982	671316997	real
378	6802	11460592272901	private_dummy
379	2984	700846570	real
379	6803	11460592272901	private_dummy
380	2986	773434363	real
380	6804	11460592272901	private_dummy
381	101	1371733469	real
381	103	1314620714	real
381	125	1314620714	real
381	6805	11460592272901	private_dummy
382	173	1191738437	real
382	175	1134625683	real
382	195	1134625683	real
382	6806	11460592272901	private_dummy
383	237	1082029038	real
383	239	1024916284	real
383	257	1024916284	real
383	6807	11460592272901	private_dummy
384	292	1018025225	real
384	294	960912471	real
384	311	960912471	real
384	6808	11460592272901	private_dummy
385	341	991687140	real
385	343	934574386	real
385	357	934574386	real
385	6809	11460592272901	private_dummy
386	381	1000399846	real
386	383	943287091	real
386	396	943287091	real
386	6810	11460592272901	private_dummy
387	414	1044992326	real
387	416	987879571	real
387	427	987879571	real
387	6811	11460592272901	private_dummy
388	439	1130305272	real
388	441	1073192518	real
388	450	1073192518	real
388	6812	11460592272901	private_dummy
389	456	1269745858	real
389	458	1212633104	real
389	465	1212633104	real
389	6813	11460592272901	private_dummy
390	45	1476010710	real
390	47	1476010710	real
390	471	1476010710	real
390	6814	11460592272901	private_dummy
391	387	943287091	real
391	388	943287091	real
391	398	943287091	real
391	6815	11460592272901	private_dummy
392	420	987879571	real
392	421	987879571	real
392	429	987879571	real
392	6816	11460592272901	private_dummy
393	445	1073192518	real
393	446	1073192518	real
393	452	1073192518	real
393	6817	11460592272901	private_dummy
394	462	1212633104	real
394	463	1212633104	real
394	467	1212633104	real
394	6818	11460592272901	private_dummy
395	471	1476010710	real
395	472	1476010710	real
395	6819	11460592272901	private_dummy
396	0	1314620714	real
396	1	1314620714	real
396	3	1314620714	real
396	6820	11460592272901	private_dummy
397	5	1134625683	real
397	6	1134625683	real
397	8	1134625683	real
397	6821	11460592272901	private_dummy
398	10	1024916284	real
398	11	1024916284	real
398	13	1024916284	real
398	6822	11460592272901	private_dummy
399	15	960912471	real
399	16	960912471	real
399	18	960912471	real
399	6823	11460592272901	private_dummy
400	20	934574386	real
400	21	934574386	real
400	23	934574386	real
400	6824	11460592272901	private_dummy
401	25	943287091	real
401	26	943287091	real
401	28	943287091	real
401	6825	11460592272901	private_dummy
402	30	987879571	real
402	31	987879571	real
402	33	987879571	real
402	6826	11460592272901	private_dummy
403	35	1073192518	real
403	36	1073192518	real
403	38	1073192518	real
403	6827	11460592272901	private_dummy
404	40	1212633104	real
404	41	1212633104	real
404	43	1212633104	real
404	6828	11460592272901	private_dummy
405	45	1476010710	real
405	46	1476010710	real
405	48	1476010710	real
405	6829	11460592272901	private_dummy
406	2896	998844456	real
406	6830	11460592272901	private_dummy
407	2896	1055957210	real
407	6831	11460592272901	private_dummy
408	2897	628199503	real
408	6832	11460592272901	private_dummy
409	2897	685312257	real
409	6833	11460592272901	private_dummy
410	2898	541981553	real
410	6834	11460592272901	private_dummy
411	2898	599094307	real
411	6835	11460592272901	private_dummy
412	2899	628199503	real
412	6836	11460592272901	private_dummy
413	2899	685312257	real
413	6837	11460592272901	private_dummy
414	2900	998844456	real
414	6838	11460592272901	private_dummy
415	2900	1055957210	real
415	6839	11460592272901	private_dummy
416	674	1212633104	real
416	6840	11460592272901	private_dummy
417	666	1073192518	real
417	6841	11460592272901	private_dummy
418	654	987879571	real
418	6842	11460592272901	private_dummy
419	638	943287091	real
419	6843	11460592272901	private_dummy
420	617	934574386	real
420	6844	11460592272901	private_dummy
421	593	960912471	real
421	6845	11460592272901	private_dummy
422	563	1024916284	real
422	6846	11460592272901	private_dummy
423	530	1134625683	real
423	6847	11460592272901	private_dummy
424	493	1314620714	real
424	6848	11460592272901	private_dummy
425	679	1476010710	real
425	6849	11460592272901	private_dummy
426	664	1073192518	real
426	6850	11460592272901	private_dummy
427	652	987879571	real
427	6851	11460592272901	private_dummy
428	636	943287091	real
428	6852	11460592272901	private_dummy
429	615	934574386	real
429	6853	11460592272901	private_dummy
430	591	960912471	real
430	6854	11460592272901	private_dummy
431	561	1024916284	real
431	6855	11460592272901	private_dummy
432	528	1134625683	real
432	6856	11460592272901	private_dummy
433	491	1314620714	real
433	6857	11460592272901	private_dummy
434	650	987879571	real
434	6858	11460592272901	private_dummy
435	634	943287091	real
435	6859	11460592272901	private_dummy
436	613	934574386	real
436	6860	11460592272901	private_dummy
437	589	960912471	real
437	6861	11460592272901	private_dummy
438	559	1024916284	real
438	6862	11460592272901	private_dummy
439	526	1134625683	real
439	6863	11460592272901	private_dummy
440	489	1314620714	real
440	6864	11460592272901	private_dummy
441	632	943287091	real
441	6865	11460592272901	private_dummy
442	611	934574386	real
442	6866	11460592272901	private_dummy
443	599	987879571	real
443	6867	11460592272901	private_dummy
444	557	1024916284	real
444	6868	11460592272901	private_dummy
445	524	1134625683	real
445	6869	11460592272901	private_dummy
446	487	1314620714	real
446	6870	11460592272901	private_dummy
447	609	934574386	real
447	6871	11460592272901	private_dummy
448	584	960912471	real
448	6872	11460592272901	private_dummy
449	555	1024916284	real
449	6873	11460592272901	private_dummy
450	522	1134625683	real
450	6874	11460592272901	private_dummy
451	485	1314620714	real
451	6875	11460592272901	private_dummy
452	582	960912471	real
452	6876	11460592272901	private_dummy
453	553	1024916284	real
453	6877	11460592272901	private_dummy
454	520	1134625683	real
454	6878	11460592272901	private_dummy
455	483	1314620714	real
455	6879	11460592272901	private_dummy
456	24	1476010710	real
456	6880	11460592272901	private_dummy
457	551	1024916284	real
457	6881	11460592272901	private_dummy
458	518	1134625683	real
458	6882	11460592272901	private_dummy
459	481	1314620714	real
459	6883	11460592272901	private_dummy
460	19	1476010710	real
460	6884	11460592272901	private_dummy
461	516	1134625683	real
461	6885	11460592272901	private_dummy
462	479	1314620714	real
462	6886	11460592272901	private_dummy
463	14	1476010710	real
463	6887	11460592272901	private_dummy
464	477	1314620714	real
464	6888	11460592272901	private_dummy
465	9	1476010710	real
465	6889	11460592272901	private_dummy
466	4	1476010710	real
466	6890	11460592272901	private_dummy
467	3035	960912471	real
467	6891	11460592272901	private_dummy
468	3033	646256547	real
468	6892	11460592272901	private_dummy
469	3038	1040108784	real
469	6893	11460592272901	private_dummy
470	3038	1040108784	real
470	6894	11460592272901	private_dummy
471	3032	449324806	real
471	6895	11460592272901	private_dummy
472	3030	679876228	real
472	3031	679876228	real
472	6896	11460592272901	private_dummy
473	3020	217297508	real
473	3021	388628017	real
473	6897	11460592272901	private_dummy
474	3023	700851062	real
474	3024	700851062	real
474	6898	11460592272901	private_dummy
475	3045	428227305	real
475	6899	11460592272901	private_dummy
476	3021	388628017	real
476	6900	11460592272901	private_dummy
477	3034	943287091	real
477	6901	11460592272901	private_dummy
478	3047	428227305	real
478	6902	11460592272901	private_dummy
479	3020	471995666	real
479	6903	11460592272901	private_dummy
480	3027	403820517	real
480	3028	575151027	real
480	6904	11460592272901	private_dummy
481	3049	934574386	real
481	6905	11460592272901	private_dummy
482	3024	700851062	real
482	6906	11460592272901	private_dummy
483	3028	575151027	real
483	6907	11460592272901	private_dummy
484	3051	646256547	real
484	6908	11460592272901	private_dummy
485	3023	356658277	real
485	6909	11460592272901	private_dummy
486	3027	356658277	real
486	6910	11460592272901	private_dummy
487	3053	805238941	real
487	6911	11460592272901	private_dummy
488	3040	1000509497	real
488	6912	11460592272901	private_dummy
489	3040	921841024	real
489	6913	11460592272901	private_dummy
490	3038	1046013786	real
490	3039	606657260	real
490	3044	449324806	real
490	6914	11460592272901	private_dummy
491	3048	606657260	real
491	6915	11460592272901	private_dummy
492	3050	378219287	real
492	6916	11460592272901	private_dummy
493	3038	1059889174	real
493	3039	872181572	real
493	3046	714849118	real
493	6917	11460592272901	private_dummy
494	3048	803589001	real
494	6918	11460592272901	private_dummy
495	3050	378219287	real
495	6919	11460592272901	private_dummy
496	3037	559958527	real
496	6920	11460592272901	private_dummy
497	3037	559958527	real
497	6921	11460592272901	private_dummy
498	3036	559958527	real
498	6922	11460592272901	private_dummy
499	3052	606657260	real
499	6923	11460592272901	private_dummy
500	3054	482484498	real
500	6924	11460592272901	private_dummy
501	3036	814656685	real
501	6925	11460592272901	private_dummy
502	3052	803589001	real
502	6926	11460592272901	private_dummy
503	3054	482484498	real
503	6927	11460592272901	private_dummy
504	2997	1055957210	real
504	6928	11460592272901	private_dummy
505	3022	592645728	real
505	6929	11460592272901	private_dummy
506	3022	706867976	real
506	6930	11460592272901	private_dummy
507	2988	602099362	real
507	2989	659212116	real
507	6931	11460592272901	private_dummy
508	2990	428876476	real
508	2991	428876476	real
508	6932	11460592272901	private_dummy
509	2992	451428472	real
509	2993	451428472	real
509	6933	11460592272901	private_dummy
510	2994	693393268	real
510	2995	693393268	real
510	6934	11460592272901	private_dummy
511	2996	1212633104	real
511	6935	11460592272901	private_dummy
512	3061	798790363	real
512	6936	11460592272901	private_dummy
513	3061	706867976	real
513	6937	11460592272901	private_dummy
514	2989	659212116	real
514	6938	11460592272901	private_dummy
515	3005	174178318	real
515	3006	174178318	real
515	6939	11460592272901	private_dummy
516	3007	788387517	real
516	6940	11460592272901	private_dummy
517	3025	435322258	real
517	6941	11460592272901	private_dummy
518	3025	392212052	real
518	6942	11460592272901	private_dummy
519	2988	844744762	real
519	6943	11460592272901	private_dummy
520	2998	271544022	real
520	2999	328656777	real
520	6944	11460592272901	private_dummy
521	3000	174178318	real
521	3001	174178318	real
521	6945	11460592272901	private_dummy
522	3002	348353212	real
522	3003	348353212	real
522	6946	11460592272901	private_dummy
523	3004	886287249	real
523	6947	11460592272901	private_dummy
524	3064	435322258	real
524	6948	11460592272901	private_dummy
525	3064	392212052	real
525	6949	11460592272901	private_dummy
526	2991	428876476	real
526	6950	11460592272901	private_dummy
527	2999	328656777	real
527	6951	11460592272901	private_dummy
528	3013	728429752	real
528	6952	11460592272901	private_dummy
529	3026	484134439	real
529	6953	11460592272901	private_dummy
530	3026	392212052	real
530	6954	11460592272901	private_dummy
531	2990	486401362	real
531	6955	11460592272901	private_dummy
532	2998	486401362	real
532	6956	11460592272901	private_dummy
533	3008	245283838	real
533	3009	302396592	real
533	6957	11460592272901	private_dummy
534	3010	299541031	real
534	3011	299541031	real
534	6958	11460592272901	private_dummy
535	3012	738178934	real
535	6959	11460592272901	private_dummy
536	3067	277989805	real
536	6960	11460592272901	private_dummy
537	3067	495287312	real
537	6961	11460592272901	private_dummy
538	2993	451428472	real
538	6962	11460592272901	private_dummy
539	3001	174178318	real
539	3006	174178318	real
539	6963	11460592272901	private_dummy
540	3009	302396592	real
540	6964	11460592272901	private_dummy
541	3017	830547118	real
541	6965	11460592272901	private_dummy
542	3029	685312257	real
542	6966	11460592272901	private_dummy
543	3029	902609765	real
543	6967	11460592272901	private_dummy
544	2992	417808791	real
544	6968	11460592272901	private_dummy
545	3000	189370818	real
545	3005	189370818	real
545	6969	11460592272901	private_dummy
546	3008	417808791	real
546	6970	11460592272901	private_dummy
547	3014	456864501	real
547	3015	513977256	real
547	6971	11460592272901	private_dummy
548	3016	757959324	real
548	6972	11460592272901	private_dummy
549	3070	592645728	real
549	6973	11460592272901	private_dummy
550	3070	671314201	real
550	6974	11460592272901	private_dummy
551	2995	693393268	real
551	6975	11460592272901	private_dummy
552	3003	348353212	real
552	6976	11460592272901	private_dummy
553	3011	299541031	real
553	6977	11460592272901	private_dummy
554	3015	513977256	real
554	6978	11460592272901	private_dummy
555	3019	1212633104	real
555	6979	11460592272901	private_dummy
556	3072	592645728	real
556	6980	11460592272901	private_dummy
557	3072	671314201	real
557	6981	11460592272901	private_dummy
558	2994	535532974	real
558	6982	11460592272901	private_dummy
559	3002	220877050	real
559	6983	11460592272901	private_dummy
560	3010	220877050	real
560	6984	11460592272901	private_dummy
561	3014	535532974	real
561	6985	11460592272901	private_dummy
562	3018	958970270	real
562	6986	11460592272901	private_dummy
563	3074	763980730	real
563	6987	11460592272901	private_dummy
564	3074	763980730	real
564	6988	11460592272901	private_dummy
565	3042	685312257	real
565	6989	11460592272901	private_dummy
566	3042	788387517	real
566	6990	11460592272901	private_dummy
567	3060	921841024	real
567	6991	11460592272901	private_dummy
568	3062	685312257	real
568	6992	11460592272901	private_dummy
569	3063	576800968	real
569	6993	11460592272901	private_dummy
570	3065	527988787	real
570	6994	11460592272901	private_dummy
571	3043	370656334	real
571	6995	11460592272901	private_dummy
572	3043	473731594	real
572	6996	11460592272901	private_dummy
573	3066	527988787	real
573	6997	11460592272901	private_dummy
574	3068	576800968	real
574	6998	11460592272901	private_dummy
575	3069	685312257	real
575	6999	11460592272901	private_dummy
576	3073	571090010	real
576	7000	11460592272901	private_dummy
577	3075	571090010	real
577	7001	11460592272901	private_dummy
578	3071	1024916284	real
578	7002	11460592272901	private_dummy
579	3073	649758483	real
579	7003	11460592272901	private_dummy
580	3075	571090010	real
580	7004	11460592272901	private_dummy
581	3040	921841024	real
581	3041	807618777	real
581	7005	11460592272901	private_dummy
582	3040	1000509497	real
582	3041	886287249	real
582	7006	11460592272901	private_dummy
583	48	1476010710	real
583	49	1476010710	real
583	7007	11460592272901	private_dummy
584	673	1269745858	real
584	675	1212633104	real
584	7008	11460592272901	private_dummy
585	665	1130305272	real
585	669	1073192518	real
585	7009	11460592272901	private_dummy
586	653	1044992326	real
586	659	987879571	real
586	7010	11460592272901	private_dummy
587	637	1000399846	real
587	645	943287091	real
587	7011	11460592272901	private_dummy
588	616	991687140	real
588	627	934574386	real
588	7012	11460592272901	private_dummy
589	592	1018025225	real
589	604	960912471	real
589	7013	11460592272901	private_dummy
590	562	1082029038	real
590	577	1024916284	real
590	7014	11460592272901	private_dummy
591	529	1191738437	real
591	546	1134625683	real
591	7015	11460592272901	private_dummy
592	492	1371733469	real
592	511	1314620714	real
592	7016	11460592272901	private_dummy
593	46	1476010710	real
593	47	1476010710	real
593	7017	11460592272901	private_dummy
594	3077	901857516	real
594	7018	11460592272901	private_dummy
595	3079	737880589	real
595	7019	11460592272901	private_dummy
596	3081	646589376	real
596	7020	11460592272901	private_dummy
597	3083	604256990	real
597	7021	11460592272901	private_dummy
598	3085	604256990	real
598	7022	11460592272901	private_dummy
599	3087	646589376	real
599	7023	11460592272901	private_dummy
600	3089	737880589	real
600	7024	11460592272901	private_dummy
601	675	1476010710	real
601	676	1476010710	real
601	7025	11460592272901	private_dummy
602	43	1476010710	real
602	44	1476010710	real
602	7026	11460592272901	private_dummy
603	673	1533123464	real
603	7027	11460592272901	private_dummy
604	663	1130305272	real
604	667	1073192518	real
604	7028	11460592272901	private_dummy
605	651	1044992326	real
605	657	987879571	real
605	7029	11460592272901	private_dummy
606	635	1000399846	real
606	643	943287091	real
606	7030	11460592272901	private_dummy
607	614	991687140	real
607	625	934574386	real
607	7031	11460592272901	private_dummy
608	590	1018025225	real
608	602	960912471	real
608	7032	11460592272901	private_dummy
609	560	1082029038	real
609	575	1024916284	real
609	7033	11460592272901	private_dummy
610	527	1191738437	real
610	544	1134625683	real
610	7034	11460592272901	private_dummy
611	490	1371733469	real
611	509	1314620714	real
611	7035	11460592272901	private_dummy
612	41	1476010710	real
612	42	1476010710	real
612	7036	11460592272901	private_dummy
613	3092	1037638743	real
613	7037	11460592272901	private_dummy
614	3094	737880589	real
614	7038	11460592272901	private_dummy
615	3096	586628814	real
615	7039	11460592272901	private_dummy
616	3098	510400509	real
616	7040	11460592272901	private_dummy
617	3100	486530011	real
617	7041	11460592272901	private_dummy
618	3102	510400509	real
618	7042	11460592272901	private_dummy
619	3104	586628814	real
619	7043	11460592272901	private_dummy
620	669	1476010710	real
620	670	1476010710	real
620	7044	11460592272901	private_dummy
621	667	1212633104	real
621	668	1212633104	real
621	7045	11460592272901	private_dummy
622	38	1476010710	real
622	39	1476010710	real
622	7046	11460592272901	private_dummy
623	665	1533123464	real
623	7047	11460592272901	private_dummy
624	663	1269745858	real
624	7048	11460592272901	private_dummy
625	649	1044992326	real
625	655	987879571	real
625	7049	11460592272901	private_dummy
626	633	1000399846	real
626	641	943287091	real
626	7050	11460592272901	private_dummy
627	612	991687140	real
627	623	934574386	real
627	7051	11460592272901	private_dummy
628	588	1018025225	real
628	600	960912471	real
628	7052	11460592272901	private_dummy
629	558	1082029038	real
629	573	1024916284	real
629	7053	11460592272901	private_dummy
630	525	1191738437	real
630	542	1134625683	real
630	7054	11460592272901	private_dummy
631	488	1371733469	real
631	507	1314620714	real
631	7055	11460592272901	private_dummy
632	36	1476010710	real
632	37	1476010710	real
632	7056	11460592272901	private_dummy
633	3107	1212633104	real
633	7057	11460592272901	private_dummy
634	3109	933622378	real
634	7058	11460592272901	private_dummy
635	3111	646589376	real
635	7059	11460592272901	private_dummy
636	3113	510400509	real
636	7060	11460592272901	private_dummy
637	3115	452634092	real
637	7061	11460592272901	private_dummy
638	3117	452634092	real
638	7062	11460592272901	private_dummy
639	3119	510400509	real
639	7063	11460592272901	private_dummy
640	659	1476010710	real
640	660	1476010710	real
640	7064	11460592272901	private_dummy
641	657	1212633104	real
641	658	1212633104	real
641	7065	11460592272901	private_dummy
642	655	1073192518	real
642	656	1073192518	real
642	7066	11460592272901	private_dummy
643	586	960912471	real
643	587	960912471	real
643	7067	11460592272901	private_dummy
644	33	1476010710	real
644	34	1476010710	real
644	7068	11460592272901	private_dummy
645	653	1533123464	real
645	7069	11460592272901	private_dummy
646	651	1269745858	real
646	7070	11460592272901	private_dummy
647	649	1130305272	real
647	7071	11460592272901	private_dummy
648	631	1000399846	real
648	639	943287091	real
648	7072	11460592272901	private_dummy
649	610	991687140	real
649	621	934574386	real
649	7073	11460592272901	private_dummy
650	585	1018025225	real
650	7074	11460592272901	private_dummy
651	556	1082029038	real
651	571	1024916284	real
651	7075	11460592272901	private_dummy
652	523	1191738437	real
652	540	1134625683	real
652	7076	11460592272901	private_dummy
653	486	1371733469	real
653	505	1314620714	real
653	7077	11460592272901	private_dummy
654	31	1476010710	real
654	32	1476010710	real
654	7078	11460592272901	private_dummy
655	3122	1212633104	real
655	7079	11460592272901	private_dummy
656	3124	1073192518	real
656	7080	11460592272901	private_dummy
657	3126	876227084	real
657	7081	11460592272901	private_dummy
658	3128	604256990	real
658	7082	11460592272901	private_dummy
659	3130	486530011	real
659	7083	11460592272901	private_dummy
660	3132	452634092	real
660	7084	11460592272901	private_dummy
661	3134	486530011	real
661	7085	11460592272901	private_dummy
662	645	1476010710	real
662	646	1476010710	real
662	7086	11460592272901	private_dummy
663	643	1212633104	real
663	644	1212633104	real
663	7087	11460592272901	private_dummy
664	641	1073192518	real
664	642	1073192518	real
664	7088	11460592272901	private_dummy
665	639	987879571	real
665	640	987879571	real
665	7089	11460592272901	private_dummy
666	28	1476010710	real
666	29	1476010710	real
666	7090	11460592272901	private_dummy
667	637	1533123464	real
667	7091	11460592272901	private_dummy
668	635	1269745858	real
668	7092	11460592272901	private_dummy
669	633	1130305272	real
669	7093	11460592272901	private_dummy
670	631	1044992326	real
670	7094	11460592272901	private_dummy
671	608	991687140	real
671	619	934574386	real
671	7095	11460592272901	private_dummy
672	583	1018025225	real
672	597	960912471	real
672	7096	11460592272901	private_dummy
673	554	1082029038	real
673	569	1024916284	real
673	7097	11460592272901	private_dummy
674	521	1191738437	real
674	538	1134625683	real
674	7098	11460592272901	private_dummy
675	484	1371733469	real
675	503	1314620714	real
675	7099	11460592272901	private_dummy
676	26	1476010710	real
676	27	1476010710	real
676	7100	11460592272901	private_dummy
677	3137	1212633104	real
677	7101	11460592272901	private_dummy
678	3139	1073192518	real
678	7102	11460592272901	private_dummy
679	3141	987879571	real
679	7103	11460592272901	private_dummy
680	3143	857765196	real
680	7104	11460592272901	private_dummy
681	3145	604256990	real
681	7105	11460592272901	private_dummy
682	3147	510400509	real
682	7106	11460592272901	private_dummy
683	3149	510400509	real
683	7107	11460592272901	private_dummy
684	627	1476010710	real
684	628	1476010710	real
684	7108	11460592272901	private_dummy
685	625	1212633104	real
685	626	1212633104	real
685	7109	11460592272901	private_dummy
686	623	1073192518	real
686	624	1073192518	real
686	7110	11460592272901	private_dummy
687	621	987879571	real
687	622	987879571	real
687	7111	11460592272901	private_dummy
688	619	943287091	real
688	620	943287091	real
688	7112	11460592272901	private_dummy
689	616	1533123464	real
689	7113	11460592272901	private_dummy
690	614	1269745858	real
690	7114	11460592272901	private_dummy
691	612	1130305272	real
691	7115	11460592272901	private_dummy
692	610	1044992326	real
692	7116	11460592272901	private_dummy
693	608	1000399846	real
693	7117	11460592272901	private_dummy
694	581	1018025225	real
694	595	960912471	real
694	7118	11460592272901	private_dummy
695	552	1082029038	real
695	567	1024916284	real
695	7119	11460592272901	private_dummy
696	519	1191738437	real
696	536	1134625683	real
696	7120	11460592272901	private_dummy
697	482	1371733469	real
697	501	1314620714	real
697	7121	11460592272901	private_dummy
698	21	1476010710	real
698	22	1476010710	real
698	618	1476010710	real
698	7122	11460592272901	private_dummy
699	3152	1212633104	real
699	7123	11460592272901	private_dummy
700	3154	1073192518	real
700	7124	11460592272901	private_dummy
701	3156	987879571	real
701	7125	11460592272901	private_dummy
702	3158	943287091	real
702	7126	11460592272901	private_dummy
703	3160	876227084	real
703	7127	11460592272901	private_dummy
704	3162	646589376	real
704	7128	11460592272901	private_dummy
705	3164	586628814	real
705	7129	11460592272901	private_dummy
706	604	1476010710	real
706	605	1476010710	real
706	7130	11460592272901	private_dummy
707	602	1212633104	real
707	603	1212633104	real
707	7131	11460592272901	private_dummy
708	600	1073192518	real
708	601	1073192518	real
708	7132	11460592272901	private_dummy
709	597	943287091	real
709	598	943287091	real
709	7133	11460592272901	private_dummy
710	595	934574386	real
710	596	934574386	real
710	7134	11460592272901	private_dummy
711	592	1533123464	real
711	7135	11460592272901	private_dummy
712	590	1269745858	real
712	7136	11460592272901	private_dummy
713	588	1130305272	real
713	7137	11460592272901	private_dummy
714	585	1044992326	real
714	586	987879571	real
714	7138	11460592272901	private_dummy
715	583	1000399846	real
715	7139	11460592272901	private_dummy
716	581	991687140	real
716	7140	11460592272901	private_dummy
717	550	1082029038	real
717	565	1024916284	real
717	7141	11460592272901	private_dummy
718	517	1191738437	real
718	534	1134625683	real
718	7142	11460592272901	private_dummy
719	480	1371733469	real
719	499	1314620714	real
719	7143	11460592272901	private_dummy
720	16	1476010710	real
720	17	1476010710	real
720	594	1476010710	real
720	7144	11460592272901	private_dummy
721	3167	1212633104	real
721	7145	11460592272901	private_dummy
722	3169	1073192518	real
722	7146	11460592272901	private_dummy
723	3171	987879571	real
723	7147	11460592272901	private_dummy
724	3173	943287091	real
724	7148	11460592272901	private_dummy
725	3175	934574386	real
725	7149	11460592272901	private_dummy
726	3177	933622378	real
726	7150	11460592272901	private_dummy
727	3179	737880589	real
727	7151	11460592272901	private_dummy
728	577	1476010710	real
728	578	1476010710	real
728	7152	11460592272901	private_dummy
729	575	1212633104	real
729	576	1212633104	real
729	7153	11460592272901	private_dummy
730	573	1073192518	real
730	574	1073192518	real
730	7154	11460592272901	private_dummy
731	571	987879571	real
731	572	987879571	real
731	7155	11460592272901	private_dummy
732	569	943287091	real
732	570	943287091	real
732	7156	11460592272901	private_dummy
733	567	934574386	real
733	568	934574386	real
733	7157	11460592272901	private_dummy
734	565	960912471	real
734	566	960912471	real
734	7158	11460592272901	private_dummy
735	562	1533123464	real
735	7159	11460592272901	private_dummy
736	560	1269745858	real
736	7160	11460592272901	private_dummy
737	558	1130305272	real
737	7161	11460592272901	private_dummy
738	556	1044992326	real
738	7162	11460592272901	private_dummy
739	554	1000399846	real
739	7163	11460592272901	private_dummy
740	552	991687140	real
740	7164	11460592272901	private_dummy
741	550	1018025225	real
741	7165	11460592272901	private_dummy
742	515	1191738437	real
742	532	1134625683	real
742	7166	11460592272901	private_dummy
743	478	1371733469	real
743	497	1314620714	real
743	7167	11460592272901	private_dummy
744	11	1476010710	real
744	12	1476010710	real
744	564	1476010710	real
744	7168	11460592272901	private_dummy
745	3182	1212633104	real
745	7169	11460592272901	private_dummy
746	3184	1073192518	real
746	7170	11460592272901	private_dummy
747	3186	987879571	real
747	7171	11460592272901	private_dummy
748	3188	943287091	real
748	7172	11460592272901	private_dummy
749	3190	934574386	real
749	7173	11460592272901	private_dummy
750	3192	960912471	real
750	7174	11460592272901	private_dummy
751	3194	1037638743	real
751	7175	11460592272901	private_dummy
752	546	1476010710	real
752	547	1476010710	real
752	7176	11460592272901	private_dummy
753	544	1212633104	real
753	545	1212633104	real
753	7177	11460592272901	private_dummy
754	542	1073192518	real
754	543	1073192518	real
754	7178	11460592272901	private_dummy
755	540	987879571	real
755	541	987879571	real
755	7179	11460592272901	private_dummy
756	538	943287091	real
756	539	943287091	real
756	7180	11460592272901	private_dummy
757	536	934574386	real
757	537	934574386	real
757	7181	11460592272901	private_dummy
758	534	960912471	real
758	535	960912471	real
758	7182	11460592272901	private_dummy
759	532	1024916284	real
759	533	1024916284	real
759	7183	11460592272901	private_dummy
760	529	1533123464	real
760	7184	11460592272901	private_dummy
761	527	1269745858	real
761	7185	11460592272901	private_dummy
762	525	1130305272	real
762	7186	11460592272901	private_dummy
763	523	1044992326	real
763	7187	11460592272901	private_dummy
764	521	1000399846	real
764	7188	11460592272901	private_dummy
765	519	991687140	real
765	7189	11460592272901	private_dummy
766	517	1018025225	real
766	7190	11460592272901	private_dummy
767	515	1082029038	real
767	7191	11460592272901	private_dummy
768	476	1371733469	real
768	495	1314620714	real
768	7192	11460592272901	private_dummy
769	6	1476010710	real
769	7	1476010710	real
769	531	1476010710	real
769	7193	11460592272901	private_dummy
770	3197	1212633104	real
770	7194	11460592272901	private_dummy
771	3199	1073192518	real
771	7195	11460592272901	private_dummy
772	3201	987879571	real
772	7196	11460592272901	private_dummy
773	3203	943287091	real
773	7197	11460592272901	private_dummy
774	3205	934574386	real
774	7198	11460592272901	private_dummy
775	3207	960912471	real
775	7199	11460592272901	private_dummy
776	3209	1024916284	real
776	7200	11460592272901	private_dummy
777	511	1476010710	real
777	512	1476010710	real
777	7201	11460592272901	private_dummy
778	509	1212633104	real
778	510	1212633104	real
778	7202	11460592272901	private_dummy
779	507	1073192518	real
779	508	1073192518	real
779	7203	11460592272901	private_dummy
780	505	987879571	real
780	506	987879571	real
780	7204	11460592272901	private_dummy
781	503	943287091	real
781	504	943287091	real
781	7205	11460592272901	private_dummy
782	501	934574386	real
782	502	934574386	real
782	7206	11460592272901	private_dummy
783	499	960912471	real
783	500	960912471	real
783	7207	11460592272901	private_dummy
784	497	1024916284	real
784	498	1024916284	real
784	7208	11460592272901	private_dummy
785	495	1134625683	real
785	496	1134625683	real
785	7209	11460592272901	private_dummy
786	492	1533123464	real
786	7210	11460592272901	private_dummy
787	490	1269745858	real
787	7211	11460592272901	private_dummy
788	488	1130305272	real
788	7212	11460592272901	private_dummy
789	486	1044992326	real
789	7213	11460592272901	private_dummy
790	484	1000399846	real
790	7214	11460592272901	private_dummy
791	482	991687140	real
791	7215	11460592272901	private_dummy
792	480	1018025225	real
792	7216	11460592272901	private_dummy
793	478	1082029038	real
793	7217	11460592272901	private_dummy
794	476	1191738437	real
794	7218	11460592272901	private_dummy
795	1	1476010710	real
795	2	1476010710	real
795	494	1476010710	real
795	7219	11460592272901	private_dummy
796	3212	1212633104	real
796	7220	11460592272901	private_dummy
797	3214	1073192518	real
797	7221	11460592272901	private_dummy
798	3216	987879571	real
798	7222	11460592272901	private_dummy
799	3218	943287091	real
799	7223	11460592272901	private_dummy
800	3220	934574386	real
800	7224	11460592272901	private_dummy
801	3222	960912471	real
801	7225	11460592272901	private_dummy
802	3224	1024916284	real
802	7226	11460592272901	private_dummy
803	618	934574386	real
803	7227	11460592272901	private_dummy
804	594	960912471	real
804	7228	11460592272901	private_dummy
805	564	1024916284	real
805	7229	11460592272901	private_dummy
806	531	1134625683	real
806	7230	11460592272901	private_dummy
807	494	1314620714	real
807	7231	11460592272901	private_dummy
808	3055	1055957210	real
808	7232	11460592272901	private_dummy
809	3055	1055957210	real
809	7233	11460592272901	private_dummy
810	3056	685312257	real
810	7234	11460592272901	private_dummy
811	3056	685312257	real
811	7235	11460592272901	private_dummy
812	3057	599094307	real
812	7236	11460592272901	private_dummy
813	3057	599094307	real
813	7237	11460592272901	private_dummy
814	3058	685312257	real
814	7238	11460592272901	private_dummy
815	3058	685312257	real
815	7239	11460592272901	private_dummy
816	3059	1055957210	real
816	7240	11460592272901	private_dummy
817	3059	1055957210	real
817	7241	11460592272901	private_dummy
818	107	1639569710	real
818	7242	11460592272901	private_dummy
819	777	1082029038	real
819	7243	11460592272901	private_dummy
820	779	1018025225	real
820	7244	11460592272901	private_dummy
821	781	991687140	real
821	7245	11460592272901	private_dummy
822	783	1000399846	real
822	7246	11460592272901	private_dummy
823	785	1044992326	real
823	7247	11460592272901	private_dummy
824	787	1130305272	real
824	7248	11460592272901	private_dummy
825	789	1269745858	real
825	7249	11460592272901	private_dummy
826	791	1533123464	real
826	7250	11460592272901	private_dummy
827	776	1191738437	real
827	794	1134625683	real
827	7251	11460592272901	private_dummy
828	841	1018025225	real
828	7252	11460592272901	private_dummy
829	843	991687140	real
829	7253	11460592272901	private_dummy
830	845	1000399846	real
830	7254	11460592272901	private_dummy
831	847	1044992326	real
831	7255	11460592272901	private_dummy
832	849	1130305272	real
832	7256	11460592272901	private_dummy
833	851	1269745858	real
833	7257	11460592272901	private_dummy
834	853	1533123464	real
834	7258	11460592272901	private_dummy
835	840	1082029038	real
835	856	1024916284	real
835	7259	11460592272901	private_dummy
836	896	991687140	real
836	7260	11460592272901	private_dummy
837	898	1000399846	real
837	7261	11460592272901	private_dummy
838	876	1018025225	real
838	7262	11460592272901	private_dummy
839	903	1130305272	real
839	7263	11460592272901	private_dummy
840	905	1269745858	real
840	7264	11460592272901	private_dummy
841	907	1533123464	real
841	7265	11460592272901	private_dummy
842	895	1018025225	real
842	910	960912471	real
842	7266	11460592272901	private_dummy
843	945	1000399846	real
843	7267	11460592272901	private_dummy
844	947	1044992326	real
844	7268	11460592272901	private_dummy
845	949	1130305272	real
845	7269	11460592272901	private_dummy
846	951	1269745858	real
846	7270	11460592272901	private_dummy
847	953	1533123464	real
847	7271	11460592272901	private_dummy
848	944	991687140	real
848	956	934574386	real
848	7272	11460592272901	private_dummy
849	986	1044992326	real
849	7273	11460592272901	private_dummy
850	988	1130305272	real
850	7274	11460592272901	private_dummy
851	990	1269745858	real
851	7275	11460592272901	private_dummy
852	992	1533123464	real
852	7276	11460592272901	private_dummy
853	704	1212633104	real
853	994	1212633104	real
853	7277	11460592272901	private_dummy
854	1019	1130305272	real
854	7278	11460592272901	private_dummy
855	1021	1269745858	real
855	7279	11460592272901	private_dummy
856	1023	1533123464	real
856	7280	11460592272901	private_dummy
857	709	1212633104	real
857	1025	1212633104	real
857	7281	11460592272901	private_dummy
858	1044	1269745858	real
858	7282	11460592272901	private_dummy
859	1046	1533123464	real
859	7283	11460592272901	private_dummy
860	714	1212633104	real
860	1048	1212633104	real
860	7284	11460592272901	private_dummy
861	1061	1533123464	real
861	7285	11460592272901	private_dummy
862	719	1212633104	real
862	1063	1212633104	real
862	7286	11460592272901	private_dummy
863	724	1212633104	real
863	1070	1212633104	real
863	7287	11460592272901	private_dummy
864	3337	788387517	real
864	7288	11460592272901	private_dummy
865	3335	522083785	real
865	7289	11460592272901	private_dummy
866	3340	830547118	real
866	7290	11460592272901	private_dummy
867	3340	891702123	real
867	7291	11460592272901	private_dummy
868	3334	303596326	real
868	7292	11460592272901	private_dummy
869	3332	679876228	real
869	3333	679876228	real
869	7293	11460592272901	private_dummy
870	3322	35553775	real
870	3323	206884285	real
870	7294	11460592272901	private_dummy
871	3325	622182589	real
871	3326	608184533	real
871	7295	11460592272901	private_dummy
872	3347	246483572	real
872	7296	11460592272901	private_dummy
873	3323	206884285	real
873	7297	11460592272901	private_dummy
874	3336	728429752	real
874	7298	11460592272901	private_dummy
875	3349	206884285	real
875	7299	11460592272901	private_dummy
876	3322	263991748	real
876	7300	11460592272901	private_dummy
877	3329	249998983	real
877	3330	421329493	real
877	7301	11460592272901	private_dummy
878	3351	671316997	real
878	7302	11460592272901	private_dummy
879	3326	608184533	real
879	7303	11460592272901	private_dummy
880	3330	421329493	real
880	7304	11460592272901	private_dummy
881	3353	492435012	real
881	7305	11460592272901	private_dummy
882	3325	277989805	real
882	7306	11460592272901	private_dummy
883	3329	485993722	real
883	7307	11460592272901	private_dummy
884	3355	934574386	real
884	7308	11460592272901	private_dummy
885	3342	852102836	real
885	7309	11460592272901	private_dummy
886	3342	773434363	real
886	7310	11460592272901	private_dummy
887	3340	830547118	real
887	3341	406671586	real
887	3346	303596326	real
887	7311	11460592272901	private_dummy
888	3350	438177819	real
888	7312	11460592272901	private_dummy
889	3352	209739846	real
889	7313	11460592272901	private_dummy
890	3340	911482514	real
890	3341	760811624	real
890	3348	622182589	real
890	7314	11460592272901	private_dummy
891	3350	692219053	real
891	7315	11460592272901	private_dummy
892	3352	266849339	real
892	7316	11460592272901	private_dummy
893	3339	505701334	real
893	7317	11460592272901	private_dummy
894	3339	345513320	real
894	7318	11460592272901	private_dummy
895	3338	345513320	real
895	7319	11460592272901	private_dummy
896	3354	482484498	real
896	7320	11460592272901	private_dummy
897	3356	364216739	real
897	7321	11460592272901	private_dummy
898	3338	573951293	real
898	7322	11460592272901	private_dummy
899	3354	679416239	real
899	7323	11460592272901	private_dummy
900	3356	364216739	real
900	7324	11460592272901	private_dummy
901	3250	958970270	real
901	7325	11460592272901	private_dummy
902	3324	671314201	real
902	7326	11460592272901	private_dummy
903	3324	671314201	real
903	7327	11460592272901	private_dummy
904	3226	535532974	real
904	3227	592645728	real
904	7328	11460592272901	private_dummy
905	3228	417808791	real
905	3229	417808791	real
905	7329	11460592272901	private_dummy
906	3230	486401362	real
906	3231	486401362	real
906	7330	11460592272901	private_dummy
907	3232	844744762	real
907	3233	844744762	real
907	7331	11460592272901	private_dummy
908	3234	1155520349	real
908	7332	11460592272901	private_dummy
909	3363	936838513	real
909	7333	11460592272901	private_dummy
910	3363	671314201	real
910	7334	11460592272901	private_dummy
911	3227	513977256	real
911	7335	11460592272901	private_dummy
912	3277	189370818	real
912	3280	189370818	real
912	7336	11460592272901	private_dummy
913	3284	600626871	real
913	7337	11460592272901	private_dummy
914	3327	553590018	real
914	7338	11460592272901	private_dummy
915	3327	263991748	real
915	7339	11460592272901	private_dummy
916	3226	693393268	real
916	7340	11460592272901	private_dummy
917	3255	245283838	real
917	3258	302396592	real
917	7341	11460592272901	private_dummy
918	3261	174178318	real
918	3264	174178318	real
918	7342	11460592272901	private_dummy
919	3267	451428472	real
919	3269	451428472	real
919	7343	11460592272901	private_dummy
920	3270	716324870	real
920	7344	11460592272901	private_dummy
921	3366	538397518	real
921	7345	11460592272901	private_dummy
922	3366	263991748	real
922	7346	11460592272901	private_dummy
923	3229	299541031	real
923	7347	11460592272901	private_dummy
924	3258	302396592	real
924	7348	11460592272901	private_dummy
925	3306	532034300	real
925	7349	11460592272901	private_dummy
926	3328	622182589	real
926	7350	11460592272901	private_dummy
927	3328	232485516	real
927	7351	11460592272901	private_dummy
928	3228	348353212	real
928	7352	11460592272901	private_dummy
929	3255	451428472	real
929	7353	11460592272901	private_dummy
930	3289	271544022	real
930	3292	328656777	real
930	7354	11460592272901	private_dummy
931	3295	428876476	real
931	3297	428876476	real
931	7355	11460592272901	private_dummy
932	3298	543101984	real
932	7356	11460592272901	private_dummy
933	3369	407325249	real
933	7357	11460592272901	private_dummy
934	3369	371114550	real
934	7358	11460592272901	private_dummy
935	3231	348353212	real
935	7359	11460592272901	private_dummy
936	3264	174178318	real
936	3280	174178318	real
936	7360	11460592272901	private_dummy
937	3292	328656777	real
937	7361	11460592272901	private_dummy
938	3318	649758483	real
938	7362	11460592272901	private_dummy
939	3331	797022323	real
939	7363	11460592272901	private_dummy
940	3331	760811624	real
940	7364	11460592272901	private_dummy
941	3230	299541031	real
941	7365	11460592272901	private_dummy
942	3261	174178318	real
942	3277	174178318	real
942	7366	11460592272901	private_dummy
943	3289	428876476	real
943	7367	11460592272901	private_dummy
944	3311	602099362	real
944	3313	659212116	real
944	7368	11460592272901	private_dummy
945	3314	565653980	real
945	7369	11460592272901	private_dummy
946	3372	704355794	real
946	7370	11460592272901	private_dummy
947	3372	565069835	real
947	7371	11460592272901	private_dummy
948	3233	693393268	real
948	7372	11460592272901	private_dummy
949	3269	451428472	real
949	7373	11460592272901	private_dummy
950	3297	428876476	real
950	7374	11460592272901	private_dummy
951	3313	659212116	real
951	7375	11460592272901	private_dummy
952	3321	958970270	real
952	7376	11460592272901	private_dummy
953	3374	704355794	real
953	7377	11460592272901	private_dummy
954	3374	565069835	real
954	7378	11460592272901	private_dummy
955	3232	456864501	real
955	7379	11460592272901	private_dummy
956	3267	245283838	real
956	7380	11460592272901	private_dummy
957	3295	271544022	real
957	7381	11460592272901	private_dummy
958	3311	602099362	real
958	7382	11460592272901	private_dummy
959	3320	807618777	real
959	7383	11460592272901	private_dummy
960	3376	797022323	real
960	7384	11460592272901	private_dummy
961	3376	657736364	real
961	7385	11460592272901	private_dummy
962	3344	592645728	real
962	7386	11460592272901	private_dummy
963	3344	731274763	real
963	7387	11460592272901	private_dummy
964	3362	886287249	real
964	7388	11460592272901	private_dummy
965	3364	592645728	real
965	7389	11460592272901	private_dummy
966	3365	448580664	real
966	7390	11460592272901	private_dummy
967	3367	381065064	real
967	7391	11460592272901	private_dummy
968	3345	210929797	real
968	7392	11460592272901	private_dummy
969	3345	349558832	real
969	7393	11460592272901	private_dummy
970	3368	368262251	real
970	7394	11460592272901	private_dummy
971	3370	407325249	real
971	7395	11460592272901	private_dummy
972	3371	507960342	real
972	7396	11460592272901	private_dummy
973	3375	429291869	real
973	7397	11460592272901	private_dummy
974	3377	429291869	real
974	7398	11460592272901	private_dummy
975	3373	876509623	real
975	7399	11460592272901	private_dummy
976	3375	507960342	real
976	7400	11460592272901	private_dummy
977	3377	429291869	real
977	7401	11460592272901	private_dummy
978	3342	773434363	real
978	3343	659212116	real
978	7402	11460592272901	private_dummy
979	3342	773434363	real
979	3343	659212116	real
979	7403	11460592272901	private_dummy
980	474	1212633104	real
980	475	1212633104	real
980	494	1212633104	real
980	7404	11460592272901	private_dummy
981	3223	886287249	real
981	3225	1122816016	real
981	7405	11460592272901	private_dummy
982	3221	763980730	real
982	7406	11460592272901	private_dummy
983	3219	698579647	real
983	7407	11460592272901	private_dummy
984	3217	677762780	real
984	7408	11460592272901	private_dummy
985	3215	698579647	real
985	7409	11460592272901	private_dummy
986	3213	763980730	real
986	7410	11460592272901	private_dummy
987	3211	886287249	real
987	7411	11460592272901	private_dummy
988	50	1212633104	real
988	51	1212633104	real
988	7412	11460592272901	private_dummy
989	57	1639569710	real
989	58	1639569710	real
989	477	1639569710	real
989	7413	11460592272901	private_dummy
990	683	1212633104	real
990	684	1212633104	real
990	793	1212633104	real
990	7414	11460592272901	private_dummy
991	3236	829174495	real
991	7415	11460592272901	private_dummy
992	3238	592645728	real
992	7416	11460592272901	private_dummy
993	3240	484134439	real
993	7417	11460592272901	private_dummy
994	3242	435322258	real
994	7418	11460592272901	private_dummy
995	3244	435322258	real
995	7419	11460592272901	private_dummy
996	3246	484134439	real
996	7420	11460592272901	private_dummy
997	3248	592645728	real
997	7421	11460592272901	private_dummy
998	54	1639569710	real
998	55	1639569710	real
998	7422	11460592272901	private_dummy
999	728	1082029038	real
999	729	1082029038	real
999	731	1024916284	real
999	732	1024916284	real
999	7423	11460592272901	private_dummy
1000	734	1018025225	real
1000	735	1018025225	real
1000	737	960912471	real
1000	738	960912471	real
1000	7424	11460592272901	private_dummy
1001	740	991687140	real
1001	741	991687140	real
1001	743	934574386	real
1001	744	934574386	real
1001	7425	11460592272901	private_dummy
1002	746	1000399846	real
1002	747	1000399846	real
1002	749	943287091	real
1002	750	943287091	real
1002	7426	11460592272901	private_dummy
1003	752	1044992326	real
1003	753	1044992326	real
1003	755	987879571	real
1003	756	987879571	real
1003	7427	11460592272901	private_dummy
1004	758	1130305272	real
1004	759	1130305272	real
1004	761	1073192518	real
1004	762	1073192518	real
1004	7428	11460592272901	private_dummy
1005	764	1269745858	real
1005	765	1269745858	real
1005	767	1212633104	real
1005	768	1212633104	real
1005	7429	11460592272901	private_dummy
1006	770	1533123464	real
1006	771	1533123464	real
1006	773	1476010710	real
1006	774	1476010710	real
1006	7430	11460592272901	private_dummy
1007	680	1212633104	real
1007	682	1212633104	real
1007	7431	11460592272901	private_dummy
1008	63	1639569710	real
1008	64	1639569710	real
1008	479	1639569710	real
1008	7432	11460592272901	private_dummy
1009	731	1134625683	real
1009	733	1191738437	real
1009	7433	11460592272901	private_dummy
1010	688	1212633104	real
1010	689	1212633104	real
1010	855	1212633104	real
1010	7434	11460592272901	private_dummy
1011	3379	998844456	real
1011	7435	11460592272901	private_dummy
1012	3252	592645728	real
1012	7436	11460592272901	private_dummy
1013	3254	369912191	real
1013	7437	11460592272901	private_dummy
1014	3257	277989805	real
1014	7438	11460592272901	private_dummy
1015	3260	249994491	real
1015	7439	11460592272901	private_dummy
1016	3263	277989805	real
1016	7440	11460592272901	private_dummy
1017	3266	369912191	real
1017	7441	11460592272901	private_dummy
1018	60	1639569710	real
1018	61	1639569710	real
1018	7442	11460592272901	private_dummy
1019	728	1191738437	real
1019	730	1191738437	real
1019	778	1134625683	real
1019	7443	11460592272901	private_dummy
1020	798	1018025225	real
1020	799	1018025225	real
1020	801	960912471	real
1020	802	960912471	real
1020	7444	11460592272901	private_dummy
1021	804	991687140	real
1021	805	991687140	real
1021	807	934574386	real
1021	808	934574386	real
1021	7445	11460592272901	private_dummy
1022	810	1000399846	real
1022	811	1000399846	real
1022	813	943287091	real
1022	814	943287091	real
1022	7446	11460592272901	private_dummy
1023	816	1044992326	real
1023	817	1044992326	real
1023	819	987879571	real
1023	820	987879571	real
1023	7447	11460592272901	private_dummy
1024	822	1130305272	real
1024	823	1130305272	real
1024	825	1073192518	real
1024	826	1073192518	real
1024	7448	11460592272901	private_dummy
1025	828	1269745858	real
1025	829	1269745858	real
1025	831	1212633104	real
1025	832	1212633104	real
1025	7449	11460592272901	private_dummy
1026	834	1533123464	real
1026	835	1533123464	real
1026	837	1476010710	real
1026	838	1476010710	real
1026	7450	11460592272901	private_dummy
1027	685	1212633104	real
1027	687	1212633104	real
1027	7451	11460592272901	private_dummy
1028	69	1639569710	real
1028	70	1639569710	real
1028	481	1639569710	real
1028	7452	11460592272901	private_dummy
1029	737	1134625683	real
1029	739	1191738437	real
1029	7453	11460592272901	private_dummy
1030	801	1024916284	real
1030	803	1082029038	real
1030	7454	11460592272901	private_dummy
1031	900	987879571	real
1031	901	1044992326	real
1031	7455	11460592272901	private_dummy
1032	693	1212633104	real
1032	694	1212633104	real
1032	909	1212633104	real
1032	7456	11460592272901	private_dummy
1033	3381	998844456	real
1033	7457	11460592272901	private_dummy
1034	3383	750506022	real
1034	7458	11460592272901	private_dummy
1035	3272	508541226	real
1035	7459	11460592272901	private_dummy
1036	3274	302396592	real
1036	7460	11460592272901	private_dummy
1037	3385	231291072	real
1037	7461	11460592272901	private_dummy
1038	3279	231291072	real
1038	7462	11460592272901	private_dummy
1039	3282	302396592	real
1039	7463	11460592272901	private_dummy
1040	66	1639569710	real
1040	67	1639569710	real
1040	7464	11460592272901	private_dummy
1041	734	1191738437	real
1041	736	1191738437	real
1041	780	1134625683	real
1041	7465	11460592272901	private_dummy
1042	798	1082029038	real
1042	800	1082029038	real
1042	842	1024916284	real
1042	7466	11460592272901	private_dummy
1043	860	991687140	real
1043	861	991687140	real
1043	863	934574386	real
1043	864	934574386	real
1043	7467	11460592272901	private_dummy
1044	866	1000399846	real
1044	867	1000399846	real
1044	869	943287091	real
1044	870	943287091	real
1044	7468	11460592272901	private_dummy
1045	872	1044992326	real
1045	873	1044992326	real
1045	875	987879571	real
1045	7469	11460592272901	private_dummy
1046	877	1130305272	real
1046	878	1130305272	real
1046	880	1073192518	real
1046	881	1073192518	real
1046	7470	11460592272901	private_dummy
1047	883	1269745858	real
1047	884	1269745858	real
1047	886	1212633104	real
1047	887	1212633104	real
1047	7471	11460592272901	private_dummy
1048	889	1533123464	real
1048	890	1533123464	real
1048	892	1476010710	real
1048	893	1476010710	real
1048	7472	11460592272901	private_dummy
1049	690	1212633104	real
1049	692	1212633104	real
1049	7473	11460592272901	private_dummy
1050	75	1639569710	real
1050	76	1639569710	real
1050	483	1639569710	real
1050	7474	11460592272901	private_dummy
1051	743	1134625683	real
1051	745	1191738437	real
1051	7475	11460592272901	private_dummy
1052	807	1024916284	real
1052	809	1082029038	real
1052	7476	11460592272901	private_dummy
1053	863	960912471	real
1053	865	1018025225	real
1053	7477	11460592272901	private_dummy
1054	698	1212633104	real
1054	699	1212633104	real
1054	955	1212633104	real
1054	7478	11460592272901	private_dummy
1055	3387	998844456	real
1055	7479	11460592272901	private_dummy
1056	3389	750506022	real
1056	7480	11460592272901	private_dummy
1057	3391	628199503	real
1057	7481	11460592272901	private_dummy
1058	3286	474921545	real
1058	7482	11460592272901	private_dummy
1059	3288	289593778	real
1059	7483	11460592272901	private_dummy
1060	3291	246483572	real
1060	7484	11460592272901	private_dummy
1061	3294	289593778	real
1061	7485	11460592272901	private_dummy
1062	72	1639569710	real
1062	73	1639569710	real
1062	7486	11460592272901	private_dummy
1063	740	1191738437	real
1063	742	1191738437	real
1063	782	1134625683	real
1063	7487	11460592272901	private_dummy
1064	804	1082029038	real
1064	806	1082029038	real
1064	844	1024916284	real
1064	7488	11460592272901	private_dummy
1065	860	1018025225	real
1065	862	1018025225	real
1065	897	960912471	real
1065	7489	11460592272901	private_dummy
1066	914	1000399846	real
1066	915	1000399846	real
1066	917	943287091	real
1066	918	943287091	real
1066	7490	11460592272901	private_dummy
1067	920	1044992326	real
1067	921	1044992326	real
1067	923	987879571	real
1067	924	987879571	real
1067	7491	11460592272901	private_dummy
1068	926	1130305272	real
1068	927	1130305272	real
1068	929	1073192518	real
1068	930	1073192518	real
1068	7492	11460592272901	private_dummy
1069	932	1269745858	real
1069	933	1269745858	real
1069	935	1212633104	real
1069	936	1212633104	real
1069	7493	11460592272901	private_dummy
1070	938	1533123464	real
1070	939	1533123464	real
1070	941	1476010710	real
1070	942	1476010710	real
1070	7494	11460592272901	private_dummy
1071	695	1212633104	real
1071	697	1212633104	real
1071	7495	11460592272901	private_dummy
1072	81	1639569710	real
1072	82	1639569710	real
1072	485	1639569710	real
1072	7496	11460592272901	private_dummy
1073	749	1134625683	real
1073	751	1191738437	real
1073	7497	11460592272901	private_dummy
1074	813	1024916284	real
1074	815	1082029038	real
1074	7498	11460592272901	private_dummy
1075	869	960912471	real
1075	871	1018025225	real
1075	7499	11460592272901	private_dummy
1076	917	934574386	real
1076	919	991687140	real
1076	7500	11460592272901	private_dummy
1077	3393	998844456	real
1077	7501	11460592272901	private_dummy
1078	3395	750506022	real
1078	7502	11460592272901	private_dummy
1079	3397	628199503	real
1079	7503	11460592272901	private_dummy
1080	3399	562798420	real
1080	7504	11460592272901	private_dummy
1081	3300	485989230	real
1081	7505	11460592272901	private_dummy
1082	3302	328656777	real
1082	7506	11460592272901	private_dummy
1083	3304	328656777	real
1083	7507	11460592272901	private_dummy
1084	78	1639569710	real
1084	79	1639569710	real
1084	7508	11460592272901	private_dummy
1085	746	1191738437	real
1085	748	1191738437	real
1085	784	1134625683	real
1085	7509	11460592272901	private_dummy
1086	810	1082029038	real
1086	812	1082029038	real
1086	846	1024916284	real
1086	7510	11460592272901	private_dummy
1087	866	1018025225	real
1087	868	1018025225	real
1087	899	960912471	real
1087	7511	11460592272901	private_dummy
1088	914	991687140	real
1088	916	991687140	real
1088	946	934574386	real
1088	7512	11460592272901	private_dummy
1089	960	1044992326	real
1089	961	1044992326	real
1089	963	987879571	real
1089	964	987879571	real
1089	7513	11460592272901	private_dummy
1090	966	1130305272	real
1090	967	1130305272	real
1090	969	1073192518	real
1090	970	1073192518	real
1090	7514	11460592272901	private_dummy
1091	972	1269745858	real
1091	973	1269745858	real
1091	975	1212633104	real
1091	976	1212633104	real
1091	7515	11460592272901	private_dummy
1092	978	1533123464	real
1092	979	1533123464	real
1092	981	1476010710	real
1092	982	1476010710	real
1092	7516	11460592272901	private_dummy
1093	700	1212633104	real
1093	702	1212633104	real
1093	984	1212633104	real
1093	7517	11460592272901	private_dummy
1094	87	1639569710	real
1094	88	1639569710	real
1094	487	1639569710	real
1094	7518	11460592272901	private_dummy
1095	755	1134625683	real
1095	757	1191738437	real
1095	7519	11460592272901	private_dummy
1096	819	1024916284	real
1096	821	1082029038	real
1096	7520	11460592272901	private_dummy
1097	923	934574386	real
1097	925	991687140	real
1097	7521	11460592272901	private_dummy
1098	963	943287091	real
1098	965	1000399846	real
1098	7522	11460592272901	private_dummy
1099	3401	998844456	real
1099	7523	11460592272901	private_dummy
1100	3403	750506022	real
1100	7524	11460592272901	private_dummy
1101	3276	628199503	real
1101	7525	11460592272901	private_dummy
1102	3405	562798420	real
1102	7526	11460592272901	private_dummy
1103	3407	541981553	real
1103	7527	11460592272901	private_dummy
1104	3308	543514116	real
1104	7528	11460592272901	private_dummy
1105	3310	429291869	real
1105	7529	11460592272901	private_dummy
1106	84	1639569710	real
1106	85	1639569710	real
1106	7530	11460592272901	private_dummy
1107	752	1191738437	real
1107	754	1191738437	real
1107	786	1134625683	real
1107	7531	11460592272901	private_dummy
1108	816	1082029038	real
1108	818	1082029038	real
1108	848	1024916284	real
1108	7532	11460592272901	private_dummy
1109	872	1018025225	real
1109	874	1018025225	real
1109	900	960912471	real
1109	902	960912471	real
1109	7533	11460592272901	private_dummy
1110	920	991687140	real
1110	922	991687140	real
1110	948	934574386	real
1110	7534	11460592272901	private_dummy
1111	960	1000399846	real
1111	962	1000399846	real
1111	987	943287091	real
1111	7535	11460592272901	private_dummy
1112	999	1130305272	real
1112	1000	1130305272	real
1112	1002	1073192518	real
1112	1003	1073192518	real
1112	7536	11460592272901	private_dummy
1113	1005	1269745858	real
1113	1006	1269745858	real
1113	1008	1212633104	real
1113	1009	1212633104	real
1113	7537	11460592272901	private_dummy
1114	1011	1533123464	real
1114	1012	1533123464	real
1114	1014	1476010710	real
1114	1015	1476010710	real
1114	7538	11460592272901	private_dummy
1115	705	1212633104	real
1115	707	1212633104	real
1115	1017	1212633104	real
1115	7539	11460592272901	private_dummy
1116	93	1639569710	real
1116	94	1639569710	real
1116	489	1639569710	real
1116	7540	11460592272901	private_dummy
1117	761	1134625683	real
1117	763	1191738437	real
1117	7541	11460592272901	private_dummy
1118	825	1024916284	real
1118	827	1082029038	real
1118	7542	11460592272901	private_dummy
1119	880	960912471	real
1119	882	1018025225	real
1119	7543	11460592272901	private_dummy
1120	929	934574386	real
1120	931	991687140	real
1120	7544	11460592272901	private_dummy
1121	969	943287091	real
1121	971	1000399846	real
1121	7545	11460592272901	private_dummy
1122	1002	987879571	real
1122	1004	1044992326	real
1122	7546	11460592272901	private_dummy
1123	3409	998844456	real
1123	7547	11460592272901	private_dummy
1124	3411	750506022	real
1124	7548	11460592272901	private_dummy
1125	3413	628199503	real
1125	7549	11460592272901	private_dummy
1126	3415	562798420	real
1126	7550	11460592272901	private_dummy
1127	3417	541981553	real
1127	7551	11460592272901	private_dummy
1128	3419	562798420	real
1128	7552	11460592272901	private_dummy
1129	3316	659212116	real
1129	7553	11460592272901	private_dummy
1130	90	1639569710	real
1130	91	1639569710	real
1130	7554	11460592272901	private_dummy
1131	758	1191738437	real
1131	760	1191738437	real
1131	788	1134625683	real
1131	7555	11460592272901	private_dummy
1132	822	1082029038	real
1132	824	1082029038	real
1132	850	1024916284	real
1132	7556	11460592272901	private_dummy
1133	877	1018025225	real
1133	879	1018025225	real
1133	904	960912471	real
1133	7557	11460592272901	private_dummy
1134	926	991687140	real
1134	928	991687140	real
1134	950	934574386	real
1134	7558	11460592272901	private_dummy
1135	966	1000399846	real
1135	968	1000399846	real
1135	989	943287091	real
1135	7559	11460592272901	private_dummy
1136	999	1044992326	real
1136	1001	1044992326	real
1136	1020	987879571	real
1136	7560	11460592272901	private_dummy
1137	1030	1269745858	real
1137	1031	1269745858	real
1137	1033	1212633104	real
1137	1034	1212633104	real
1137	7561	11460592272901	private_dummy
1138	1036	1533123464	real
1138	1037	1533123464	real
1138	1039	1476010710	real
1138	1040	1476010710	real
1138	7562	11460592272901	private_dummy
1139	710	1212633104	real
1139	712	1212633104	real
1139	1042	1212633104	real
1139	7563	11460592272901	private_dummy
1140	99	1639569710	real
1140	100	1639569710	real
1140	491	1639569710	real
1140	7564	11460592272901	private_dummy
1141	767	1134625683	real
1141	769	1191738437	real
1141	7565	11460592272901	private_dummy
1142	831	1024916284	real
1142	833	1082029038	real
1142	7566	11460592272901	private_dummy
1143	886	960912471	real
1143	888	1018025225	real
1143	7567	11460592272901	private_dummy
1144	935	934574386	real
1144	937	991687140	real
1144	7568	11460592272901	private_dummy
1145	975	943287091	real
1145	977	1000399846	real
1145	7569	11460592272901	private_dummy
1146	1008	987879571	real
1146	1010	1044992326	real
1146	7570	11460592272901	private_dummy
1147	1033	1073192518	real
1147	1035	1130305272	real
1147	7571	11460592272901	private_dummy
1148	3421	998844456	real
1148	7572	11460592272901	private_dummy
1149	3423	750506022	real
1149	7573	11460592272901	private_dummy
1150	3425	628199503	real
1150	7574	11460592272901	private_dummy
1151	3427	562798420	real
1151	7575	11460592272901	private_dummy
1152	3429	541981553	real
1152	7576	11460592272901	private_dummy
1153	3431	562798420	real
1153	7577	11460592272901	private_dummy
1154	3433	628199503	real
1154	7578	11460592272901	private_dummy
1155	96	1639569710	real
1155	97	1639569710	real
1155	7579	11460592272901	private_dummy
1156	764	1191738437	real
1156	766	1191738437	real
1156	790	1134625683	real
1156	7580	11460592272901	private_dummy
1157	828	1082029038	real
1157	830	1082029038	real
1157	852	1024916284	real
1157	7581	11460592272901	private_dummy
1158	883	1018025225	real
1158	885	1018025225	real
1158	906	960912471	real
1158	7582	11460592272901	private_dummy
1159	932	991687140	real
1159	934	991687140	real
1159	952	934574386	real
1159	7583	11460592272901	private_dummy
1160	972	1000399846	real
1160	974	1000399846	real
1160	991	943287091	real
1160	7584	11460592272901	private_dummy
1161	1005	1044992326	real
1161	1007	1044992326	real
1161	1022	987879571	real
1161	7585	11460592272901	private_dummy
1162	1030	1130305272	real
1162	1032	1130305272	real
1162	1045	1073192518	real
1162	7586	11460592272901	private_dummy
1163	1053	1533123464	real
1163	1054	1533123464	real
1163	1056	1476010710	real
1163	1057	1476010710	real
1163	7587	11460592272901	private_dummy
1164	715	1212633104	real
1164	717	1212633104	real
1164	1059	1212633104	real
1164	7588	11460592272901	private_dummy
1165	105	1639569710	real
1165	106	1639569710	real
1165	493	1639569710	real
1165	7589	11460592272901	private_dummy
1166	773	1134625683	real
1166	775	1191738437	real
1166	7590	11460592272901	private_dummy
1167	837	1024916284	real
1167	839	1082029038	real
1167	7591	11460592272901	private_dummy
1168	892	960912471	real
1168	894	1018025225	real
1168	7592	11460592272901	private_dummy
1169	941	934574386	real
1169	943	991687140	real
1169	7593	11460592272901	private_dummy
1170	981	943287091	real
1170	983	1000399846	real
1170	7594	11460592272901	private_dummy
1171	1014	987879571	real
1171	1016	1044992326	real
1171	7595	11460592272901	private_dummy
1172	1039	1073192518	real
1172	1041	1130305272	real
1172	7596	11460592272901	private_dummy
1173	1056	1212633104	real
1173	1058	1269745858	real
1173	7597	11460592272901	private_dummy
1174	3435	998844456	real
1174	7598	11460592272901	private_dummy
1175	3437	750506022	real
1175	7599	11460592272901	private_dummy
1176	3439	628199503	real
1176	7600	11460592272901	private_dummy
1177	3441	562798420	real
1177	7601	11460592272901	private_dummy
1178	3443	541981553	real
1178	7602	11460592272901	private_dummy
1179	3445	562798420	real
1179	7603	11460592272901	private_dummy
1180	3447	628199503	real
1180	7604	11460592272901	private_dummy
1181	102	1639569710	real
1181	103	1639569710	real
1181	7605	11460592272901	private_dummy
1182	770	1191738437	real
1182	772	1191738437	real
1182	792	1134625683	real
1182	7606	11460592272901	private_dummy
1183	834	1082029038	real
1183	836	1082029038	real
1183	854	1024916284	real
1183	7607	11460592272901	private_dummy
1184	889	1018025225	real
1184	891	1018025225	real
1184	908	960912471	real
1184	7608	11460592272901	private_dummy
1185	938	991687140	real
1185	940	991687140	real
1185	954	934574386	real
1185	7609	11460592272901	private_dummy
1186	978	1000399846	real
1186	980	1000399846	real
1186	993	943287091	real
1186	7610	11460592272901	private_dummy
1187	1011	1044992326	real
1187	1013	1044992326	real
1187	1024	987879571	real
1187	7611	11460592272901	private_dummy
1188	1036	1130305272	real
1188	1038	1130305272	real
1188	1047	1073192518	real
1188	7612	11460592272901	private_dummy
1189	1053	1269745858	real
1189	1055	1269745858	real
1189	1062	1212633104	real
1189	7613	11460592272901	private_dummy
1190	720	1212633104	real
1190	722	1212633104	real
1190	1068	1212633104	real
1190	7614	11460592272901	private_dummy
1191	984	943287091	real
1191	985	1000399846	real
1191	995	943287091	real
1191	7615	11460592272901	private_dummy
1192	1017	987879571	real
1192	1018	1044992326	real
1192	1026	987879571	real
1192	7616	11460592272901	private_dummy
1193	1042	1073192518	real
1193	1043	1130305272	real
1193	1049	1073192518	real
1193	7617	11460592272901	private_dummy
1194	1059	1212633104	real
1194	1060	1269745858	real
1194	1064	1212633104	real
1194	7618	11460592272901	private_dummy
1195	1068	1476010710	real
1195	1069	1533123464	real
1195	7619	11460592272901	private_dummy
1196	51	1639569710	real
1196	52	1639569710	real
1196	475	1639569710	real
1196	7620	11460592272901	private_dummy
1197	680	1134625683	real
1197	681	1134625683	real
1197	683	1134625683	real
1197	7621	11460592272901	private_dummy
1198	685	1024916284	real
1198	686	1024916284	real
1198	688	1024916284	real
1198	7622	11460592272901	private_dummy
1199	690	960912471	real
1199	691	960912471	real
1199	693	960912471	real
1199	7623	11460592272901	private_dummy
1200	695	934574386	real
1200	696	934574386	real
1200	698	934574386	real
1200	7624	11460592272901	private_dummy
1201	700	943287091	real
1201	701	943287091	real
1201	703	943287091	real
1201	7625	11460592272901	private_dummy
1202	705	987879571	real
1202	706	987879571	real
1202	708	987879571	real
1202	7626	11460592272901	private_dummy
1203	710	1073192518	real
1203	711	1073192518	real
1203	713	1073192518	real
1203	7627	11460592272901	private_dummy
1204	715	1212633104	real
1204	716	1212633104	real
1204	718	1212633104	real
1204	7628	11460592272901	private_dummy
1205	720	1476010710	real
1205	721	1476010710	real
1205	723	1476010710	real
1205	7629	11460592272901	private_dummy
1206	3357	998844456	real
1206	7630	11460592272901	private_dummy
1207	3357	998844456	real
1207	7631	11460592272901	private_dummy
1208	3358	535532974	real
1208	7632	11460592272901	private_dummy
1209	3358	592645728	real
1209	7633	11460592272901	private_dummy
1210	3359	417808791	real
1210	7634	11460592272901	private_dummy
1211	3359	474921545	real
1211	7635	11460592272901	private_dummy
1212	3360	486401362	real
1212	7636	11460592272901	private_dummy
1213	3360	543514116	real
1213	7637	11460592272901	private_dummy
1214	3361	844744762	real
1214	7638	11460592272901	private_dummy
1215	3361	901857516	real
1215	7639	11460592272901	private_dummy
1216	1232	1212633104	real
1216	7640	11460592272901	private_dummy
1217	1224	1073192518	real
1217	7641	11460592272901	private_dummy
1218	1212	987879571	real
1218	7642	11460592272901	private_dummy
1219	1196	943287091	real
1219	7643	11460592272901	private_dummy
1220	1175	934574386	real
1220	7644	11460592272901	private_dummy
1221	1151	960912471	real
1221	7645	11460592272901	private_dummy
1222	1121	1024916284	real
1222	7646	11460592272901	private_dummy
1223	1088	1134625683	real
1223	7647	11460592272901	private_dummy
1224	1237	1476010710	real
1224	7648	11460592272901	private_dummy
1225	1222	1073192518	real
1225	7649	11460592272901	private_dummy
1226	1210	987879571	real
1226	7650	11460592272901	private_dummy
1227	1194	943287091	real
1227	7651	11460592272901	private_dummy
1228	1173	934574386	real
1228	7652	11460592272901	private_dummy
1229	1149	960912471	real
1229	7653	11460592272901	private_dummy
1230	1119	1024916284	real
1230	7654	11460592272901	private_dummy
1231	1086	1134625683	real
1231	7655	11460592272901	private_dummy
1232	1208	987879571	real
1232	7656	11460592272901	private_dummy
1233	1192	943287091	real
1233	7657	11460592272901	private_dummy
1234	1171	934574386	real
1234	7658	11460592272901	private_dummy
1235	1147	960912471	real
1235	7659	11460592272901	private_dummy
1236	1117	1024916284	real
1236	7660	11460592272901	private_dummy
1237	1084	1134625683	real
1237	7661	11460592272901	private_dummy
1238	1190	943287091	real
1238	7662	11460592272901	private_dummy
1239	1169	934574386	real
1239	7663	11460592272901	private_dummy
1240	1157	987879571	real
1240	7664	11460592272901	private_dummy
1241	1115	1024916284	real
1241	7665	11460592272901	private_dummy
1242	1082	1134625683	real
1242	7666	11460592272901	private_dummy
1243	1167	934574386	real
1243	7667	11460592272901	private_dummy
1244	1142	960912471	real
1244	7668	11460592272901	private_dummy
1245	1113	1024916284	real
1245	7669	11460592272901	private_dummy
1246	1080	1134625683	real
1246	7670	11460592272901	private_dummy
1247	1140	960912471	real
1247	7671	11460592272901	private_dummy
1248	1111	1024916284	real
1248	7672	11460592272901	private_dummy
1249	1078	1134625683	real
1249	7673	11460592272901	private_dummy
1250	699	1314620714	real
1250	7674	11460592272901	private_dummy
1251	1109	1024916284	real
1251	7675	11460592272901	private_dummy
1252	1076	1134625683	real
1252	7676	11460592272901	private_dummy
1253	694	1314620714	real
1253	7677	11460592272901	private_dummy
1254	1074	1134625683	real
1254	7678	11460592272901	private_dummy
1255	689	1314620714	real
1255	7679	11460592272901	private_dummy
1256	684	1314620714	real
1256	7680	11460592272901	private_dummy
1257	474	1314620714	real
1257	7681	11460592272901	private_dummy
1258	3496	738178934	real
1258	7682	11460592272901	private_dummy
1259	3494	532034300	real
1259	7683	11460592272901	private_dummy
1260	3499	925886536	real
1260	7684	11460592272901	private_dummy
1261	3499	925886536	real
1261	7685	11460592272901	private_dummy
1262	3493	335102559	real
1262	7686	11460592272901	private_dummy
1263	3491	679876228	real
1263	3492	679876228	real
1263	7687	11460592272901	private_dummy
1264	3481	217297508	real
1264	3482	388628017	real
1264	7688	11460592272901	private_dummy
1265	3484	622182589	real
1265	3485	622182589	real
1265	7689	11460592272901	private_dummy
1266	3506	428227305	real
1266	7690	11460592272901	private_dummy
1267	3482	388628017	real
1267	7691	11460592272901	private_dummy
1268	3495	757959324	real
1268	7692	11460592272901	private_dummy
1269	3508	428227305	real
1269	7693	11460592272901	private_dummy
1270	3481	471995666	real
1270	7694	11460592272901	private_dummy
1271	3488	325152045	real
1271	3489	463781079	real
1271	7695	11460592272901	private_dummy
1272	3510	934574386	real
1272	7696	11460592272901	private_dummy
1273	3485	541247193	real
1273	7697	11460592272901	private_dummy
1274	3489	428227305	real
1274	7698	11460592272901	private_dummy
1275	3512	553590018	real
1275	7699	11460592272901	private_dummy
1276	3484	277989805	real
1276	7700	11460592272901	private_dummy
1277	3488	277989805	real
1277	7701	11460592272901	private_dummy
1278	3514	671316997	real
1278	7702	11460592272901	private_dummy
1279	3501	864731531	real
1279	7703	11460592272901	private_dummy
1280	3501	807618777	real
1280	7704	11460592272901	private_dummy
1281	3499	931791538	real
1281	3500	492435012	real
1281	3505	335102559	real
1281	7705	11460592272901	private_dummy
1282	3509	421329493	real
1282	7706	11460592272901	private_dummy
1283	3511	263997039	real
1283	7707	11460592272901	private_dummy
1284	3499	945666927	real
1284	3500	757959324	real
1284	3507	600626871	real
1284	7708	11460592272901	private_dummy
1285	3509	618261233	real
1285	7709	11460592272901	private_dummy
1286	3511	263997039	real
1286	7710	11460592272901	private_dummy
1287	3498	559958527	real
1287	7711	11460592272901	private_dummy
1288	3498	559958527	real
1288	7712	11460592272901	private_dummy
1289	3497	559958527	real
1289	7713	11460592272901	private_dummy
1290	3513	513990731	real
1290	7714	11460592272901	private_dummy
1291	3515	403816026	real
1291	7715	11460592272901	private_dummy
1292	3497	814656685	real
1292	7716	11460592272901	private_dummy
1293	3513	685321241	real
1293	7717	11460592272901	private_dummy
1294	3515	403816026	real
1294	7718	11460592272901	private_dummy
1295	3458	901857516	real
1295	7719	11460592272901	private_dummy
1296	3483	513977256	real
1296	7720	11460592272901	private_dummy
1297	3483	628199503	real
1297	7721	11460592272901	private_dummy
1298	3449	602099362	real
1298	3450	659212116	real
1298	7722	11460592272901	private_dummy
1299	3451	428876476	real
1299	3452	428876476	real
1299	7723	11460592272901	private_dummy
1300	3453	451428472	real
1300	3454	451428472	real
1300	7724	11460592272901	private_dummy
1301	3455	693393268	real
1301	3456	693393268	real
1301	7725	11460592272901	private_dummy
1302	3457	1055957210	real
1302	7726	11460592272901	private_dummy
1303	3522	720121890	real
1303	7727	11460592272901	private_dummy
1304	3522	628199503	real
1304	7728	11460592272901	private_dummy
1305	3450	659212116	real
1305	7729	11460592272901	private_dummy
1306	3466	174178318	real
1306	3467	174178318	real
1306	7730	11460592272901	private_dummy
1307	3468	646589376	real
1307	7731	11460592272901	private_dummy
1308	3486	356653785	real
1308	7732	11460592272901	private_dummy
1309	3486	313543579	real
1309	7733	11460592272901	private_dummy
1310	3449	844744762	real
1310	7734	11460592272901	private_dummy
1311	3459	271544022	real
1311	3460	328656777	real
1311	7735	11460592272901	private_dummy
1312	3461	174178318	real
1312	3462	174178318	real
1312	7736	11460592272901	private_dummy
1313	3463	348353212	real
1313	3464	348353212	real
1313	7737	11460592272901	private_dummy
1314	3465	737880589	real
1314	7738	11460592272901	private_dummy
1315	3525	356653785	real
1315	7739	11460592272901	private_dummy
1316	3525	313543579	real
1316	7740	11460592272901	private_dummy
1317	3452	428876476	real
1317	7741	11460592272901	private_dummy
1318	3460	328656777	real
1318	7742	11460592272901	private_dummy
1319	3474	604256990	real
1319	7743	11460592272901	private_dummy
1320	3487	405465966	real
1320	7744	11460592272901	private_dummy
1321	3487	313543579	real
1321	7745	11460592272901	private_dummy
1322	3451	486401362	real
1322	7746	11460592272901	private_dummy
1323	3459	486401362	real
1323	7747	11460592272901	private_dummy
1324	3469	245283838	real
1324	3470	302396592	real
1324	7748	11460592272901	private_dummy
1325	3471	299541031	real
1325	3472	299541031	real
1325	7749	11460592272901	private_dummy
1326	3473	604256990	real
1326	7750	11460592272901	private_dummy
1327	3528	199321332	real
1327	7751	11460592272901	private_dummy
1328	3528	416618839	real
1328	7752	11460592272901	private_dummy
1329	3454	451428472	real
1329	7753	11460592272901	private_dummy
1330	3462	174178318	real
1330	3467	174178318	real
1330	7754	11460592272901	private_dummy
1331	3470	302396592	real
1331	7755	11460592272901	private_dummy
1332	3478	737880589	real
1332	7756	11460592272901	private_dummy
1333	3490	592645728	real
1333	7757	11460592272901	private_dummy
1334	3490	809943236	real
1334	7758	11460592272901	private_dummy
1335	3453	417808791	real
1335	7759	11460592272901	private_dummy
1336	3461	189370818	real
1336	3466	189370818	real
1336	7760	11460592272901	private_dummy
1337	3469	417808791	real
1337	7761	11460592272901	private_dummy
1338	3475	456864501	real
1338	3476	513977256	real
1338	7762	11460592272901	private_dummy
1339	3477	646589376	real
1339	7763	11460592272901	private_dummy
1340	3531	513977256	real
1340	7764	11460592272901	private_dummy
1341	3531	592645728	real
1341	7765	11460592272901	private_dummy
1342	3456	844744762	real
1342	7766	11460592272901	private_dummy
1343	3464	486401362	real
1343	7767	11460592272901	private_dummy
1344	3472	417808791	real
1344	7768	11460592272901	private_dummy
1345	3476	592645728	real
1345	7769	11460592272901	private_dummy
1346	3480	1212633104	real
1346	7770	11460592272901	private_dummy
1347	3533	671314201	real
1347	7771	11460592272901	private_dummy
1348	3533	671314201	real
1348	7772	11460592272901	private_dummy
1349	3455	535532974	real
1349	7773	11460592272901	private_dummy
1350	3463	220877050	real
1350	7774	11460592272901	private_dummy
1351	3471	220877050	real
1351	7775	11460592272901	private_dummy
1352	3475	535532974	real
1352	7776	11460592272901	private_dummy
1353	3479	901857516	real
1353	7777	11460592272901	private_dummy
1354	3535	763980730	real
1354	7778	11460592272901	private_dummy
1355	3535	706867976	real
1355	7779	11460592272901	private_dummy
1356	3503	462578720	real
1356	7780	11460592272901	private_dummy
1357	3503	565653980	real
1357	7781	11460592272901	private_dummy
1358	3521	829174495	real
1358	7782	11460592272901	private_dummy
1359	3523	592645728	real
1359	7783	11460592272901	private_dummy
1360	3524	484134439	real
1360	7784	11460592272901	private_dummy
1361	3526	435322258	real
1361	7785	11460592272901	private_dummy
1362	3504	256434086	real
1362	7786	11460592272901	private_dummy
1363	3504	359509346	real
1363	7787	11460592272901	private_dummy
1364	3527	435322258	real
1364	7788	11460592272901	private_dummy
1365	3529	484134439	real
1365	7789	11460592272901	private_dummy
1366	3530	592645728	real
1366	7790	11460592272901	private_dummy
1367	3534	571090010	real
1367	7791	11460592272901	private_dummy
1368	3536	513977256	real
1368	7792	11460592272901	private_dummy
1369	3532	921841024	real
1369	7793	11460592272901	private_dummy
1370	3534	649758483	real
1370	7794	11460592272901	private_dummy
1371	3536	513977256	real
1371	7795	11460592272901	private_dummy
1372	3501	886287249	real
1372	3502	829174495	real
1372	7796	11460592272901	private_dummy
1373	3501	886287249	real
1373	3502	829174495	real
1373	7797	11460592272901	private_dummy
1374	723	1314620714	real
1374	724	1314620714	real
1374	7798	11460592272901	private_dummy
1375	1231	1269745858	real
1375	1233	1212633104	real
1375	7799	11460592272901	private_dummy
1376	1223	1130305272	real
1376	1227	1073192518	real
1376	7800	11460592272901	private_dummy
1377	1211	1044992326	real
1377	1217	987879571	real
1377	7801	11460592272901	private_dummy
1378	1195	1000399846	real
1378	1203	943287091	real
1378	7802	11460592272901	private_dummy
1379	1174	991687140	real
1379	1185	934574386	real
1379	7803	11460592272901	private_dummy
1380	1150	1018025225	real
1380	1162	960912471	real
1380	7804	11460592272901	private_dummy
1381	1120	1082029038	real
1381	1135	1024916284	real
1381	7805	11460592272901	private_dummy
1382	1087	1191738437	real
1382	1104	1134625683	real
1382	7806	11460592272901	private_dummy
1383	124	1639569710	real
1383	125	1639569710	real
1383	512	1639569710	real
1383	7807	11460592272901	private_dummy
1384	721	1314620714	real
1384	722	1314620714	real
1384	7808	11460592272901	private_dummy
1385	3538	901857516	real
1385	7809	11460592272901	private_dummy
1386	3540	737880589	real
1386	7810	11460592272901	private_dummy
1387	3542	646589376	real
1387	7811	11460592272901	private_dummy
1388	3544	604256990	real
1388	7812	11460592272901	private_dummy
1389	3546	604256990	real
1389	7813	11460592272901	private_dummy
1390	3548	646589376	real
1390	7814	11460592272901	private_dummy
1391	3550	737880589	real
1391	7815	11460592272901	private_dummy
1392	1233	1476010710	real
1392	1234	1476010710	real
1392	7816	11460592272901	private_dummy
1393	718	1314620714	real
1393	719	1314620714	real
1393	7817	11460592272901	private_dummy
1394	1231	1533123464	real
1394	7818	11460592272901	private_dummy
1395	1221	1130305272	real
1395	1225	1073192518	real
1395	7819	11460592272901	private_dummy
1396	1209	1044992326	real
1396	1215	987879571	real
1396	7820	11460592272901	private_dummy
1397	1193	1000399846	real
1397	1201	943287091	real
1397	7821	11460592272901	private_dummy
1398	1172	991687140	real
1398	1183	934574386	real
1398	7822	11460592272901	private_dummy
1399	1148	1018025225	real
1399	1160	960912471	real
1399	7823	11460592272901	private_dummy
1400	1118	1082029038	real
1400	1133	1024916284	real
1400	7824	11460592272901	private_dummy
1401	1085	1191738437	real
1401	1102	1134625683	real
1401	7825	11460592272901	private_dummy
1402	122	1639569710	real
1402	123	1639569710	real
1402	510	1639569710	real
1402	7826	11460592272901	private_dummy
1403	716	1314620714	real
1403	717	1314620714	real
1403	7827	11460592272901	private_dummy
1404	3553	1037638743	real
1404	7828	11460592272901	private_dummy
1405	3555	737880589	real
1405	7829	11460592272901	private_dummy
1406	3557	586628814	real
1406	7830	11460592272901	private_dummy
1407	3559	510400509	real
1407	7831	11460592272901	private_dummy
1408	3561	486530011	real
1408	7832	11460592272901	private_dummy
1409	3563	510400509	real
1409	7833	11460592272901	private_dummy
1410	3565	586628814	real
1410	7834	11460592272901	private_dummy
1411	1227	1476010710	real
1411	1228	1476010710	real
1411	7835	11460592272901	private_dummy
1412	1225	1212633104	real
1412	1226	1212633104	real
1412	7836	11460592272901	private_dummy
1413	713	1314620714	real
1413	714	1314620714	real
1413	7837	11460592272901	private_dummy
1414	1223	1533123464	real
1414	7838	11460592272901	private_dummy
1415	1221	1269745858	real
1415	7839	11460592272901	private_dummy
1416	1207	1044992326	real
1416	1213	987879571	real
1416	7840	11460592272901	private_dummy
1417	1191	1000399846	real
1417	1199	943287091	real
1417	7841	11460592272901	private_dummy
1418	1170	991687140	real
1418	1181	934574386	real
1418	7842	11460592272901	private_dummy
1419	1146	1018025225	real
1419	1158	960912471	real
1419	7843	11460592272901	private_dummy
1420	1116	1082029038	real
1420	1131	1024916284	real
1420	7844	11460592272901	private_dummy
1421	1083	1191738437	real
1421	1100	1134625683	real
1421	7845	11460592272901	private_dummy
1422	120	1639569710	real
1422	121	1639569710	real
1422	508	1639569710	real
1422	7846	11460592272901	private_dummy
1423	711	1314620714	real
1423	712	1314620714	real
1423	7847	11460592272901	private_dummy
1424	3568	1212633104	real
1424	7848	11460592272901	private_dummy
1425	3570	933622378	real
1425	7849	11460592272901	private_dummy
1426	3572	646589376	real
1426	7850	11460592272901	private_dummy
1427	3574	510400509	real
1427	7851	11460592272901	private_dummy
1428	3576	452634092	real
1428	7852	11460592272901	private_dummy
1429	3578	452634092	real
1429	7853	11460592272901	private_dummy
1430	3580	510400509	real
1430	7854	11460592272901	private_dummy
1431	1217	1476010710	real
1431	1218	1476010710	real
1431	7855	11460592272901	private_dummy
1432	1215	1212633104	real
1432	1216	1212633104	real
1432	7856	11460592272901	private_dummy
1433	1213	1073192518	real
1433	1214	1073192518	real
1433	7857	11460592272901	private_dummy
1434	1144	960912471	real
1434	1145	960912471	real
1434	7858	11460592272901	private_dummy
1435	708	1314620714	real
1435	709	1314620714	real
1435	7859	11460592272901	private_dummy
1436	1211	1533123464	real
1436	7860	11460592272901	private_dummy
1437	1209	1269745858	real
1437	7861	11460592272901	private_dummy
1438	1207	1130305272	real
1438	7862	11460592272901	private_dummy
1439	1189	1000399846	real
1439	1197	943287091	real
1439	7863	11460592272901	private_dummy
1440	1168	991687140	real
1440	1179	934574386	real
1440	7864	11460592272901	private_dummy
1441	1143	1018025225	real
1441	7865	11460592272901	private_dummy
1442	1114	1082029038	real
1442	1129	1024916284	real
1442	7866	11460592272901	private_dummy
1443	1081	1191738437	real
1443	1098	1134625683	real
1443	7867	11460592272901	private_dummy
1444	118	1639569710	real
1444	119	1639569710	real
1444	506	1639569710	real
1444	7868	11460592272901	private_dummy
1445	706	1314620714	real
1445	707	1314620714	real
1445	7869	11460592272901	private_dummy
1446	3583	1212633104	real
1446	7870	11460592272901	private_dummy
1447	3585	1073192518	real
1447	7871	11460592272901	private_dummy
1448	3587	876227084	real
1448	7872	11460592272901	private_dummy
1449	3589	604256990	real
1449	7873	11460592272901	private_dummy
1450	3591	486530011	real
1450	7874	11460592272901	private_dummy
1451	3593	452634092	real
1451	7875	11460592272901	private_dummy
1452	3595	486530011	real
1452	7876	11460592272901	private_dummy
1453	1203	1476010710	real
1453	1204	1476010710	real
1453	7877	11460592272901	private_dummy
1454	1201	1212633104	real
1454	1202	1212633104	real
1454	7878	11460592272901	private_dummy
1455	1199	1073192518	real
1455	1200	1073192518	real
1455	7879	11460592272901	private_dummy
1456	1197	987879571	real
1456	1198	987879571	real
1456	7880	11460592272901	private_dummy
1457	703	1314620714	real
1457	704	1314620714	real
1457	7881	11460592272901	private_dummy
1458	1195	1533123464	real
1458	7882	11460592272901	private_dummy
1459	1193	1269745858	real
1459	7883	11460592272901	private_dummy
1460	1191	1130305272	real
1460	7884	11460592272901	private_dummy
1461	1189	1044992326	real
1461	7885	11460592272901	private_dummy
1462	1166	991687140	real
1462	1177	934574386	real
1462	7886	11460592272901	private_dummy
1463	1141	1018025225	real
1463	1155	960912471	real
1463	7887	11460592272901	private_dummy
1464	1112	1082029038	real
1464	1127	1024916284	real
1464	7888	11460592272901	private_dummy
1465	1079	1191738437	real
1465	1096	1134625683	real
1465	7889	11460592272901	private_dummy
1466	116	1639569710	real
1466	117	1639569710	real
1466	504	1639569710	real
1466	7890	11460592272901	private_dummy
1467	701	1314620714	real
1467	702	1314620714	real
1467	7891	11460592272901	private_dummy
1468	3598	1212633104	real
1468	7892	11460592272901	private_dummy
1469	3600	1073192518	real
1469	7893	11460592272901	private_dummy
1470	3602	987879571	real
1470	7894	11460592272901	private_dummy
1471	3604	857765196	real
1471	7895	11460592272901	private_dummy
1472	3606	604256990	real
1472	7896	11460592272901	private_dummy
1473	3608	510400509	real
1473	7897	11460592272901	private_dummy
1474	3610	510400509	real
1474	7898	11460592272901	private_dummy
1475	1185	1476010710	real
1475	1186	1476010710	real
1475	7899	11460592272901	private_dummy
1476	1183	1212633104	real
1476	1184	1212633104	real
1476	7900	11460592272901	private_dummy
1477	1181	1073192518	real
1477	1182	1073192518	real
1477	7901	11460592272901	private_dummy
1478	1179	987879571	real
1478	1180	987879571	real
1478	7902	11460592272901	private_dummy
1479	1177	943287091	real
1479	1178	943287091	real
1479	7903	11460592272901	private_dummy
1480	1174	1533123464	real
1480	7904	11460592272901	private_dummy
1481	1172	1269745858	real
1481	7905	11460592272901	private_dummy
1482	1170	1130305272	real
1482	7906	11460592272901	private_dummy
1483	1168	1044992326	real
1483	7907	11460592272901	private_dummy
1484	1166	1000399846	real
1484	7908	11460592272901	private_dummy
1485	1139	1018025225	real
1485	1153	960912471	real
1485	7909	11460592272901	private_dummy
1486	1110	1082029038	real
1486	1125	1024916284	real
1486	7910	11460592272901	private_dummy
1487	1077	1191738437	real
1487	1094	1134625683	real
1487	7911	11460592272901	private_dummy
1488	114	1639569710	real
1488	115	1639569710	real
1488	502	1639569710	real
1488	7912	11460592272901	private_dummy
1489	696	1314620714	real
1489	697	1314620714	real
1489	1176	1314620714	real
1489	7913	11460592272901	private_dummy
1490	3613	1212633104	real
1490	7914	11460592272901	private_dummy
1491	3615	1073192518	real
1491	7915	11460592272901	private_dummy
1492	3617	987879571	real
1492	7916	11460592272901	private_dummy
1493	3619	943287091	real
1493	7917	11460592272901	private_dummy
1494	3621	876227084	real
1494	7918	11460592272901	private_dummy
1495	3623	646589376	real
1495	7919	11460592272901	private_dummy
1496	3625	586628814	real
1496	7920	11460592272901	private_dummy
1497	1162	1476010710	real
1497	1163	1476010710	real
1497	7921	11460592272901	private_dummy
1498	1160	1212633104	real
1498	1161	1212633104	real
1498	7922	11460592272901	private_dummy
1499	1158	1073192518	real
1499	1159	1073192518	real
1499	7923	11460592272901	private_dummy
1500	1155	943287091	real
1500	1156	943287091	real
1500	7924	11460592272901	private_dummy
1501	1153	934574386	real
1501	1154	934574386	real
1501	7925	11460592272901	private_dummy
1502	1150	1533123464	real
1502	7926	11460592272901	private_dummy
1503	1148	1269745858	real
1503	7927	11460592272901	private_dummy
1504	1146	1130305272	real
1504	7928	11460592272901	private_dummy
1505	1143	1044992326	real
1505	1144	987879571	real
1505	7929	11460592272901	private_dummy
1506	1141	1000399846	real
1506	7930	11460592272901	private_dummy
1507	1139	991687140	real
1507	7931	11460592272901	private_dummy
1508	1108	1082029038	real
1508	1123	1024916284	real
1508	7932	11460592272901	private_dummy
1509	1075	1191738437	real
1509	1092	1134625683	real
1509	7933	11460592272901	private_dummy
1510	112	1639569710	real
1510	113	1639569710	real
1510	500	1639569710	real
1510	7934	11460592272901	private_dummy
1511	691	1314620714	real
1511	692	1314620714	real
1511	1152	1314620714	real
1511	7935	11460592272901	private_dummy
1512	3628	1212633104	real
1512	7936	11460592272901	private_dummy
1513	3630	1073192518	real
1513	7937	11460592272901	private_dummy
1514	3632	987879571	real
1514	7938	11460592272901	private_dummy
1515	3634	943287091	real
1515	7939	11460592272901	private_dummy
1516	3636	934574386	real
1516	7940	11460592272901	private_dummy
1517	3638	933622378	real
1517	7941	11460592272901	private_dummy
1518	3640	737880589	real
1518	7942	11460592272901	private_dummy
1519	1135	1476010710	real
1519	1136	1476010710	real
1519	7943	11460592272901	private_dummy
1520	1133	1212633104	real
1520	1134	1212633104	real
1520	7944	11460592272901	private_dummy
1521	1131	1073192518	real
1521	1132	1073192518	real
1521	7945	11460592272901	private_dummy
1522	1129	987879571	real
1522	1130	987879571	real
1522	7946	11460592272901	private_dummy
1523	1127	943287091	real
1523	1128	943287091	real
1523	7947	11460592272901	private_dummy
1524	1125	934574386	real
1524	1126	934574386	real
1524	7948	11460592272901	private_dummy
1525	1123	960912471	real
1525	1124	960912471	real
1525	7949	11460592272901	private_dummy
1526	1120	1533123464	real
1526	7950	11460592272901	private_dummy
1527	1118	1269745858	real
1527	7951	11460592272901	private_dummy
1528	1116	1130305272	real
1528	7952	11460592272901	private_dummy
1529	1114	1044992326	real
1529	7953	11460592272901	private_dummy
1530	1112	1000399846	real
1530	7954	11460592272901	private_dummy
1531	1110	991687140	real
1531	7955	11460592272901	private_dummy
1532	1108	1018025225	real
1532	7956	11460592272901	private_dummy
1533	1073	1191738437	real
1533	1090	1134625683	real
1533	7957	11460592272901	private_dummy
1534	110	1639569710	real
1534	111	1639569710	real
1534	498	1639569710	real
1534	7958	11460592272901	private_dummy
1535	686	1314620714	real
1535	687	1314620714	real
1535	1122	1314620714	real
1535	7959	11460592272901	private_dummy
1536	3643	1212633104	real
1536	7960	11460592272901	private_dummy
1537	3645	1073192518	real
1537	7961	11460592272901	private_dummy
1538	3647	987879571	real
1538	7962	11460592272901	private_dummy
1539	3649	943287091	real
1539	7963	11460592272901	private_dummy
1540	3651	934574386	real
1540	7964	11460592272901	private_dummy
1541	3653	960912471	real
1541	7965	11460592272901	private_dummy
1542	3655	1037638743	real
1542	7966	11460592272901	private_dummy
1543	1104	1476010710	real
1543	1105	1476010710	real
1543	7967	11460592272901	private_dummy
1544	1102	1212633104	real
1544	1103	1212633104	real
1544	7968	11460592272901	private_dummy
1545	1100	1073192518	real
1545	1101	1073192518	real
1545	7969	11460592272901	private_dummy
1546	1098	987879571	real
1546	1099	987879571	real
1546	7970	11460592272901	private_dummy
1547	1096	943287091	real
1547	1097	943287091	real
1547	7971	11460592272901	private_dummy
1548	1094	934574386	real
1548	1095	934574386	real
1548	7972	11460592272901	private_dummy
1549	1092	960912471	real
1549	1093	960912471	real
1549	7973	11460592272901	private_dummy
1550	1090	1024916284	real
1550	1091	1024916284	real
1550	7974	11460592272901	private_dummy
1551	1087	1533123464	real
1551	7975	11460592272901	private_dummy
1552	1085	1269745858	real
1552	7976	11460592272901	private_dummy
1553	1083	1130305272	real
1553	7977	11460592272901	private_dummy
1554	1081	1044992326	real
1554	7978	11460592272901	private_dummy
1555	1079	1000399846	real
1555	7979	11460592272901	private_dummy
1556	1077	991687140	real
1556	7980	11460592272901	private_dummy
1557	1075	1018025225	real
1557	7981	11460592272901	private_dummy
1558	1073	1082029038	real
1558	7982	11460592272901	private_dummy
1559	108	1639569710	real
1559	109	1639569710	real
1559	496	1639569710	real
1559	7983	11460592272901	private_dummy
1560	681	1314620714	real
1560	682	1314620714	real
1560	1089	1314620714	real
1560	7984	11460592272901	private_dummy
1561	3658	1212633104	real
1561	7985	11460592272901	private_dummy
1562	3660	1073192518	real
1562	7986	11460592272901	private_dummy
1563	3662	987879571	real
1563	7987	11460592272901	private_dummy
1564	3664	943287091	real
1564	7988	11460592272901	private_dummy
1565	3666	934574386	real
1565	7989	11460592272901	private_dummy
1566	3668	960912471	real
1566	7990	11460592272901	private_dummy
1567	3670	1024916284	real
1567	7991	11460592272901	private_dummy
1568	50	1314620714	real
1568	52	1314620714	real
1568	126	1314620714	real
1568	7992	11460592272901	private_dummy
1569	2768	1212633104	real
1569	2771	1449161870	real
1569	7993	11460592272901	private_dummy
1570	2765	1073192518	real
1570	7994	11460592272901	private_dummy
1571	2762	987879571	real
1571	7995	11460592272901	private_dummy
1572	2759	943287091	real
1572	7996	11460592272901	private_dummy
1573	2756	934574386	real
1573	7997	11460592272901	private_dummy
1574	2753	960912471	real
1574	7998	11460592272901	private_dummy
1575	2750	1024916284	real
1575	7999	11460592272901	private_dummy
1576	1176	934574386	real
1576	8000	11460592272901	private_dummy
1577	1152	960912471	real
1577	8001	11460592272901	private_dummy
1578	1122	1024916284	real
1578	8002	11460592272901	private_dummy
1579	1089	1134625683	real
1579	8003	11460592272901	private_dummy
1580	126	1639569710	real
1580	127	1639569710	real
1580	8004	11460592272901	private_dummy
1581	3516	807618777	real
1581	8005	11460592272901	private_dummy
1582	3516	807618777	real
1582	8006	11460592272901	private_dummy
1583	3517	462578720	real
1583	8007	11460592272901	private_dummy
1584	3517	462578720	real
1584	8008	11460592272901	private_dummy
1585	3518	413766540	real
1585	8009	11460592272901	private_dummy
1586	3518	413766540	real
1586	8010	11460592272901	private_dummy
1587	3519	571090010	real
1587	8011	11460592272901	private_dummy
1588	3519	571090010	real
1588	8012	11460592272901	private_dummy
1589	3520	998844456	real
1589	8013	11460592272901	private_dummy
1590	3520	998844456	real
1590	8014	11460592272901	private_dummy
1591	179	1639569710	real
1591	8015	11460592272901	private_dummy
1592	776	1371733469	real
1592	8016	11460592272901	private_dummy
1593	1324	1018025225	real
1593	8017	11460592272901	private_dummy
1594	1326	991687140	real
1594	8018	11460592272901	private_dummy
1595	1328	1000399846	real
1595	8019	11460592272901	private_dummy
1596	1330	1044992326	real
1596	8020	11460592272901	private_dummy
1597	1332	1130305272	real
1597	8021	11460592272901	private_dummy
1598	1334	1269745858	real
1598	8022	11460592272901	private_dummy
1599	1336	1533123464	real
1599	8023	11460592272901	private_dummy
1600	1323	1082029038	real
1600	1339	1024916284	real
1600	8024	11460592272901	private_dummy
1601	1379	991687140	real
1601	8025	11460592272901	private_dummy
1602	1381	1000399846	real
1602	8026	11460592272901	private_dummy
1603	1359	1018025225	real
1603	8027	11460592272901	private_dummy
1604	1386	1130305272	real
1604	8028	11460592272901	private_dummy
1605	1388	1269745858	real
1605	8029	11460592272901	private_dummy
1606	1390	1533123464	real
1606	8030	11460592272901	private_dummy
1607	1378	1018025225	real
1607	1393	960912471	real
1607	8031	11460592272901	private_dummy
1608	1428	1000399846	real
1608	8032	11460592272901	private_dummy
1609	1430	1044992326	real
1609	8033	11460592272901	private_dummy
1610	1432	1130305272	real
1610	8034	11460592272901	private_dummy
1611	1434	1269745858	real
1611	8035	11460592272901	private_dummy
1612	1436	1533123464	real
1612	8036	11460592272901	private_dummy
1613	1427	991687140	real
1613	1439	934574386	real
1613	8037	11460592272901	private_dummy
1614	1469	1044992326	real
1614	8038	11460592272901	private_dummy
1615	1471	1130305272	real
1615	8039	11460592272901	private_dummy
1616	1473	1269745858	real
1616	8040	11460592272901	private_dummy
1617	1475	1533123464	real
1617	8041	11460592272901	private_dummy
1618	1257	1073192518	real
1618	1477	1073192518	real
1618	8042	11460592272901	private_dummy
1619	1502	1130305272	real
1619	8043	11460592272901	private_dummy
1620	1504	1269745858	real
1620	8044	11460592272901	private_dummy
1621	1506	1533123464	real
1621	8045	11460592272901	private_dummy
1622	1262	1073192518	real
1622	1508	1073192518	real
1622	8046	11460592272901	private_dummy
1623	1527	1269745858	real
1623	8047	11460592272901	private_dummy
1624	1529	1533123464	real
1624	8048	11460592272901	private_dummy
1625	1267	1073192518	real
1625	1531	1073192518	real
1625	8049	11460592272901	private_dummy
1626	1544	1533123464	real
1626	8050	11460592272901	private_dummy
1627	1272	1073192518	real
1627	1546	1073192518	real
1627	8051	11460592272901	private_dummy
1628	1277	1073192518	real
1628	1553	1073192518	real
1628	8052	11460592272901	private_dummy
1629	3768	763980730	real
1629	8053	11460592272901	private_dummy
1630	3766	428227305	real
1630	8054	11460592272901	private_dummy
1631	3771	714849118	real
1631	8055	11460592272901	private_dummy
1632	3771	740450349	real
1632	8056	11460592272901	private_dummy
1633	3765	417818574	real
1633	8057	11460592272901	private_dummy
1634	3763	679876228	real
1634	3764	679876228	real
1634	8058	11460592272901	private_dummy
1635	3753	217297508	real
1635	3754	388628017	real
1635	8059	11460592272901	private_dummy
1636	3756	700851062	real
1636	3757	608184533	real
1636	8060	11460592272901	private_dummy
1637	3778	428227305	real
1637	8061	11460592272901	private_dummy
1638	3754	285552758	real
1638	8062	11460592272901	private_dummy
1639	3767	646256547	real
1639	8063	11460592272901	private_dummy
1640	3780	128220304	real
1640	8064	11460592272901	private_dummy
1641	3753	342660221	real
1641	8065	11460592272901	private_dummy
1642	3760	206888777	real
1642	3761	378219287	real
1642	8066	11460592272901	private_dummy
1643	3782	553590018	real
1643	8067	11460592272901	private_dummy
1644	3757	608184533	real
1644	8068	11460592272901	private_dummy
1645	3761	378219287	real
1645	8069	11460592272901	private_dummy
1646	3784	449324806	real
1646	8070	11460592272901	private_dummy
1647	3756	356658277	real
1647	8071	11460592272901	private_dummy
1648	3760	485993722	real
1648	8072	11460592272901	private_dummy
1649	3786	934574386	real
1649	8073	11460592272901	private_dummy
1650	3773	700851062	real
1650	8074	11460592272901	private_dummy
1651	3773	622182589	real
1651	8075	11460592272901	private_dummy
1652	3771	714849118	real
1652	3772	325152045	real
1652	3777	417818574	real
1652	8076	11460592272901	private_dummy
1653	3781	356658277	real
1653	8077	11460592272901	private_dummy
1654	3783	128220304	real
1654	8078	11460592272901	private_dummy
1655	3771	760230739	real
1655	3772	700851062	real
1655	3779	622182589	real
1655	8079	11460592272901	private_dummy
1656	3781	632258491	real
1656	8080	11460592272901	private_dummy
1657	3783	206888777	real
1657	8081	11460592272901	private_dummy
1658	3770	309959545	real
1658	8082	11460592272901	private_dummy
1659	3770	388628017	real
1659	8083	11460592272901	private_dummy
1660	3769	285552758	real
1660	8084	11460592272901	private_dummy
1661	3785	388628017	real
1661	8085	11460592272901	private_dummy
1662	3787	285552758	real
1662	8086	11460592272901	private_dummy
1663	3769	513990731	real
1663	8087	11460592272901	private_dummy
1664	3785	585559758	real
1664	8088	11460592272901	private_dummy
1665	3787	285552758	real
1665	8089	11460592272901	private_dummy
1666	3681	844744762	real
1666	8090	11460592272901	private_dummy
1667	3755	798790363	real
1667	8091	11460592272901	private_dummy
1668	3755	614201447	real
1668	8092	11460592272901	private_dummy
1669	3672	535532974	real
1669	3673	535532974	real
1669	8093	11460592272901	private_dummy
1670	3674	417808791	real
1670	3675	417808791	real
1670	8094	11460592272901	private_dummy
1671	3676	486401362	real
1671	3677	486401362	real
1671	8095	11460592272901	private_dummy
1672	3678	844744762	real
1672	3679	844744762	real
1672	8096	11460592272901	private_dummy
1673	3680	901857516	real
1673	8097	11460592272901	private_dummy
1674	3794	936838513	real
1674	8098	11460592272901	private_dummy
1675	3794	671314201	real
1675	8099	11460592272901	private_dummy
1676	3673	535532974	real
1676	8100	11460592272901	private_dummy
1677	3708	189370818	real
1677	3711	189370818	real
1677	8101	11460592272901	private_dummy
1678	3715	600626871	real
1678	8102	11460592272901	private_dummy
1679	3758	553590018	real
1679	8103	11460592272901	private_dummy
1680	3758	263991748	real
1680	8104	11460592272901	private_dummy
1681	3672	693393268	real
1681	8105	11460592272901	private_dummy
1682	3686	245283838	real
1682	3689	302396592	real
1682	8106	11460592272901	private_dummy
1683	3692	174178318	real
1683	3695	174178318	real
1683	8107	11460592272901	private_dummy
1684	3698	451428472	real
1684	3700	451428472	real
1684	8108	11460592272901	private_dummy
1685	3701	830547118	real
1685	8109	11460592272901	private_dummy
1686	3797	538397518	real
1686	8110	11460592272901	private_dummy
1687	3797	263991748	real
1687	8111	11460592272901	private_dummy
1688	3675	417808791	real
1688	8112	11460592272901	private_dummy
1689	3689	302396592	real
1689	8113	11460592272901	private_dummy
1690	3737	460928780	real
1690	8114	11460592272901	private_dummy
1691	3759	622182589	real
1691	8115	11460592272901	private_dummy
1692	3759	138629035	real
1692	8116	11460592272901	private_dummy
1693	3674	451428472	real
1693	8117	11460592272901	private_dummy
1694	3686	451428472	real
1694	8118	11460592272901	private_dummy
1695	3720	271544022	real
1695	3723	328656777	real
1695	8119	11460592272901	private_dummy
1696	3726	428876476	real
1696	3728	428876476	real
1696	8120	11460592272901	private_dummy
1697	3729	499991778	real
1697	8121	11460592272901	private_dummy
1698	3800	407325249	real
1698	8122	11460592272901	private_dummy
1699	3800	277258070	real
1699	8123	11460592272901	private_dummy
1700	3677	486401362	real
1700	8124	11460592272901	private_dummy
1701	3695	174178318	real
1701	3711	174178318	real
1701	8125	11460592272901	private_dummy
1702	3723	328656777	real
1702	8126	11460592272901	private_dummy
1703	3749	541247193	real
1703	8127	11460592272901	private_dummy
1704	3762	754689936	real
1704	8128	11460592272901	private_dummy
1705	3762	624622757	real
1705	8129	11460592272901	private_dummy
1706	3676	428876476	real
1706	8130	11460592272901	private_dummy
1707	3692	174178318	real
1707	3708	174178318	real
1707	8131	11460592272901	private_dummy
1708	3720	428876476	real
1708	8132	11460592272901	private_dummy
1709	3742	602099362	real
1709	3744	659212116	real
1709	8133	11460592272901	private_dummy
1710	3745	473731594	real
1710	8134	11460592272901	private_dummy
1711	3803	662023407	real
1711	8135	11460592272901	private_dummy
1712	3803	428880968	real
1712	8136	11460592272901	private_dummy
1713	3679	844744762	real
1713	8137	11460592272901	private_dummy
1714	3700	451428472	real
1714	8138	11460592272901	private_dummy
1715	3728	428876476	real
1715	8139	11460592272901	private_dummy
1716	3744	659212116	real
1716	8140	11460592272901	private_dummy
1717	3752	830547118	real
1717	8141	11460592272901	private_dummy
1718	3805	662023407	real
1718	8142	11460592272901	private_dummy
1719	3805	428880968	real
1719	8143	11460592272901	private_dummy
1720	3678	602099362	real
1720	8144	11460592272901	private_dummy
1721	3698	245283838	real
1721	8145	11460592272901	private_dummy
1722	3726	271544022	real
1722	8146	11460592272901	private_dummy
1723	3742	602099362	real
1723	8147	11460592272901	private_dummy
1724	3751	685312257	real
1724	8148	11460592272901	private_dummy
1725	3807	754689936	real
1725	8149	11460592272901	private_dummy
1726	3807	521547497	real
1726	8150	11460592272901	private_dummy
1727	3775	671314201	real
1727	8151	11460592272901	private_dummy
1728	3775	728426955	real
1728	8152	11460592272901	private_dummy
1729	3793	680767834	real
1729	8153	11460592272901	private_dummy
1730	3795	737880589	real
1730	8154	11460592272901	private_dummy
1731	3796	448580664	real
1731	8155	11460592272901	private_dummy
1732	3798	321104502	real
1732	8156	11460592272901	private_dummy
1733	3776	117073316	real
1733	8157	11460592272901	private_dummy
1734	3776	255702351	real
1734	8158	11460592272901	private_dummy
1735	3799	274405770	real
1735	8159	11460592272901	private_dummy
1736	3801	289598270	real
1736	8160	11460592272901	private_dummy
1737	3802	371771474	real
1737	8161	11460592272901	private_dummy
1738	3806	293103002	real
1738	8162	11460592272901	private_dummy
1739	3808	293103002	real
1739	8163	11460592272901	private_dummy
1740	3804	725257849	real
1740	8164	11460592272901	private_dummy
1741	3806	371771474	real
1741	8165	11460592272901	private_dummy
1742	3808	293103002	real
1742	8166	11460592272901	private_dummy
1743	3773	622182589	real
1743	3774	507960342	real
1743	8167	11460592272901	private_dummy
1744	3773	622182589	real
1744	3774	507960342	real
1744	8168	11460592272901	private_dummy
1745	513	1073192518	real
1745	514	1073192518	real
1745	531	1073192518	real
1745	8169	11460592272901	private_dummy
1746	3208	807618777	real
1746	3210	1044147543	real
1746	8170	11460592272901	private_dummy
1747	3206	571090010	real
1747	8171	11460592272901	private_dummy
1748	3204	462578720	real
1748	8172	11460592272901	private_dummy
1749	3202	413766540	real
1749	8173	11460592272901	private_dummy
1750	3200	413766540	real
1750	8174	11460592272901	private_dummy
1751	3198	462578720	real
1751	8175	11460592272901	private_dummy
1752	3196	571090010	real
1752	8176	11460592272901	private_dummy
1753	128	1073192518	real
1753	129	1073192518	real
1753	8177	11460592272901	private_dummy
1754	1071	1073192518	real
1754	1072	1073192518	real
1754	1089	1073192518	real
1754	8178	11460592272901	private_dummy
1755	3669	886287249	real
1755	3671	1122816016	real
1755	8179	11460592272901	private_dummy
1756	3667	649758483	real
1756	8180	11460592272901	private_dummy
1757	3665	541247193	real
1757	8181	11460592272901	private_dummy
1758	3663	492435012	real
1758	8182	11460592272901	private_dummy
1759	3661	492435012	real
1759	8183	11460592272901	private_dummy
1760	3659	541247193	real
1760	8184	11460592272901	private_dummy
1761	3657	649758483	real
1761	8185	11460592272901	private_dummy
1762	725	1073192518	real
1762	726	1073192518	real
1762	8186	11460592272901	private_dummy
1763	135	1639569710	real
1763	136	1639569710	real
1763	516	1639569710	real
1763	8187	11460592272901	private_dummy
1764	732	1314620714	real
1764	733	1371733469	real
1764	1074	1314620714	real
1764	8188	11460592272901	private_dummy
1765	1241	1073192518	real
1765	1242	1073192518	real
1765	1338	1073192518	real
1765	8189	11460592272901	private_dummy
1766	3810	1314620714	real
1766	8190	11460592272901	private_dummy
1767	3683	671314201	real
1767	8191	11460592272901	private_dummy
1768	3685	448580664	real
1768	8192	11460592272901	private_dummy
1769	3688	356658277	real
1769	8193	11460592272901	private_dummy
1770	3691	328662964	real
1770	8194	11460592272901	private_dummy
1771	3694	356658277	real
1771	8195	11460592272901	private_dummy
1772	3697	448580664	real
1772	8196	11460592272901	private_dummy
1773	132	1639569710	real
1773	133	1639569710	real
1773	8197	11460592272901	private_dummy
1774	729	1371733469	real
1774	730	1371733469	real
1774	8198	11460592272901	private_dummy
1775	1281	1018025225	real
1775	1282	1018025225	real
1775	1284	960912471	real
1775	1285	960912471	real
1775	8199	11460592272901	private_dummy
1776	1287	991687140	real
1776	1288	991687140	real
1776	1290	934574386	real
1776	1291	934574386	real
1776	8200	11460592272901	private_dummy
1777	1293	1000399846	real
1777	1294	1000399846	real
1777	1296	943287091	real
1777	1297	943287091	real
1777	8201	11460592272901	private_dummy
1778	1299	1044992326	real
1778	1300	1044992326	real
1778	1302	987879571	real
1778	1303	987879571	real
1778	8202	11460592272901	private_dummy
1779	1305	1130305272	real
1779	1306	1130305272	real
1779	1308	1073192518	real
1779	1309	1073192518	real
1779	8203	11460592272901	private_dummy
1780	1311	1269745858	real
1780	1312	1269745858	real
1780	1314	1212633104	real
1780	1315	1212633104	real
1780	8204	11460592272901	private_dummy
1781	1317	1533123464	real
1781	1318	1533123464	real
1781	1320	1476010710	real
1781	1321	1476010710	real
1781	8205	11460592272901	private_dummy
1782	1238	1073192518	real
1782	1240	1073192518	real
1782	8206	11460592272901	private_dummy
1783	141	1639569710	real
1783	142	1639569710	real
1783	518	1639569710	real
1783	8207	11460592272901	private_dummy
1784	738	1314620714	real
1784	739	1371733469	real
1784	1076	1314620714	real
1784	8208	11460592272901	private_dummy
1785	1284	1024916284	real
1785	1286	1082029038	real
1785	8209	11460592272901	private_dummy
1786	1383	987879571	real
1786	1384	1044992326	real
1786	8210	11460592272901	private_dummy
1787	1246	1073192518	real
1787	1247	1073192518	real
1787	1392	1073192518	real
1787	8211	11460592272901	private_dummy
1788	3812	1314620714	real
1788	8212	11460592272901	private_dummy
1789	3814	829174495	real
1789	8213	11460592272901	private_dummy
1790	3703	448580664	real
1790	8214	11460592272901	private_dummy
1791	3705	242436030	real
1791	8215	11460592272901	private_dummy
1792	3816	171330510	real
1792	8216	11460592272901	private_dummy
1793	3710	171330510	real
1793	8217	11460592272901	private_dummy
1794	3713	242436030	real
1794	8218	11460592272901	private_dummy
1795	138	1639569710	real
1795	139	1639569710	real
1795	8219	11460592272901	private_dummy
1796	735	1371733469	real
1796	736	1371733469	real
1796	8220	11460592272901	private_dummy
1797	1281	1082029038	real
1797	1283	1082029038	real
1797	1325	1024916284	real
1797	8221	11460592272901	private_dummy
1798	1343	991687140	real
1798	1344	991687140	real
1798	1346	934574386	real
1798	1347	934574386	real
1798	8222	11460592272901	private_dummy
1799	1349	1000399846	real
1799	1350	1000399846	real
1799	1352	943287091	real
1799	1353	943287091	real
1799	8223	11460592272901	private_dummy
1800	1355	1044992326	real
1800	1356	1044992326	real
1800	1358	987879571	real
1800	8224	11460592272901	private_dummy
1801	1360	1130305272	real
1801	1361	1130305272	real
1801	1363	1073192518	real
1801	1364	1073192518	real
1801	8225	11460592272901	private_dummy
1802	1366	1269745858	real
1802	1367	1269745858	real
1802	1369	1212633104	real
1802	1370	1212633104	real
1802	8226	11460592272901	private_dummy
1803	1372	1533123464	real
1803	1373	1533123464	real
1803	1375	1476010710	real
1803	1376	1476010710	real
1803	8227	11460592272901	private_dummy
1804	1243	1073192518	real
1804	1245	1073192518	real
1804	8228	11460592272901	private_dummy
1805	147	1639569710	real
1805	148	1639569710	real
1805	520	1639569710	real
1805	8229	11460592272901	private_dummy
1806	744	1314620714	real
1806	745	1371733469	real
1806	1078	1314620714	real
1806	8230	11460592272901	private_dummy
1807	1290	1024916284	real
1807	1292	1082029038	real
1807	8231	11460592272901	private_dummy
1808	1346	960912471	real
1808	1348	1018025225	real
1808	8232	11460592272901	private_dummy
1809	1251	1073192518	real
1809	1252	1073192518	real
1809	1438	1073192518	real
1809	8233	11460592272901	private_dummy
1810	3818	1314620714	real
1810	8234	11460592272901	private_dummy
1811	3820	829174495	real
1811	8235	11460592272901	private_dummy
1812	3822	592645728	real
1812	8236	11460592272901	private_dummy
1813	3717	381065064	real
1813	8237	11460592272901	private_dummy
1814	3719	195737297	real
1814	8238	11460592272901	private_dummy
1815	3722	152627091	real
1815	8239	11460592272901	private_dummy
1816	3725	195737297	real
1816	8240	11460592272901	private_dummy
1817	144	1639569710	real
1817	145	1639569710	real
1817	8241	11460592272901	private_dummy
1818	741	1371733469	real
1818	742	1371733469	real
1818	8242	11460592272901	private_dummy
1819	1287	1082029038	real
1819	1289	1082029038	real
1819	1327	1024916284	real
1819	8243	11460592272901	private_dummy
1820	1343	1018025225	real
1820	1345	1018025225	real
1820	1380	960912471	real
1820	8244	11460592272901	private_dummy
1821	1397	1000399846	real
1821	1398	1000399846	real
1821	1400	943287091	real
1821	1401	943287091	real
1821	8245	11460592272901	private_dummy
1822	1403	1044992326	real
1822	1404	1044992326	real
1822	1406	987879571	real
1822	1407	987879571	real
1822	8246	11460592272901	private_dummy
1823	1409	1130305272	real
1823	1410	1130305272	real
1823	1412	1073192518	real
1823	1413	1073192518	real
1823	8247	11460592272901	private_dummy
1824	1415	1269745858	real
1824	1416	1269745858	real
1824	1418	1212633104	real
1824	1419	1212633104	real
1824	8248	11460592272901	private_dummy
1825	1421	1533123464	real
1825	1422	1533123464	real
1825	1424	1476010710	real
1825	1425	1476010710	real
1825	8249	11460592272901	private_dummy
1826	1248	1073192518	real
1826	1250	1073192518	real
1826	8250	11460592272901	private_dummy
1827	153	1639569710	real
1827	154	1639569710	real
1827	522	1639569710	real
1827	8251	11460592272901	private_dummy
1828	750	1314620714	real
1828	751	1371733469	real
1828	1080	1314620714	real
1828	8252	11460592272901	private_dummy
1829	1296	1024916284	real
1829	1298	1082029038	real
1829	8253	11460592272901	private_dummy
1830	1352	960912471	real
1830	1354	1018025225	real
1830	8254	11460592272901	private_dummy
1831	1400	934574386	real
1831	1402	991687140	real
1831	8255	11460592272901	private_dummy
1832	3824	1314620714	real
1832	8256	11460592272901	private_dummy
1833	3826	829174495	real
1833	8257	11460592272901	private_dummy
1834	3828	592645728	real
1834	8258	11460592272901	private_dummy
1835	3830	484134439	real
1835	8259	11460592272901	private_dummy
1836	3731	368262251	real
1836	8260	11460592272901	private_dummy
1837	3733	210929797	real
1837	8261	11460592272901	private_dummy
1838	3735	210929797	real
1838	8262	11460592272901	private_dummy
1839	150	1639569710	real
1839	151	1639569710	real
1839	8263	11460592272901	private_dummy
1840	747	1371733469	real
1840	748	1371733469	real
1840	8264	11460592272901	private_dummy
1841	1293	1082029038	real
1841	1295	1082029038	real
1841	1329	1024916284	real
1841	8265	11460592272901	private_dummy
1842	1349	1018025225	real
1842	1351	1018025225	real
1842	1382	960912471	real
1842	8266	11460592272901	private_dummy
1843	1397	991687140	real
1843	1399	991687140	real
1843	1429	934574386	real
1843	8267	11460592272901	private_dummy
1844	1443	1044992326	real
1844	1444	1044992326	real
1844	1446	987879571	real
1844	1447	987879571	real
1844	8268	11460592272901	private_dummy
1845	1449	1130305272	real
1845	1450	1130305272	real
1845	1452	1073192518	real
1845	1453	1073192518	real
1845	8269	11460592272901	private_dummy
1846	1455	1269745858	real
1846	1456	1269745858	real
1846	1458	1212633104	real
1846	1459	1212633104	real
1846	8270	11460592272901	private_dummy
1847	1461	1533123464	real
1847	1462	1533123464	real
1847	1464	1476010710	real
1847	1465	1476010710	real
1847	8271	11460592272901	private_dummy
1848	1253	1073192518	real
1848	1255	1073192518	real
1848	1467	1073192518	real
1848	8272	11460592272901	private_dummy
1849	159	1639569710	real
1849	160	1639569710	real
1849	524	1639569710	real
1849	8273	11460592272901	private_dummy
1850	756	1314620714	real
1850	757	1371733469	real
1850	1082	1314620714	real
1850	8274	11460592272901	private_dummy
1851	1302	1024916284	real
1851	1304	1082029038	real
1851	8275	11460592272901	private_dummy
1852	1406	934574386	real
1852	1408	991687140	real
1852	8276	11460592272901	private_dummy
1853	1446	943287091	real
1853	1448	1000399846	real
1853	8277	11460592272901	private_dummy
1854	3832	1314620714	real
1854	8278	11460592272901	private_dummy
1855	3834	829174495	real
1855	8279	11460592272901	private_dummy
1856	3707	592645728	real
1856	8280	11460592272901	private_dummy
1857	3836	484134439	real
1857	8281	11460592272901	private_dummy
1858	3838	435322258	real
1858	8282	11460592272901	private_dummy
1859	3739	407325249	real
1859	8283	11460592272901	private_dummy
1860	3741	293103002	real
1860	8284	11460592272901	private_dummy
1861	156	1639569710	real
1861	157	1639569710	real
1861	8285	11460592272901	private_dummy
1862	753	1371733469	real
1862	754	1371733469	real
1862	8286	11460592272901	private_dummy
1863	1299	1082029038	real
1863	1301	1082029038	real
1863	1331	1024916284	real
1863	8287	11460592272901	private_dummy
1864	1355	1018025225	real
1864	1357	1018025225	real
1864	1383	960912471	real
1864	1385	960912471	real
1864	8288	11460592272901	private_dummy
1865	1403	991687140	real
1865	1405	991687140	real
1865	1431	934574386	real
1865	8289	11460592272901	private_dummy
1866	1443	1000399846	real
1866	1445	1000399846	real
1866	1470	943287091	real
1866	8290	11460592272901	private_dummy
1867	1482	1130305272	real
1867	1483	1130305272	real
1867	1485	1073192518	real
1867	1486	1073192518	real
1867	8291	11460592272901	private_dummy
1868	1488	1269745858	real
1868	1489	1269745858	real
1868	1491	1212633104	real
1868	1492	1212633104	real
1868	8292	11460592272901	private_dummy
1869	1494	1533123464	real
1869	1495	1533123464	real
1869	1497	1476010710	real
1869	1498	1476010710	real
1869	8293	11460592272901	private_dummy
1870	1258	1073192518	real
1870	1260	1073192518	real
1870	1500	1073192518	real
1870	8294	11460592272901	private_dummy
1871	165	1639569710	real
1871	166	1639569710	real
1871	526	1639569710	real
1871	8295	11460592272901	private_dummy
1872	762	1314620714	real
1872	763	1371733469	real
1872	1084	1314620714	real
1872	8296	11460592272901	private_dummy
1873	1308	1024916284	real
1873	1310	1082029038	real
1873	8297	11460592272901	private_dummy
1874	1363	960912471	real
1874	1365	1018025225	real
1874	8298	11460592272901	private_dummy
1875	1412	934574386	real
1875	1414	991687140	real
1875	8299	11460592272901	private_dummy
1876	1452	943287091	real
1876	1454	1000399846	real
1876	8300	11460592272901	private_dummy
1877	1485	987879571	real
1877	1487	1044992326	real
1877	8301	11460592272901	private_dummy
1878	3840	1314620714	real
1878	8302	11460592272901	private_dummy
1879	3842	829174495	real
1879	8303	11460592272901	private_dummy
1880	3844	592645728	real
1880	8304	11460592272901	private_dummy
1881	3846	484134439	real
1881	8305	11460592272901	private_dummy
1882	3848	435322258	real
1882	8306	11460592272901	private_dummy
1883	3850	435322258	real
1883	8307	11460592272901	private_dummy
1884	3747	507960342	real
1884	8308	11460592272901	private_dummy
1885	162	1639569710	real
1885	163	1639569710	real
1885	8309	11460592272901	private_dummy
1886	759	1371733469	real
1886	760	1371733469	real
1886	8310	11460592272901	private_dummy
1887	1305	1082029038	real
1887	1307	1082029038	real
1887	1333	1024916284	real
1887	8311	11460592272901	private_dummy
1888	1360	1018025225	real
1888	1362	1018025225	real
1888	1387	960912471	real
1888	8312	11460592272901	private_dummy
1889	1409	991687140	real
1889	1411	991687140	real
1889	1433	934574386	real
1889	8313	11460592272901	private_dummy
1890	1449	1000399846	real
1890	1451	1000399846	real
1890	1472	943287091	real
1890	8314	11460592272901	private_dummy
1891	1482	1044992326	real
1891	1484	1044992326	real
1891	1503	987879571	real
1891	8315	11460592272901	private_dummy
1892	1513	1269745858	real
1892	1514	1269745858	real
1892	1516	1212633104	real
1892	1517	1212633104	real
1892	8316	11460592272901	private_dummy
1893	1519	1533123464	real
1893	1520	1533123464	real
1893	1522	1476010710	real
1893	1523	1476010710	real
1893	8317	11460592272901	private_dummy
1894	1263	1073192518	real
1894	1265	1073192518	real
1894	1525	1073192518	real
1894	8318	11460592272901	private_dummy
1895	171	1639569710	real
1895	172	1639569710	real
1895	528	1639569710	real
1895	8319	11460592272901	private_dummy
1896	768	1314620714	real
1896	769	1371733469	real
1896	1086	1314620714	real
1896	8320	11460592272901	private_dummy
1897	1314	1024916284	real
1897	1316	1082029038	real
1897	8321	11460592272901	private_dummy
1898	1369	960912471	real
1898	1371	1018025225	real
1898	8322	11460592272901	private_dummy
1899	1418	934574386	real
1899	1420	991687140	real
1899	8323	11460592272901	private_dummy
1900	1458	943287091	real
1900	1460	1000399846	real
1900	8324	11460592272901	private_dummy
1901	1491	987879571	real
1901	1493	1044992326	real
1901	8325	11460592272901	private_dummy
1902	1516	1073192518	real
1902	1518	1130305272	real
1902	8326	11460592272901	private_dummy
1903	3852	1314620714	real
1903	8327	11460592272901	private_dummy
1904	3854	829174495	real
1904	8328	11460592272901	private_dummy
1905	3856	592645728	real
1905	8329	11460592272901	private_dummy
1906	3858	484134439	real
1906	8330	11460592272901	private_dummy
1907	3860	435322258	real
1907	8331	11460592272901	private_dummy
1908	3862	435322258	real
1908	8332	11460592272901	private_dummy
1909	3864	484134439	real
1909	8333	11460592272901	private_dummy
1910	168	1639569710	real
1910	169	1639569710	real
1910	8334	11460592272901	private_dummy
1911	765	1371733469	real
1911	766	1371733469	real
1911	8335	11460592272901	private_dummy
1912	1311	1082029038	real
1912	1313	1082029038	real
1912	1335	1024916284	real
1912	8336	11460592272901	private_dummy
1913	1366	1018025225	real
1913	1368	1018025225	real
1913	1389	960912471	real
1913	8337	11460592272901	private_dummy
1914	1415	991687140	real
1914	1417	991687140	real
1914	1435	934574386	real
1914	8338	11460592272901	private_dummy
1915	1455	1000399846	real
1915	1457	1000399846	real
1915	1474	943287091	real
1915	8339	11460592272901	private_dummy
1916	1488	1044992326	real
1916	1490	1044992326	real
1916	1505	987879571	real
1916	8340	11460592272901	private_dummy
1917	1513	1130305272	real
1917	1515	1130305272	real
1917	1528	1073192518	real
1917	8341	11460592272901	private_dummy
1918	1536	1533123464	real
1918	1537	1533123464	real
1918	1539	1476010710	real
1918	1540	1476010710	real
1918	8342	11460592272901	private_dummy
1919	1268	1073192518	real
1919	1270	1073192518	real
1919	1542	1073192518	real
1919	8343	11460592272901	private_dummy
1920	177	1639569710	real
1920	178	1639569710	real
1920	530	1639569710	real
1920	8344	11460592272901	private_dummy
1921	774	1314620714	real
1921	775	1371733469	real
1921	1088	1314620714	real
1921	8345	11460592272901	private_dummy
1922	1320	1024916284	real
1922	1322	1082029038	real
1922	8346	11460592272901	private_dummy
1923	1375	960912471	real
1923	1377	1018025225	real
1923	8347	11460592272901	private_dummy
1924	1424	934574386	real
1924	1426	991687140	real
1924	8348	11460592272901	private_dummy
1925	1464	943287091	real
1925	1466	1000399846	real
1925	8349	11460592272901	private_dummy
1926	1497	987879571	real
1926	1499	1044992326	real
1926	8350	11460592272901	private_dummy
1927	1522	1073192518	real
1927	1524	1130305272	real
1927	8351	11460592272901	private_dummy
1928	1539	1212633104	real
1928	1541	1269745858	real
1928	8352	11460592272901	private_dummy
1929	3866	1314620714	real
1929	8353	11460592272901	private_dummy
1930	3868	829174495	real
1930	8354	11460592272901	private_dummy
1931	3870	592645728	real
1931	8355	11460592272901	private_dummy
1932	3872	484134439	real
1932	8356	11460592272901	private_dummy
1933	3874	435322258	real
1933	8357	11460592272901	private_dummy
1934	3876	435322258	real
1934	8358	11460592272901	private_dummy
1935	3878	484134439	real
1935	8359	11460592272901	private_dummy
1936	174	1639569710	real
1936	175	1639569710	real
1936	8360	11460592272901	private_dummy
1937	771	1371733469	real
1937	772	1371733469	real
1937	8361	11460592272901	private_dummy
1938	1317	1082029038	real
1938	1319	1082029038	real
1938	1337	1024916284	real
1938	8362	11460592272901	private_dummy
1939	1372	1018025225	real
1939	1374	1018025225	real
1939	1391	960912471	real
1939	8363	11460592272901	private_dummy
1940	1421	991687140	real
1940	1423	991687140	real
1940	1437	934574386	real
1940	8364	11460592272901	private_dummy
1941	1461	1000399846	real
1941	1463	1000399846	real
1941	1476	943287091	real
1941	8365	11460592272901	private_dummy
1942	1494	1044992326	real
1942	1496	1044992326	real
1942	1507	987879571	real
1942	8366	11460592272901	private_dummy
1943	1519	1130305272	real
1943	1521	1130305272	real
1943	1530	1073192518	real
1943	8367	11460592272901	private_dummy
1944	1536	1269745858	real
1944	1538	1269745858	real
1944	1545	1212633104	real
1944	8368	11460592272901	private_dummy
1945	1273	1073192518	real
1945	1275	1073192518	real
1945	1551	1073192518	real
1945	8369	11460592272901	private_dummy
1946	1467	943287091	real
1946	1468	1000399846	real
1946	1478	943287091	real
1946	8370	11460592272901	private_dummy
1947	1500	987879571	real
1947	1501	1044992326	real
1947	1509	987879571	real
1947	8371	11460592272901	private_dummy
1948	1525	1073192518	real
1948	1526	1130305272	real
1948	1532	1073192518	real
1948	8372	11460592272901	private_dummy
1949	1542	1212633104	real
1949	1543	1269745858	real
1949	1547	1212633104	real
1949	8373	11460592272901	private_dummy
1950	1551	1476010710	real
1950	1552	1533123464	real
1950	8374	11460592272901	private_dummy
1951	129	1639569710	real
1951	130	1639569710	real
1951	514	1639569710	real
1951	8375	11460592272901	private_dummy
1952	726	1314620714	real
1952	727	1314620714	real
1952	1072	1314620714	real
1952	8376	11460592272901	private_dummy
1953	1238	1024916284	real
1953	1239	1024916284	real
1953	1241	1024916284	real
1953	8377	11460592272901	private_dummy
1954	1243	960912471	real
1954	1244	960912471	real
1954	1246	960912471	real
1954	8378	11460592272901	private_dummy
1955	1248	934574386	real
1955	1249	934574386	real
1955	1251	934574386	real
1955	8379	11460592272901	private_dummy
1956	1253	943287091	real
1956	1254	943287091	real
1956	1256	943287091	real
1956	8380	11460592272901	private_dummy
1957	1258	987879571	real
1957	1259	987879571	real
1957	1261	987879571	real
1957	8381	11460592272901	private_dummy
1958	1263	1073192518	real
1958	1264	1073192518	real
1958	1266	1073192518	real
1958	8382	11460592272901	private_dummy
1959	1268	1212633104	real
1959	1269	1212633104	real
1959	1271	1212633104	real
1959	8383	11460592272901	private_dummy
1960	1273	1476010710	real
1960	1274	1476010710	real
1960	1276	1476010710	real
1960	8384	11460592272901	private_dummy
1961	3788	1212633104	real
1961	8385	11460592272901	private_dummy
1962	3788	1212633104	real
1962	8386	11460592272901	private_dummy
1963	3789	535532974	real
1963	8387	11460592272901	private_dummy
1964	3789	592645728	real
1964	8388	11460592272901	private_dummy
1965	3790	323952310	real
1965	8389	11460592272901	private_dummy
1966	3790	381065064	real
1966	8390	11460592272901	private_dummy
1967	3791	350212495	real
1967	8391	11460592272901	private_dummy
1968	3791	407325249	real
1968	8392	11460592272901	private_dummy
1969	3792	680767834	real
1969	8393	11460592272901	private_dummy
1970	3792	737880589	real
1970	8394	11460592272901	private_dummy
1971	1680	1212633104	real
1971	8395	11460592272901	private_dummy
1972	1672	1073192518	real
1972	8396	11460592272901	private_dummy
1973	1660	987879571	real
1973	8397	11460592272901	private_dummy
1974	1644	943287091	real
1974	8398	11460592272901	private_dummy
1975	1623	934574386	real
1975	8399	11460592272901	private_dummy
1976	1599	960912471	real
1976	8400	11460592272901	private_dummy
1977	1569	1024916284	real
1977	8401	11460592272901	private_dummy
1978	1685	1476010710	real
1978	8402	11460592272901	private_dummy
1979	1670	1073192518	real
1979	8403	11460592272901	private_dummy
1980	1658	987879571	real
1980	8404	11460592272901	private_dummy
1981	1642	943287091	real
1981	8405	11460592272901	private_dummy
1982	1621	934574386	real
1982	8406	11460592272901	private_dummy
1983	1597	960912471	real
1983	8407	11460592272901	private_dummy
1984	1567	1024916284	real
1984	8408	11460592272901	private_dummy
1985	1656	987879571	real
1985	8409	11460592272901	private_dummy
1986	1640	943287091	real
1986	8410	11460592272901	private_dummy
1987	1619	934574386	real
1987	8411	11460592272901	private_dummy
1988	1595	960912471	real
1988	8412	11460592272901	private_dummy
1989	1565	1024916284	real
1989	8413	11460592272901	private_dummy
1990	1638	943287091	real
1990	8414	11460592272901	private_dummy
1991	1617	934574386	real
1991	8415	11460592272901	private_dummy
1992	1605	987879571	real
1992	8416	11460592272901	private_dummy
1993	1563	1024916284	real
1993	8417	11460592272901	private_dummy
1994	1615	934574386	real
1994	8418	11460592272901	private_dummy
1995	1590	960912471	real
1995	8419	11460592272901	private_dummy
1996	1561	1024916284	real
1996	8420	11460592272901	private_dummy
1997	1588	960912471	real
1997	8421	11460592272901	private_dummy
1998	1559	1024916284	real
1998	8422	11460592272901	private_dummy
1999	1252	1134625683	real
1999	8423	11460592272901	private_dummy
2000	1557	1024916284	real
2000	8424	11460592272901	private_dummy
2001	1247	1134625683	real
2001	8425	11460592272901	private_dummy
2002	1242	1134625683	real
2002	8426	11460592272901	private_dummy
2003	1071	1134625683	real
2003	8427	11460592272901	private_dummy
2004	513	1134625683	real
2004	8428	11460592272901	private_dummy
2005	3927	646256547	real
2005	8429	11460592272901	private_dummy
2006	3925	646256547	real
2006	8430	11460592272901	private_dummy
2007	3930	1040108784	real
2007	8431	11460592272901	private_dummy
2008	3930	1040108784	real
2008	8432	11460592272901	private_dummy
2009	3924	449324806	real
2009	8433	11460592272901	private_dummy
2010	3922	679876228	real
2010	3923	679876228	real
2010	8434	11460592272901	private_dummy
2011	3912	217297508	real
2011	3913	388628017	real
2011	8435	11460592272901	private_dummy
2012	3915	700851062	real
2012	3916	700851062	real
2012	8436	11460592272901	private_dummy
2013	3937	428227305	real
2013	8437	11460592272901	private_dummy
2014	3913	388628017	real
2014	8438	11460592272901	private_dummy
2015	3926	714849118	real
2015	8439	11460592272901	private_dummy
2016	3939	428227305	real
2016	8440	11460592272901	private_dummy
2017	3912	471995666	real
2017	8441	11460592272901	private_dummy
2018	3919	403820517	real
2018	3920	403820517	real
2018	8442	11460592272901	private_dummy
2019	3941	934574386	real
2019	8443	11460592272901	private_dummy
2020	3916	356658277	real
2020	8444	11460592272901	private_dummy
2021	3920	232485516	real
2021	8445	11460592272901	private_dummy
2022	3943	553590018	real
2022	8446	11460592272901	private_dummy
2023	3915	485993722	real
2023	8447	11460592272901	private_dummy
2024	3919	356658277	real
2024	8448	11460592272901	private_dummy
2025	3945	553590018	real
2025	8449	11460592272901	private_dummy
2026	3932	921841024	real
2026	8450	11460592272901	private_dummy
2027	3932	921841024	real
2027	8451	11460592272901	private_dummy
2028	3930	1046013786	real
2028	3931	606657260	real
2028	3936	449324806	real
2028	8452	11460592272901	private_dummy
2029	3940	378219287	real
2029	8453	11460592272901	private_dummy
2030	3942	378219287	real
2030	8454	11460592272901	private_dummy
2031	3930	1059889174	real
2031	3931	872181572	real
2031	3938	714849118	real
2031	8455	11460592272901	private_dummy
2032	3940	575151027	real
2032	8456	11460592272901	private_dummy
2033	3942	378219287	real
2033	8457	11460592272901	private_dummy
2034	3929	559958527	real
2034	8458	11460592272901	private_dummy
2035	3929	559958527	real
2035	8459	11460592272901	private_dummy
2036	3928	559958527	real
2036	8460	11460592272901	private_dummy
2037	3944	513990731	real
2037	8461	11460592272901	private_dummy
2038	3946	482484498	real
2038	8462	11460592272901	private_dummy
2039	3928	814656685	real
2039	8463	11460592272901	private_dummy
2040	3944	606657260	real
2040	8464	11460592272901	private_dummy
2041	3946	585559758	real
2041	8465	11460592272901	private_dummy
2042	3889	737880589	real
2042	8466	11460592272901	private_dummy
2043	3914	592645728	real
2043	8467	11460592272901	private_dummy
2044	3914	706867976	real
2044	8468	11460592272901	private_dummy
2045	3880	602099362	real
2045	3881	659212116	real
2045	8469	11460592272901	private_dummy
2046	3882	428876476	real
2046	3883	428876476	real
2046	8470	11460592272901	private_dummy
2047	3884	451428472	real
2047	3885	451428472	real
2047	8471	11460592272901	private_dummy
2048	3886	844744762	real
2048	3887	844744762	real
2048	8472	11460592272901	private_dummy
2049	3888	886287249	real
2049	8473	11460592272901	private_dummy
2050	3953	798790363	real
2050	8474	11460592272901	private_dummy
2051	3953	706867976	real
2051	8475	11460592272901	private_dummy
2052	3881	659212116	real
2052	8476	11460592272901	private_dummy
2053	3897	174178318	real
2053	3898	174178318	real
2053	8477	11460592272901	private_dummy
2054	3899	510400509	real
2054	8478	11460592272901	private_dummy
2055	3917	435322258	real
2055	8479	11460592272901	private_dummy
2056	3917	392212052	real
2056	8480	11460592272901	private_dummy
2057	3880	844744762	real
2057	8481	11460592272901	private_dummy
2058	3890	271544022	real
2058	3891	328656777	real
2058	8482	11460592272901	private_dummy
2059	3892	174178318	real
2059	3893	174178318	real
2059	8483	11460592272901	private_dummy
2060	3894	486401362	real
2060	3895	486401362	real
2060	8484	11460592272901	private_dummy
2061	3896	586628814	real
2061	8485	11460592272901	private_dummy
2062	3956	435322258	real
2062	8486	11460592272901	private_dummy
2063	3956	392212052	real
2063	8487	11460592272901	private_dummy
2064	3883	428876476	real
2064	8488	11460592272901	private_dummy
2065	3891	328656777	real
2065	8489	11460592272901	private_dummy
2066	3905	510400509	real
2066	8490	11460592272901	private_dummy
2067	3918	484134439	real
2067	8491	11460592272901	private_dummy
2068	3918	392212052	real
2068	8492	11460592272901	private_dummy
2069	3882	486401362	real
2069	8493	11460592272901	private_dummy
2070	3890	486401362	real
2070	8494	11460592272901	private_dummy
2071	3900	245283838	real
2071	3901	302396592	real
2071	8495	11460592272901	private_dummy
2072	3902	417808791	real
2072	3903	417808791	real
2072	8496	11460592272901	private_dummy
2073	3904	486530011	real
2073	8497	11460592272901	private_dummy
2074	3959	277989805	real
2074	8498	11460592272901	private_dummy
2075	3959	495287312	real
2075	8499	11460592272901	private_dummy
2076	3885	451428472	real
2076	8500	11460592272901	private_dummy
2077	3893	174178318	real
2077	3898	174178318	real
2077	8501	11460592272901	private_dummy
2078	3901	302396592	real
2078	8502	11460592272901	private_dummy
2079	3909	737880589	real
2079	8503	11460592272901	private_dummy
2080	3921	592645728	real
2080	8504	11460592272901	private_dummy
2081	3921	809943236	real
2081	8505	11460592272901	private_dummy
2082	3884	417808791	real
2082	8506	11460592272901	private_dummy
2083	3892	189370818	real
2083	3897	189370818	real
2083	8507	11460592272901	private_dummy
2084	3900	417808791	real
2084	8508	11460592272901	private_dummy
2085	3906	535532974	real
2085	3907	535532974	real
2085	8509	11460592272901	private_dummy
2086	3908	586628814	real
2086	8510	11460592272901	private_dummy
2087	3962	671314201	real
2087	8511	11460592272901	private_dummy
2088	3962	671314201	real
2088	8512	11460592272901	private_dummy
2089	3887	844744762	real
2089	8513	11460592272901	private_dummy
2090	3895	486401362	real
2090	8514	11460592272901	private_dummy
2091	3903	417808791	real
2091	8515	11460592272901	private_dummy
2092	3907	535532974	real
2092	8516	11460592272901	private_dummy
2093	3911	998844456	real
2093	8517	11460592272901	private_dummy
2094	3964	671314201	real
2094	8518	11460592272901	private_dummy
2095	3964	614201447	real
2095	8519	11460592272901	private_dummy
2096	3886	693393268	real
2096	8520	11460592272901	private_dummy
2097	3894	348353212	real
2097	8521	11460592272901	private_dummy
2098	3902	299541031	real
2098	8522	11460592272901	private_dummy
2099	3906	456864501	real
2099	8523	11460592272901	private_dummy
2100	3910	1055957210	real
2100	8524	11460592272901	private_dummy
2101	3966	592645728	real
2101	8525	11460592272901	private_dummy
2102	3966	614201447	real
2102	8526	11460592272901	private_dummy
2103	3934	370656334	real
2103	8527	11460592272901	private_dummy
2104	3934	473731594	real
2104	8528	11460592272901	private_dummy
2105	3952	829174495	real
2105	8529	11460592272901	private_dummy
2106	3954	592645728	real
2106	8530	11460592272901	private_dummy
2107	3955	484134439	real
2107	8531	11460592272901	private_dummy
2108	3957	435322258	real
2108	8532	11460592272901	private_dummy
2109	3935	370656334	real
2109	8533	11460592272901	private_dummy
2110	3935	473731594	real
2110	8534	11460592272901	private_dummy
2111	3958	435322258	real
2111	8535	11460592272901	private_dummy
2112	3960	484134439	real
2112	8536	11460592272901	private_dummy
2113	3961	592645728	real
2113	8537	11460592272901	private_dummy
2114	3965	456864501	real
2114	8538	11460592272901	private_dummy
2115	3967	513977256	real
2115	8539	11460592272901	private_dummy
2116	3963	886287249	real
2116	8540	11460592272901	private_dummy
2117	3965	513977256	real
2117	8541	11460592272901	private_dummy
2118	3967	571090010	real
2118	8542	11460592272901	private_dummy
2119	3932	1000509497	real
2119	3933	964955722	real
2119	8543	11460592272901	private_dummy
2120	3932	978953778	real
2120	3933	886287249	real
2120	8544	11460592272901	private_dummy
2121	1276	1134625683	real
2121	1277	1134625683	real
2121	8545	11460592272901	private_dummy
2122	1679	1269745858	real
2122	1681	1212633104	real
2122	8546	11460592272901	private_dummy
2123	1671	1130305272	real
2123	1675	1073192518	real
2123	8547	11460592272901	private_dummy
2124	1659	1044992326	real
2124	1665	987879571	real
2124	8548	11460592272901	private_dummy
2125	1643	1000399846	real
2125	1651	943287091	real
2125	8549	11460592272901	private_dummy
2126	1622	991687140	real
2126	1633	934574386	real
2126	8550	11460592272901	private_dummy
2127	1598	1018025225	real
2127	1610	960912471	real
2127	8551	11460592272901	private_dummy
2128	1568	1082029038	real
2128	1583	1024916284	real
2128	8552	11460592272901	private_dummy
2129	791	1371733469	real
2129	792	1314620714	real
2129	1105	1314620714	real
2129	8553	11460592272901	private_dummy
2130	194	1639569710	real
2130	195	1639569710	real
2130	547	1639569710	real
2130	8554	11460592272901	private_dummy
2131	1274	1134625683	real
2131	1275	1134625683	real
2131	8555	11460592272901	private_dummy
2132	3969	901857516	real
2132	8556	11460592272901	private_dummy
2133	3971	737880589	real
2133	8557	11460592272901	private_dummy
2134	3973	646589376	real
2134	8558	11460592272901	private_dummy
2135	3975	604256990	real
2135	8559	11460592272901	private_dummy
2136	3977	604256990	real
2136	8560	11460592272901	private_dummy
2137	3979	646589376	real
2137	8561	11460592272901	private_dummy
2138	3981	659212116	real
2138	8562	11460592272901	private_dummy
2139	1681	1476010710	real
2139	1682	1476010710	real
2139	8563	11460592272901	private_dummy
2140	1271	1134625683	real
2140	1272	1134625683	real
2140	8564	11460592272901	private_dummy
2141	1679	1533123464	real
2141	8565	11460592272901	private_dummy
2142	1669	1130305272	real
2142	1673	1073192518	real
2142	8566	11460592272901	private_dummy
2143	1657	1044992326	real
2143	1663	987879571	real
2143	8567	11460592272901	private_dummy
2144	1641	1000399846	real
2144	1649	943287091	real
2144	8568	11460592272901	private_dummy
2145	1620	991687140	real
2145	1631	934574386	real
2145	8569	11460592272901	private_dummy
2146	1596	1018025225	real
2146	1608	960912471	real
2146	8570	11460592272901	private_dummy
2147	1566	1082029038	real
2147	1581	1024916284	real
2147	8571	11460592272901	private_dummy
2148	789	1371733469	real
2148	790	1314620714	real
2148	1103	1314620714	real
2148	8572	11460592272901	private_dummy
2149	192	1639569710	real
2149	193	1639569710	real
2149	545	1639569710	real
2149	8573	11460592272901	private_dummy
2150	1269	1134625683	real
2150	1270	1134625683	real
2150	8574	11460592272901	private_dummy
2151	3984	1037638743	real
2151	8575	11460592272901	private_dummy
2152	3986	737880589	real
2152	8576	11460592272901	private_dummy
2153	3988	586628814	real
2153	8577	11460592272901	private_dummy
2154	3990	510400509	real
2154	8578	11460592272901	private_dummy
2155	3992	486530011	real
2155	8579	11460592272901	private_dummy
2156	3994	510400509	real
2156	8580	11460592272901	private_dummy
2157	3996	507960342	real
2157	8581	11460592272901	private_dummy
2158	1675	1476010710	real
2158	1676	1476010710	real
2158	8582	11460592272901	private_dummy
2159	1673	1212633104	real
2159	1674	1212633104	real
2159	8583	11460592272901	private_dummy
2160	1266	1134625683	real
2160	1267	1134625683	real
2160	8584	11460592272901	private_dummy
2161	1671	1533123464	real
2161	8585	11460592272901	private_dummy
2162	1669	1269745858	real
2162	8586	11460592272901	private_dummy
2163	1655	1044992326	real
2163	1661	987879571	real
2163	8587	11460592272901	private_dummy
2164	1639	1000399846	real
2164	1647	943287091	real
2164	8588	11460592272901	private_dummy
2165	1618	991687140	real
2165	1629	934574386	real
2165	8589	11460592272901	private_dummy
2166	1594	1018025225	real
2166	1606	960912471	real
2166	8590	11460592272901	private_dummy
2167	1564	1082029038	real
2167	1579	1024916284	real
2167	8591	11460592272901	private_dummy
2168	787	1371733469	real
2168	788	1314620714	real
2168	1101	1314620714	real
2168	8592	11460592272901	private_dummy
2169	190	1639569710	real
2169	191	1639569710	real
2169	543	1639569710	real
2169	8593	11460592272901	private_dummy
2170	1264	1134625683	real
2170	1265	1134625683	real
2170	8594	11460592272901	private_dummy
2171	3999	1212633104	real
2171	8595	11460592272901	private_dummy
2172	4001	933622378	real
2172	8596	11460592272901	private_dummy
2173	4003	646589376	real
2173	8597	11460592272901	private_dummy
2174	4005	510400509	real
2174	8598	11460592272901	private_dummy
2175	4007	452634092	real
2175	8599	11460592272901	private_dummy
2176	4009	452634092	real
2176	8600	11460592272901	private_dummy
2177	4011	431732036	real
2177	8601	11460592272901	private_dummy
2178	1665	1476010710	real
2178	1666	1476010710	real
2178	8602	11460592272901	private_dummy
2179	1663	1212633104	real
2179	1664	1212633104	real
2179	8603	11460592272901	private_dummy
2180	1661	1073192518	real
2180	1662	1073192518	real
2180	8604	11460592272901	private_dummy
2181	1592	960912471	real
2181	1593	960912471	real
2181	8605	11460592272901	private_dummy
2182	1261	1134625683	real
2182	1262	1134625683	real
2182	8606	11460592272901	private_dummy
2183	1659	1533123464	real
2183	8607	11460592272901	private_dummy
2184	1657	1269745858	real
2184	8608	11460592272901	private_dummy
2185	1655	1130305272	real
2185	8609	11460592272901	private_dummy
2186	1637	1000399846	real
2186	1645	943287091	real
2186	8610	11460592272901	private_dummy
2187	1616	991687140	real
2187	1627	934574386	real
2187	8611	11460592272901	private_dummy
2188	1591	1018025225	real
2188	8612	11460592272901	private_dummy
2189	1562	1082029038	real
2189	1577	1024916284	real
2189	8613	11460592272901	private_dummy
2190	785	1371733469	real
2190	786	1314620714	real
2190	1099	1314620714	real
2190	8614	11460592272901	private_dummy
2191	188	1639569710	real
2191	189	1639569710	real
2191	541	1639569710	real
2191	8615	11460592272901	private_dummy
2192	1259	1134625683	real
2192	1260	1134625683	real
2192	8616	11460592272901	private_dummy
2193	4014	1212633104	real
2193	8617	11460592272901	private_dummy
2194	4016	1073192518	real
2194	8618	11460592272901	private_dummy
2195	4018	876227084	real
2195	8619	11460592272901	private_dummy
2196	4020	604256990	real
2196	8620	11460592272901	private_dummy
2197	4022	486530011	real
2197	8621	11460592272901	private_dummy
2198	4024	452634092	real
2198	8622	11460592272901	private_dummy
2199	4026	407861538	real
2199	8623	11460592272901	private_dummy
2200	1651	1476010710	real
2200	1652	1476010710	real
2200	8624	11460592272901	private_dummy
2201	1649	1212633104	real
2201	1650	1212633104	real
2201	8625	11460592272901	private_dummy
2202	1647	1073192518	real
2202	1648	1073192518	real
2202	8626	11460592272901	private_dummy
2203	1645	987879571	real
2203	1646	987879571	real
2203	8627	11460592272901	private_dummy
2204	1256	1134625683	real
2204	1257	1134625683	real
2204	8628	11460592272901	private_dummy
2205	1643	1533123464	real
2205	8629	11460592272901	private_dummy
2206	1641	1269745858	real
2206	8630	11460592272901	private_dummy
2207	1639	1130305272	real
2207	8631	11460592272901	private_dummy
2208	1637	1044992326	real
2208	8632	11460592272901	private_dummy
2209	1614	991687140	real
2209	1625	934574386	real
2209	8633	11460592272901	private_dummy
2210	1589	1018025225	real
2210	1603	960912471	real
2210	8634	11460592272901	private_dummy
2211	1560	1082029038	real
2211	1575	1024916284	real
2211	8635	11460592272901	private_dummy
2212	783	1371733469	real
2212	784	1314620714	real
2212	1097	1314620714	real
2212	8636	11460592272901	private_dummy
2213	186	1639569710	real
2213	187	1639569710	real
2213	539	1639569710	real
2213	8637	11460592272901	private_dummy
2214	1254	1134625683	real
2214	1255	1134625683	real
2214	8638	11460592272901	private_dummy
2215	4029	1212633104	real
2215	8639	11460592272901	private_dummy
2216	4031	1073192518	real
2216	8640	11460592272901	private_dummy
2217	4033	987879571	real
2217	8641	11460592272901	private_dummy
2218	4035	857765196	real
2218	8642	11460592272901	private_dummy
2219	4037	604256990	real
2219	8643	11460592272901	private_dummy
2220	4039	510400509	real
2220	8644	11460592272901	private_dummy
2221	4041	431732036	real
2221	8645	11460592272901	private_dummy
2222	1633	1476010710	real
2222	1634	1476010710	real
2222	8646	11460592272901	private_dummy
2223	1631	1212633104	real
2223	1632	1212633104	real
2223	8647	11460592272901	private_dummy
2224	1629	1073192518	real
2224	1630	1073192518	real
2224	8648	11460592272901	private_dummy
2225	1627	987879571	real
2225	1628	987879571	real
2225	8649	11460592272901	private_dummy
2226	1625	943287091	real
2226	1626	943287091	real
2226	8650	11460592272901	private_dummy
2227	1622	1533123464	real
2227	8651	11460592272901	private_dummy
2228	1620	1269745858	real
2228	8652	11460592272901	private_dummy
2229	1618	1130305272	real
2229	8653	11460592272901	private_dummy
2230	1616	1044992326	real
2230	8654	11460592272901	private_dummy
2231	1614	1000399846	real
2231	8655	11460592272901	private_dummy
2232	1587	1018025225	real
2232	1601	960912471	real
2232	8656	11460592272901	private_dummy
2233	1558	1082029038	real
2233	1573	1024916284	real
2233	8657	11460592272901	private_dummy
2234	781	1371733469	real
2234	782	1314620714	real
2234	1095	1314620714	real
2234	8658	11460592272901	private_dummy
2235	184	1639569710	real
2235	185	1639569710	real
2235	537	1639569710	real
2235	8659	11460592272901	private_dummy
2236	1249	1134625683	real
2236	1250	1134625683	real
2236	1624	1134625683	real
2236	8660	11460592272901	private_dummy
2237	4044	1212633104	real
2237	8661	11460592272901	private_dummy
2238	4046	1073192518	real
2238	8662	11460592272901	private_dummy
2239	4048	987879571	real
2239	8663	11460592272901	private_dummy
2240	4050	943287091	real
2240	8664	11460592272901	private_dummy
2241	4052	876227084	real
2241	8665	11460592272901	private_dummy
2242	4054	646589376	real
2242	8666	11460592272901	private_dummy
2243	4056	507960342	real
2243	8667	11460592272901	private_dummy
2244	1610	1476010710	real
2244	1611	1476010710	real
2244	8668	11460592272901	private_dummy
2245	1608	1212633104	real
2245	1609	1212633104	real
2245	8669	11460592272901	private_dummy
2246	1606	1073192518	real
2246	1607	1073192518	real
2246	8670	11460592272901	private_dummy
2247	1603	943287091	real
2247	1604	943287091	real
2247	8671	11460592272901	private_dummy
2248	1601	934574386	real
2248	1602	934574386	real
2248	8672	11460592272901	private_dummy
2249	1598	1533123464	real
2249	8673	11460592272901	private_dummy
2250	1596	1269745858	real
2250	8674	11460592272901	private_dummy
2251	1594	1130305272	real
2251	8675	11460592272901	private_dummy
2252	1591	1044992326	real
2252	1592	987879571	real
2252	8676	11460592272901	private_dummy
2253	1589	1000399846	real
2253	8677	11460592272901	private_dummy
2254	1587	991687140	real
2254	8678	11460592272901	private_dummy
2255	1556	1082029038	real
2255	1571	1024916284	real
2255	8679	11460592272901	private_dummy
2256	779	1371733469	real
2256	780	1314620714	real
2256	1093	1314620714	real
2256	8680	11460592272901	private_dummy
2257	182	1639569710	real
2257	183	1639569710	real
2257	535	1639569710	real
2257	8681	11460592272901	private_dummy
2258	1244	1134625683	real
2258	1245	1134625683	real
2258	1600	1134625683	real
2258	8682	11460592272901	private_dummy
2259	4059	1212633104	real
2259	8683	11460592272901	private_dummy
2260	4061	1073192518	real
2260	8684	11460592272901	private_dummy
2261	4063	987879571	real
2261	8685	11460592272901	private_dummy
2262	4065	943287091	real
2262	8686	11460592272901	private_dummy
2263	4067	934574386	real
2263	8687	11460592272901	private_dummy
2264	4069	933622378	real
2264	8688	11460592272901	private_dummy
2265	4071	659212116	real
2265	8689	11460592272901	private_dummy
2266	1583	1476010710	real
2266	1584	1476010710	real
2266	8690	11460592272901	private_dummy
2267	1581	1212633104	real
2267	1582	1212633104	real
2267	8691	11460592272901	private_dummy
2268	1579	1073192518	real
2268	1580	1073192518	real
2268	8692	11460592272901	private_dummy
2269	1577	987879571	real
2269	1578	987879571	real
2269	8693	11460592272901	private_dummy
2270	1575	943287091	real
2270	1576	943287091	real
2270	8694	11460592272901	private_dummy
2271	1573	934574386	real
2271	1574	934574386	real
2271	8695	11460592272901	private_dummy
2272	1571	960912471	real
2272	1572	960912471	real
2272	8696	11460592272901	private_dummy
2273	1568	1533123464	real
2273	8697	11460592272901	private_dummy
2274	1566	1269745858	real
2274	8698	11460592272901	private_dummy
2275	1564	1130305272	real
2275	8699	11460592272901	private_dummy
2276	1562	1044992326	real
2276	8700	11460592272901	private_dummy
2277	1560	1000399846	real
2277	8701	11460592272901	private_dummy
2278	1558	991687140	real
2278	8702	11460592272901	private_dummy
2279	1556	1018025225	real
2279	8703	11460592272901	private_dummy
2280	777	1371733469	real
2280	778	1314620714	real
2280	1091	1314620714	real
2280	8704	11460592272901	private_dummy
2281	180	1639569710	real
2281	181	1639569710	real
2281	533	1639569710	real
2281	8705	11460592272901	private_dummy
2282	1239	1134625683	real
2282	1240	1134625683	real
2282	1570	1134625683	real
2282	8706	11460592272901	private_dummy
2283	4074	1212633104	real
2283	8707	11460592272901	private_dummy
2284	4076	1073192518	real
2284	8708	11460592272901	private_dummy
2285	4078	987879571	real
2285	8709	11460592272901	private_dummy
2286	4080	943287091	real
2286	8710	11460592272901	private_dummy
2287	4082	934574386	real
2287	8711	11460592272901	private_dummy
2288	4084	960912471	real
2288	8712	11460592272901	private_dummy
2289	4086	1073192518	real
2289	8713	11460592272901	private_dummy
2290	725	1134625683	real
2290	727	1134625683	real
2290	793	1134625683	real
2290	8714	11460592272901	private_dummy
2291	3247	1212633104	real
2291	3249	1442553350	real
2291	8715	11460592272901	private_dummy
2292	3245	1073192518	real
2292	8716	11460592272901	private_dummy
2293	3243	987879571	real
2293	8717	11460592272901	private_dummy
2294	3241	943287091	real
2294	8718	11460592272901	private_dummy
2295	3239	934574386	real
2295	8719	11460592272901	private_dummy
2296	3237	960912471	real
2296	8720	11460592272901	private_dummy
2297	3235	1024916284	real
2297	8721	11460592272901	private_dummy
2298	128	1134625683	real
2298	130	1134625683	real
2298	196	1134625683	real
2298	8722	11460592272901	private_dummy
2299	2786	1212633104	real
2299	2788	1442553350	real
2299	8723	11460592272901	private_dummy
2300	2784	1073192518	real
2300	8724	11460592272901	private_dummy
2301	2782	987879571	real
2301	8725	11460592272901	private_dummy
2302	2780	943287091	real
2302	8726	11460592272901	private_dummy
2303	2778	934574386	real
2303	8727	11460592272901	private_dummy
2304	2776	960912471	real
2304	8728	11460592272901	private_dummy
2305	2774	1024916284	real
2305	8729	11460592272901	private_dummy
2306	1624	934574386	real
2306	8730	11460592272901	private_dummy
2307	1600	960912471	real
2307	8731	11460592272901	private_dummy
2308	1570	1024916284	real
2308	8732	11460592272901	private_dummy
2309	793	1314620714	real
2309	794	1314620714	real
2309	8733	11460592272901	private_dummy
2310	196	1639569710	real
2310	197	1639569710	real
2310	8734	11460592272901	private_dummy
2311	3947	685312257	real
2311	8735	11460592272901	private_dummy
2312	3947	685312257	real
2312	8736	11460592272901	private_dummy
2313	3948	370656334	real
2313	8737	11460592272901	private_dummy
2314	3948	370656334	real
2314	8738	11460592272901	private_dummy
2315	3949	370656334	real
2315	8739	11460592272901	private_dummy
2316	3949	370656334	real
2316	8740	11460592272901	private_dummy
2317	3950	685312257	real
2317	8741	11460592272901	private_dummy
2318	3950	685312257	real
2318	8742	11460592272901	private_dummy
2319	3951	1055957210	real
2319	8743	11460592272901	private_dummy
2320	3951	998844456	real
2320	8744	11460592272901	private_dummy
2321	243	1639569710	real
2321	8745	11460592272901	private_dummy
2322	840	1371733469	real
2322	8746	11460592272901	private_dummy
2323	1323	1191738437	real
2323	8747	11460592272901	private_dummy
2324	1759	991687140	real
2324	8748	11460592272901	private_dummy
2325	1761	1000399846	real
2325	8749	11460592272901	private_dummy
2326	1739	1018025225	real
2326	8750	11460592272901	private_dummy
2327	1767	1130305272	real
2327	8751	11460592272901	private_dummy
2328	1769	1269745858	real
2328	8752	11460592272901	private_dummy
2329	1771	1533123464	real
2329	8753	11460592272901	private_dummy
2330	1758	1018025225	real
2330	1774	960912471	real
2330	8754	11460592272901	private_dummy
2331	1808	1000399846	real
2331	8755	11460592272901	private_dummy
2332	1810	1044992326	real
2332	1812	987879571	real
2332	8756	11460592272901	private_dummy
2333	1813	1130305272	real
2333	8757	11460592272901	private_dummy
2334	1815	1269745858	real
2334	8758	11460592272901	private_dummy
2335	1817	1533123464	real
2335	8759	11460592272901	private_dummy
2336	1807	991687140	real
2336	1820	934574386	real
2336	8760	11460592272901	private_dummy
2337	1849	1044992326	real
2337	1850	987879571	real
2337	8761	11460592272901	private_dummy
2338	1852	1130305272	real
2338	8762	11460592272901	private_dummy
2339	1854	1269745858	real
2339	8763	11460592272901	private_dummy
2340	1856	1533123464	real
2340	8764	11460592272901	private_dummy
2341	1700	987879571	real
2341	1858	987879571	real
2341	8765	11460592272901	private_dummy
2342	1882	1130305272	real
2342	8766	11460592272901	private_dummy
2343	1884	1269745858	real
2343	8767	11460592272901	private_dummy
2344	1886	1533123464	real
2344	8768	11460592272901	private_dummy
2345	1705	987879571	real
2345	1888	987879571	real
2345	8769	11460592272901	private_dummy
2346	1907	1269745858	real
2346	8770	11460592272901	private_dummy
2347	1909	1533123464	real
2347	8771	11460592272901	private_dummy
2348	1710	987879571	real
2348	1911	987879571	real
2348	8772	11460592272901	private_dummy
2349	1924	1533123464	real
2349	8773	11460592272901	private_dummy
2350	1715	987879571	real
2350	1926	987879571	real
2350	8774	11460592272901	private_dummy
2351	1720	987879571	real
2351	1933	987879571	real
2351	8775	11460592272901	private_dummy
2352	4171	842644711	real
2352	8776	11460592272901	private_dummy
2353	4169	428227305	real
2353	8777	11460592272901	private_dummy
2354	4174	657324232	real
2354	8778	11460592272901	private_dummy
2355	4174	664222044	real
2355	8779	11460592272901	private_dummy
2356	4168	232485516	real
2356	8780	11460592272901	private_dummy
2357	4166	407325249	real
2357	4167	407325249	real
2357	8781	11460592272901	private_dummy
2358	4156	195741789	real
2358	4157	334370824	real
2358	8782	11460592272901	private_dummy
2359	4159	450439947	real
2359	4160	371771474	real
2359	8783	11460592272901	private_dummy
2360	4181	428227305	real
2360	8784	11460592272901	private_dummy
2361	4157	174182810	real
2361	8785	11460592272901	private_dummy
2362	4170	631064047	real
2362	8786	11460592272901	private_dummy
2363	4183	152627091	real
2363	8787	11460592272901	private_dummy
2364	4156	263991748	real
2364	8788	11460592272901	private_dummy
2365	4163	249998983	real
2365	4164	421329493	real
2365	8789	11460592272901	private_dummy
2366	4185	519694099	real
2366	8790	11460592272901	private_dummy
2367	4160	529516060	real
2367	8791	11460592272901	private_dummy
2368	4164	421329493	real
2368	8792	11460592272901	private_dummy
2369	4187	492435012	real
2369	8793	11460592272901	private_dummy
2370	4159	263991748	real
2370	8794	11460592272901	private_dummy
2371	4163	485993722	real
2371	8795	11460592272901	private_dummy
2372	4189	934574386	real
2372	8796	11460592272901	private_dummy
2373	4176	624622757	real
2373	8797	11460592272901	private_dummy
2374	4176	545954284	real
2374	8798	11460592272901	private_dummy
2375	4174	545954284	real
2375	4175	292446078	real
2375	4180	232485516	real
2375	8799	11460592272901	private_dummy
2376	4184	323952310	real
2376	8800	11460592272901	private_dummy
2377	4186	95514337	real
2377	8801	11460592272901	private_dummy
2378	4174	603067038	real
2378	4175	603067038	real
2378	4182	407325249	real
2378	8802	11460592272901	private_dummy
2379	4184	576806853	real
2379	8803	11460592272901	private_dummy
2380	4186	209739846	real
2380	8804	11460592272901	private_dummy
2381	4173	231291072	real
2381	8805	11460592272901	private_dummy
2382	4173	505701334	real
2382	8806	11460592272901	private_dummy
2383	4172	345513320	real
2383	8807	11460592272901	private_dummy
2384	4188	388628017	real
2384	8808	11460592272901	private_dummy
2385	4190	309959545	real
2385	8809	11460592272901	private_dummy
2386	4172	573951293	real
2386	8810	11460592272901	private_dummy
2387	4188	585559758	real
2387	8811	11460592272901	private_dummy
2388	4190	309959545	real
2388	8812	11460592272901	private_dummy
2389	4097	680767834	real
2389	8813	11460592272901	private_dummy
2390	4158	781164983	real
2390	8814	11460592272901	private_dummy
2391	4158	472403306	real
2391	8815	11460592272901	private_dummy
2392	4088	456864501	real
2392	4089	513977256	real
2392	8816	11460592272901	private_dummy
2393	4090	417808791	real
2393	4091	417808791	real
2393	8817	11460592272901	private_dummy
2394	4092	486401362	real
2394	4093	486401362	real
2394	8818	11460592272901	private_dummy
2395	4094	844744762	real
2395	4095	844744762	real
2395	8819	11460592272901	private_dummy
2396	4096	773434363	real
2396	8820	11460592272901	private_dummy
2397	4197	919213134	real
2397	8821	11460592272901	private_dummy
2398	4197	472403306	real
2398	8822	11460592272901	private_dummy
2399	4089	592645728	real
2399	8823	11460592272901	private_dummy
2400	4111	189370818	real
2400	4114	189370818	real
2400	8824	11460592272901	private_dummy
2401	4118	757959324	real
2401	8825	11460592272901	private_dummy
2402	4161	553590018	real
2402	8826	11460592272901	private_dummy
2403	4161	263991748	real
2403	8827	11460592272901	private_dummy
2404	4088	998844456	real
2404	8828	11460592272901	private_dummy
2405	4098	220877050	real
2405	4099	277989805	real
2405	8829	11460592272901	private_dummy
2406	4100	220877050	real
2406	4101	220877050	real
2406	8830	11460592272901	private_dummy
2407	4102	535532974	real
2407	4103	535532974	real
2407	8831	11460592272901	private_dummy
2408	4104	680767834	real
2408	8832	11460592272901	private_dummy
2409	4200	585096250	real
2409	8833	11460592272901	private_dummy
2410	4200	263991748	real
2410	8834	11460592272901	private_dummy
2411	4091	417808791	real
2411	8835	11460592272901	private_dummy
2412	4099	163767557	real
2412	8836	11460592272901	private_dummy
2413	4140	460928780	real
2413	8837	11460592272901	private_dummy
2414	4162	622182589	real
2414	8838	11460592272901	private_dummy
2415	4162	138629035	real
2415	8839	11460592272901	private_dummy
2416	4090	451428472	real
2416	8840	11460592272901	private_dummy
2417	4098	312799437	real
2417	8841	11460592272901	private_dummy
2418	4123	271544022	real
2418	4126	328656777	real
2418	8842	11460592272901	private_dummy
2419	4129	428876476	real
2419	4131	428876476	real
2419	8843	11460592272901	private_dummy
2420	4132	543101984	real
2420	8844	11460592272901	private_dummy
2421	4203	407325249	real
2421	8845	11460592272901	private_dummy
2422	4203	277258070	real
2422	8846	11460592272901	private_dummy
2423	4093	486401362	real
2423	8847	11460592272901	private_dummy
2424	4101	35549283	real
2424	4114	35549283	real
2424	8848	11460592272901	private_dummy
2425	4126	328656777	real
2425	8849	11460592272901	private_dummy
2426	4152	492435012	real
2426	8850	11460592272901	private_dummy
2427	4165	696923519	real
2427	8851	11460592272901	private_dummy
2428	4165	566856339	real
2428	8852	11460592272901	private_dummy
2429	4092	428876476	real
2429	8853	11460592272901	private_dummy
2430	4100	35549283	real
2430	4111	35549283	real
2430	8854	11460592272901	private_dummy
2431	4123	428876476	real
2431	8855	11460592272901	private_dummy
2432	4145	602099362	real
2432	4147	659212116	real
2432	8856	11460592272901	private_dummy
2433	4148	445736280	real
2433	8857	11460592272901	private_dummy
2434	4206	604256990	real
2434	8858	11460592272901	private_dummy
2435	4206	371114550	real
2435	8859	11460592272901	private_dummy
2436	4095	844744762	real
2436	8860	11460592272901	private_dummy
2437	4103	312799437	real
2437	8861	11460592272901	private_dummy
2438	4131	428876476	real
2438	8862	11460592272901	private_dummy
2439	4147	659212116	real
2439	8863	11460592272901	private_dummy
2440	4155	757959324	real
2440	8864	11460592272901	private_dummy
2441	4208	604256990	real
2441	8865	11460592272901	private_dummy
2442	4208	371114550	real
2442	8866	11460592272901	private_dummy
2443	4094	602099362	real
2443	8867	11460592272901	private_dummy
2444	4102	106654803	real
2444	8868	11460592272901	private_dummy
2445	4129	271544022	real
2445	8869	11460592272901	private_dummy
2446	4145	602099362	real
2446	8870	11460592272901	private_dummy
2447	4154	619911174	real
2447	8871	11460592272901	private_dummy
2448	4210	696923519	real
2448	8872	11460592272901	private_dummy
2449	4210	463781079	real
2449	8873	11460592272901	private_dummy
2450	4178	671314201	real
2450	8874	11460592272901	private_dummy
2451	4178	763980730	real
2451	8875	11460592272901	private_dummy
2452	4196	529516060	real
2452	8876	11460592272901	private_dummy
2453	4198	450847587	real
2453	8877	11460592272901	private_dummy
2454	4199	586628814	real
2454	8878	11460592272901	private_dummy
2455	4201	381065064	real
2455	8879	11460592272901	private_dummy
2456	4179	117073316	real
2456	8880	11460592272901	private_dummy
2457	4179	255702351	real
2457	8881	11460592272901	private_dummy
2458	4202	274405770	real
2458	8882	11460592272901	private_dummy
2459	4204	255702351	real
2459	8883	11460592272901	private_dummy
2460	4205	314005057	real
2460	8884	11460592272901	private_dummy
2461	4209	235336584	real
2461	8885	11460592272901	private_dummy
2462	4211	235336584	real
2462	8886	11460592272901	private_dummy
2463	4207	649029544	real
2463	8887	11460592272901	private_dummy
2464	4209	314005057	real
2464	8888	11460592272901	private_dummy
2465	4211	235336584	real
2465	8889	11460592272901	private_dummy
2466	4176	545954284	real
2466	4177	431732036	real
2466	8890	11460592272901	private_dummy
2467	4176	545954284	real
2467	4177	431732036	real
2467	8891	11460592272901	private_dummy
2468	548	987879571	real
2468	549	987879571	real
2468	564	987879571	real
2468	8892	11460592272901	private_dummy
2469	3193	1055957210	real
2469	3195	1144079316	real
2469	8893	11460592272901	private_dummy
2470	3191	685312257	real
2470	8894	11460592272901	private_dummy
2471	3189	462578720	real
2471	8895	11460592272901	private_dummy
2472	3187	370656334	real
2472	8896	11460592272901	private_dummy
2473	3185	342661020	real
2473	8897	11460592272901	private_dummy
2474	3183	370656334	real
2474	8898	11460592272901	private_dummy
2475	3181	462578720	real
2475	8899	11460592272901	private_dummy
2476	198	987879571	real
2476	199	987879571	real
2476	8900	11460592272901	private_dummy
2477	1106	987879571	real
2477	1107	987879571	real
2477	1122	987879571	real
2477	8901	11460592272901	private_dummy
2478	3654	1055957210	real
2478	3656	1144079316	real
2478	8902	11460592272901	private_dummy
2479	3652	571090010	real
2479	8903	11460592272901	private_dummy
2480	3650	348356473	real
2480	8904	11460592272901	private_dummy
2481	3648	256434086	real
2481	8905	11460592272901	private_dummy
2482	3646	228438773	real
2482	8906	11460592272901	private_dummy
2483	3644	256434086	real
2483	8907	11460592272901	private_dummy
2484	3642	348356473	real
2484	8908	11460592272901	private_dummy
2485	795	987879571	real
2485	796	987879571	real
2485	8909	11460592272901	private_dummy
2486	1554	987879571	real
2486	1555	987879571	real
2486	1570	987879571	real
2486	8910	11460592272901	private_dummy
2487	4085	1314620714	real
2487	4087	1459855575	real
2487	8911	11460592272901	private_dummy
2488	4083	763980730	real
2488	8912	11460592272901	private_dummy
2489	4081	541247193	real
2489	8913	11460592272901	private_dummy
2490	4079	449324806	real
2490	8914	11460592272901	private_dummy
2491	4077	421329493	real
2491	8915	11460592272901	private_dummy
2492	4075	449324806	real
2492	8916	11460592272901	private_dummy
2493	4073	541247193	real
2493	8917	11460592272901	private_dummy
2494	1278	987879571	real
2494	1279	987879571	real
2494	8918	11460592272901	private_dummy
2495	205	1639569710	real
2495	206	1639569710	real
2495	551	1639569710	real
2495	8919	11460592272901	private_dummy
2496	802	1314620714	real
2496	803	1371733469	real
2496	1109	1314620714	real
2496	8920	11460592272901	private_dummy
2497	1285	1134625683	real
2497	1286	1191738437	real
2497	1557	1134625683	real
2497	8921	11460592272901	private_dummy
2498	1763	987879571	real
2498	1764	1044992326	real
2498	1766	987879571	real
2498	8922	11460592272901	private_dummy
2499	1689	987879571	real
2499	1690	987879571	real
2499	1773	987879571	real
2499	8923	11460592272901	private_dummy
2500	4213	1314620714	real
2500	8924	11460592272901	private_dummy
2501	4215	1134625683	real
2501	8925	11460592272901	private_dummy
2502	4106	587209699	real
2502	8926	11460592272901	private_dummy
2503	4108	381065064	real
2503	8927	11460592272901	private_dummy
2504	4217	309959545	real
2504	8928	11460592272901	private_dummy
2505	4113	309959545	real
2505	8929	11460592272901	private_dummy
2506	4116	381065064	real
2506	8930	11460592272901	private_dummy
2507	202	1639569710	real
2507	203	1639569710	real
2507	8931	11460592272901	private_dummy
2508	799	1371733469	real
2508	800	1371733469	real
2508	8932	11460592272901	private_dummy
2509	1282	1191738437	real
2509	1283	1191738437	real
2509	8933	11460592272901	private_dummy
2510	1724	991687140	real
2510	1725	991687140	real
2510	1727	934574386	real
2510	1728	934574386	real
2510	8934	11460592272901	private_dummy
2511	1730	1000399846	real
2511	1731	1000399846	real
2511	1733	943287091	real
2511	1734	943287091	real
2511	8935	11460592272901	private_dummy
2512	1736	1044992326	real
2512	1737	1044992326	real
2512	8936	11460592272901	private_dummy
2513	1740	1130305272	real
2513	1741	1130305272	real
2513	1743	1073192518	real
2513	1744	1073192518	real
2513	8937	11460592272901	private_dummy
2514	1746	1269745858	real
2514	1747	1269745858	real
2514	1749	1212633104	real
2514	1750	1212633104	real
2514	8938	11460592272901	private_dummy
2515	1752	1533123464	real
2515	1753	1533123464	real
2515	1755	1476010710	real
2515	1756	1476010710	real
2515	8939	11460592272901	private_dummy
2516	1686	987879571	real
2516	1688	987879571	real
2516	8940	11460592272901	private_dummy
2517	211	1639569710	real
2517	212	1639569710	real
2517	553	1639569710	real
2517	8941	11460592272901	private_dummy
2518	808	1314620714	real
2518	809	1371733469	real
2518	1111	1314620714	real
2518	8942	11460592272901	private_dummy
2519	1291	1134625683	real
2519	1292	1191738437	real
2519	1559	1134625683	real
2519	8943	11460592272901	private_dummy
2520	1727	960912471	real
2520	1729	1018025225	real
2520	8944	11460592272901	private_dummy
2521	1694	987879571	real
2521	1695	987879571	real
2521	1819	987879571	real
2521	8945	11460592272901	private_dummy
2522	4219	1314620714	real
2522	8946	11460592272901	private_dummy
2523	4221	1134625683	real
2523	8947	11460592272901	private_dummy
2524	4223	731274763	real
2524	8948	11460592272901	private_dummy
2525	4120	381065064	real
2525	8949	11460592272901	private_dummy
2526	4122	195737297	real
2526	8950	11460592272901	private_dummy
2527	4125	152627091	real
2527	8951	11460592272901	private_dummy
2528	4128	195737297	real
2528	8952	11460592272901	private_dummy
2529	208	1639569710	real
2529	209	1639569710	real
2529	8953	11460592272901	private_dummy
2530	805	1371733469	real
2530	806	1371733469	real
2530	8954	11460592272901	private_dummy
2531	1288	1191738437	real
2531	1289	1191738437	real
2531	8955	11460592272901	private_dummy
2532	1724	1018025225	real
2532	1726	1018025225	real
2532	1760	960912471	real
2532	8956	11460592272901	private_dummy
2533	1778	1000399846	real
2533	1779	1000399846	real
2533	1781	943287091	real
2533	1782	943287091	real
2533	8957	11460592272901	private_dummy
2534	1784	1044992326	real
2534	1785	1044992326	real
2534	1787	987879571	real
2534	8958	11460592272901	private_dummy
2535	1789	1130305272	real
2535	1790	1130305272	real
2535	1792	1073192518	real
2535	1793	1073192518	real
2535	8959	11460592272901	private_dummy
2536	1795	1269745858	real
2536	1796	1269745858	real
2536	1798	1212633104	real
2536	1799	1212633104	real
2536	8960	11460592272901	private_dummy
2537	1801	1533123464	real
2537	1802	1533123464	real
2537	1804	1476010710	real
2537	1805	1476010710	real
2537	8961	11460592272901	private_dummy
2538	1691	987879571	real
2538	1693	987879571	real
2538	8962	11460592272901	private_dummy
2539	217	1639569710	real
2539	218	1639569710	real
2539	555	1639569710	real
2539	8963	11460592272901	private_dummy
2540	814	1314620714	real
2540	815	1371733469	real
2540	1113	1314620714	real
2540	8964	11460592272901	private_dummy
2541	1297	1134625683	real
2541	1298	1191738437	real
2541	1561	1134625683	real
2541	8965	11460592272901	private_dummy
2542	1733	960912471	real
2542	1735	1018025225	real
2542	8966	11460592272901	private_dummy
2543	1781	934574386	real
2543	1783	991687140	real
2543	8967	11460592272901	private_dummy
2544	4225	1314620714	real
2544	8968	11460592272901	private_dummy
2545	4227	1134625683	real
2545	8969	11460592272901	private_dummy
2546	4229	731274763	real
2546	8970	11460592272901	private_dummy
2547	4231	508541226	real
2547	8971	11460592272901	private_dummy
2548	4134	334366332	real
2548	8972	11460592272901	private_dummy
2549	4136	177033878	real
2549	8973	11460592272901	private_dummy
2550	4138	177033878	real
2550	8974	11460592272901	private_dummy
2551	214	1639569710	real
2551	215	1639569710	real
2551	8975	11460592272901	private_dummy
2552	811	1371733469	real
2552	812	1371733469	real
2552	8976	11460592272901	private_dummy
2553	1294	1191738437	real
2553	1295	1191738437	real
2553	8977	11460592272901	private_dummy
2554	1730	1018025225	real
2554	1732	1018025225	real
2554	1762	960912471	real
2554	8978	11460592272901	private_dummy
2555	1778	991687140	real
2555	1780	991687140	real
2555	1809	934574386	real
2555	8979	11460592272901	private_dummy
2556	1824	1044992326	real
2556	1825	1044992326	real
2556	1827	987879571	real
2556	8980	11460592272901	private_dummy
2557	1829	1130305272	real
2557	1830	1130305272	real
2557	1832	1073192518	real
2557	1833	1073192518	real
2557	8981	11460592272901	private_dummy
2558	1835	1269745858	real
2558	1836	1269745858	real
2558	1838	1212633104	real
2558	1839	1212633104	real
2558	8982	11460592272901	private_dummy
2559	1841	1533123464	real
2559	1842	1533123464	real
2559	1844	1476010710	real
2559	1845	1476010710	real
2559	8983	11460592272901	private_dummy
2560	1696	987879571	real
2560	1698	987879571	real
2560	1847	987879571	real
2560	8984	11460592272901	private_dummy
2561	223	1639569710	real
2561	224	1639569710	real
2561	557	1639569710	real
2561	8985	11460592272901	private_dummy
2562	820	1314620714	real
2562	821	1371733469	real
2562	1115	1314620714	real
2562	8986	11460592272901	private_dummy
2563	1303	1134625683	real
2563	1304	1191738437	real
2563	1563	1134625683	real
2563	8987	11460592272901	private_dummy
2564	1787	934574386	real
2564	1788	991687140	real
2564	8988	11460592272901	private_dummy
2565	1827	943287091	real
2565	1828	1000399846	real
2565	1851	943287091	real
2565	8989	11460592272901	private_dummy
2566	4233	1314620714	real
2566	8990	11460592272901	private_dummy
2567	4235	1134625683	real
2567	8991	11460592272901	private_dummy
2568	4110	731274763	real
2568	8992	11460592272901	private_dummy
2569	4237	508541226	real
2569	8993	11460592272901	private_dummy
2570	4239	416618839	real
2570	8994	11460592272901	private_dummy
2571	4142	349558832	real
2571	8995	11460592272901	private_dummy
2572	4144	235336584	real
2572	8996	11460592272901	private_dummy
2573	220	1639569710	real
2573	221	1639569710	real
2573	8997	11460592272901	private_dummy
2574	817	1371733469	real
2574	818	1371733469	real
2574	8998	11460592272901	private_dummy
2575	1300	1191738437	real
2575	1301	1191738437	real
2575	8999	11460592272901	private_dummy
2576	1736	1018025225	real
2576	1738	1018025225	real
2576	1763	960912471	real
2576	1765	960912471	real
2576	9000	11460592272901	private_dummy
2577	1784	991687140	real
2577	1786	991687140	real
2577	1811	934574386	real
2577	9001	11460592272901	private_dummy
2578	1824	1000399846	real
2578	1826	1000399846	real
2578	9002	11460592272901	private_dummy
2579	1862	1130305272	real
2579	1863	1130305272	real
2579	1865	1073192518	real
2579	1866	1073192518	real
2579	9003	11460592272901	private_dummy
2580	1868	1269745858	real
2580	1869	1269745858	real
2580	1871	1212633104	real
2580	1872	1212633104	real
2580	9004	11460592272901	private_dummy
2581	1874	1533123464	real
2581	1875	1533123464	real
2581	1877	1476010710	real
2581	1878	1476010710	real
2581	9005	11460592272901	private_dummy
2582	1701	987879571	real
2582	1703	987879571	real
2582	1880	987879571	real
2582	9006	11460592272901	private_dummy
2583	229	1639569710	real
2583	230	1639569710	real
2583	559	1639569710	real
2583	9007	11460592272901	private_dummy
2584	826	1314620714	real
2584	827	1371733469	real
2584	1117	1314620714	real
2584	9008	11460592272901	private_dummy
2585	1309	1134625683	real
2585	1310	1191738437	real
2585	1565	1134625683	real
2585	9009	11460592272901	private_dummy
2586	1743	960912471	real
2586	1745	1018025225	real
2586	9010	11460592272901	private_dummy
2587	1792	934574386	real
2587	1794	991687140	real
2587	9011	11460592272901	private_dummy
2588	1832	943287091	real
2588	1834	1000399846	real
2588	1853	943287091	real
2588	9012	11460592272901	private_dummy
2589	1865	987879571	real
2589	1867	1044992326	real
2589	9013	11460592272901	private_dummy
2590	4241	1314620714	real
2590	9014	11460592272901	private_dummy
2591	4243	1134625683	real
2591	9015	11460592272901	private_dummy
2592	4245	731274763	real
2592	9016	11460592272901	private_dummy
2593	4247	508541226	real
2593	9017	11460592272901	private_dummy
2594	4249	416618839	real
2594	9018	11460592272901	private_dummy
2595	4251	388623526	real
2595	9019	11460592272901	private_dummy
2596	4150	431732036	real
2596	9020	11460592272901	private_dummy
2597	226	1639569710	real
2597	227	1639569710	real
2597	9021	11460592272901	private_dummy
2598	823	1371733469	real
2598	824	1371733469	real
2598	9022	11460592272901	private_dummy
2599	1306	1191738437	real
2599	1307	1191738437	real
2599	9023	11460592272901	private_dummy
2600	1740	1018025225	real
2600	1742	1018025225	real
2600	1768	960912471	real
2600	9024	11460592272901	private_dummy
2601	1789	991687140	real
2601	1791	991687140	real
2601	1814	934574386	real
2601	9025	11460592272901	private_dummy
2602	1829	1000399846	real
2602	1831	1000399846	real
2602	9026	11460592272901	private_dummy
2603	1862	1044992326	real
2603	1864	1044992326	real
2603	1883	987879571	real
2603	9027	11460592272901	private_dummy
2604	1893	1269745858	real
2604	1894	1269745858	real
2604	1896	1212633104	real
2604	1897	1212633104	real
2604	9028	11460592272901	private_dummy
2605	1899	1533123464	real
2605	1900	1533123464	real
2605	1902	1476010710	real
2605	1903	1476010710	real
2605	9029	11460592272901	private_dummy
2606	1706	987879571	real
2606	1708	987879571	real
2606	1905	987879571	real
2606	9030	11460592272901	private_dummy
2607	235	1639569710	real
2607	236	1639569710	real
2607	561	1639569710	real
2607	9031	11460592272901	private_dummy
2608	832	1314620714	real
2608	833	1371733469	real
2608	1119	1314620714	real
2608	9032	11460592272901	private_dummy
2609	1315	1134625683	real
2609	1316	1191738437	real
2609	1567	1134625683	real
2609	9033	11460592272901	private_dummy
2610	1749	960912471	real
2610	1751	1018025225	real
2610	9034	11460592272901	private_dummy
2611	1798	934574386	real
2611	1800	991687140	real
2611	9035	11460592272901	private_dummy
2612	1838	943287091	real
2612	1840	1000399846	real
2612	1855	943287091	real
2612	9036	11460592272901	private_dummy
2613	1871	987879571	real
2613	1873	1044992326	real
2613	9037	11460592272901	private_dummy
2614	1896	1073192518	real
2614	1898	1130305272	real
2614	9038	11460592272901	private_dummy
2615	4253	1314620714	real
2615	9039	11460592272901	private_dummy
2616	4255	1134625683	real
2616	9040	11460592272901	private_dummy
2617	4257	731274763	real
2617	9041	11460592272901	private_dummy
2618	4259	508541226	real
2618	9042	11460592272901	private_dummy
2619	4261	416618839	real
2619	9043	11460592272901	private_dummy
2620	4263	388623526	real
2620	9044	11460592272901	private_dummy
2621	4265	416618839	real
2621	9045	11460592272901	private_dummy
2622	232	1639569710	real
2622	233	1639569710	real
2622	9046	11460592272901	private_dummy
2623	829	1371733469	real
2623	830	1371733469	real
2623	9047	11460592272901	private_dummy
2624	1312	1191738437	real
2624	1313	1191738437	real
2624	9048	11460592272901	private_dummy
2625	1746	1018025225	real
2625	1748	1018025225	real
2625	1770	960912471	real
2625	9049	11460592272901	private_dummy
2626	1795	991687140	real
2626	1797	991687140	real
2626	1816	934574386	real
2626	9050	11460592272901	private_dummy
2627	1835	1000399846	real
2627	1837	1000399846	real
2627	9051	11460592272901	private_dummy
2628	1868	1044992326	real
2628	1870	1044992326	real
2628	1885	987879571	real
2628	9052	11460592272901	private_dummy
2629	1893	1130305272	real
2629	1895	1130305272	real
2629	1908	1073192518	real
2629	9053	11460592272901	private_dummy
2630	1916	1533123464	real
2630	1917	1533123464	real
2630	1919	1476010710	real
2630	1920	1476010710	real
2630	9054	11460592272901	private_dummy
2631	1711	987879571	real
2631	1713	987879571	real
2631	1922	987879571	real
2631	9055	11460592272901	private_dummy
2632	241	1639569710	real
2632	242	1639569710	real
2632	563	1639569710	real
2632	9056	11460592272901	private_dummy
2633	838	1314620714	real
2633	839	1371733469	real
2633	1121	1314620714	real
2633	9057	11460592272901	private_dummy
2634	1321	1134625683	real
2634	1322	1191738437	real
2634	1569	1134625683	real
2634	9058	11460592272901	private_dummy
2635	1755	960912471	real
2635	1757	1018025225	real
2635	9059	11460592272901	private_dummy
2636	1804	934574386	real
2636	1806	991687140	real
2636	9060	11460592272901	private_dummy
2637	1844	943287091	real
2637	1846	1000399846	real
2637	1857	943287091	real
2637	9061	11460592272901	private_dummy
2638	1877	987879571	real
2638	1879	1044992326	real
2638	9062	11460592272901	private_dummy
2639	1902	1073192518	real
2639	1904	1130305272	real
2639	9063	11460592272901	private_dummy
2640	1919	1212633104	real
2640	1921	1269745858	real
2640	9064	11460592272901	private_dummy
2641	4267	1314620714	real
2641	9065	11460592272901	private_dummy
2642	4269	1134625683	real
2642	9066	11460592272901	private_dummy
2643	4271	731274763	real
2643	9067	11460592272901	private_dummy
2644	4273	508541226	real
2644	9068	11460592272901	private_dummy
2645	4275	416618839	real
2645	9069	11460592272901	private_dummy
2646	4277	388623526	real
2646	9070	11460592272901	private_dummy
2647	4279	416618839	real
2647	9071	11460592272901	private_dummy
2648	238	1639569710	real
2648	239	1639569710	real
2648	9072	11460592272901	private_dummy
2649	835	1371733469	real
2649	836	1371733469	real
2649	9073	11460592272901	private_dummy
2650	1318	1191738437	real
2650	1319	1191738437	real
2650	9074	11460592272901	private_dummy
2651	1752	1018025225	real
2651	1754	1018025225	real
2651	1772	960912471	real
2651	9075	11460592272901	private_dummy
2652	1801	991687140	real
2652	1803	991687140	real
2652	1818	934574386	real
2652	9076	11460592272901	private_dummy
2653	1841	1000399846	real
2653	1843	1000399846	real
2653	9077	11460592272901	private_dummy
2654	1874	1044992326	real
2654	1876	1044992326	real
2654	1887	987879571	real
2654	9078	11460592272901	private_dummy
2655	1899	1130305272	real
2655	1901	1130305272	real
2655	1910	1073192518	real
2655	9079	11460592272901	private_dummy
2656	1916	1269745858	real
2656	1918	1269745858	real
2656	1925	1212633104	real
2656	9080	11460592272901	private_dummy
2657	1716	987879571	real
2657	1718	987879571	real
2657	1931	987879571	real
2657	9081	11460592272901	private_dummy
2658	1847	943287091	real
2658	1848	1000399846	real
2658	9082	11460592272901	private_dummy
2659	1880	987879571	real
2659	1881	1044992326	real
2659	1889	987879571	real
2659	9083	11460592272901	private_dummy
2660	1905	1073192518	real
2660	1906	1130305272	real
2660	1912	1073192518	real
2660	9084	11460592272901	private_dummy
2661	1922	1212633104	real
2661	1923	1269745858	real
2661	1927	1212633104	real
2661	9085	11460592272901	private_dummy
2662	1931	1476010710	real
2662	1932	1533123464	real
2662	9086	11460592272901	private_dummy
2663	199	1639569710	real
2663	200	1639569710	real
2663	549	1639569710	real
2663	9087	11460592272901	private_dummy
2664	796	1314620714	real
2664	797	1314620714	real
2664	1107	1314620714	real
2664	9088	11460592272901	private_dummy
2665	1279	1134625683	real
2665	1280	1134625683	real
2665	1555	1134625683	real
2665	9089	11460592272901	private_dummy
2666	1686	960912471	real
2666	1687	960912471	real
2666	1689	960912471	real
2666	9090	11460592272901	private_dummy
2667	1691	934574386	real
2667	1692	934574386	real
2667	1694	934574386	real
2667	9091	11460592272901	private_dummy
2668	1696	943287091	real
2668	1697	943287091	real
2668	1699	943287091	real
2668	9092	11460592272901	private_dummy
2669	1701	987879571	real
2669	1702	987879571	real
2669	1704	987879571	real
2669	9093	11460592272901	private_dummy
2670	1706	1073192518	real
2670	1707	1073192518	real
2670	1709	1073192518	real
2670	9094	11460592272901	private_dummy
2671	1711	1212633104	real
2671	1712	1212633104	real
2671	1714	1212633104	real
2671	9095	11460592272901	private_dummy
2672	1716	1476010710	real
2672	1717	1476010710	real
2672	1719	1476010710	real
2672	9096	11460592272901	private_dummy
2673	4191	901857516	real
2673	9097	11460592272901	private_dummy
2674	4191	901857516	real
2674	9098	11460592272901	private_dummy
2675	4192	535532974	real
2675	9099	11460592272901	private_dummy
2676	4192	535532974	real
2676	9100	11460592272901	private_dummy
2677	4193	323952310	real
2677	9101	11460592272901	private_dummy
2678	4193	381065064	real
2678	9102	11460592272901	private_dummy
2679	4194	292446078	real
2679	9103	11460592272901	private_dummy
2680	4194	349558832	real
2680	9104	11460592272901	private_dummy
2681	4195	589476622	real
2681	9105	11460592272901	private_dummy
2682	4195	646589376	real
2682	9106	11460592272901	private_dummy
2683	2030	1212633104	real
2683	9107	11460592272901	private_dummy
2684	2022	1073192518	real
2684	9108	11460592272901	private_dummy
2685	2010	987879571	real
2685	9109	11460592272901	private_dummy
2686	1973	934574386	real
2686	9110	11460592272901	private_dummy
2687	1949	960912471	real
2687	9111	11460592272901	private_dummy
2688	2035	1476010710	real
2688	9112	11460592272901	private_dummy
2689	2020	1073192518	real
2689	9113	11460592272901	private_dummy
2690	2008	987879571	real
2690	9114	11460592272901	private_dummy
2691	1971	934574386	real
2691	9115	11460592272901	private_dummy
2692	1947	960912471	real
2692	9116	11460592272901	private_dummy
2693	2006	987879571	real
2693	9117	11460592272901	private_dummy
2694	1969	934574386	real
2694	9118	11460592272901	private_dummy
2695	1945	960912471	real
2695	9119	11460592272901	private_dummy
2696	1967	934574386	real
2696	9120	11460592272901	private_dummy
2697	1964	934574386	real
2697	9121	11460592272901	private_dummy
2698	1939	960912471	real
2698	9122	11460592272901	private_dummy
2699	1995	943287091	real
2699	9123	11460592272901	private_dummy
2700	1937	960912471	real
2700	9124	11460592272901	private_dummy
2701	1695	1024916284	real
2701	9125	11460592272901	private_dummy
2702	1690	1024916284	real
2702	9126	11460592272901	private_dummy
2703	1554	1024916284	real
2703	9127	11460592272901	private_dummy
2704	1106	1024916284	real
2704	9128	11460592272901	private_dummy
2705	548	1024916284	real
2705	9129	11460592272901	private_dummy
2706	4328	618261233	real
2706	9130	11460592272901	private_dummy
2707	4326	435322258	real
2707	9131	11460592272901	private_dummy
2708	4331	799035594	real
2708	9132	11460592272901	private_dummy
2709	4331	792137782	real
2709	9133	11460592272901	private_dummy
2710	4325	232485516	real
2710	9134	11460592272901	private_dummy
2711	4323	407325249	real
2711	4324	407325249	real
2711	9135	11460592272901	private_dummy
2712	4313	0	real
2712	4314	171330510	real
2712	9136	11460592272901	private_dummy
2713	4316	562802912	real
2713	4317	562802912	real
2713	9137	11460592272901	private_dummy
2714	4338	171330510	real
2714	9138	11460592272901	private_dummy
2715	4314	171330510	real
2715	9139	11460592272901	private_dummy
2716	4327	757959324	real
2716	9140	11460592272901	private_dummy
2717	4340	210929797	real
2717	9141	11460592272901	private_dummy
2718	4313	450439947	real
2718	9142	11460592272901	private_dummy
2719	4320	254044495	real
2719	4321	428227305	real
2719	9143	11460592272901	private_dummy
2720	4342	934574386	real
2720	9144	11460592272901	private_dummy
2721	4317	309959545	real
2721	9145	11460592272901	private_dummy
2722	4321	292446078	real
2722	9146	11460592272901	private_dummy
2723	4344	368262251	real
2723	9147	11460592272901	private_dummy
2724	4316	485993722	real
2724	9148	11460592272901	private_dummy
2725	4320	242436030	real
2725	9149	11460592272901	private_dummy
2726	4346	519694099	real
2726	9150	11460592272901	private_dummy
2727	4333	680767834	real
2727	9151	11460592272901	private_dummy
2728	4333	680767834	real
2728	9152	11460592272901	private_dummy
2729	4331	799035594	real
2729	4332	389817969	real
2729	4337	232485516	real
2729	9153	11460592272901	private_dummy
2730	4341	421329493	real
2730	9154	11460592272901	private_dummy
2731	4343	192886229	real
2731	9155	11460592272901	private_dummy
2732	4331	814689778	real
2732	4332	641466892	real
2732	4339	484134439	real
2732	9156	11460592272901	private_dummy
2733	4341	618261233	real
2733	9157	11460592272901	private_dummy
2734	4343	192886229	real
2734	9158	11460592272901	private_dummy
2735	4330	309959545	real
2735	9159	11460592272901	private_dummy
2736	4330	309959545	real
2736	9160	11460592272901	private_dummy
2737	4329	309959545	real
2737	9161	11460592272901	private_dummy
2738	4345	402620783	real
2738	9162	11460592272901	private_dummy
2739	4347	371114550	real
2739	9163	11460592272901	private_dummy
2740	4329	760399492	real
2740	9164	11460592272901	private_dummy
2741	4345	576806853	real
2741	9165	11460592272901	private_dummy
2742	4347	531302564	real
2742	9166	11460592272901	private_dummy
2743	4290	646589376	real
2743	9167	11460592272901	private_dummy
2744	4315	369912191	real
2744	9168	11460592272901	private_dummy
2745	4315	448580664	real
2745	9169	11460592272901	private_dummy
2746	4281	602099362	real
2746	4282	659212116	real
2746	9170	11460592272901	private_dummy
2747	4283	428876476	real
2747	4284	428876476	real
2747	9171	11460592272901	private_dummy
2748	4285	312799437	real
2748	4286	312799437	real
2748	9172	11460592272901	private_dummy
2749	4287	844744762	real
2749	4288	844744762	real
2749	9173	11460592272901	private_dummy
2750	4289	788387517	real
2750	9174	11460592272901	private_dummy
2751	4354	576056826	real
2751	9175	11460592272901	private_dummy
2752	4354	448580664	real
2752	9176	11460592272901	private_dummy
2753	4282	659212116	real
2753	9177	11460592272901	private_dummy
2754	4298	35549283	real
2754	4299	35549283	real
2754	9178	11460592272901	private_dummy
2755	4300	452634092	real
2755	9179	11460592272901	private_dummy
2756	4318	249994491	real
2756	9180	11460592272901	private_dummy
2757	4318	171330510	real
2757	9181	11460592272901	private_dummy
2758	4281	844744762	real
2758	9182	11460592272901	private_dummy
2759	4291	271544022	real
2759	4292	328656777	real
2759	9183	11460592272901	private_dummy
2760	4293	35549283	real
2760	4294	35549283	real
2760	9184	11460592272901	private_dummy
2761	4295	486401362	real
2761	4296	486401362	real
2761	9185	11460592272901	private_dummy
2762	4297	510400509	real
2762	9186	11460592272901	private_dummy
2763	4357	249994491	real
2763	9187	11460592272901	private_dummy
2764	4357	171330510	real
2764	9188	11460592272901	private_dummy
2765	4284	428876476	real
2765	9189	11460592272901	private_dummy
2766	4292	328656777	real
2766	9190	11460592272901	private_dummy
2767	4306	510400509	real
2767	9191	11460592272901	private_dummy
2768	4319	369912191	real
2768	9192	11460592272901	private_dummy
2769	4319	242436030	real
2769	9193	11460592272901	private_dummy
2770	4283	486401362	real
2770	9194	11460592272901	private_dummy
2771	4291	486401362	real
2771	9195	11460592272901	private_dummy
2772	4301	106654803	real
2772	4302	163767557	real
2772	9196	11460592272901	private_dummy
2773	4303	417808791	real
2773	4304	417808791	real
2773	9197	11460592272901	private_dummy
2774	4305	452634092	real
2774	9198	11460592272901	private_dummy
2775	4360	163767557	real
2775	9199	11460592272901	private_dummy
2776	4360	335102559	real
2776	9200	11460592272901	private_dummy
2777	4286	535532974	real
2777	9201	11460592272901	private_dummy
2778	4294	220877050	real
2778	4299	220877050	real
2778	9202	11460592272901	private_dummy
2779	4302	277989805	real
2779	9203	11460592272901	private_dummy
2780	4310	886287249	real
2780	9204	11460592272901	private_dummy
2781	4322	867055990	real
2781	9205	11460592272901	private_dummy
2782	4322	1005685025	real
2782	9206	11460592272901	private_dummy
2783	4285	417808791	real
2783	9207	11460592272901	private_dummy
2784	4293	189370818	real
2784	4298	189370818	real
2784	9208	11460592272901	private_dummy
2785	4301	417808791	real
2785	9209	11460592272901	private_dummy
2786	4307	535532974	real
2786	4308	592645728	real
2786	9210	11460592272901	private_dummy
2787	4309	646589376	real
2787	9211	11460592272901	private_dummy
2788	4363	671314201	real
2788	9212	11460592272901	private_dummy
2789	4363	614201447	real
2789	9213	11460592272901	private_dummy
2790	4288	844744762	real
2790	9214	11460592272901	private_dummy
2791	4296	486401362	real
2791	9215	11460592272901	private_dummy
2792	4304	417808791	real
2792	9216	11460592272901	private_dummy
2793	4308	513977256	real
2793	9217	11460592272901	private_dummy
2794	4312	829174495	real
2794	9218	11460592272901	private_dummy
2795	4365	513977256	real
2795	9219	11460592272901	private_dummy
2796	4365	535532974	real
2796	9220	11460592272901	private_dummy
2797	4287	693393268	real
2797	9221	11460592272901	private_dummy
2798	4295	348353212	real
2798	9222	11460592272901	private_dummy
2799	4303	299541031	real
2799	9223	11460592272901	private_dummy
2800	4307	456864501	real
2800	9224	11460592272901	private_dummy
2801	4311	750506022	real
2801	9225	11460592272901	private_dummy
2802	4367	592645728	real
2802	9226	11460592272901	private_dummy
2803	4367	614201447	real
2803	9227	11460592272901	private_dummy
2804	4335	342661020	real
2804	9228	11460592272901	private_dummy
2805	4335	445736280	real
2805	9229	11460592272901	private_dummy
2806	4353	592645728	real
2806	9230	11460592272901	private_dummy
2807	4355	369912191	real
2807	9231	11460592272901	private_dummy
2808	4356	277989805	real
2808	9232	11460592272901	private_dummy
2809	4358	249994491	real
2809	9233	11460592272901	private_dummy
2810	4336	185323276	real
2810	9234	11460592272901	private_dummy
2811	4336	277989805	real
2811	9235	11460592272901	private_dummy
2812	4359	277989805	real
2812	9236	11460592272901	private_dummy
2813	4361	369912191	real
2813	9237	11460592272901	private_dummy
2814	4362	649758483	real
2814	9238	11460592272901	private_dummy
2815	4366	456864501	real
2815	9239	11460592272901	private_dummy
2816	4368	456864501	real
2816	9240	11460592272901	private_dummy
2817	4364	1024916284	real
2817	9241	11460592272901	private_dummy
2818	4366	535532974	real
2818	9242	11460592272901	private_dummy
2819	4368	456864501	real
2819	9243	11460592272901	private_dummy
2820	4333	737880589	real
2820	4334	737880589	real
2820	9244	11460592272901	private_dummy
2821	4333	737880589	real
2821	4334	737880589	real
2821	9245	11460592272901	private_dummy
2822	1719	1024916284	real
2822	1720	1024916284	real
2822	9246	11460592272901	private_dummy
2823	2029	1269745858	real
2823	2031	1212633104	real
2823	9247	11460592272901	private_dummy
2824	2021	1130305272	real
2824	2025	1073192518	real
2824	9248	11460592272901	private_dummy
2825	2009	1044992326	real
2825	2015	987879571	real
2825	9249	11460592272901	private_dummy
2826	1993	1000399846	real
2826	1994	943287091	real
2826	2001	943287091	real
2826	9250	11460592272901	private_dummy
2827	1972	991687140	real
2827	1982	934574386	real
2827	9251	11460592272901	private_dummy
2828	1948	1018025225	real
2828	1959	960912471	real
2828	9252	11460592272901	private_dummy
2829	1336	1191738437	real
2829	1337	1134625683	real
2829	1584	1134625683	real
2829	9253	11460592272901	private_dummy
2830	853	1371733469	real
2830	854	1314620714	real
2830	1136	1314620714	real
2830	9254	11460592272901	private_dummy
2831	256	1639569710	real
2831	257	1639569710	real
2831	578	1639569710	real
2831	9255	11460592272901	private_dummy
2832	1717	1024916284	real
2832	1718	1024916284	real
2832	9256	11460592272901	private_dummy
2833	4370	901857516	real
2833	9257	11460592272901	private_dummy
2834	4372	737880589	real
2834	9258	11460592272901	private_dummy
2835	4374	646589376	real
2835	9259	11460592272901	private_dummy
2836	4376	604256990	real
2836	9260	11460592272901	private_dummy
2837	4378	604256990	real
2837	9261	11460592272901	private_dummy
2838	4380	507960342	real
2838	9262	11460592272901	private_dummy
2839	4382	513977256	real
2839	9263	11460592272901	private_dummy
2840	2031	1476010710	real
2840	2032	1476010710	real
2840	9264	11460592272901	private_dummy
2841	1714	1024916284	real
2841	1715	1024916284	real
2841	9265	11460592272901	private_dummy
2842	2029	1533123464	real
2842	9266	11460592272901	private_dummy
2843	2019	1130305272	real
2843	2023	1073192518	real
2843	9267	11460592272901	private_dummy
2844	2007	1044992326	real
2844	2013	987879571	real
2844	9268	11460592272901	private_dummy
2845	1991	1000399846	real
2845	1992	943287091	real
2845	1999	943287091	real
2845	9269	11460592272901	private_dummy
2846	1970	991687140	real
2846	1980	934574386	real
2846	9270	11460592272901	private_dummy
2847	1946	1018025225	real
2847	1957	960912471	real
2847	9271	11460592272901	private_dummy
2848	1334	1191738437	real
2848	1335	1134625683	real
2848	1582	1134625683	real
2848	9272	11460592272901	private_dummy
2849	851	1371733469	real
2849	852	1314620714	real
2849	1134	1314620714	real
2849	9273	11460592272901	private_dummy
2850	254	1639569710	real
2850	255	1639569710	real
2850	576	1639569710	real
2850	9274	11460592272901	private_dummy
2851	1712	1024916284	real
2851	1713	1024916284	real
2851	9275	11460592272901	private_dummy
2852	4385	1037638743	real
2852	9276	11460592272901	private_dummy
2853	4387	737880589	real
2853	9277	11460592272901	private_dummy
2854	4389	586628814	real
2854	9278	11460592272901	private_dummy
2855	4391	510400509	real
2855	9279	11460592272901	private_dummy
2856	4393	486530011	real
2856	9280	11460592272901	private_dummy
2857	4395	371771474	real
2857	9281	11460592272901	private_dummy
2858	4397	369912191	real
2858	9282	11460592272901	private_dummy
2859	2025	1476010710	real
2859	2026	1476010710	real
2859	9283	11460592272901	private_dummy
2860	2023	1212633104	real
2860	2024	1212633104	real
2860	9284	11460592272901	private_dummy
2861	1709	1024916284	real
2861	1710	1024916284	real
2861	9285	11460592272901	private_dummy
2862	2021	1533123464	real
2862	9286	11460592272901	private_dummy
2863	2019	1269745858	real
2863	9287	11460592272901	private_dummy
2864	2005	1044992326	real
2864	2011	987879571	real
2864	9288	11460592272901	private_dummy
2865	1989	1000399846	real
2865	1990	943287091	real
2865	1997	943287091	real
2865	9289	11460592272901	private_dummy
2866	1968	991687140	real
2866	1978	934574386	real
2866	9290	11460592272901	private_dummy
2867	1944	1018025225	real
2867	1955	960912471	real
2867	9291	11460592272901	private_dummy
2868	1332	1191738437	real
2868	1333	1134625683	real
2868	1580	1134625683	real
2868	9292	11460592272901	private_dummy
2869	849	1371733469	real
2869	850	1314620714	real
2869	1132	1314620714	real
2869	9293	11460592272901	private_dummy
2870	252	1639569710	real
2870	253	1639569710	real
2870	574	1639569710	real
2870	9294	11460592272901	private_dummy
2871	1707	1024916284	real
2871	1708	1024916284	real
2871	9295	11460592272901	private_dummy
2872	4400	1212633104	real
2872	9296	11460592272901	private_dummy
2873	4402	933622378	real
2873	9297	11460592272901	private_dummy
2874	4404	646589376	real
2874	9298	11460592272901	private_dummy
2875	4406	510400509	real
2875	9299	11460592272901	private_dummy
2876	4408	452634092	real
2876	9300	11460592272901	private_dummy
2877	4410	314005057	real
2877	9301	11460592272901	private_dummy
2878	4412	302396592	real
2878	9302	11460592272901	private_dummy
2879	2015	1476010710	real
2879	2016	1476010710	real
2879	9303	11460592272901	private_dummy
2880	2013	1212633104	real
2880	2014	1212633104	real
2880	9304	11460592272901	private_dummy
2881	2011	1073192518	real
2881	2012	1073192518	real
2881	9305	11460592272901	private_dummy
2882	1942	960912471	real
2882	1943	960912471	real
2882	9306	11460592272901	private_dummy
2883	1704	1024916284	real
2883	1705	1024916284	real
2883	9307	11460592272901	private_dummy
2884	2009	1533123464	real
2884	9308	11460592272901	private_dummy
2885	2007	1269745858	real
2885	9309	11460592272901	private_dummy
2886	2005	1130305272	real
2886	9310	11460592272901	private_dummy
2887	1986	1000399846	real
2887	1988	943287091	real
2887	1996	943287091	real
2887	9311	11460592272901	private_dummy
2888	1965	991687140	real
2888	1977	934574386	real
2888	9312	11460592272901	private_dummy
2889	1940	1018025225	real
2889	9313	11460592272901	private_dummy
2890	1330	1191738437	real
2890	1331	1134625683	real
2890	1578	1134625683	real
2890	9314	11460592272901	private_dummy
2891	847	1371733469	real
2891	848	1314620714	real
2891	1130	1314620714	real
2891	9315	11460592272901	private_dummy
2892	250	1639569710	real
2892	251	1639569710	real
2892	572	1639569710	real
2892	9316	11460592272901	private_dummy
2893	1702	1024916284	real
2893	1703	1024916284	real
2893	9317	11460592272901	private_dummy
2894	4415	1212633104	real
2894	9318	11460592272901	private_dummy
2895	4417	1073192518	real
2895	9319	11460592272901	private_dummy
2896	4419	876227084	real
2896	9320	11460592272901	private_dummy
2897	4421	604256990	real
2897	9321	11460592272901	private_dummy
2898	4423	486530011	real
2898	9322	11460592272901	private_dummy
2899	4425	314005057	real
2899	9323	11460592272901	private_dummy
2900	4427	289593778	real
2900	9324	11460592272901	private_dummy
2901	2001	1476010710	real
2901	2002	1476010710	real
2901	9325	11460592272901	private_dummy
2902	1999	1212633104	real
2902	2000	1212633104	real
2902	9326	11460592272901	private_dummy
2903	1997	1073192518	real
2903	1998	1073192518	real
2903	9327	11460592272901	private_dummy
2904	1996	987879571	real
2904	9328	11460592272901	private_dummy
2905	1699	1024916284	real
2905	1700	1024916284	real
2905	9329	11460592272901	private_dummy
2906	1993	1533123464	real
2906	9330	11460592272901	private_dummy
2907	1991	1269745858	real
2907	9331	11460592272901	private_dummy
2908	1989	1130305272	real
2908	9332	11460592272901	private_dummy
2909	1986	1044992326	real
2909	1987	987879571	real
2909	9333	11460592272901	private_dummy
2910	1963	991687140	real
2910	1975	934574386	real
2910	9334	11460592272901	private_dummy
2911	1938	1018025225	real
2911	1953	960912471	real
2911	9335	11460592272901	private_dummy
2912	1328	1191738437	real
2912	1329	1134625683	real
2912	1576	1134625683	real
2912	9336	11460592272901	private_dummy
2913	845	1371733469	real
2913	846	1314620714	real
2913	1128	1314620714	real
2913	9337	11460592272901	private_dummy
2914	248	1639569710	real
2914	249	1639569710	real
2914	570	1639569710	real
2914	9338	11460592272901	private_dummy
2915	1697	1024916284	real
2915	1698	1024916284	real
2915	9339	11460592272901	private_dummy
2916	4430	1212633104	real
2916	9340	11460592272901	private_dummy
2917	4432	1073192518	real
2917	9341	11460592272901	private_dummy
2918	4434	987879571	real
2918	9342	11460592272901	private_dummy
2919	4436	857765196	real
2919	9343	11460592272901	private_dummy
2920	4438	604256990	real
2920	9344	11460592272901	private_dummy
2921	4440	371771474	real
2921	9345	11460592272901	private_dummy
2922	4442	328656777	real
2922	9346	11460592272901	private_dummy
2923	1982	1476010710	real
2923	1983	1476010710	real
2923	9347	11460592272901	private_dummy
2924	1980	1212633104	real
2924	1981	1212633104	real
2924	9348	11460592272901	private_dummy
2925	1978	1073192518	real
2925	1979	1073192518	real
2925	9349	11460592272901	private_dummy
2926	1977	987879571	real
2926	9350	11460592272901	private_dummy
2927	1975	943287091	real
2927	1976	943287091	real
2927	9351	11460592272901	private_dummy
2928	1972	1533123464	real
2928	9352	11460592272901	private_dummy
2929	1970	1269745858	real
2929	9353	11460592272901	private_dummy
2930	1968	1130305272	real
2930	9354	11460592272901	private_dummy
2931	1965	1044992326	real
2931	1966	987879571	real
2931	9355	11460592272901	private_dummy
2932	1963	1000399846	real
2932	9356	11460592272901	private_dummy
2933	1936	1018025225	real
2933	1951	960912471	real
2933	9357	11460592272901	private_dummy
2934	1326	1191738437	real
2934	1327	1134625683	real
2934	1574	1134625683	real
2934	9358	11460592272901	private_dummy
2935	843	1371733469	real
2935	844	1314620714	real
2935	1126	1314620714	real
2935	9359	11460592272901	private_dummy
2936	246	1639569710	real
2936	247	1639569710	real
2936	568	1639569710	real
2936	9360	11460592272901	private_dummy
2937	1692	1024916284	real
2937	1693	1024916284	real
2937	1974	1024916284	real
2937	9361	11460592272901	private_dummy
2938	4445	1212633104	real
2938	9362	11460592272901	private_dummy
2939	4447	1073192518	real
2939	9363	11460592272901	private_dummy
2940	4449	987879571	real
2940	9364	11460592272901	private_dummy
2941	4451	943287091	real
2941	9365	11460592272901	private_dummy
2942	4453	876227084	real
2942	9366	11460592272901	private_dummy
2943	4455	507960342	real
2943	9367	11460592272901	private_dummy
2944	4457	429291869	real
2944	9368	11460592272901	private_dummy
2945	1959	1476010710	real
2945	1960	1476010710	real
2945	9369	11460592272901	private_dummy
2946	1957	1212633104	real
2946	1958	1212633104	real
2946	9370	11460592272901	private_dummy
2947	1955	1073192518	real
2947	1956	1073192518	real
2947	9371	11460592272901	private_dummy
2948	1953	943287091	real
2948	1954	943287091	real
2948	9372	11460592272901	private_dummy
2949	1951	934574386	real
2949	1952	934574386	real
2949	9373	11460592272901	private_dummy
2950	1948	1533123464	real
2950	9374	11460592272901	private_dummy
2951	1946	1269745858	real
2951	9375	11460592272901	private_dummy
2952	1944	1130305272	real
2952	9376	11460592272901	private_dummy
2953	1940	1044992326	real
2953	1941	987879571	real
2953	1942	987879571	real
2953	9377	11460592272901	private_dummy
2954	1938	1000399846	real
2954	9378	11460592272901	private_dummy
2955	1936	991687140	real
2955	9379	11460592272901	private_dummy
2956	1324	1191738437	real
2956	1325	1134625683	real
2956	1572	1134625683	real
2956	9380	11460592272901	private_dummy
2957	841	1371733469	real
2957	842	1314620714	real
2957	1124	1314620714	real
2957	9381	11460592272901	private_dummy
2958	244	1639569710	real
2958	245	1639569710	real
2958	566	1639569710	real
2958	9382	11460592272901	private_dummy
2959	1687	1024916284	real
2959	1688	1024916284	real
2959	1950	1024916284	real
2959	9383	11460592272901	private_dummy
2960	4460	1212633104	real
2960	9384	11460592272901	private_dummy
2961	4462	1073192518	real
2961	9385	11460592272901	private_dummy
2962	4464	987879571	real
2962	9386	11460592272901	private_dummy
2963	4466	943287091	real
2963	9387	11460592272901	private_dummy
2964	4468	934574386	real
2964	9388	11460592272901	private_dummy
2965	4470	909215590	real
2965	9389	11460592272901	private_dummy
2966	4472	773434363	real
2966	9390	11460592272901	private_dummy
2967	1278	1024916284	real
2967	1280	1024916284	real
2967	1338	1024916284	real
2967	9391	11460592272901	private_dummy
2968	3696	1212633104	real
2968	3699	1427490443	real
2968	9392	11460592272901	private_dummy
2969	3693	1073192518	real
2969	9393	11460592272901	private_dummy
2970	3690	987879571	real
2970	9394	11460592272901	private_dummy
2971	3687	943287091	real
2971	9395	11460592272901	private_dummy
2972	3684	934574386	real
2972	9396	11460592272901	private_dummy
2973	3682	960912471	real
2973	9397	11460592272901	private_dummy
2974	3809	921841024	real
2974	9398	11460592272901	private_dummy
2975	795	1024916284	real
2975	797	1024916284	real
2975	855	1024916284	real
2975	9399	11460592272901	private_dummy
2976	3265	1212633104	real
2976	3268	1427490443	real
2976	9400	11460592272901	private_dummy
2977	3262	1073192518	real
2977	9401	11460592272901	private_dummy
2978	3259	987879571	real
2978	9402	11460592272901	private_dummy
2979	3256	943287091	real
2979	9403	11460592272901	private_dummy
2980	3253	934574386	real
2980	9404	11460592272901	private_dummy
2981	3251	960912471	real
2981	9405	11460592272901	private_dummy
2982	3378	886287249	real
2982	9406	11460592272901	private_dummy
2983	198	1024916284	real
2983	200	1024916284	real
2983	258	1024916284	real
2983	9407	11460592272901	private_dummy
2984	2804	1212633104	real
2984	2807	1427490443	real
2984	9408	11460592272901	private_dummy
2985	2801	1073192518	real
2985	9409	11460592272901	private_dummy
2986	2798	987879571	real
2986	9410	11460592272901	private_dummy
2987	2795	943287091	real
2987	9411	11460592272901	private_dummy
2988	2792	934574386	real
2988	9412	11460592272901	private_dummy
2989	2790	960912471	real
2989	9413	11460592272901	private_dummy
2990	2917	886287249	real
2990	9414	11460592272901	private_dummy
2991	1974	934574386	real
2991	9415	11460592272901	private_dummy
2992	1950	960912471	real
2992	9416	11460592272901	private_dummy
2993	1338	1134625683	real
2993	1339	1134625683	real
2993	9417	11460592272901	private_dummy
2994	855	1314620714	real
2994	856	1314620714	real
2994	9418	11460592272901	private_dummy
2995	258	1639569710	real
2995	259	1639569710	real
2995	9419	11460592272901	private_dummy
2996	4348	619911174	real
2996	9420	11460592272901	private_dummy
2997	4348	619911174	real
2997	9421	11460592272901	private_dummy
2998	4349	342661020	real
2998	9422	11460592272901	private_dummy
2999	4349	342661020	real
2999	9423	11460592272901	private_dummy
3000	4350	413766540	real
3000	9424	11460592272901	private_dummy
3001	4350	413766540	real
3001	9425	11460592272901	private_dummy
3002	4351	535532974	real
3002	9426	11460592272901	private_dummy
3003	4351	535532974	real
3003	9427	11460592272901	private_dummy
3004	4352	807618777	real
3004	9428	11460592272901	private_dummy
3005	4352	750506022	real
3005	9429	11460592272901	private_dummy
3006	298	1639569710	real
3006	9430	11460592272901	private_dummy
3007	895	1371733469	real
3007	9431	11460592272901	private_dummy
3008	1378	1191738437	real
3008	9432	11460592272901	private_dummy
3009	1739	1082029038	real
3009	1943	1024916284	real
3009	9433	11460592272901	private_dummy
3010	1758	1082029038	real
3010	9434	11460592272901	private_dummy
3011	2100	1000399846	real
3011	9435	11460592272901	private_dummy
3012	2102	1044992326	real
3012	9436	11460592272901	private_dummy
3013	2104	1130305272	real
3013	9437	11460592272901	private_dummy
3014	2106	1269745858	real
3014	9438	11460592272901	private_dummy
3015	2108	1533123464	real
3015	9439	11460592272901	private_dummy
3016	2099	991687140	real
3016	2111	934574386	real
3016	9440	11460592272901	private_dummy
3017	2141	1044992326	real
3017	9441	11460592272901	private_dummy
3018	2143	1130305272	real
3018	9442	11460592272901	private_dummy
3019	2145	1269745858	real
3019	9443	11460592272901	private_dummy
3020	2147	1533123464	real
3020	9444	11460592272901	private_dummy
3021	2045	943287091	real
3021	2149	943287091	real
3021	9445	11460592272901	private_dummy
3022	2174	1130305272	real
3022	9446	11460592272901	private_dummy
3023	2176	1269745858	real
3023	9447	11460592272901	private_dummy
3024	2178	1533123464	real
3024	9448	11460592272901	private_dummy
3025	2050	943287091	real
3025	2180	943287091	real
3025	9449	11460592272901	private_dummy
3026	2199	1269745858	real
3026	9450	11460592272901	private_dummy
3027	2201	1533123464	real
3027	9451	11460592272901	private_dummy
3028	2055	943287091	real
3028	2203	943287091	real
3028	9452	11460592272901	private_dummy
3029	2216	1533123464	real
3029	9453	11460592272901	private_dummy
3030	2060	943287091	real
3030	2218	943287091	real
3030	9454	11460592272901	private_dummy
3031	2065	943287091	real
3031	2225	943287091	real
3031	9455	11460592272901	private_dummy
3032	4548	1230320093	real
3032	9456	11460592272901	private_dummy
3033	4546	522083785	real
3033	9457	11460592272901	private_dummy
3034	4551	646256547	real
3034	9458	11460592272901	private_dummy
3035	4551	640351545	real
3035	9459	11460592272901	private_dummy
3036	4545	232485516	real
3036	9460	11460592272901	private_dummy
3037	4543	289598270	real
3037	4544	289598270	real
3037	9461	11460592272901	private_dummy
3038	4533	217297508	real
3038	4534	217297508	real
3038	9462	11460592272901	private_dummy
3039	4536	311153988	real
3039	4537	311153988	real
3039	9463	11460592272901	private_dummy
3040	4558	428227305	real
3040	9464	11460592272901	private_dummy
3041	4534	217297508	real
3041	9465	11460592272901	private_dummy
3042	4547	677762780	real
3042	9466	11460592272901	private_dummy
3043	4560	428227305	real
3043	9467	11460592272901	private_dummy
3044	4533	342660221	real
3044	9468	11460592272901	private_dummy
3045	4540	435326750	real
3045	4541	606657260	real
3045	9469	11460592272901	private_dummy
3046	4562	553590018	real
3046	9470	11460592272901	private_dummy
3047	4537	608184533	real
3047	9471	11460592272901	private_dummy
3048	4541	606657260	real
3048	9472	11460592272901	private_dummy
3049	4564	677762780	real
3049	9473	11460592272901	private_dummy
3050	4536	393327193	real
3050	9474	11460592272901	private_dummy
3051	4540	485993722	real
3051	9475	11460592272901	private_dummy
3052	4566	934574386	real
3052	9476	11460592272901	private_dummy
3053	4553	600752258	real
3053	9477	11460592272901	private_dummy
3054	4553	522083785	real
3054	9478	11460592272901	private_dummy
3055	4551	522083785	real
3055	4552	522083785	real
3055	4557	232485516	real
3055	9479	11460592272901	private_dummy
3056	4561	553590018	real
3056	9480	11460592272901	private_dummy
3057	4563	325152045	real
3057	9481	11460592272901	private_dummy
3058	4551	614750314	real
3058	4552	693418787	real
3058	4559	325152045	real
3058	9482	11460592272901	private_dummy
3059	4561	724925020	real
3059	9483	11460592272901	private_dummy
3060	4563	496487047	real
3060	9484	11460592272901	private_dummy
3061	4550	460928780	real
3061	9485	11460592272901	private_dummy
3062	4550	678226287	real
3062	9486	11460592272901	private_dummy
3063	4549	678226287	real
3063	9487	11460592272901	private_dummy
3064	4565	482484498	real
3064	9488	11460592272901	private_dummy
3065	4567	585559758	real
3065	9489	11460592272901	private_dummy
3066	4549	803589001	real
3066	9490	11460592272901	private_dummy
3067	4565	679416239	real
3067	9491	11460592272901	private_dummy
3068	4567	482484498	real
3068	9492	11460592272901	private_dummy
3069	4483	589476622	real
3069	9493	11460592272901	private_dummy
3070	4535	738832597	real
3070	9494	11460592272901	private_dummy
3071	4535	336214439	real
3071	9495	11460592272901	private_dummy
3072	4474	693393268	real
3072	4475	750506022	real
3072	9496	11460592272901	private_dummy
3073	4476	417808791	real
3073	4477	417808791	real
3073	9497	11460592272901	private_dummy
3074	4478	486401362	real
3074	4479	486401362	real
3074	9498	11460592272901	private_dummy
3075	4480	844744762	real
3075	4481	844744762	real
3075	9499	11460592272901	private_dummy
3076	4482	700846570	real
3076	9500	11460592272901	private_dummy
3077	4574	876880747	real
3077	9501	11460592272901	private_dummy
3078	4574	336214439	real
3078	9502	11460592272901	private_dummy
3079	4475	750506022	real
3079	9503	11460592272901	private_dummy
3080	4493	174178318	real
3080	4494	174178318	real
3080	9504	11460592272901	private_dummy
3081	4495	589476622	real
3081	9505	11460592272901	private_dummy
3082	4538	564657703	real
3082	9506	11460592272901	private_dummy
3083	4538	336214439	real
3083	9507	11460592272901	private_dummy
3084	4474	998844456	real
3084	9508	11460592272901	private_dummy
3085	4484	220877050	real
3085	4485	220877050	real
3085	9509	11460592272901	private_dummy
3086	4486	220877050	real
3086	4487	220877050	real
3086	9510	11460592272901	private_dummy
3087	4488	535532974	real
3087	4489	535532974	real
3087	9511	11460592272901	private_dummy
3088	4490	529516060	real
3088	9512	11460592272901	private_dummy
3089	4577	611356435	real
3089	9513	11460592272901	private_dummy
3090	4577	393327193	real
3090	9514	11460592272901	private_dummy
3091	4477	417808791	real
3091	9515	11460592272901	private_dummy
3092	4485	220877050	real
3092	9516	11460592272901	private_dummy
3093	4517	532034300	real
3093	9517	11460592272901	private_dummy
3094	4539	622182589	real
3094	9518	11460592272901	private_dummy
3095	4539	232485516	real
3095	9519	11460592272901	private_dummy
3096	4476	451428472	real
3096	9520	11460592272901	private_dummy
3097	4484	312799437	real
3097	9521	11460592272901	private_dummy
3098	4500	271544022	real
3098	4503	328656777	real
3098	9522	11460592272901	private_dummy
3099	4506	428876476	real
3099	4508	428876476	real
3099	9523	11460592272901	private_dummy
3100	4509	728429752	real
3100	9524	11460592272901	private_dummy
3101	4580	407325249	real
3101	9525	11460592272901	private_dummy
3102	4580	371114550	real
3102	9526	11460592272901	private_dummy
3103	4479	486401362	real
3103	9527	11460592272901	private_dummy
3104	4487	220877050	real
3104	4494	220877050	real
3104	9528	11460592272901	private_dummy
3105	4503	328656777	real
3105	9529	11460592272901	private_dummy
3106	4529	492435012	real
3106	9530	11460592272901	private_dummy
3107	4542	603067038	real
3107	9531	11460592272901	private_dummy
3108	4542	566856339	real
3108	9532	11460592272901	private_dummy
3109	4478	428876476	real
3109	9533	11460592272901	private_dummy
3110	4486	192881737	real
3110	4493	192881737	real
3110	9534	11460592272901	private_dummy
3111	4500	428876476	real
3111	9535	11460592272901	private_dummy
3112	4522	602099362	real
3112	4524	659212116	real
3112	9536	11460592272901	private_dummy
3113	4525	473731594	real
3113	9537	11460592272901	private_dummy
3114	4583	510400509	real
3114	9538	11460592272901	private_dummy
3115	4583	371114550	real
3115	9539	11460592272901	private_dummy
3116	4481	844744762	real
3116	9540	11460592272901	private_dummy
3117	4489	535532974	real
3117	9541	11460592272901	private_dummy
3118	4508	428876476	real
3118	9542	11460592272901	private_dummy
3119	4524	659212116	real
3119	9543	11460592272901	private_dummy
3120	4532	728429752	real
3120	9544	11460592272901	private_dummy
3121	4585	510400509	real
3121	9545	11460592272901	private_dummy
3122	4585	371114550	real
3122	9546	11460592272901	private_dummy
3123	4480	602099362	real
3123	9547	11460592272901	private_dummy
3124	4488	312799437	real
3124	9548	11460592272901	private_dummy
3125	4506	271544022	real
3125	9549	11460592272901	private_dummy
3126	4522	602099362	real
3126	9550	11460592272901	private_dummy
3127	4531	599094307	real
3127	9551	11460592272901	private_dummy
3128	4587	603067038	real
3128	9552	11460592272901	private_dummy
3129	4587	463781079	real
3129	9553	11460592272901	private_dummy
3130	4555	909215590	real
3130	9554	11460592272901	private_dummy
3131	4555	1012290850	real
3131	9555	11460592272901	private_dummy
3132	4573	453287755	real
3132	9556	11460592272901	private_dummy
3133	4575	350212495	real
3133	9557	11460592272901	private_dummy
3134	4576	314658720	real
3134	9558	11460592272901	private_dummy
3135	4578	510400509	real
3135	9559	11460592272901	private_dummy
3136	4556	210929797	real
3136	9560	11460592272901	private_dummy
3137	4556	349558832	real
3137	9561	11460592272901	private_dummy
3138	4579	368262251	real
3138	9562	11460592272901	private_dummy
3139	4581	289598270	real
3139	9563	11460592272901	private_dummy
3140	4582	314005057	real
3140	9564	11460592272901	private_dummy
3141	4586	235336584	real
3141	9565	11460592272901	private_dummy
3142	4588	235336584	real
3142	9566	11460592272901	private_dummy
3143	4584	625159045	real
3143	9567	11460592272901	private_dummy
3144	4586	314005057	real
3144	9568	11460592272901	private_dummy
3145	4588	235336584	real
3145	9569	11460592272901	private_dummy
3146	4553	522083785	real
3146	4554	407861538	real
3146	9570	11460592272901	private_dummy
3147	4553	522083785	real
3147	4554	407861538	real
3147	9571	11460592272901	private_dummy
3148	579	943287091	real
3148	580	943287091	real
3148	594	943287091	real
3148	9572	11460592272901	private_dummy
3149	3178	1055957210	real
3149	3180	1134625683	real
3149	9573	11460592272901	private_dummy
3150	3176	921841024	real
3150	9574	11460592272901	private_dummy
3151	3174	619911174	real
3151	9575	11460592272901	private_dummy
3152	3172	413766540	real
3152	9576	11460592272901	private_dummy
3153	3170	342661020	real
3153	9577	11460592272901	private_dummy
3154	3168	342661020	real
3154	9578	11460592272901	private_dummy
3155	3166	413766540	real
3155	9579	11460592272901	private_dummy
3156	260	943287091	real
3156	261	943287091	real
3156	9580	11460592272901	private_dummy
3157	1137	943287091	real
3157	1138	943287091	real
3157	1152	943287091	real
3157	9581	11460592272901	private_dummy
3158	3639	1055957210	real
3158	3641	1134625683	real
3158	9582	11460592272901	private_dummy
3159	3637	807618777	real
3159	9583	11460592272901	private_dummy
3160	3635	462578720	real
3160	9584	11460592272901	private_dummy
3161	3633	256434086	real
3161	9585	11460592272901	private_dummy
3162	3631	185328567	real
3162	9586	11460592272901	private_dummy
3163	3629	185328567	real
3163	9587	11460592272901	private_dummy
3164	3627	256434086	real
3164	9588	11460592272901	private_dummy
3165	857	943287091	real
3165	858	943287091	real
3165	9589	11460592272901	private_dummy
3166	1585	943287091	real
3166	1586	943287091	real
3166	1600	943287091	real
3166	9590	11460592272901	private_dummy
3167	4070	1314620714	real
3167	4072	1371733469	real
3167	9591	11460592272901	private_dummy
3168	4068	921841024	real
3168	9592	11460592272901	private_dummy
3169	4066	462578720	real
3169	9593	11460592272901	private_dummy
3170	4064	256434086	real
3170	9594	11460592272901	private_dummy
3171	4062	185328567	real
3171	9595	11460592272901	private_dummy
3172	4060	185328567	real
3172	9596	11460592272901	private_dummy
3173	4058	256434086	real
3173	9597	11460592272901	private_dummy
3174	1340	943287091	real
3174	1341	943287091	real
3174	9598	11460592272901	private_dummy
3175	1934	943287091	real
3175	1935	943287091	real
3175	1950	943287091	real
3175	9599	11460592272901	private_dummy
3176	4471	1314620714	real
3176	4473	1450401941	real
3176	9600	11460592272901	private_dummy
3177	4469	1134625683	real
3177	9601	11460592272901	private_dummy
3178	4467	698579647	real
3178	9602	11460592272901	private_dummy
3179	4465	492435012	real
3179	9603	11460592272901	private_dummy
3180	4463	421329493	real
3180	9604	11460592272901	private_dummy
3181	4461	421329493	real
3181	9605	11460592272901	private_dummy
3182	4459	492435012	real
3182	9606	11460592272901	private_dummy
3183	1721	943287091	real
3183	1722	943287091	real
3183	9607	11460592272901	private_dummy
3184	267	1639569710	real
3184	268	1639569710	real
3184	582	1639569710	real
3184	9608	11460592272901	private_dummy
3185	864	1314620714	real
3185	865	1371733469	real
3185	1140	1314620714	real
3185	9609	11460592272901	private_dummy
3186	1347	1134625683	real
3186	1348	1191738437	real
3186	1588	1134625683	real
3186	9610	11460592272901	private_dummy
3187	1728	1024916284	real
3187	1729	1082029038	real
3187	1937	1024916284	real
3187	9611	11460592272901	private_dummy
3188	2039	943287091	real
3188	2040	943287091	real
3188	2110	943287091	real
3188	9612	11460592272901	private_dummy
3189	4590	1314620714	real
3189	9613	11460592272901	private_dummy
3190	4592	1134625683	real
3190	9614	11460592272901	private_dummy
3191	4594	1024916284	real
3191	9615	11460592272901	private_dummy
3192	4497	553590018	real
3192	9616	11460592272901	private_dummy
3193	4499	368262251	real
3193	9617	11460592272901	private_dummy
3194	4502	325152045	real
3194	9618	11460592272901	private_dummy
3195	4505	368262251	real
3195	9619	11460592272901	private_dummy
3196	264	1639569710	real
3196	265	1639569710	real
3196	9620	11460592272901	private_dummy
3197	861	1371733469	real
3197	862	1371733469	real
3197	9621	11460592272901	private_dummy
3198	1344	1191738437	real
3198	1345	1191738437	real
3198	9622	11460592272901	private_dummy
3199	1725	1082029038	real
3199	1726	1082029038	real
3199	9623	11460592272901	private_dummy
3200	2069	1000399846	real
3200	2070	1000399846	real
3200	2072	943287091	real
3200	2073	943287091	real
3200	9624	11460592272901	private_dummy
3201	2075	1044992326	real
3201	2076	1044992326	real
3201	2078	987879571	real
3201	2079	987879571	real
3201	9625	11460592272901	private_dummy
3202	2081	1130305272	real
3202	2082	1130305272	real
3202	2084	1073192518	real
3202	2085	1073192518	real
3202	9626	11460592272901	private_dummy
3203	2087	1269745858	real
3203	2088	1269745858	real
3203	2090	1212633104	real
3203	2091	1212633104	real
3203	9627	11460592272901	private_dummy
3204	2093	1533123464	real
3204	2094	1533123464	real
3204	2096	1476010710	real
3204	2097	1476010710	real
3204	9628	11460592272901	private_dummy
3205	2036	943287091	real
3205	2038	943287091	real
3205	9629	11460592272901	private_dummy
3206	273	1639569710	real
3206	274	1639569710	real
3206	584	1639569710	real
3206	9630	11460592272901	private_dummy
3207	870	1314620714	real
3207	871	1371733469	real
3207	1142	1314620714	real
3207	9631	11460592272901	private_dummy
3208	1353	1134625683	real
3208	1354	1191738437	real
3208	1590	1134625683	real
3208	9632	11460592272901	private_dummy
3209	1734	1024916284	real
3209	1735	1082029038	real
3209	1939	1024916284	real
3209	9633	11460592272901	private_dummy
3210	2072	934574386	real
3210	2074	991687140	real
3210	9634	11460592272901	private_dummy
3211	4596	1314620714	real
3211	9635	11460592272901	private_dummy
3212	4598	1134625683	real
3212	9636	11460592272901	private_dummy
3213	4600	1024916284	real
3213	9637	11460592272901	private_dummy
3214	4602	681066180	real
3214	9638	11460592272901	private_dummy
3215	4511	368262251	real
3215	9639	11460592272901	private_dummy
3216	4513	210929797	real
3216	9640	11460592272901	private_dummy
3217	4515	210929797	real
3217	9641	11460592272901	private_dummy
3218	270	1639569710	real
3218	271	1639569710	real
3218	9642	11460592272901	private_dummy
3219	867	1371733469	real
3219	868	1371733469	real
3219	9643	11460592272901	private_dummy
3220	1350	1191738437	real
3220	1351	1191738437	real
3220	9644	11460592272901	private_dummy
3221	1731	1082029038	real
3221	1732	1082029038	real
3221	9645	11460592272901	private_dummy
3222	2069	991687140	real
3222	2071	991687140	real
3222	2101	934574386	real
3222	9646	11460592272901	private_dummy
3223	2115	1044992326	real
3223	2116	1044992326	real
3223	2118	987879571	real
3223	2119	987879571	real
3223	9647	11460592272901	private_dummy
3224	2121	1130305272	real
3224	2122	1130305272	real
3224	2124	1073192518	real
3224	2125	1073192518	real
3224	9648	11460592272901	private_dummy
3225	2127	1269745858	real
3225	2128	1269745858	real
3225	2130	1212633104	real
3225	2131	1212633104	real
3225	9649	11460592272901	private_dummy
3226	2133	1533123464	real
3226	2134	1533123464	real
3226	2136	1476010710	real
3226	2137	1476010710	real
3226	9650	11460592272901	private_dummy
3227	2041	943287091	real
3227	2043	943287091	real
3227	2139	943287091	real
3227	9651	11460592272901	private_dummy
3228	278	1639569710	real
3228	279	1639569710	real
3228	587	1639569710	real
3228	9652	11460592272901	private_dummy
3229	875	1314620714	real
3229	876	1371733469	real
3229	1145	1314620714	real
3229	9653	11460592272901	private_dummy
3230	1358	1134625683	real
3230	1359	1191738437	real
3230	1593	1134625683	real
3230	9654	11460592272901	private_dummy
3231	2078	934574386	real
3231	2080	991687140	real
3231	9655	11460592272901	private_dummy
3232	2118	943287091	real
3232	2120	1000399846	real
3232	9656	11460592272901	private_dummy
3233	4604	1314620714	real
3233	9657	11460592272901	private_dummy
3234	4606	1134625683	real
3234	9658	11460592272901	private_dummy
3235	4492	1024916284	real
3235	9659	11460592272901	private_dummy
3236	4608	681066180	real
3236	9660	11460592272901	private_dummy
3237	4610	474921545	real
3237	9661	11460592272901	private_dummy
3238	4519	349558832	real
3238	9662	11460592272901	private_dummy
3239	4521	235336584	real
3239	9663	11460592272901	private_dummy
3240	276	1639569710	real
3240	277	1639569710	real
3240	9664	11460592272901	private_dummy
3241	873	1371733469	real
3241	874	1371733469	real
3241	9665	11460592272901	private_dummy
3242	1356	1191738437	real
3242	1357	1191738437	real
3242	9666	11460592272901	private_dummy
3243	1737	1082029038	real
3243	1738	1082029038	real
3243	1941	1024916284	real
3243	9667	11460592272901	private_dummy
3244	2075	991687140	real
3244	2077	991687140	real
3244	2103	934574386	real
3244	9668	11460592272901	private_dummy
3245	2115	1000399846	real
3245	2117	1000399846	real
3245	2142	943287091	real
3245	9669	11460592272901	private_dummy
3246	2154	1130305272	real
3246	2155	1130305272	real
3246	2157	1073192518	real
3246	2158	1073192518	real
3246	9670	11460592272901	private_dummy
3247	2160	1269745858	real
3247	2161	1269745858	real
3247	2163	1212633104	real
3247	2164	1212633104	real
3247	9671	11460592272901	private_dummy
3248	2166	1533123464	real
3248	2167	1533123464	real
3248	2169	1476010710	real
3248	2170	1476010710	real
3248	9672	11460592272901	private_dummy
3249	2046	943287091	real
3249	2048	943287091	real
3249	2172	943287091	real
3249	9673	11460592272901	private_dummy
3250	284	1639569710	real
3250	285	1639569710	real
3250	589	1639569710	real
3250	9674	11460592272901	private_dummy
3251	881	1314620714	real
3251	882	1371733469	real
3251	1147	1314620714	real
3251	9675	11460592272901	private_dummy
3252	1364	1134625683	real
3252	1365	1191738437	real
3252	1595	1134625683	real
3252	9676	11460592272901	private_dummy
3253	1744	1024916284	real
3253	1745	1082029038	real
3253	1945	1024916284	real
3253	9677	11460592272901	private_dummy
3254	2084	934574386	real
3254	2086	991687140	real
3254	9678	11460592272901	private_dummy
3255	2124	943287091	real
3255	2126	1000399846	real
3255	9679	11460592272901	private_dummy
3256	2157	987879571	real
3256	2159	1044992326	real
3256	9680	11460592272901	private_dummy
3257	4612	1314620714	real
3257	9681	11460592272901	private_dummy
3258	4614	1134625683	real
3258	9682	11460592272901	private_dummy
3259	4616	1024916284	real
3259	9683	11460592272901	private_dummy
3260	4618	681066180	real
3260	9684	11460592272901	private_dummy
3261	4620	474921545	real
3261	9685	11460592272901	private_dummy
3262	4622	403816026	real
3262	9686	11460592272901	private_dummy
3263	4527	407861538	real
3263	9687	11460592272901	private_dummy
3264	281	1639569710	real
3264	282	1639569710	real
3264	9688	11460592272901	private_dummy
3265	878	1371733469	real
3265	879	1371733469	real
3265	9689	11460592272901	private_dummy
3266	1361	1191738437	real
3266	1362	1191738437	real
3266	9690	11460592272901	private_dummy
3267	1741	1082029038	real
3267	1742	1082029038	real
3267	9691	11460592272901	private_dummy
3268	2081	991687140	real
3268	2083	991687140	real
3268	2105	934574386	real
3268	9692	11460592272901	private_dummy
3269	2121	1000399846	real
3269	2123	1000399846	real
3269	2144	943287091	real
3269	9693	11460592272901	private_dummy
3270	2154	1044992326	real
3270	2156	1044992326	real
3270	2175	987879571	real
3270	9694	11460592272901	private_dummy
3271	2185	1269745858	real
3271	2186	1269745858	real
3271	2188	1212633104	real
3271	2189	1212633104	real
3271	9695	11460592272901	private_dummy
3272	2191	1533123464	real
3272	2192	1533123464	real
3272	2194	1476010710	real
3272	2195	1476010710	real
3272	9696	11460592272901	private_dummy
3273	2051	943287091	real
3273	2053	943287091	real
3273	2197	943287091	real
3273	9697	11460592272901	private_dummy
3274	290	1639569710	real
3274	291	1639569710	real
3274	591	1639569710	real
3274	9698	11460592272901	private_dummy
3275	887	1314620714	real
3275	888	1371733469	real
3275	1149	1314620714	real
3275	9699	11460592272901	private_dummy
3276	1370	1134625683	real
3276	1371	1191738437	real
3276	1597	1134625683	real
3276	9700	11460592272901	private_dummy
3277	1750	1024916284	real
3277	1751	1082029038	real
3277	1947	1024916284	real
3277	9701	11460592272901	private_dummy
3278	2090	934574386	real
3278	2092	991687140	real
3278	9702	11460592272901	private_dummy
3279	2130	943287091	real
3279	2132	1000399846	real
3279	9703	11460592272901	private_dummy
3280	2163	987879571	real
3280	2165	1044992326	real
3280	9704	11460592272901	private_dummy
3281	2188	1073192518	real
3281	2190	1130305272	real
3281	9705	11460592272901	private_dummy
3282	4624	1314620714	real
3282	9706	11460592272901	private_dummy
3283	4626	1134625683	real
3283	9707	11460592272901	private_dummy
3284	4628	1024916284	real
3284	9708	11460592272901	private_dummy
3285	4630	681066180	real
3285	9709	11460592272901	private_dummy
3286	4632	474921545	real
3286	9710	11460592272901	private_dummy
3287	4634	403816026	real
3287	9711	11460592272901	private_dummy
3288	4636	403816026	real
3288	9712	11460592272901	private_dummy
3289	287	1639569710	real
3289	288	1639569710	real
3289	9713	11460592272901	private_dummy
3290	884	1371733469	real
3290	885	1371733469	real
3290	9714	11460592272901	private_dummy
3291	1367	1191738437	real
3291	1368	1191738437	real
3291	9715	11460592272901	private_dummy
3292	1747	1082029038	real
3292	1748	1082029038	real
3292	9716	11460592272901	private_dummy
3293	2087	991687140	real
3293	2089	991687140	real
3293	2107	934574386	real
3293	9717	11460592272901	private_dummy
3294	2127	1000399846	real
3294	2129	1000399846	real
3294	2146	943287091	real
3294	9718	11460592272901	private_dummy
3295	2160	1044992326	real
3295	2162	1044992326	real
3295	2177	987879571	real
3295	9719	11460592272901	private_dummy
3296	2185	1130305272	real
3296	2187	1130305272	real
3296	2200	1073192518	real
3296	9720	11460592272901	private_dummy
3297	2208	1533123464	real
3297	2209	1533123464	real
3297	2211	1476010710	real
3297	2212	1476010710	real
3297	9721	11460592272901	private_dummy
3298	2056	943287091	real
3298	2058	943287091	real
3298	2214	943287091	real
3298	9722	11460592272901	private_dummy
3299	296	1639569710	real
3299	297	1639569710	real
3299	593	1639569710	real
3299	9723	11460592272901	private_dummy
3300	893	1314620714	real
3300	894	1371733469	real
3300	1151	1314620714	real
3300	9724	11460592272901	private_dummy
3301	1376	1134625683	real
3301	1377	1191738437	real
3301	1599	1134625683	real
3301	9725	11460592272901	private_dummy
3302	1756	1024916284	real
3302	1757	1082029038	real
3302	1949	1024916284	real
3302	9726	11460592272901	private_dummy
3303	2096	934574386	real
3303	2098	991687140	real
3303	9727	11460592272901	private_dummy
3304	2136	943287091	real
3304	2138	1000399846	real
3304	9728	11460592272901	private_dummy
3305	2169	987879571	real
3305	2171	1044992326	real
3305	9729	11460592272901	private_dummy
3306	2194	1073192518	real
3306	2196	1130305272	real
3306	9730	11460592272901	private_dummy
3307	2211	1212633104	real
3307	2213	1269745858	real
3307	9731	11460592272901	private_dummy
3308	4638	1314620714	real
3308	9732	11460592272901	private_dummy
3309	4640	1134625683	real
3309	9733	11460592272901	private_dummy
3310	4642	1024916284	real
3310	9734	11460592272901	private_dummy
3311	4644	681066180	real
3311	9735	11460592272901	private_dummy
3312	4646	474921545	real
3312	9736	11460592272901	private_dummy
3313	4648	403816026	real
3313	9737	11460592272901	private_dummy
3314	4650	403816026	real
3314	9738	11460592272901	private_dummy
3315	293	1639569710	real
3315	294	1639569710	real
3315	9739	11460592272901	private_dummy
3316	890	1371733469	real
3316	891	1371733469	real
3316	9740	11460592272901	private_dummy
3317	1373	1191738437	real
3317	1374	1191738437	real
3317	9741	11460592272901	private_dummy
3318	1753	1082029038	real
3318	1754	1082029038	real
3318	9742	11460592272901	private_dummy
3319	2093	991687140	real
3319	2095	991687140	real
3319	2109	934574386	real
3319	9743	11460592272901	private_dummy
3320	2133	1000399846	real
3320	2135	1000399846	real
3320	2148	943287091	real
3320	9744	11460592272901	private_dummy
3321	2166	1044992326	real
3321	2168	1044992326	real
3321	2179	987879571	real
3321	9745	11460592272901	private_dummy
3322	2191	1130305272	real
3322	2193	1130305272	real
3322	2202	1073192518	real
3322	9746	11460592272901	private_dummy
3323	2208	1269745858	real
3323	2210	1269745858	real
3323	2217	1212633104	real
3323	9747	11460592272901	private_dummy
3324	2061	943287091	real
3324	2063	943287091	real
3324	2223	943287091	real
3324	9748	11460592272901	private_dummy
3325	2139	943287091	real
3325	2140	1000399846	real
3325	2150	943287091	real
3325	9749	11460592272901	private_dummy
3326	2172	987879571	real
3326	2173	1044992326	real
3326	2181	987879571	real
3326	9750	11460592272901	private_dummy
3327	2197	1073192518	real
3327	2198	1130305272	real
3327	2204	1073192518	real
3327	9751	11460592272901	private_dummy
3328	2214	1212633104	real
3328	2215	1269745858	real
3328	2219	1212633104	real
3328	9752	11460592272901	private_dummy
3329	2223	1476010710	real
3329	2224	1533123464	real
3329	9753	11460592272901	private_dummy
3330	261	1639569710	real
3330	262	1639569710	real
3330	580	1639569710	real
3330	9754	11460592272901	private_dummy
3331	858	1314620714	real
3331	859	1314620714	real
3331	1138	1314620714	real
3331	9755	11460592272901	private_dummy
3332	1341	1134625683	real
3332	1342	1134625683	real
3332	1586	1134625683	real
3332	9756	11460592272901	private_dummy
3333	1722	1024916284	real
3333	1723	1024916284	real
3333	1935	1024916284	real
3333	9757	11460592272901	private_dummy
3334	2036	934574386	real
3334	2037	934574386	real
3334	2039	934574386	real
3334	9758	11460592272901	private_dummy
3335	2041	943287091	real
3335	2042	943287091	real
3335	2044	943287091	real
3335	9759	11460592272901	private_dummy
3336	2046	987879571	real
3336	2047	987879571	real
3336	2049	987879571	real
3336	9760	11460592272901	private_dummy
3337	2051	1073192518	real
3337	2052	1073192518	real
3337	2054	1073192518	real
3337	9761	11460592272901	private_dummy
3338	2056	1212633104	real
3338	2057	1212633104	real
3338	2059	1212633104	real
3338	9762	11460592272901	private_dummy
3339	2061	1476010710	real
3339	2062	1476010710	real
3339	2064	1476010710	real
3339	9763	11460592272901	private_dummy
3340	4568	737880589	real
3340	9764	11460592272901	private_dummy
3341	4568	737880589	real
3341	9765	11460592272901	private_dummy
3342	4569	737880589	real
3342	9766	11460592272901	private_dummy
3343	4569	737880589	real
3343	9767	11460592272901	private_dummy
3344	4570	417808791	real
3344	9768	11460592272901	private_dummy
3345	4570	474921545	real
3345	9769	11460592272901	private_dummy
3346	4571	292446078	real
3346	9770	11460592272901	private_dummy
3347	4571	349558832	real
3347	9771	11460592272901	private_dummy
3348	4572	547144236	real
3348	9772	11460592272901	private_dummy
3349	4572	604256990	real
3349	9773	11460592272901	private_dummy
3350	2294	1212633104	real
3350	9774	11460592272901	private_dummy
3351	2286	1073192518	real
3351	9775	11460592272901	private_dummy
3352	2274	987879571	real
3352	9776	11460592272901	private_dummy
3353	2258	943287091	real
3353	9777	11460592272901	private_dummy
3354	2237	934574386	real
3354	9778	11460592272901	private_dummy
3355	2299	1476010710	real
3355	9779	11460592272901	private_dummy
3356	2284	1073192518	real
3356	9780	11460592272901	private_dummy
3357	2272	987879571	real
3357	9781	11460592272901	private_dummy
3358	2256	943287091	real
3358	9782	11460592272901	private_dummy
3359	2235	934574386	real
3359	9783	11460592272901	private_dummy
3360	2270	987879571	real
3360	9784	11460592272901	private_dummy
3361	2254	943287091	real
3361	9785	11460592272901	private_dummy
3362	2233	934574386	real
3362	9786	11460592272901	private_dummy
3363	2252	943287091	real
3363	9787	11460592272901	private_dummy
3364	2231	934574386	real
3364	9788	11460592272901	private_dummy
3365	2229	934574386	real
3365	9789	11460592272901	private_dummy
3366	2040	960912471	real
3366	9790	11460592272901	private_dummy
3367	1934	960912471	real
3367	9791	11460592272901	private_dummy
3368	1585	960912471	real
3368	9792	11460592272901	private_dummy
3369	1137	960912471	real
3369	9793	11460592272901	private_dummy
3370	579	960912471	real
3370	9794	11460592272901	private_dummy
3371	4699	646256547	real
3371	9795	11460592272901	private_dummy
3372	4697	356658277	real
3372	9796	11460592272901	private_dummy
3373	4702	647783820	real
3373	9797	11460592272901	private_dummy
3374	4702	622182589	real
3374	9798	11460592272901	private_dummy
3375	4696	138629035	real
3375	9799	11460592272901	private_dummy
3376	4694	289598270	real
3376	4695	289598270	real
3376	9800	11460592272901	private_dummy
3377	4684	78668473	real
3377	4685	249998983	real
3377	9801	11460592272901	private_dummy
3378	4687	435326750	real
3378	4688	435326750	real
3378	9802	11460592272901	private_dummy
3379	4709	92666529	real
3379	9803	11460592272901	private_dummy
3380	4685	407331436	real
3380	9804	11460592272901	private_dummy
3381	4698	943287091	real
3381	9805	11460592272901	private_dummy
3382	4711	446930723	real
3382	9806	11460592272901	private_dummy
3383	4684	471995666	real
3383	9807	11460592272901	private_dummy
3384	4691	311153988	real
3384	4692	600752258	real
3384	9808	11460592272901	private_dummy
3385	4713	934574386	real
3385	9809	11460592272901	private_dummy
3386	4688	325152045	real
3386	9810	11460592272901	private_dummy
3387	4692	522083785	real
3387	9811	11460592272901	private_dummy
3388	4715	325152045	real
3388	9812	11460592272901	private_dummy
3389	4687	485993722	real
3389	9813	11460592272901	private_dummy
3390	4691	356658277	real
3390	9814	11460592272901	private_dummy
3391	4717	553590018	real
3391	9815	11460592272901	private_dummy
3392	4704	529516060	real
3392	9816	11460592272901	private_dummy
3393	4704	529516060	real
3393	9817	11460592272901	private_dummy
3394	4702	632591320	real
3394	4703	295961488	real
3394	4708	138629035	real
3394	9818	11460592272901	private_dummy
3395	4712	606657260	real
3395	9819	11460592272901	private_dummy
3396	4714	192886229	real
3396	9820	11460592272901	private_dummy
3397	4702	653688822	real
3397	4703	513990731	real
3397	4710	356658277	real
3397	9821	11460592272901	private_dummy
3398	4712	803589001	real
3398	9822	11460592272901	private_dummy
3399	4714	192886229	real
3399	9823	11460592272901	private_dummy
3400	4701	249998983	real
3400	9824	11460592272901	private_dummy
3401	4701	249998983	real
3401	9825	11460592272901	private_dummy
3402	4700	407331436	real
3402	9826	11460592272901	private_dummy
3403	4716	435326750	real
3403	9827	11460592272901	private_dummy
3404	4718	414229248	real
3404	9828	11460592272901	private_dummy
3405	4700	643326175	real
3405	9829	11460592272901	private_dummy
3406	4716	632258491	real
3406	9830	11460592272901	private_dummy
3407	4718	414229248	real
3407	9831	11460592272901	private_dummy
3408	4661	604256990	real
3408	9832	11460592272901	private_dummy
3409	4686	407325249	real
3409	9833	11460592272901	private_dummy
3410	4686	299545523	real
3410	9834	11460592272901	private_dummy
3411	4652	602099362	real
3411	4653	659212116	real
3411	9835	11460592272901	private_dummy
3412	4654	428876476	real
3412	4655	428876476	real
3412	9836	11460592272901	private_dummy
3413	4656	535532974	real
3413	4657	535532974	real
3413	9837	11460592272901	private_dummy
3414	4658	844744762	real
3414	4659	844744762	real
3414	9838	11460592272901	private_dummy
3415	4660	738178934	real
3415	9839	11460592272901	private_dummy
3416	4725	622182589	real
3416	9840	11460592272901	private_dummy
3417	4725	299545523	real
3417	9841	11460592272901	private_dummy
3418	4653	659212116	real
3418	9842	11460592272901	private_dummy
3419	4669	192881737	real
3419	4670	192881737	real
3419	9843	11460592272901	private_dummy
3420	4671	452634092	real
3420	9844	11460592272901	private_dummy
3421	4689	309959545	real
3421	9845	11460592272901	private_dummy
3422	4689	71107550	real
3422	9846	11460592272901	private_dummy
3423	4652	844744762	real
3423	9847	11460592272901	private_dummy
3424	4662	271544022	real
3424	4663	328656777	real
3424	9848	11460592272901	private_dummy
3425	4664	220877050	real
3425	4665	220877050	real
3425	9849	11460592272901	private_dummy
3426	4666	486401362	real
3426	4667	486401362	real
3426	9850	11460592272901	private_dummy
3427	4668	486530011	real
3427	9851	11460592272901	private_dummy
3428	4728	325152045	real
3428	9852	11460592272901	private_dummy
3429	4728	71107550	real
3429	9853	11460592272901	private_dummy
3430	4655	428876476	real
3430	9854	11460592272901	private_dummy
3431	4663	328656777	real
3431	9855	11460592272901	private_dummy
3432	4677	604256990	real
3432	9856	11460592272901	private_dummy
3433	4690	484134439	real
3433	9857	11460592272901	private_dummy
3434	4690	299545523	real
3434	9858	11460592272901	private_dummy
3435	4654	486401362	real
3435	9859	11460592272901	private_dummy
3436	4662	486401362	real
3436	9860	11460592272901	private_dummy
3437	4672	220877050	real
3437	4673	220877050	real
3437	9861	11460592272901	private_dummy
3438	4674	417808791	real
3438	4675	417808791	real
3438	9862	11460592272901	private_dummy
3439	4676	486530011	real
3439	9863	11460592272901	private_dummy
3440	4731	356658277	real
3440	9864	11460592272901	private_dummy
3441	4731	356658277	real
3441	9865	11460592272901	private_dummy
3442	4657	535532974	real
3442	9866	11460592272901	private_dummy
3443	4665	220877050	real
3443	4670	220877050	real
3443	9867	11460592272901	private_dummy
3444	4673	220877050	real
3444	9868	11460592272901	private_dummy
3445	4681	592645728	real
3445	9869	11460592272901	private_dummy
3446	4693	867055990	real
3446	9870	11460592272901	private_dummy
3447	4693	902609765	real
3447	9871	11460592272901	private_dummy
3448	4656	451428472	real
3448	9872	11460592272901	private_dummy
3449	4664	174178318	real
3449	4669	174178318	real
3449	9873	11460592272901	private_dummy
3450	4672	245283838	real
3450	9874	11460592272901	private_dummy
3451	4678	693393268	real
3451	4679	750506022	real
3451	9875	11460592272901	private_dummy
3452	4680	788387517	real
3452	9876	11460592272901	private_dummy
3453	4734	592645728	real
3453	9877	11460592272901	private_dummy
3454	4734	706867976	real
3454	9878	11460592272901	private_dummy
3455	4659	844744762	real
3455	9879	11460592272901	private_dummy
3456	4667	486401362	real
3456	9880	11460592272901	private_dummy
3457	4675	417808791	real
3457	9881	11460592272901	private_dummy
3458	4679	750506022	real
3458	9882	11460592272901	private_dummy
3459	4683	731274763	real
3459	9883	11460592272901	private_dummy
3460	4736	592645728	real
3460	9884	11460592272901	private_dummy
3461	4736	706867976	real
3461	9885	11460592272901	private_dummy
3462	4658	693393268	real
3462	9886	11460592272901	private_dummy
3463	4666	348353212	real
3463	9887	11460592272901	private_dummy
3464	4674	299541031	real
3464	9888	11460592272901	private_dummy
3465	4678	693393268	real
3465	9889	11460592272901	private_dummy
3466	4682	628199503	real
3466	9890	11460592272901	private_dummy
3467	4738	685312257	real
3467	9891	11460592272901	private_dummy
3468	4738	799534505	real
3468	9892	11460592272901	private_dummy
3469	4706	370656334	real
3469	9893	11460592272901	private_dummy
3470	4706	473731594	real
3470	9894	11460592272901	private_dummy
3471	4724	484134439	real
3471	9895	11460592272901	private_dummy
3472	4726	277989805	real
3472	9896	11460592272901	private_dummy
3473	4727	206884285	real
3473	9897	11460592272901	private_dummy
3474	4729	206884285	real
3474	9898	11460592272901	private_dummy
3475	4707	185323276	real
3475	9899	11460592272901	private_dummy
3476	4707	242436030	real
3476	9900	11460592272901	private_dummy
3477	4730	277989805	real
3477	9901	11460592272901	private_dummy
3478	4732	541247193	real
3478	9902	11460592272901	private_dummy
3479	4733	592645728	real
3479	9903	11460592272901	private_dummy
3480	4737	513977256	real
3480	9904	11460592272901	private_dummy
3481	4739	513977256	real
3481	9905	11460592272901	private_dummy
3482	4735	788387517	real
3482	9906	11460592272901	private_dummy
3483	4737	592645728	real
3483	9907	11460592272901	private_dummy
3484	4739	513977256	real
3484	9908	11460592272901	private_dummy
3485	4704	586628814	real
3485	4705	586628814	real
3485	9909	11460592272901	private_dummy
3486	4704	586628814	real
3486	4705	586628814	real
3486	9910	11460592272901	private_dummy
3487	2064	960912471	real
3487	2065	960912471	real
3487	9911	11460592272901	private_dummy
3488	2293	1269745858	real
3488	2295	1212633104	real
3488	9912	11460592272901	private_dummy
3489	2285	1130305272	real
3489	2289	1073192518	real
3489	9913	11460592272901	private_dummy
3490	2273	1044992326	real
3490	2279	987879571	real
3490	9914	11460592272901	private_dummy
3491	2257	1000399846	real
3491	2265	943287091	real
3491	9915	11460592272901	private_dummy
3492	2236	991687140	real
3492	2247	934574386	real
3492	9916	11460592272901	private_dummy
3493	1771	1082029038	real
3493	1772	1024916284	real
3493	1960	1024916284	real
3493	9917	11460592272901	private_dummy
3494	1390	1191738437	real
3494	1391	1134625683	real
3494	1611	1134625683	real
3494	9918	11460592272901	private_dummy
3495	907	1371733469	real
3495	908	1314620714	real
3495	1163	1314620714	real
3495	9919	11460592272901	private_dummy
3496	310	1639569710	real
3496	311	1639569710	real
3496	605	1639569710	real
3496	9920	11460592272901	private_dummy
3497	2062	960912471	real
3497	2063	960912471	real
3497	9921	11460592272901	private_dummy
3498	4741	901857516	real
3498	9922	11460592272901	private_dummy
3499	4743	737880589	real
3499	9923	11460592272901	private_dummy
3500	4745	646589376	real
3500	9924	11460592272901	private_dummy
3501	4747	604256990	real
3501	9925	11460592272901	private_dummy
3502	4749	431732036	real
3502	9926	11460592272901	private_dummy
3503	4751	369912191	real
3503	9927	11460592272901	private_dummy
3504	4753	369912191	real
3504	9928	11460592272901	private_dummy
3505	2295	1476010710	real
3505	2296	1476010710	real
3505	9929	11460592272901	private_dummy
3506	2059	960912471	real
3506	2060	960912471	real
3506	9930	11460592272901	private_dummy
3507	2293	1533123464	real
3507	9931	11460592272901	private_dummy
3508	2283	1130305272	real
3508	2287	1073192518	real
3508	9932	11460592272901	private_dummy
3509	2271	1044992326	real
3509	2277	987879571	real
3509	9933	11460592272901	private_dummy
3510	2255	1000399846	real
3510	2263	943287091	real
3510	9934	11460592272901	private_dummy
3511	2234	991687140	real
3511	2245	934574386	real
3511	9935	11460592272901	private_dummy
3512	1769	1082029038	real
3512	1770	1024916284	real
3512	1958	1024916284	real
3512	9936	11460592272901	private_dummy
3513	1388	1191738437	real
3513	1389	1134625683	real
3513	1609	1134625683	real
3513	9937	11460592272901	private_dummy
3514	905	1371733469	real
3514	906	1314620714	real
3514	1161	1314620714	real
3514	9938	11460592272901	private_dummy
3515	308	1639569710	real
3515	309	1639569710	real
3515	603	1639569710	real
3515	9939	11460592272901	private_dummy
3516	2057	960912471	real
3516	2058	960912471	real
3516	9940	11460592272901	private_dummy
3517	4756	1037638743	real
3517	9941	11460592272901	private_dummy
3518	4758	737880589	real
3518	9942	11460592272901	private_dummy
3519	4760	586628814	real
3519	9943	11460592272901	private_dummy
3520	4762	510400509	real
3520	9944	11460592272901	private_dummy
3521	4764	314005057	real
3521	9945	11460592272901	private_dummy
3522	4766	242436030	real
3522	9946	11460592272901	private_dummy
3523	4768	242436030	real
3523	9947	11460592272901	private_dummy
3524	2289	1476010710	real
3524	2290	1476010710	real
3524	9948	11460592272901	private_dummy
3525	2287	1212633104	real
3525	2288	1212633104	real
3525	9949	11460592272901	private_dummy
3526	2054	960912471	real
3526	2055	960912471	real
3526	9950	11460592272901	private_dummy
3527	2285	1533123464	real
3527	9951	11460592272901	private_dummy
3528	2283	1269745858	real
3528	9952	11460592272901	private_dummy
3529	2269	1044992326	real
3529	2275	987879571	real
3529	9953	11460592272901	private_dummy
3530	2253	1000399846	real
3530	2261	943287091	real
3530	9954	11460592272901	private_dummy
3531	2232	991687140	real
3531	2243	934574386	real
3531	9955	11460592272901	private_dummy
3532	1767	1082029038	real
3532	1768	1024916284	real
3532	1956	1024916284	real
3532	9956	11460592272901	private_dummy
3533	1386	1191738437	real
3533	1387	1134625683	real
3533	1607	1134625683	real
3533	9957	11460592272901	private_dummy
3534	903	1371733469	real
3534	904	1314620714	real
3534	1159	1314620714	real
3534	9958	11460592272901	private_dummy
3535	306	1639569710	real
3535	307	1639569710	real
3535	601	1639569710	real
3535	9959	11460592272901	private_dummy
3536	2052	960912471	real
3536	2053	960912471	real
3536	9960	11460592272901	private_dummy
3537	4771	1212633104	real
3537	9961	11460592272901	private_dummy
3538	4773	933622378	real
3538	9962	11460592272901	private_dummy
3539	4775	646589376	real
3539	9963	11460592272901	private_dummy
3540	4777	510400509	real
3540	9964	11460592272901	private_dummy
3541	4779	280109138	real
3541	9965	11460592272901	private_dummy
3542	4781	195737297	real
3542	9966	11460592272901	private_dummy
3543	4783	195737297	real
3543	9967	11460592272901	private_dummy
3544	2279	1476010710	real
3544	2280	1476010710	real
3544	9968	11460592272901	private_dummy
3545	2277	1212633104	real
3545	2278	1212633104	real
3545	9969	11460592272901	private_dummy
3546	2275	1073192518	real
3546	2276	1073192518	real
3546	9970	11460592272901	private_dummy
3547	1766	1024916284	real
3547	9971	11460592272901	private_dummy
3548	2049	960912471	real
3548	2050	960912471	real
3548	9972	11460592272901	private_dummy
3549	2273	1533123464	real
3549	9973	11460592272901	private_dummy
3550	2271	1269745858	real
3550	9974	11460592272901	private_dummy
3551	2269	1130305272	real
3551	9975	11460592272901	private_dummy
3552	2251	1000399846	real
3552	2259	943287091	real
3552	9976	11460592272901	private_dummy
3553	2230	991687140	real
3553	2241	934574386	real
3553	9977	11460592272901	private_dummy
3554	1764	1082029038	real
3554	1765	1024916284	real
3554	9978	11460592272901	private_dummy
3555	1384	1191738437	real
3555	1385	1134625683	real
3555	1605	1134625683	real
3555	9979	11460592272901	private_dummy
3556	901	1371733469	real
3556	902	1314620714	real
3556	1157	1314620714	real
3556	9980	11460592272901	private_dummy
3557	304	1639569710	real
3557	305	1639569710	real
3557	599	1639569710	real
3557	9981	11460592272901	private_dummy
3558	2047	960912471	real
3558	2048	960912471	real
3558	9982	11460592272901	private_dummy
3559	4786	1212633104	real
3559	9983	11460592272901	private_dummy
3560	4788	1073192518	real
3560	9984	11460592272901	private_dummy
3561	4790	876227084	real
3561	9985	11460592272901	private_dummy
3562	4792	604256990	real
3562	9986	11460592272901	private_dummy
3563	4794	314005057	real
3563	9987	11460592272901	private_dummy
3564	4796	210929797	real
3564	9988	11460592272901	private_dummy
3565	4798	210929797	real
3565	9989	11460592272901	private_dummy
3566	2265	1476010710	real
3566	2266	1476010710	real
3566	9990	11460592272901	private_dummy
3567	2263	1212633104	real
3567	2264	1212633104	real
3567	9991	11460592272901	private_dummy
3568	2261	1073192518	real
3568	2262	1073192518	real
3568	9992	11460592272901	private_dummy
3569	2259	987879571	real
3569	2260	987879571	real
3569	9993	11460592272901	private_dummy
3570	2044	960912471	real
3570	2045	960912471	real
3570	9994	11460592272901	private_dummy
3571	2257	1533123464	real
3571	9995	11460592272901	private_dummy
3572	2255	1269745858	real
3572	9996	11460592272901	private_dummy
3573	2253	1130305272	real
3573	9997	11460592272901	private_dummy
3574	2251	1044992326	real
3574	9998	11460592272901	private_dummy
3575	2228	991687140	real
3575	2239	934574386	real
3575	9999	11460592272901	private_dummy
3576	1761	1082029038	real
3576	1762	1024916284	real
3576	1954	1024916284	real
3576	10000	11460592272901	private_dummy
3577	1381	1191738437	real
3577	1382	1134625683	real
3577	1604	1134625683	real
3577	10001	11460592272901	private_dummy
3578	898	1371733469	real
3578	899	1314620714	real
3578	1156	1314620714	real
3578	10002	11460592272901	private_dummy
3579	301	1639569710	real
3579	302	1639569710	real
3579	598	1639569710	real
3579	10003	11460592272901	private_dummy
3580	2042	960912471	real
3580	2043	960912471	real
3580	10004	11460592272901	private_dummy
3581	4801	1212633104	real
3581	10005	11460592272901	private_dummy
3582	4803	1073192518	real
3582	10006	11460592272901	private_dummy
3583	4805	987879571	real
3583	10007	11460592272901	private_dummy
3584	4807	857765196	real
3584	10008	11460592272901	private_dummy
3585	4809	431732036	real
3585	10009	11460592272901	private_dummy
3586	4811	293103002	real
3586	10010	11460592272901	private_dummy
3587	4813	293103002	real
3587	10011	11460592272901	private_dummy
3588	2247	1476010710	real
3588	2248	1476010710	real
3588	10012	11460592272901	private_dummy
3589	2245	1212633104	real
3589	2246	1212633104	real
3589	10013	11460592272901	private_dummy
3590	2243	1073192518	real
3590	2244	1073192518	real
3590	10014	11460592272901	private_dummy
3591	2241	987879571	real
3591	2242	987879571	real
3591	10015	11460592272901	private_dummy
3592	2239	943287091	real
3592	2240	943287091	real
3592	10016	11460592272901	private_dummy
3593	2236	1533123464	real
3593	10017	11460592272901	private_dummy
3594	2234	1269745858	real
3594	10018	11460592272901	private_dummy
3595	2232	1130305272	real
3595	10019	11460592272901	private_dummy
3596	2230	1044992326	real
3596	10020	11460592272901	private_dummy
3597	2228	1000399846	real
3597	10021	11460592272901	private_dummy
3598	1759	1082029038	real
3598	1760	1024916284	real
3598	1952	1024916284	real
3598	10022	11460592272901	private_dummy
3599	1379	1191738437	real
3599	1380	1134625683	real
3599	1602	1134625683	real
3599	10023	11460592272901	private_dummy
3600	896	1371733469	real
3600	897	1314620714	real
3600	1154	1314620714	real
3600	10024	11460592272901	private_dummy
3601	299	1639569710	real
3601	300	1639569710	real
3601	596	1639569710	real
3601	10025	11460592272901	private_dummy
3602	2037	960912471	real
3602	2038	960912471	real
3602	2238	960912471	real
3602	10026	11460592272901	private_dummy
3603	4816	1212633104	real
3603	10027	11460592272901	private_dummy
3604	4818	1073192518	real
3604	10028	11460592272901	private_dummy
3605	4820	987879571	real
3605	10029	11460592272901	private_dummy
3606	4822	943287091	real
3606	10030	11460592272901	private_dummy
3607	4824	817924378	real
3607	10031	11460592272901	private_dummy
3608	4826	622182589	real
3608	10032	11460592272901	private_dummy
3609	4828	622182589	real
3609	10033	11460592272901	private_dummy
3610	1721	960912471	real
3610	1723	960912471	real
3610	1773	960912471	real
3610	10034	11460592272901	private_dummy
3611	4115	1212633104	real
3611	4117	1409028556	real
3611	10035	11460592272901	private_dummy
3612	4112	1073192518	real
3612	10036	11460592272901	private_dummy
3613	4216	987879571	real
3613	10037	11460592272901	private_dummy
3614	4107	943287091	real
3614	10038	11460592272901	private_dummy
3615	4105	934574386	real
3615	10039	11460592272901	private_dummy
3616	4214	763980730	real
3616	10040	11460592272901	private_dummy
3617	4212	628199503	real
3617	10041	11460592272901	private_dummy
3618	1340	960912471	real
3618	1342	960912471	real
3618	1392	960912471	real
3618	10042	11460592272901	private_dummy
3619	3712	1212633104	real
3619	3714	1409028556	real
3619	10043	11460592272901	private_dummy
3620	3709	1073192518	real
3620	10044	11460592272901	private_dummy
3621	3815	987879571	real
3621	10045	11460592272901	private_dummy
3622	3704	943287091	real
3622	10046	11460592272901	private_dummy
3623	3702	934574386	real
3623	10047	11460592272901	private_dummy
3624	3813	788387517	real
3624	10048	11460592272901	private_dummy
3625	3811	571090010	real
3625	10049	11460592272901	private_dummy
3626	857	960912471	real
3626	859	960912471	real
3626	909	960912471	real
3626	10050	11460592272901	private_dummy
3627	3281	1212633104	real
3627	3283	1409028556	real
3627	10051	11460592272901	private_dummy
3628	3278	1073192518	real
3628	10052	11460592272901	private_dummy
3629	3384	987879571	real
3629	10053	11460592272901	private_dummy
3630	3273	943287091	real
3630	10054	11460592272901	private_dummy
3631	3271	934574386	real
3631	10055	11460592272901	private_dummy
3632	3382	788387517	real
3632	10056	11460592272901	private_dummy
3633	3380	649758483	real
3633	10057	11460592272901	private_dummy
3634	260	960912471	real
3634	262	960912471	real
3634	312	960912471	real
3634	10058	11460592272901	private_dummy
3635	2820	1212633104	real
3635	2822	1409028556	real
3635	10059	11460592272901	private_dummy
3636	2817	1073192518	real
3636	10060	11460592272901	private_dummy
3637	2923	987879571	real
3637	10061	11460592272901	private_dummy
3638	2812	943287091	real
3638	10062	11460592272901	private_dummy
3639	2810	934574386	real
3639	10063	11460592272901	private_dummy
3640	2921	788387517	real
3640	10064	11460592272901	private_dummy
3641	2919	649758483	real
3641	10065	11460592272901	private_dummy
3642	2238	934574386	real
3642	10066	11460592272901	private_dummy
3643	1773	1024916284	real
3643	1774	1024916284	real
3643	10067	11460592272901	private_dummy
3644	1392	1134625683	real
3644	1393	1134625683	real
3644	10068	11460592272901	private_dummy
3645	909	1314620714	real
3645	910	1314620714	real
3645	10069	11460592272901	private_dummy
3646	312	1639569710	real
3646	313	1639569710	real
3646	10070	11460592272901	private_dummy
3647	4719	599094307	real
3647	10071	11460592272901	private_dummy
3648	4719	599094307	real
3648	10072	11460592272901	private_dummy
3649	4720	370656334	real
3649	10073	11460592272901	private_dummy
3650	4720	370656334	real
3650	10074	11460592272901	private_dummy
3651	4721	599094307	real
3651	10075	11460592272901	private_dummy
3652	4721	599094307	real
3652	10076	11460592272901	private_dummy
3653	4722	592645728	real
3653	10077	11460592272901	private_dummy
3654	4722	535532974	real
3654	10078	11460592272901	private_dummy
3655	4723	685312257	real
3655	10079	11460592272901	private_dummy
3656	4723	628199503	real
3656	10080	11460592272901	private_dummy
3657	347	1639569710	real
3657	10081	11460592272901	private_dummy
3658	944	1371733469	real
3658	10082	11460592272901	private_dummy
3659	1427	1191738437	real
3659	10083	11460592272901	private_dummy
3660	1788	1082029038	real
3660	1967	1024916284	real
3660	10084	11460592272901	private_dummy
3661	1807	1082029038	real
3661	10085	11460592272901	private_dummy
3662	2099	1018025225	real
3662	10086	11460592272901	private_dummy
3663	2355	1044992326	real
3663	10087	11460592272901	private_dummy
3664	2357	1130305272	real
3664	10088	11460592272901	private_dummy
3665	2359	1269745858	real
3665	10089	11460592272901	private_dummy
3666	2361	1533123464	real
3666	10090	11460592272901	private_dummy
3667	2304	934574386	real
3667	10091	11460592272901	private_dummy
3668	2388	1130305272	real
3668	10092	11460592272901	private_dummy
3669	2390	1269745858	real
3669	10093	11460592272901	private_dummy
3670	2392	1533123464	real
3670	10094	11460592272901	private_dummy
3671	2309	934574386	real
3671	10095	11460592272901	private_dummy
3672	2413	1269745858	real
3672	10096	11460592272901	private_dummy
3673	2415	1533123464	real
3673	10097	11460592272901	private_dummy
3674	2314	934574386	real
3674	10098	11460592272901	private_dummy
3675	2430	1533123464	real
3675	10099	11460592272901	private_dummy
3676	2319	934574386	real
3676	10100	11460592272901	private_dummy
3677	2324	934574386	real
3677	10101	11460592272901	private_dummy
3678	4895	819114330	real
3678	10102	11460592272901	private_dummy
3679	4893	349558832	real
3679	10103	11460592272901	private_dummy
3680	4898	545954284	real
3680	10104	11460592272901	private_dummy
3681	4898	603067038	real
3681	10105	11460592272901	private_dummy
3682	4892	138629035	real
3682	10106	11460592272901	private_dummy
3683	4890	255702351	real
3683	4891	255702351	real
3683	10107	11460592272901	private_dummy
3684	4880	0	real
3684	4881	138629035	real
3684	10108	11460592272901	private_dummy
3685	4883	295961488	real
3685	4884	295961488	real
3685	10109	11460592272901	private_dummy
3686	4905	117073316	real
3686	10110	11460592272901	private_dummy
3687	4881	334370824	real
3687	10111	11460592272901	private_dummy
3688	4894	805238941	real
3688	10112	11460592272901	private_dummy
3689	4907	428227305	real
3689	10113	11460592272901	private_dummy
3690	4880	263991748	real
3690	10114	11460592272901	private_dummy
3691	4887	232485516	real
3691	4888	389817969	real
3691	10115	11460592272901	private_dummy
3692	4909	671316997	real
3692	10116	11460592272901	private_dummy
3693	4884	393327193	real
3693	10117	11460592272901	private_dummy
3694	4888	389817969	real
3694	10118	11460592272901	private_dummy
3695	4911	429417256	real
3695	10119	11460592272901	private_dummy
3696	4883	393327193	real
3696	10120	11460592272901	private_dummy
3697	4887	210929797	real
3697	10121	11460592272901	private_dummy
3698	4913	604256990	real
3698	10122	11460592272901	private_dummy
3699	4900	624622757	real
3699	10123	11460592272901	private_dummy
3700	4900	545954284	real
3700	10124	11460592272901	private_dummy
3701	4898	624622757	real
3701	4899	428227305	real
3701	4904	138629035	real
3701	10125	11460592272901	private_dummy
3702	4908	553590018	real
3702	10126	11460592272901	private_dummy
3703	4910	232485516	real
3703	10127	11460592272901	private_dummy
3704	4898	657324232	real
3704	4899	678226287	real
3704	4906	309959545	real
3704	10128	11460592272901	private_dummy
3705	4908	803589001	real
3705	10129	11460592272901	private_dummy
3706	4910	311153988	real
3706	10130	11460592272901	private_dummy
3707	4897	349558832	real
3707	10131	11460592272901	private_dummy
3708	4897	428227305	real
3708	10132	11460592272901	private_dummy
3709	4896	623969094	real
3709	10133	11460592272901	private_dummy
3710	4912	314005057	real
3710	10134	11460592272901	private_dummy
3711	4914	531302564	real
3711	10135	11460592272901	private_dummy
3712	4896	692219053	real
3712	10136	11460592272901	private_dummy
3713	4912	568046291	real
3713	10137	11460592272901	private_dummy
3714	4914	371114550	real
3714	10138	11460592272901	private_dummy
3715	4839	547144236	real
3715	10139	11460592272901	private_dummy
3716	4882	681066180	real
3716	10140	11460592272901	private_dummy
3717	4882	278448021	real
3717	10141	11460592272901	private_dummy
3718	4830	693393268	real
3718	4831	750506022	real
3718	10142	11460592272901	private_dummy
3719	4832	245283838	real
3719	4833	245283838	real
3719	10143	11460592272901	private_dummy
3720	4834	486401362	real
3720	4835	486401362	real
3720	10144	11460592272901	private_dummy
3721	4836	844744762	real
3721	4837	844744762	real
3721	10145	11460592272901	private_dummy
3722	4838	671316997	real
3722	10146	11460592272901	private_dummy
3723	4921	819114330	real
3723	10147	11460592272901	private_dummy
3724	4921	278448021	real
3724	10148	11460592272901	private_dummy
3725	4831	750506022	real
3725	10149	11460592272901	private_dummy
3726	4849	174178318	real
3726	4850	174178318	real
3726	10150	11460592272901	private_dummy
3727	4851	453287755	real
3727	10151	11460592272901	private_dummy
3728	4885	506891285	real
3728	10152	11460592272901	private_dummy
3729	4885	139818987	real
3729	10153	11460592272901	private_dummy
3730	4830	998844456	real
3730	10154	11460592272901	private_dummy
3731	4840	106654803	real
3731	4841	163767557	real
3731	10155	11460592272901	private_dummy
3732	4842	220877050	real
3732	4843	220877050	real
3732	10156	11460592272901	private_dummy
3733	4844	535532974	real
3733	4845	535532974	real
3733	10157	11460592272901	private_dummy
3734	4846	453287755	real
3734	10158	11460592272901	private_dummy
3735	4924	553590018	real
3735	10159	11460592272901	private_dummy
3736	4924	139818987	real
3736	10160	11460592272901	private_dummy
3737	4833	417808791	real
3737	10161	11460592272901	private_dummy
3738	4841	277989805	real
3738	10162	11460592272901	private_dummy
3739	4864	738178934	real
3739	10163	11460592272901	private_dummy
3740	4886	622182589	real
3740	10164	11460592272901	private_dummy
3741	4886	232485516	real
3741	10165	11460592272901	private_dummy
3742	4832	535532974	real
3742	10166	11460592272901	private_dummy
3743	4840	535532974	real
3743	10167	11460592272901	private_dummy
3744	4852	189370818	real
3744	4853	246483572	real
3744	10168	11460592272901	private_dummy
3745	4854	417808791	real
3745	4855	417808791	real
3745	10169	11460592272901	private_dummy
3746	4856	547144236	real
3746	10170	11460592272901	private_dummy
3747	4927	325152045	real
3747	10171	11460592272901	private_dummy
3748	4927	371114550	real
3748	10172	11460592272901	private_dummy
3749	4835	486401362	real
3749	10173	11460592272901	private_dummy
3750	4843	220877050	real
3750	4850	220877050	real
3750	10174	11460592272901	private_dummy
3751	4853	132261325	real
3751	10175	11460592272901	private_dummy
3752	4876	541247193	real
3752	10176	11460592272901	private_dummy
3753	4889	464438004	real
3753	10177	11460592272901	private_dummy
3754	4889	543106476	real
3754	10178	11460592272901	private_dummy
3755	4834	428876476	real
3755	10179	11460592272901	private_dummy
3756	4842	192881737	real
3756	4849	192881737	real
3756	10180	11460592272901	private_dummy
3757	4852	232481024	real
3757	10181	11460592272901	private_dummy
3758	4869	602099362	real
3758	4871	659212116	real
3758	10182	11460592272901	private_dummy
3759	4872	565653980	real
3759	10183	11460592272901	private_dummy
3760	4930	371771474	real
3760	10184	11460592272901	private_dummy
3761	4930	371771474	real
3761	10185	11460592272901	private_dummy
3762	4837	844744762	real
3762	10186	11460592272901	private_dummy
3763	4845	535532974	real
3763	10187	11460592272901	private_dummy
3764	4855	232481024	real
3764	10188	11460592272901	private_dummy
3765	4871	659212116	real
3765	10189	11460592272901	private_dummy
3766	4879	738178934	real
3766	10190	11460592272901	private_dummy
3767	4932	371771474	real
3767	10191	11460592272901	private_dummy
3768	4932	371771474	real
3768	10192	11460592272901	private_dummy
3769	4836	602099362	real
3769	10193	11460592272901	private_dummy
3770	4844	312799437	real
3770	10194	11460592272901	private_dummy
3771	4854	75148570	real
3771	10195	11460592272901	private_dummy
3772	4869	602099362	real
3772	10196	11460592272901	private_dummy
3773	4878	619911174	real
3773	10197	11460592272901	private_dummy
3774	4934	464438004	real
3774	10198	11460592272901	private_dummy
3775	4934	464438004	real
3775	10199	11460592272901	private_dummy
3776	4902	622182589	real
3776	10200	11460592272901	private_dummy
3777	4902	725257849	real
3777	10201	11460592272901	private_dummy
3778	4920	429417256	real
3778	10202	11460592272901	private_dummy
3779	4922	311149497	real
3779	10203	11460592272901	private_dummy
3780	4923	232485516	real
3780	10204	11460592272901	private_dummy
3781	4925	256892303	real
3781	10205	11460592272901	private_dummy
3782	4903	153817043	real
3782	10206	11460592272901	private_dummy
3783	4903	292446078	real
3783	10207	11460592272901	private_dummy
3784	4926	486530011	real
3784	10208	11460592272901	private_dummy
3785	4928	407325249	real
3785	10209	11460592272901	private_dummy
3786	4929	371771474	real
3786	10210	11460592272901	private_dummy
3787	4933	293103002	real
3787	10211	11460592272901	private_dummy
3788	4935	293103002	real
3788	10212	11460592272901	private_dummy
3789	4931	649029544	real
3789	10213	11460592272901	private_dummy
3790	4933	371771474	real
3790	10214	11460592272901	private_dummy
3791	4935	293103002	real
3791	10215	11460592272901	private_dummy
3792	4900	545954284	real
3792	4901	431732036	real
3792	10216	11460592272901	private_dummy
3793	4900	545954284	real
3793	4901	431732036	real
3793	10217	11460592272901	private_dummy
3794	606	934574386	real
3794	607	934574386	real
3794	618	934574386	real
3794	10218	11460592272901	private_dummy
3795	3163	1055957210	real
3795	3165	1194586245	real
3795	10219	11460592272901	private_dummy
3796	3161	921841024	real
3796	10220	11460592272901	private_dummy
3797	3159	842644711	real
3797	10221	11460592272901	private_dummy
3798	3157	599094307	real
3798	10222	11460592272901	private_dummy
3799	3155	413766540	real
3799	10223	11460592272901	private_dummy
3800	3153	370656334	real
3800	10224	11460592272901	private_dummy
3801	3151	413766540	real
3801	10225	11460592272901	private_dummy
3802	314	934574386	real
3802	315	934574386	real
3802	10226	11460592272901	private_dummy
3803	1164	934574386	real
3803	1165	934574386	real
3803	1176	934574386	real
3803	10227	11460592272901	private_dummy
3804	3624	1055957210	real
3804	3626	1194586245	real
3804	10228	11460592272901	private_dummy
3805	3622	807618777	real
3805	10229	11460592272901	private_dummy
3806	3620	685312257	real
3806	10230	11460592272901	private_dummy
3807	3618	413766540	real
3807	10231	11460592272901	private_dummy
3808	3616	228438773	real
3808	10232	11460592272901	private_dummy
3809	3614	185328567	real
3809	10233	11460592272901	private_dummy
3810	3612	228438773	real
3810	10234	11460592272901	private_dummy
3811	911	934574386	real
3811	912	934574386	real
3811	10235	11460592272901	private_dummy
3812	1612	934574386	real
3812	1613	934574386	real
3812	1624	934574386	real
3812	10236	11460592272901	private_dummy
3813	4055	1314620714	real
3813	4057	1407287244	real
3813	10237	11460592272901	private_dummy
3814	4053	921841024	real
3814	10238	11460592272901	private_dummy
3815	4051	685312257	real
3815	10239	11460592272901	private_dummy
3816	4049	370656334	real
3816	10240	11460592272901	private_dummy
3817	4047	185328567	real
3817	10241	11460592272901	private_dummy
3818	4045	142218361	real
3818	10242	11460592272901	private_dummy
3819	4043	185328567	real
3819	10243	11460592272901	private_dummy
3820	1394	934574386	real
3820	1395	934574386	real
3820	10244	11460592272901	private_dummy
3821	1961	934574386	real
3821	1962	934574386	real
3821	1974	934574386	real
3821	10245	11460592272901	private_dummy
3822	4456	1314620714	real
3822	4458	1450401941	real
3822	10246	11460592272901	private_dummy
3823	4454	1134625683	real
3823	10247	11460592272901	private_dummy
3824	4452	842644711	real
3824	10248	11460592272901	private_dummy
3825	4450	413766540	real
3825	10249	11460592272901	private_dummy
3826	4448	228438773	real
3826	10250	11460592272901	private_dummy
3827	4446	185328567	real
3827	10251	11460592272901	private_dummy
3828	4444	228438773	real
3828	10252	11460592272901	private_dummy
3829	1775	934574386	real
3829	1776	934574386	real
3829	10253	11460592272901	private_dummy
3830	2226	934574386	real
3830	2227	934574386	real
3830	2238	934574386	real
3830	10254	11460592272901	private_dummy
3831	4827	1314620714	real
3831	4829	1510362503	real
3831	10255	11460592272901	private_dummy
3832	4825	1134625683	real
3832	10256	11460592272901	private_dummy
3833	4823	1024916284	real
3833	10257	11460592272901	private_dummy
3834	4821	677762780	real
3834	10258	11460592272901	private_dummy
3835	4819	492435012	real
3835	10259	11460592272901	private_dummy
3836	4817	449324806	real
3836	10260	11460592272901	private_dummy
3837	4815	492435012	real
3837	10261	11460592272901	private_dummy
3838	2066	934574386	real
3838	2067	934574386	real
3838	10262	11460592272901	private_dummy
3839	321	1639569710	real
3839	322	1639569710	real
3839	609	1639569710	real
3839	10263	11460592272901	private_dummy
3840	918	1314620714	real
3840	919	1371733469	real
3840	1167	1314620714	real
3840	10264	11460592272901	private_dummy
3841	1401	1134625683	real
3841	1402	1191738437	real
3841	1615	1134625683	real
3841	10265	11460592272901	private_dummy
3842	1782	1024916284	real
3842	1783	1082029038	real
3842	1964	1024916284	real
3842	10266	11460592272901	private_dummy
3843	2073	960912471	real
3843	2074	1018025225	real
3843	2229	960912471	real
3843	10267	11460592272901	private_dummy
3844	4937	1314620714	real
3844	10268	11460592272901	private_dummy
3845	4939	1134625683	real
3845	10269	11460592272901	private_dummy
3846	4941	1024916284	real
3846	10270	11460592272901	private_dummy
3847	4943	960912471	real
3847	10271	11460592272901	private_dummy
3848	4858	564657703	real
3848	10272	11460592272901	private_dummy
3849	4860	407325249	real
3849	10273	11460592272901	private_dummy
3850	4862	407325249	real
3850	10274	11460592272901	private_dummy
3851	318	1639569710	real
3851	319	1639569710	real
3851	10275	11460592272901	private_dummy
3852	915	1371733469	real
3852	916	1371733469	real
3852	10276	11460592272901	private_dummy
3853	1398	1191738437	real
3853	1399	1191738437	real
3853	10277	11460592272901	private_dummy
3854	1779	1082029038	real
3854	1780	1082029038	real
3854	10278	11460592272901	private_dummy
3855	2070	1018025225	real
3855	2071	1018025225	real
3855	10279	11460592272901	private_dummy
3856	2328	1044992326	real
3856	2329	1044992326	real
3856	2331	987879571	real
3856	2332	987879571	real
3856	10280	11460592272901	private_dummy
3857	2334	1130305272	real
3857	2335	1130305272	real
3857	2337	1073192518	real
3857	2338	1073192518	real
3857	10281	11460592272901	private_dummy
3858	2340	1269745858	real
3858	2341	1269745858	real
3858	2343	1212633104	real
3858	2344	1212633104	real
3858	10282	11460592272901	private_dummy
3859	2346	1533123464	real
3859	2347	1533123464	real
3859	2349	1476010710	real
3859	2350	1476010710	real
3859	10283	11460592272901	private_dummy
3860	2300	934574386	real
3860	2302	934574386	real
3860	2352	934574386	real
3860	2353	934574386	real
3860	10284	11460592272901	private_dummy
3861	327	1639569710	real
3861	328	1639569710	real
3861	611	1639569710	real
3861	10285	11460592272901	private_dummy
3862	924	1314620714	real
3862	925	1371733469	real
3862	1169	1314620714	real
3862	10286	11460592272901	private_dummy
3863	1407	1134625683	real
3863	1408	1191738437	real
3863	1617	1134625683	real
3863	10287	11460592272901	private_dummy
3864	2079	960912471	real
3864	2080	1018025225	real
3864	2231	960912471	real
3864	10288	11460592272901	private_dummy
3865	2331	943287091	real
3865	2333	1000399846	real
3865	10289	11460592272901	private_dummy
3866	4945	1314620714	real
3866	10290	11460592272901	private_dummy
3867	4947	1134625683	real
3867	10291	11460592272901	private_dummy
3868	4848	1024916284	real
3868	10292	11460592272901	private_dummy
3869	4949	960912471	real
3869	10293	11460592272901	private_dummy
3870	4951	671316997	real
3870	10294	11460592272901	private_dummy
3871	4866	407325249	real
3871	10295	11460592272901	private_dummy
3872	4868	293103002	real
3872	10296	11460592272901	private_dummy
3873	324	1639569710	real
3873	325	1639569710	real
3873	10297	11460592272901	private_dummy
3874	921	1371733469	real
3874	922	1371733469	real
3874	10298	11460592272901	private_dummy
3875	1404	1191738437	real
3875	1405	1191738437	real
3875	10299	11460592272901	private_dummy
3876	1785	1082029038	real
3876	1786	1082029038	real
3876	1966	1024916284	real
3876	10300	11460592272901	private_dummy
3877	2076	1018025225	real
3877	2077	1018025225	real
3877	10301	11460592272901	private_dummy
3878	2328	1000399846	real
3878	2330	1000399846	real
3878	2356	943287091	real
3878	10302	11460592272901	private_dummy
3879	2367	1130305272	real
3879	2368	1130305272	real
3879	2370	1073192518	real
3879	2371	1073192518	real
3879	10303	11460592272901	private_dummy
3880	2373	1269745858	real
3880	2374	1269745858	real
3880	2376	1212633104	real
3880	2377	1212633104	real
3880	10304	11460592272901	private_dummy
3881	2379	1533123464	real
3881	2380	1533123464	real
3881	2382	1476010710	real
3881	2383	1476010710	real
3881	10305	11460592272901	private_dummy
3882	2305	934574386	real
3882	2307	934574386	real
3882	2385	934574386	real
3882	2386	934574386	real
3882	10306	11460592272901	private_dummy
3883	333	1639569710	real
3883	334	1639569710	real
3883	613	1639569710	real
3883	10307	11460592272901	private_dummy
3884	930	1314620714	real
3884	931	1371733469	real
3884	1171	1314620714	real
3884	10308	11460592272901	private_dummy
3885	1413	1134625683	real
3885	1414	1191738437	real
3885	1619	1134625683	real
3885	10309	11460592272901	private_dummy
3886	1793	1024916284	real
3886	1794	1082029038	real
3886	1969	1024916284	real
3886	10310	11460592272901	private_dummy
3887	2085	960912471	real
3887	2086	1018025225	real
3887	2233	960912471	real
3887	10311	11460592272901	private_dummy
3888	2337	943287091	real
3888	2339	1000399846	real
3888	10312	11460592272901	private_dummy
3889	2370	987879571	real
3889	2372	1044992326	real
3889	10313	11460592272901	private_dummy
3890	4953	1314620714	real
3890	10314	11460592272901	private_dummy
3891	4955	1134625683	real
3891	10315	11460592272901	private_dummy
3892	4957	1024916284	real
3892	10316	11460592272901	private_dummy
3893	4959	960912471	real
3893	10317	11460592272901	private_dummy
3894	4961	671316997	real
3894	10318	11460592272901	private_dummy
3895	4963	485989230	real
3895	10319	11460592272901	private_dummy
3896	4874	431732036	real
3896	10320	11460592272901	private_dummy
3897	330	1639569710	real
3897	331	1639569710	real
3897	10321	11460592272901	private_dummy
3898	927	1371733469	real
3898	928	1371733469	real
3898	10322	11460592272901	private_dummy
3899	1410	1191738437	real
3899	1411	1191738437	real
3899	10323	11460592272901	private_dummy
3900	1790	1082029038	real
3900	1791	1082029038	real
3900	10324	11460592272901	private_dummy
3901	2082	1018025225	real
3901	2083	1018025225	real
3901	10325	11460592272901	private_dummy
3902	2334	1000399846	real
3902	2336	1000399846	real
3902	2358	943287091	real
3902	10326	11460592272901	private_dummy
3903	2367	1044992326	real
3903	2369	1044992326	real
3903	2389	987879571	real
3903	10327	11460592272901	private_dummy
3904	2398	1269745858	real
3904	2399	1269745858	real
3904	2401	1212633104	real
3904	2402	1212633104	real
3904	10328	11460592272901	private_dummy
3905	2404	1533123464	real
3905	2405	1533123464	real
3905	2407	1476010710	real
3905	2408	1476010710	real
3905	10329	11460592272901	private_dummy
3906	2310	934574386	real
3906	2312	934574386	real
3906	2410	934574386	real
3906	2411	934574386	real
3906	10330	11460592272901	private_dummy
3907	339	1639569710	real
3907	340	1639569710	real
3907	615	1639569710	real
3907	10331	11460592272901	private_dummy
3908	936	1314620714	real
3908	937	1371733469	real
3908	1173	1314620714	real
3908	10332	11460592272901	private_dummy
3909	1419	1134625683	real
3909	1420	1191738437	real
3909	1621	1134625683	real
3909	10333	11460592272901	private_dummy
3910	1799	1024916284	real
3910	1800	1082029038	real
3910	1971	1024916284	real
3910	10334	11460592272901	private_dummy
3911	2091	960912471	real
3911	2092	1018025225	real
3911	2235	960912471	real
3911	10335	11460592272901	private_dummy
3912	2343	943287091	real
3912	2345	1000399846	real
3912	10336	11460592272901	private_dummy
3913	2376	987879571	real
3913	2378	1044992326	real
3913	10337	11460592272901	private_dummy
3914	2401	1073192518	real
3914	2403	1130305272	real
3914	10338	11460592272901	private_dummy
3915	4965	1314620714	real
3915	10339	11460592272901	private_dummy
3916	4967	1134625683	real
3916	10340	11460592272901	private_dummy
3917	4969	1024916284	real
3917	10341	11460592272901	private_dummy
3918	4971	960912471	real
3918	10342	11460592272901	private_dummy
3919	4973	671316997	real
3919	10343	11460592272901	private_dummy
3920	4975	485989230	real
3920	10344	11460592272901	private_dummy
3921	4977	442879024	real
3921	10345	11460592272901	private_dummy
3922	336	1639569710	real
3922	337	1639569710	real
3922	10346	11460592272901	private_dummy
3923	933	1371733469	real
3923	934	1371733469	real
3923	10347	11460592272901	private_dummy
3924	1416	1191738437	real
3924	1417	1191738437	real
3924	10348	11460592272901	private_dummy
3925	1796	1082029038	real
3925	1797	1082029038	real
3925	10349	11460592272901	private_dummy
3926	2088	1018025225	real
3926	2089	1018025225	real
3926	10350	11460592272901	private_dummy
3927	2340	1000399846	real
3927	2342	1000399846	real
3927	2360	943287091	real
3927	10351	11460592272901	private_dummy
3928	2373	1044992326	real
3928	2375	1044992326	real
3928	2391	987879571	real
3928	10352	11460592272901	private_dummy
3929	2398	1130305272	real
3929	2400	1130305272	real
3929	2414	1073192518	real
3929	10353	11460592272901	private_dummy
3930	2421	1533123464	real
3930	2422	1533123464	real
3930	2424	1476010710	real
3930	2425	1476010710	real
3930	10354	11460592272901	private_dummy
3931	2315	934574386	real
3931	2317	934574386	real
3931	2427	934574386	real
3931	2428	934574386	real
3931	10355	11460592272901	private_dummy
3932	345	1639569710	real
3932	346	1639569710	real
3932	617	1639569710	real
3932	10356	11460592272901	private_dummy
3933	942	1314620714	real
3933	943	1371733469	real
3933	1175	1314620714	real
3933	10357	11460592272901	private_dummy
3934	1425	1134625683	real
3934	1426	1191738437	real
3934	1623	1134625683	real
3934	10358	11460592272901	private_dummy
3935	1805	1024916284	real
3935	1806	1082029038	real
3935	1973	1024916284	real
3935	10359	11460592272901	private_dummy
3936	2097	960912471	real
3936	2098	1018025225	real
3936	2237	960912471	real
3936	10360	11460592272901	private_dummy
3937	2349	943287091	real
3937	2351	1000399846	real
3937	10361	11460592272901	private_dummy
3938	2382	987879571	real
3938	2384	1044992326	real
3938	10362	11460592272901	private_dummy
3939	2407	1073192518	real
3939	2409	1130305272	real
3939	10363	11460592272901	private_dummy
3940	2424	1212633104	real
3940	2426	1269745858	real
3940	10364	11460592272901	private_dummy
3941	4979	1314620714	real
3941	10365	11460592272901	private_dummy
3942	4981	1134625683	real
3942	10366	11460592272901	private_dummy
3943	4983	1024916284	real
3943	10367	11460592272901	private_dummy
3944	4985	960912471	real
3944	10368	11460592272901	private_dummy
3945	4987	671316997	real
3945	10369	11460592272901	private_dummy
3946	4989	485989230	real
3946	10370	11460592272901	private_dummy
3947	4991	442879024	real
3947	10371	11460592272901	private_dummy
3948	342	1639569710	real
3948	343	1639569710	real
3948	10372	11460592272901	private_dummy
3949	939	1371733469	real
3949	940	1371733469	real
3949	10373	11460592272901	private_dummy
3950	1422	1191738437	real
3950	1423	1191738437	real
3950	10374	11460592272901	private_dummy
3951	1802	1082029038	real
3951	1803	1082029038	real
3951	10375	11460592272901	private_dummy
3952	2094	1018025225	real
3952	2095	1018025225	real
3952	10376	11460592272901	private_dummy
3953	2346	1000399846	real
3953	2348	1000399846	real
3953	2362	943287091	real
3953	10377	11460592272901	private_dummy
3954	2379	1044992326	real
3954	2381	1044992326	real
3954	2393	987879571	real
3954	10378	11460592272901	private_dummy
3955	2404	1130305272	real
3955	2406	1130305272	real
3955	2416	1073192518	real
3955	10379	11460592272901	private_dummy
3956	2421	1269745858	real
3956	2423	1269745858	real
3956	2431	1212633104	real
3956	10380	11460592272901	private_dummy
3957	2320	934574386	real
3957	2322	934574386	real
3957	2436	934574386	real
3957	2437	934574386	real
3957	10381	11460592272901	private_dummy
3958	2352	943287091	real
3958	2354	1000399846	real
3958	2363	943287091	real
3958	10382	11460592272901	private_dummy
3959	2385	987879571	real
3959	2387	1044992326	real
3959	2394	987879571	real
3959	10383	11460592272901	private_dummy
3960	2410	1073192518	real
3960	2412	1130305272	real
3960	2417	1073192518	real
3960	10384	11460592272901	private_dummy
3961	2427	1212633104	real
3961	2429	1269745858	real
3961	2432	1212633104	real
3961	10385	11460592272901	private_dummy
3962	2436	1476010710	real
3962	2438	1533123464	real
3962	2439	1476010710	real
3962	10386	11460592272901	private_dummy
3963	315	1639569710	real
3963	316	1639569710	real
3963	607	1639569710	real
3963	10387	11460592272901	private_dummy
3964	912	1314620714	real
3964	913	1314620714	real
3964	1165	1314620714	real
3964	10388	11460592272901	private_dummy
3965	1395	1134625683	real
3965	1396	1134625683	real
3965	1613	1134625683	real
3965	10389	11460592272901	private_dummy
3966	1776	1024916284	real
3966	1777	1024916284	real
3966	1962	1024916284	real
3966	10390	11460592272901	private_dummy
3967	2067	960912471	real
3967	2068	960912471	real
3967	2227	960912471	real
3967	10391	11460592272901	private_dummy
3968	2300	943287091	real
3968	2301	943287091	real
3968	2303	943287091	real
3968	10392	11460592272901	private_dummy
3969	2305	987879571	real
3969	2306	987879571	real
3969	2308	987879571	real
3969	10393	11460592272901	private_dummy
3970	2310	1073192518	real
3970	2311	1073192518	real
3970	2313	1073192518	real
3970	10394	11460592272901	private_dummy
3971	2315	1212633104	real
3971	2316	1212633104	real
3971	2318	1212633104	real
3971	10395	11460592272901	private_dummy
3972	2320	1476010710	real
3972	2321	1476010710	real
3972	2323	1476010710	real
3972	10396	11460592272901	private_dummy
3973	4915	646589376	real
3973	10397	11460592272901	private_dummy
3974	4915	646589376	real
3974	10398	11460592272901	private_dummy
3975	4916	507960342	real
3975	10399	11460592272901	private_dummy
3976	4916	507960342	real
3976	10400	11460592272901	private_dummy
3977	4917	417808791	real
3977	10401	11460592272901	private_dummy
3978	4917	417808791	real
3978	10402	11460592272901	private_dummy
3979	4918	350212495	real
3979	10403	11460592272901	private_dummy
3980	4918	407325249	real
3980	10404	11460592272901	private_dummy
3981	4919	547144236	real
3981	10405	11460592272901	private_dummy
3982	4919	604256990	real
3982	10406	11460592272901	private_dummy
3983	2485	1212633104	real
3983	10407	11460592272901	private_dummy
3984	2477	1073192518	real
3984	10408	11460592272901	private_dummy
3985	2465	987879571	real
3985	10409	11460592272901	private_dummy
3986	2449	943287091	real
3986	10410	11460592272901	private_dummy
3987	2475	1073192518	real
3987	10411	11460592272901	private_dummy
3988	2463	987879571	real
3988	10412	11460592272901	private_dummy
3989	2447	943287091	real
3989	10413	11460592272901	private_dummy
3990	2461	987879571	real
3990	10414	11460592272901	private_dummy
3991	2445	943287091	real
3991	10415	11460592272901	private_dummy
3992	2443	943287091	real
3992	10416	11460592272901	private_dummy
3993	2226	934574386	real
3993	10417	11460592272901	private_dummy
3994	1961	934574386	real
3994	10418	11460592272901	private_dummy
3995	1612	934574386	real
3995	10419	11460592272901	private_dummy
3996	1164	934574386	real
3996	10420	11460592272901	private_dummy
3997	606	934574386	real
3997	10421	11460592272901	private_dummy
3998	5040	738178934	real
3998	10422	11460592272901	private_dummy
3999	5038	381065064	real
3999	10423	11460592272901	private_dummy
4000	5043	571555515	real
4000	10424	11460592272901	private_dummy
4001	5043	510400509	real
4001	10425	11460592272901	private_dummy
4002	5037	138629035	real
4002	10426	11460592272901	private_dummy
4003	5035	255702351	real
4003	5036	255702351	real
4003	10427	11460592272901	private_dummy
4004	5025	0	real
4004	5026	138629035	real
4004	10428	11460592272901	private_dummy
4005	5028	388628017	real
4005	5029	388628017	real
4005	10429	11460592272901	private_dummy
4006	5050	117073316	real
4006	10430	11460592272901	private_dummy
4007	5026	353074243	real
4007	10431	11460592272901	private_dummy
4008	5039	681066180	real
4008	10432	11460592272901	private_dummy
4009	5052	446930723	real
4009	10433	11460592272901	private_dummy
4010	5025	196931741	real
4010	10434	11460592272901	private_dummy
4011	5032	139818987	real
4011	5033	486530011	real
4011	10435	11460592272901	private_dummy
4012	5054	604256990	real
4012	10436	11460592272901	private_dummy
4013	5029	407325249	real
4013	10437	11460592272901	private_dummy
4014	5033	407861538	real
4014	10438	11460592272901	private_dummy
4015	5056	368262251	real
4015	10439	11460592272901	private_dummy
4016	5028	485993722	real
4016	10440	11460592272901	private_dummy
4017	5032	185323276	real
4017	10441	11460592272901	private_dummy
4018	5058	671316997	real
4018	10442	11460592272901	private_dummy
4019	5045	453287755	real
4019	10443	11460592272901	private_dummy
4020	5045	453287755	real
4020	10444	11460592272901	private_dummy
4021	5043	531956228	real
4021	5044	295961488	real
4021	5049	138629035	real
4021	10445	11460592272901	private_dummy
4022	5053	389817969	real
4022	10446	11460592272901	private_dummy
4023	5055	157332454	real
4023	10447	11460592272901	private_dummy
4024	5043	564657703	real
4024	5044	467291998	real
4024	5051	309959545	real
4024	10448	11460592272901	private_dummy
4025	5053	561148479	real
4025	10449	11460592272901	private_dummy
4026	5055	157332454	real
4026	10450	11460592272901	private_dummy
4027	5042	309959545	real
4027	10451	11460592272901	private_dummy
4028	5042	309959545	real
4028	10452	11460592272901	private_dummy
4029	5041	524404753	real
4029	10453	11460592272901	private_dummy
4030	5057	438177819	real
4030	10454	11460592272901	private_dummy
4031	5059	531302564	real
4031	10455	11460592272901	private_dummy
4032	5041	506891285	real
4032	10456	11460592272901	private_dummy
4033	5057	692219053	real
4033	10457	11460592272901	private_dummy
4034	5059	335560775	real
4034	10458	11460592272901	private_dummy
4035	5002	604256990	real
4035	10459	11460592272901	private_dummy
4036	5027	564657703	real
4036	10460	11460592272901	private_dummy
4037	5027	271550209	real
4037	10461	11460592272901	private_dummy
4038	4993	602099362	real
4038	4994	659212116	real
4038	10462	11460592272901	private_dummy
4039	4995	232481024	real
4039	4996	232481024	real
4039	10463	11460592272901	private_dummy
4040	4997	535532974	real
4040	4998	535532974	real
4040	10464	11460592272901	private_dummy
4041	4999	844744762	real
4041	5000	844744762	real
4041	10465	11460592272901	private_dummy
4042	5001	728429752	real
4042	10466	11460592272901	private_dummy
4043	5066	779515043	real
4043	10467	11460592272901	private_dummy
4044	5066	271550209	real
4044	10468	11460592272901	private_dummy
4045	4994	659212116	real
4045	10469	11460592272901	private_dummy
4046	5010	192881737	real
4046	5011	192881737	real
4046	10470	11460592272901	private_dummy
4047	5012	510400509	real
4047	10471	11460592272901	private_dummy
4048	5030	467291998	real
4048	10472	11460592272901	private_dummy
4049	5030	114217756	real
4049	10473	11460592272901	private_dummy
4050	4993	844744762	real
4050	10474	11460592272901	private_dummy
4051	5003	75148570	real
4051	5004	132261325	real
4051	10475	11460592272901	private_dummy
4052	5005	220877050	real
4052	5006	220877050	real
4052	10476	11460592272901	private_dummy
4053	5007	486401362	real
4053	5008	486401362	real
4053	10477	11460592272901	private_dummy
4054	5009	510400509	real
4054	10478	11460592272901	private_dummy
4055	5069	482484498	real
4055	10479	11460592272901	private_dummy
4056	5069	114217756	real
4056	10480	11460592272901	private_dummy
4057	4996	417808791	real
4057	10481	11460592272901	private_dummy
4058	5004	246483572	real
4058	10482	11460592272901	private_dummy
4059	5018	738178934	real
4059	10483	11460592272901	private_dummy
4060	5031	671314201	real
4060	10484	11460592272901	private_dummy
4061	5031	263991748	real
4061	10485	11460592272901	private_dummy
4062	4995	486401362	real
4062	10486	11460592272901	private_dummy
4063	5003	486401362	real
4063	10487	11460592272901	private_dummy
4064	5013	220877050	real
4064	5014	277989805	real
4064	10488	11460592272901	private_dummy
4065	5015	417808791	real
4065	5016	417808791	real
4065	10489	11460592272901	private_dummy
4066	5017	604256990	real
4066	10490	11460592272901	private_dummy
4067	5072	263991748	real
4067	10491	11460592272901	private_dummy
4068	5072	402620783	real
4068	10492	11460592272901	private_dummy
4069	4998	535532974	real
4069	10493	11460592272901	private_dummy
4070	5006	220877050	real
4070	5011	220877050	real
4070	10494	11460592272901	private_dummy
4071	5014	163767557	real
4071	10495	11460592272901	private_dummy
4072	5022	484134439	real
4072	10496	11460592272901	private_dummy
4073	5034	565653980	real
4073	10497	11460592272901	private_dummy
4074	5034	701435207	real
4074	10498	11460592272901	private_dummy
4075	4997	451428472	real
4075	10499	11460592272901	private_dummy
4076	5005	174178318	real
4076	5010	174178318	real
4076	10500	11460592272901	private_dummy
4077	5013	245283838	real
4077	10501	11460592272901	private_dummy
4078	5019	693393268	real
4078	5020	750506022	real
4078	10502	11460592272901	private_dummy
4079	5021	508541226	real
4079	10503	11460592272901	private_dummy
4080	5075	369912191	real
4080	10504	11460592272901	private_dummy
4081	5075	427024946	real
4081	10505	11460592272901	private_dummy
4082	5000	844744762	real
4082	10506	11460592272901	private_dummy
4083	5008	486401362	real
4083	10507	11460592272901	private_dummy
4084	5016	245283838	real
4084	10508	11460592272901	private_dummy
4085	5020	750506022	real
4085	10509	11460592272901	private_dummy
4086	5024	681066180	real
4086	10510	11460592272901	private_dummy
4087	5077	369912191	real
4087	10511	11460592272901	private_dummy
4088	5077	427024946	real
4088	10512	11460592272901	private_dummy
4089	4999	693393268	real
4089	10513	11460592272901	private_dummy
4090	5007	348353212	real
4090	10514	11460592272901	private_dummy
4091	5015	142208578	real
4091	10515	11460592272901	private_dummy
4092	5019	693393268	real
4092	10516	11460592272901	private_dummy
4093	5023	562798420	real
4093	10517	11460592272901	private_dummy
4094	5079	462578720	real
4094	10518	11460592272901	private_dummy
4095	5079	519691475	real
4095	10519	11460592272901	private_dummy
4096	5047	462578720	real
4096	10520	11460592272901	private_dummy
4097	5047	565653980	real
4097	10521	11460592272901	private_dummy
4098	5065	435322258	real
4098	10522	11460592272901	private_dummy
4099	5067	249994491	real
4099	10523	11460592272901	private_dummy
4100	5068	206884285	real
4100	10524	11460592272901	private_dummy
4101	5070	249994491	real
4101	10525	11460592272901	private_dummy
4102	5048	185323276	real
4102	10526	11460592272901	private_dummy
4103	5048	323952310	real
4103	10527	11460592272901	private_dummy
4104	5071	492435012	real
4104	10528	11460592272901	private_dummy
4105	5073	448580664	real
4105	10529	11460592272901	private_dummy
4106	5074	448580664	real
4106	10530	11460592272901	private_dummy
4107	5078	369912191	real
4107	10531	11460592272901	private_dummy
4108	5080	369912191	real
4108	10532	11460592272901	private_dummy
4109	5076	679876228	real
4109	10533	11460592272901	private_dummy
4110	5078	448580664	real
4110	10534	11460592272901	private_dummy
4111	5080	369912191	real
4111	10535	11460592272901	private_dummy
4112	5045	510400509	real
4112	5046	510400509	real
4112	10536	11460592272901	private_dummy
4113	5045	510400509	real
4113	5046	510400509	real
4113	10537	11460592272901	private_dummy
4114	2323	934574386	real
4114	2324	934574386	real
4114	10538	11460592272901	private_dummy
4115	2484	1269745858	real
4115	2486	1212633104	real
4115	10539	11460592272901	private_dummy
4116	2476	1130305272	real
4116	2480	1073192518	real
4116	10540	11460592272901	private_dummy
4117	2464	1044992326	real
4117	2470	987879571	real
4117	10541	11460592272901	private_dummy
4118	2448	1000399846	real
4118	2456	943287091	real
4118	10542	11460592272901	private_dummy
4119	2108	1018025225	real
4119	2109	960912471	real
4119	2248	960912471	real
4119	10543	11460592272901	private_dummy
4120	1817	1082029038	real
4120	1818	1024916284	real
4120	1983	1024916284	real
4120	10544	11460592272901	private_dummy
4121	1436	1191738437	real
4121	1437	1134625683	real
4121	1634	1134625683	real
4121	10545	11460592272901	private_dummy
4122	953	1371733469	real
4122	954	1314620714	real
4122	1186	1314620714	real
4122	10546	11460592272901	private_dummy
4123	356	1639569710	real
4123	357	1639569710	real
4123	628	1639569710	real
4123	10547	11460592272901	private_dummy
4124	2321	934574386	real
4124	2322	934574386	real
4124	10548	11460592272901	private_dummy
4125	5082	901857516	real
4125	10549	11460592272901	private_dummy
4126	5084	737880589	real
4126	10550	11460592272901	private_dummy
4127	5086	646589376	real
4127	10551	11460592272901	private_dummy
4128	5088	407861538	real
4128	10552	11460592272901	private_dummy
4129	5090	302396592	real
4129	10553	11460592272901	private_dummy
4130	5092	242436030	real
4130	10554	11460592272901	private_dummy
4131	5094	302396592	real
4131	10555	11460592272901	private_dummy
4132	2486	1476010710	real
4132	2487	1476010710	real
4132	10556	11460592272901	private_dummy
4133	2318	934574386	real
4133	2319	934574386	real
4133	10557	11460592272901	private_dummy
4134	2484	1533123464	real
4134	10558	11460592272901	private_dummy
4135	2474	1130305272	real
4135	2478	1073192518	real
4135	10559	11460592272901	private_dummy
4136	2462	1044992326	real
4136	2468	987879571	real
4136	10560	11460592272901	private_dummy
4137	2446	1000399846	real
4137	2454	943287091	real
4137	10561	11460592272901	private_dummy
4138	2106	1018025225	real
4138	2107	960912471	real
4138	2246	960912471	real
4138	10562	11460592272901	private_dummy
4139	1815	1082029038	real
4139	1816	1024916284	real
4139	1981	1024916284	real
4139	10563	11460592272901	private_dummy
4140	1434	1191738437	real
4140	1435	1134625683	real
4140	1632	1134625683	real
4140	10564	11460592272901	private_dummy
4141	951	1371733469	real
4141	952	1314620714	real
4141	1184	1314620714	real
4141	10565	11460592272901	private_dummy
4142	354	1639569710	real
4142	355	1639569710	real
4142	626	1639569710	real
4142	10566	11460592272901	private_dummy
4143	2316	934574386	real
4143	2317	934574386	real
4143	10567	11460592272901	private_dummy
4144	5097	1037638743	real
4144	10568	11460592272901	private_dummy
4145	5099	737880589	real
4145	10569	11460592272901	private_dummy
4146	5101	586628814	real
4146	10570	11460592272901	private_dummy
4147	5103	314005057	real
4147	10571	11460592272901	private_dummy
4148	5105	195737297	real
4148	10572	11460592272901	private_dummy
4149	5107	135776735	real
4149	10573	11460592272901	private_dummy
4150	5109	195737297	real
4150	10574	11460592272901	private_dummy
4151	2480	1476010710	real
4151	2481	1476010710	real
4151	10575	11460592272901	private_dummy
4152	2478	1212633104	real
4152	2479	1212633104	real
4152	10576	11460592272901	private_dummy
4153	2313	934574386	real
4153	2314	934574386	real
4153	10577	11460592272901	private_dummy
4154	2476	1533123464	real
4154	10578	11460592272901	private_dummy
4155	2474	1269745858	real
4155	10579	11460592272901	private_dummy
4156	2460	1044992326	real
4156	2466	987879571	real
4156	10580	11460592272901	private_dummy
4157	2444	1000399846	real
4157	2452	943287091	real
4157	10581	11460592272901	private_dummy
4158	2104	1018025225	real
4158	2105	960912471	real
4158	2244	960912471	real
4158	10582	11460592272901	private_dummy
4159	1813	1082029038	real
4159	1814	1024916284	real
4159	1979	1024916284	real
4159	10583	11460592272901	private_dummy
4160	1432	1191738437	real
4160	1433	1134625683	real
4160	1630	1134625683	real
4160	10584	11460592272901	private_dummy
4161	949	1371733469	real
4161	950	1314620714	real
4161	1182	1314620714	real
4161	10585	11460592272901	private_dummy
4162	352	1639569710	real
4162	353	1639569710	real
4162	624	1639569710	real
4162	10586	11460592272901	private_dummy
4163	2311	934574386	real
4163	2312	934574386	real
4163	10587	11460592272901	private_dummy
4164	5112	1212633104	real
4164	10588	11460592272901	private_dummy
4165	5114	933622378	real
4165	10589	11460592272901	private_dummy
4166	5116	646589376	real
4166	10590	11460592272901	private_dummy
4167	5118	314005057	real
4167	10591	11460592272901	private_dummy
4168	5120	177033878	real
4168	10592	11460592272901	private_dummy
4169	5122	117073316	real
4169	10593	11460592272901	private_dummy
4170	5124	177033878	real
4170	10594	11460592272901	private_dummy
4171	2470	1476010710	real
4171	2471	1476010710	real
4171	10595	11460592272901	private_dummy
4172	2468	1212633104	real
4172	2469	1212633104	real
4172	10596	11460592272901	private_dummy
4173	2466	1073192518	real
4173	2467	1073192518	real
4173	10597	11460592272901	private_dummy
4174	1812	1024916284	real
4174	10598	11460592272901	private_dummy
4175	2308	934574386	real
4175	2309	934574386	real
4175	10599	11460592272901	private_dummy
4176	2464	1533123464	real
4176	10600	11460592272901	private_dummy
4177	2462	1269745858	real
4177	10601	11460592272901	private_dummy
4178	2460	1130305272	real
4178	10602	11460592272901	private_dummy
4179	2442	1000399846	real
4179	2450	943287091	real
4179	10603	11460592272901	private_dummy
4180	2102	1018025225	real
4180	2103	960912471	real
4180	2242	960912471	real
4180	10604	11460592272901	private_dummy
4181	1810	1082029038	real
4181	1811	1024916284	real
4181	10605	11460592272901	private_dummy
4182	1430	1191738437	real
4182	1431	1134625683	real
4182	1628	1134625683	real
4182	10606	11460592272901	private_dummy
4183	947	1371733469	real
4183	948	1314620714	real
4183	1180	1314620714	real
4183	10607	11460592272901	private_dummy
4184	350	1639569710	real
4184	351	1639569710	real
4184	622	1639569710	real
4184	10608	11460592272901	private_dummy
4185	2306	934574386	real
4185	2307	934574386	real
4185	10609	11460592272901	private_dummy
4186	5127	1212633104	real
4186	10610	11460592272901	private_dummy
4187	5129	1073192518	real
4187	10611	11460592272901	private_dummy
4188	5131	876227084	real
4188	10612	11460592272901	private_dummy
4189	5133	407861538	real
4189	10613	11460592272901	private_dummy
4190	5135	235336584	real
4190	10614	11460592272901	private_dummy
4191	5137	175376022	real
4191	10615	11460592272901	private_dummy
4192	5139	235336584	real
4192	10616	11460592272901	private_dummy
4193	2456	1476010710	real
4193	2457	1476010710	real
4193	10617	11460592272901	private_dummy
4194	2454	1212633104	real
4194	2455	1212633104	real
4194	10618	11460592272901	private_dummy
4195	2452	1073192518	real
4195	2453	1073192518	real
4195	10619	11460592272901	private_dummy
4196	2450	987879571	real
4196	2451	987879571	real
4196	10620	11460592272901	private_dummy
4197	2303	934574386	real
4197	2304	934574386	real
4197	10621	11460592272901	private_dummy
4198	2448	1533123464	real
4198	10622	11460592272901	private_dummy
4199	2446	1269745858	real
4199	10623	11460592272901	private_dummy
4200	2444	1130305272	real
4200	10624	11460592272901	private_dummy
4201	2442	1044992326	real
4201	10625	11460592272901	private_dummy
4202	2100	1018025225	real
4202	2101	960912471	real
4202	2240	960912471	real
4202	10626	11460592272901	private_dummy
4203	1808	1082029038	real
4203	1809	1024916284	real
4203	1976	1024916284	real
4203	10627	11460592272901	private_dummy
4204	1428	1191738437	real
4204	1429	1134625683	real
4204	1626	1134625683	real
4204	10628	11460592272901	private_dummy
4205	945	1371733469	real
4205	946	1314620714	real
4205	1178	1314620714	real
4205	10629	11460592272901	private_dummy
4206	348	1639569710	real
4206	349	1639569710	real
4206	620	1639569710	real
4206	10630	11460592272901	private_dummy
4207	2301	934574386	real
4207	2302	934574386	real
4207	10631	11460592272901	private_dummy
4208	5142	1212633104	real
4208	10632	11460592272901	private_dummy
4209	5144	1073192518	real
4209	10633	11460592272901	private_dummy
4210	5146	987879571	real
4210	10634	11460592272901	private_dummy
4211	5148	775591992	real
4211	10635	11460592272901	private_dummy
4212	5150	545954284	real
4212	10636	11460592272901	private_dummy
4213	5152	485993722	real
4213	10637	11460592272901	private_dummy
4214	5154	545954284	real
4214	10638	11460592272901	private_dummy
4215	2066	934574386	real
4215	2068	934574386	real
4215	2110	934574386	real
4215	10639	11460592272901	private_dummy
4216	4504	1212633104	real
4216	4507	1385158057	real
4216	10640	11460592272901	private_dummy
4217	4501	1073192518	real
4217	10641	11460592272901	private_dummy
4218	4498	987879571	real
4218	10642	11460592272901	private_dummy
4219	4496	943287091	real
4219	10643	11460592272901	private_dummy
4220	4593	679876228	real
4220	10644	11460592272901	private_dummy
4221	4591	484134439	real
4221	10645	11460592272901	private_dummy
4222	4589	484134439	real
4222	10646	11460592272901	private_dummy
4223	1775	934574386	real
4223	1777	934574386	real
4223	1819	934574386	real
4223	10647	11460592272901	private_dummy
4224	4127	1212633104	real
4224	4130	1385158057	real
4224	10648	11460592272901	private_dummy
4225	4124	1073192518	real
4225	10649	11460592272901	private_dummy
4226	4121	987879571	real
4226	10650	11460592272901	private_dummy
4227	4119	943287091	real
4227	10651	11460592272901	private_dummy
4228	4222	738178934	real
4228	10652	11460592272901	private_dummy
4229	4220	427024946	real
4229	10653	11460592272901	private_dummy
4230	4218	369912191	real
4230	10654	11460592272901	private_dummy
4231	1394	934574386	real
4231	1396	934574386	real
4231	1438	934574386	real
4231	10655	11460592272901	private_dummy
4232	3724	1212633104	real
4232	3727	1385158057	real
4232	10656	11460592272901	private_dummy
4233	3721	1073192518	real
4233	10657	11460592272901	private_dummy
4234	3718	987879571	real
4234	10658	11460592272901	private_dummy
4235	3716	943287091	real
4235	10659	11460592272901	private_dummy
4236	3821	738178934	real
4236	10660	11460592272901	private_dummy
4237	3819	565653980	real
4237	10661	11460592272901	private_dummy
4238	3817	462578720	real
4238	10662	11460592272901	private_dummy
4239	911	934574386	real
4239	913	934574386	real
4239	955	934574386	real
4239	10663	11460592272901	private_dummy
4240	3293	1212633104	real
4240	3296	1385158057	real
4240	10664	11460592272901	private_dummy
4241	3290	1073192518	real
4241	10665	11460592272901	private_dummy
4242	3287	987879571	real
4242	10666	11460592272901	private_dummy
4243	3285	943287091	real
4243	10667	11460592272901	private_dummy
4244	3390	738178934	real
4244	10668	11460592272901	private_dummy
4245	3388	565653980	real
4245	10669	11460592272901	private_dummy
4246	3386	541247193	real
4246	10670	11460592272901	private_dummy
4247	314	934574386	real
4247	316	934574386	real
4247	358	934574386	real
4247	10671	11460592272901	private_dummy
4248	2832	1212633104	real
4248	2835	1385158057	real
4248	10672	11460592272901	private_dummy
4249	2829	1073192518	real
4249	10673	11460592272901	private_dummy
4250	2826	987879571	real
4250	10674	11460592272901	private_dummy
4251	2824	943287091	real
4251	10675	11460592272901	private_dummy
4252	2929	738178934	real
4252	10676	11460592272901	private_dummy
4253	2927	565653980	real
4253	10677	11460592272901	private_dummy
4254	2925	541247193	real
4254	10678	11460592272901	private_dummy
4255	2110	960912471	real
4255	2111	960912471	real
4255	10679	11460592272901	private_dummy
4256	1819	1024916284	real
4256	1820	1024916284	real
4256	10680	11460592272901	private_dummy
4257	1438	1134625683	real
4257	1439	1134625683	real
4257	10681	11460592272901	private_dummy
4258	955	1314620714	real
4258	956	1314620714	real
4258	10682	11460592272901	private_dummy
4259	358	1639569710	real
4259	359	1639569710	real
4259	10683	11460592272901	private_dummy
4260	5060	619911174	real
4260	10684	11460592272901	private_dummy
4261	5060	619911174	real
4261	10685	11460592272901	private_dummy
4262	5061	462578720	real
4262	10686	11460592272901	private_dummy
4263	5061	462578720	real
4263	10687	11460592272901	private_dummy
4264	5062	417808791	real
4264	10688	11460592272901	private_dummy
4265	5062	417808791	real
4265	10689	11460592272901	private_dummy
4266	5063	448580664	real
4266	10690	11460592272901	private_dummy
4267	5063	391467910	real
4267	10691	11460592272901	private_dummy
4268	5064	619911174	real
4268	10692	11460592272901	private_dummy
4269	5064	562798420	real
4269	10693	11460592272901	private_dummy
4270	388	1639569710	real
4270	10694	11460592272901	private_dummy
4271	985	1371733469	real
4271	10695	11460592272901	private_dummy
4272	1468	1191738437	real
4272	10696	11460592272901	private_dummy
4273	1828	1082029038	real
4273	10697	11460592272901	private_dummy
4274	1848	1082029038	real
4274	1995	1024916284	real
4274	10698	11460592272901	private_dummy
4275	2140	1018025225	real
4275	10699	11460592272901	private_dummy
4276	2440	960912471	real
4276	10700	11460592272901	private_dummy
4277	2534	1130305272	real
4277	10701	11460592272901	private_dummy
4278	2536	1269745858	real
4278	10702	11460592272901	private_dummy
4279	2538	1533123464	real
4279	10703	11460592272901	private_dummy
4280	2494	960912471	real
4280	10704	11460592272901	private_dummy
4281	2559	1269745858	real
4281	10705	11460592272901	private_dummy
4282	2561	1533123464	real
4282	10706	11460592272901	private_dummy
4283	2499	960912471	real
4283	10707	11460592272901	private_dummy
4284	2576	1533123464	real
4284	10708	11460592272901	private_dummy
4285	2504	960912471	real
4285	10709	11460592272901	private_dummy
4286	2509	960912471	real
4286	10710	11460592272901	private_dummy
4287	5214	682925463	real
4287	10711	11460592272901	private_dummy
4288	5212	325152045	real
4288	10712	11460592272901	private_dummy
4289	5217	622182589	real
4289	10713	11460592272901	private_dummy
4290	5217	714849118	real
4290	10714	11460592272901	private_dummy
4291	5211	138629035	real
4291	10715	11460592272901	private_dummy
4292	5209	289598270	real
4292	5210	289598270	real
4292	10716	11460592272901	private_dummy
4293	5199	78668473	real
4293	5200	249998983	real
4293	10717	11460592272901	private_dummy
4294	5202	342660221	real
4294	5203	342660221	real
4294	10718	11460592272901	private_dummy
4295	5224	92666529	real
4295	10719	11460592272901	private_dummy
4296	5200	388628017	real
4296	10720	11460592272901	private_dummy
4297	5213	1214420677	real
4297	10721	11460592272901	private_dummy
4298	5226	428227305	real
4298	10722	11460592272901	private_dummy
4299	5199	605917609	real
4299	10723	11460592272901	private_dummy
4300	5206	311153988	real
4300	5207	389817969	real
4300	10724	11460592272901	private_dummy
4301	5228	1206544480	real
4301	10725	11460592272901	private_dummy
4302	5203	311153988	real
4302	10726	11460592272901	private_dummy
4303	5207	389817969	real
4303	10727	11460592272901	private_dummy
4304	5230	335560775	real
4304	10728	11460592272901	private_dummy
4305	5202	393327193	real
4305	10729	11460592272901	private_dummy
4306	5206	289598270	real
4306	10730	11460592272901	private_dummy
4307	5232	486530011	real
4307	10731	11460592272901	private_dummy
4308	5219	700851062	real
4308	10732	11460592272901	private_dummy
4309	5219	622182589	real
4309	10733	11460592272901	private_dummy
4310	5217	725257849	real
4310	5218	428227305	real
4310	5223	138629035	real
4310	10734	11460592272901	private_dummy
4311	5227	775591992	real
4311	10735	11460592272901	private_dummy
4312	5229	232485516	real
4312	10736	11460592272901	private_dummy
4313	5217	746355351	real
4313	5218	724925020	real
4313	5225	356658277	real
4313	10737	11460592272901	private_dummy
4314	5227	1051192205	real
4314	10738	11460592272901	private_dummy
4315	5229	311153988	real
4315	10739	11460592272901	private_dummy
4316	5216	289598270	real
4316	10740	11460592272901	private_dummy
4317	5216	368266743	real
4317	10741	11460592272901	private_dummy
4318	5215	506895777	real
4318	10742	11460592272901	private_dummy
4319	5231	311153988	real
4319	10743	11460592272901	private_dummy
4320	5233	414229248	real
4320	10744	11460592272901	private_dummy
4321	5215	895515879	real
4321	10745	11460592272901	private_dummy
4322	5231	508085729	real
4322	10746	11460592272901	private_dummy
4323	5233	414229248	real
4323	10747	11460592272901	private_dummy
4324	5165	547144236	real
4324	10748	11460592272901	private_dummy
4325	5201	587209699	real
4325	10749	11460592272901	private_dummy
4326	5201	278448021	real
4326	10750	11460592272901	private_dummy
4327	5156	693393268	real
4327	5157	750506022	real
4327	10751	11460592272901	private_dummy
4328	5158	451428472	real
4328	5159	451428472	real
4328	10752	11460592272901	private_dummy
4329	5160	486401362	real
4329	5161	486401362	real
4329	10753	11460592272901	private_dummy
4330	5162	844744762	real
4330	5163	844744762	real
4330	10754	11460592272901	private_dummy
4331	5164	681066180	real
4331	10755	11460592272901	private_dummy
4332	5240	725257849	real
4332	10756	11460592272901	private_dummy
4333	5240	278448021	real
4333	10757	11460592272901	private_dummy
4334	5157	750506022	real
4334	10758	11460592272901	private_dummy
4335	5175	174178318	real
4335	5176	174178318	real
4335	10759	11460592272901	private_dummy
4336	5177	395521337	real
4336	10760	11460592272901	private_dummy
4337	5204	413034805	real
4337	10761	11460592272901	private_dummy
4338	5204	81516281	real
4338	10762	11460592272901	private_dummy
4339	5156	998844456	real
4339	10763	11460592272901	private_dummy
4340	5166	312799437	real
4340	5167	369912191	real
4340	10764	11460592272901	private_dummy
4341	5168	220877050	real
4341	5169	220877050	real
4341	10765	11460592272901	private_dummy
4342	5170	535532974	real
4342	5171	535532974	real
4342	10766	11460592272901	private_dummy
4343	5172	429417256	real
4343	10767	11460592272901	private_dummy
4344	5243	459733537	real
4344	10768	11460592272901	private_dummy
4345	5243	81516281	real
4345	10769	11460592272901	private_dummy
4346	5159	451428472	real
4346	10770	11460592272901	private_dummy
4347	5167	369912191	real
4347	10771	11460592272901	private_dummy
4348	5183	547144236	real
4348	10772	11460592272901	private_dummy
4349	5205	510400509	real
4349	10773	11460592272901	private_dummy
4350	5205	278448021	real
4350	10774	11460592272901	private_dummy
4351	5158	535532974	real
4351	10775	11460592272901	private_dummy
4352	5166	535532974	real
4352	10776	11460592272901	private_dummy
4353	5178	189370818	real
4353	5179	189370818	real
4353	10777	11460592272901	private_dummy
4354	5180	417808791	real
4354	5181	417808791	real
4354	10778	11460592272901	private_dummy
4355	5182	429417256	real
4355	10779	11460592272901	private_dummy
4356	5246	428227305	real
4356	10780	11460592272901	private_dummy
4357	5246	335560775	real
4357	10781	11460592272901	private_dummy
4358	5161	486401362	real
4358	10782	11460592272901	private_dummy
4359	5169	220877050	real
4359	5176	220877050	real
4359	10783	11460592272901	private_dummy
4360	5179	189370818	real
4360	10784	11460592272901	private_dummy
4361	5195	649758483	real
4361	10785	11460592272901	private_dummy
4362	5208	714849118	real
4362	10786	11460592272901	private_dummy
4363	5208	657736364	real
4363	10787	11460592272901	private_dummy
4364	5160	428876476	real
4364	10788	11460592272901	private_dummy
4365	5168	192881737	real
4365	5175	192881737	real
4365	10789	11460592272901	private_dummy
4366	5178	232481024	real
4366	10790	11460592272901	private_dummy
4367	5188	602099362	real
4367	5190	659212116	real
4367	10791	11460592272901	private_dummy
4368	5191	788387517	real
4368	10792	11460592272901	private_dummy
4369	5249	507960342	real
4369	10793	11460592272901	private_dummy
4370	5249	565069835	real
4370	10794	11460592272901	private_dummy
4371	5163	844744762	real
4371	10795	11460592272901	private_dummy
4372	5171	535532974	real
4372	10796	11460592272901	private_dummy
4373	5181	417808791	real
4373	10797	11460592272901	private_dummy
4374	5190	659212116	real
4374	10798	11460592272901	private_dummy
4375	5198	788387517	real
4375	10799	11460592272901	private_dummy
4376	5251	507960342	real
4376	10800	11460592272901	private_dummy
4377	5251	565069835	real
4377	10801	11460592272901	private_dummy
4378	5162	602099362	real
4378	10802	11460592272901	private_dummy
4379	5170	312799437	real
4379	10803	11460592272901	private_dummy
4380	5180	232481024	real
4380	10804	11460592272901	private_dummy
4381	5188	602099362	real
4381	10805	11460592272901	private_dummy
4382	5197	685312257	real
4382	10806	11460592272901	private_dummy
4383	5253	600626871	real
4383	10807	11460592272901	private_dummy
4384	5253	657736364	real
4384	10808	11460592272901	private_dummy
4385	5221	485993722	real
4385	10809	11460592272901	private_dummy
4386	5221	589068982	real
4386	10810	11460592272901	private_dummy
4387	5239	453287755	real
4387	10811	11460592272901	private_dummy
4388	5241	323952310	real
4388	10812	11460592272901	private_dummy
4389	5242	217293016	real
4389	10813	11460592272901	private_dummy
4390	5244	198589597	real
4390	10814	11460592272901	private_dummy
4391	5222	153817043	real
4391	10815	11460592272901	private_dummy
4392	5222	210929797	real
4392	10816	11460592272901	private_dummy
4393	5245	256892303	real
4393	10817	11460592272901	private_dummy
4394	5247	510400509	real
4394	10818	11460592272901	private_dummy
4395	5248	507960342	real
4395	10819	11460592272901	private_dummy
4396	5252	429291869	real
4396	10820	11460592272901	private_dummy
4397	5254	429291869	real
4397	10821	11460592272901	private_dummy
4398	5250	725257849	real
4398	10822	11460592272901	private_dummy
4399	5252	507960342	real
4399	10823	11460592272901	private_dummy
4400	5254	429291869	real
4400	10824	11460592272901	private_dummy
4401	5219	622182589	real
4401	5220	507960342	real
4401	10825	11460592272901	private_dummy
4402	5219	622182589	real
4402	5220	507960342	real
4402	10826	11460592272901	private_dummy
4403	629	960912471	real
4403	630	960912471	real
4403	10827	11460592272901	private_dummy
4404	3148	1055957210	real
4404	3150	1228482163	real
4404	10828	11460592272901	private_dummy
4405	3146	921841024	real
4405	10829	11460592272901	private_dummy
4406	3144	842644711	real
4406	10830	11460592272901	private_dummy
4407	3142	805238941	real
4407	10831	11460592272901	private_dummy
4408	3140	619911174	real
4408	10832	11460592272901	private_dummy
4409	3138	462578720	real
4409	10833	11460592272901	private_dummy
4410	3136	462578720	real
4410	10834	11460592272901	private_dummy
4411	360	960912471	real
4411	361	960912471	real
4411	387	960912471	real
4411	10835	11460592272901	private_dummy
4412	1187	960912471	real
4412	1188	960912471	real
4412	10836	11460592272901	private_dummy
4413	3609	1055957210	real
4413	3611	1228482163	real
4413	10837	11460592272901	private_dummy
4414	3607	807618777	real
4414	10838	11460592272901	private_dummy
4415	3605	685312257	real
4415	10839	11460592272901	private_dummy
4416	3603	619911174	real
4416	10840	11460592272901	private_dummy
4417	3601	413766540	real
4417	10841	11460592272901	private_dummy
4418	3599	256434086	real
4418	10842	11460592272901	private_dummy
4419	3597	256434086	real
4419	10843	11460592272901	private_dummy
4420	957	960912471	real
4420	958	960912471	real
4420	984	960912471	real
4420	10844	11460592272901	private_dummy
4421	1635	960912471	real
4421	1636	960912471	real
4421	10845	11460592272901	private_dummy
4422	4040	1314620714	real
4422	4042	1425990662	real
4422	10846	11460592272901	private_dummy
4423	4038	921841024	real
4423	10847	11460592272901	private_dummy
4424	4036	685312257	real
4424	10848	11460592272901	private_dummy
4425	4034	576800968	real
4425	10849	11460592272901	private_dummy
4426	4032	342661020	real
4426	10850	11460592272901	private_dummy
4427	4030	185328567	real
4427	10851	11460592272901	private_dummy
4428	4028	185328567	real
4428	10852	11460592272901	private_dummy
4429	1440	960912471	real
4429	1441	960912471	real
4429	1467	960912471	real
4429	10853	11460592272901	private_dummy
4430	1984	960912471	real
4430	1985	960912471	real
4430	10854	11460592272901	private_dummy
4431	4441	1314620714	real
4431	4443	1450401941	real
4431	10855	11460592272901	private_dummy
4432	4439	1134625683	real
4432	10856	11460592272901	private_dummy
4433	4437	842644711	real
4433	10857	11460592272901	private_dummy
4434	4435	619911174	real
4434	10858	11460592272901	private_dummy
4435	4433	342661020	real
4435	10859	11460592272901	private_dummy
4436	4431	185328567	real
4436	10860	11460592272901	private_dummy
4437	4429	185328567	real
4437	10861	11460592272901	private_dummy
4438	1821	960912471	real
4438	1822	960912471	real
4438	1847	960912471	real
4438	10862	11460592272901	private_dummy
4439	2249	960912471	real
4439	2250	960912471	real
4439	10863	11460592272901	private_dummy
4440	4812	1314620714	real
4440	4814	1510362503	real
4440	10864	11460592272901	private_dummy
4441	4810	1134625683	real
4441	10865	11460592272901	private_dummy
4442	4808	1024916284	real
4442	10866	11460592272901	private_dummy
4443	4806	805238941	real
4443	10867	11460592272901	private_dummy
4444	4804	413766540	real
4444	10868	11460592272901	private_dummy
4445	4802	256434086	real
4445	10869	11460592272901	private_dummy
4446	4800	256434086	real
4446	10870	11460592272901	private_dummy
4447	2112	960912471	real
4447	2113	960912471	real
4447	2139	960912471	real
4447	10871	11460592272901	private_dummy
4448	5153	1314620714	real
4448	5155	1544258422	real
4448	10872	11460592272901	private_dummy
4449	5151	1134625683	real
4449	10873	11460592272901	private_dummy
4450	5149	1024916284	real
4450	10874	11460592272901	private_dummy
4451	5147	960912471	real
4451	10875	11460592272901	private_dummy
4452	5145	698579647	real
4452	10876	11460592272901	private_dummy
4453	5143	541247193	real
4453	10877	11460592272901	private_dummy
4454	5141	541247193	real
4454	10878	11460592272901	private_dummy
4455	2325	960912471	real
4455	2326	960912471	real
4455	2352	960912471	real
4455	2353	960912471	real
4455	10879	11460592272901	private_dummy
4456	367	1639569710	real
4456	368	1639569710	real
4456	632	1639569710	real
4456	10880	11460592272901	private_dummy
4457	964	1314620714	real
4457	965	1371733469	real
4457	1190	1314620714	real
4457	10881	11460592272901	private_dummy
4458	1447	1134625683	real
4458	1448	1191738437	real
4458	1638	1134625683	real
4458	10882	11460592272901	private_dummy
4459	2119	960912471	real
4459	2120	1018025225	real
4459	2252	960912471	real
4459	10883	11460592272901	private_dummy
4460	2332	934574386	real
4460	2333	991687140	real
4460	2443	934574386	real
4460	10884	11460592272901	private_dummy
4461	5256	1314620714	real
4461	10885	11460592272901	private_dummy
4462	5258	1134625683	real
4462	10886	11460592272901	private_dummy
4463	5174	1024916284	real
4463	10887	11460592272901	private_dummy
4464	5260	960912471	real
4464	10888	11460592272901	private_dummy
4465	5262	934574386	real
4465	10889	11460592272901	private_dummy
4466	5185	622182589	real
4466	10890	11460592272901	private_dummy
4467	5187	507960342	real
4467	10891	11460592272901	private_dummy
4468	364	1639569710	real
4468	365	1639569710	real
4468	10892	11460592272901	private_dummy
4469	961	1371733469	real
4469	962	1371733469	real
4469	10893	11460592272901	private_dummy
4470	1444	1191738437	real
4470	1445	1191738437	real
4470	10894	11460592272901	private_dummy
4471	1825	1082029038	real
4471	1826	1082029038	real
4471	1987	1024916284	real
4471	1988	1024916284	real
4471	10895	11460592272901	private_dummy
4472	2116	1018025225	real
4472	2117	1018025225	real
4472	10896	11460592272901	private_dummy
4473	2329	991687140	real
4473	2330	991687140	real
4473	10897	11460592272901	private_dummy
4474	2513	1130305272	real
4474	2514	1130305272	real
4474	2516	1073192518	real
4474	2517	1073192518	real
4474	10898	11460592272901	private_dummy
4475	2519	1269745858	real
4475	2520	1269745858	real
4475	2522	1212633104	real
4475	2523	1212633104	real
4475	10899	11460592272901	private_dummy
4476	2525	1533123464	real
4476	2526	1533123464	real
4476	2528	1476010710	real
4476	2529	1476010710	real
4476	10900	11460592272901	private_dummy
4477	2490	960912471	real
4477	2492	960912471	real
4477	2531	960912471	real
4477	2532	960912471	real
4477	10901	11460592272901	private_dummy
4478	373	1639569710	real
4478	374	1639569710	real
4478	634	1639569710	real
4478	10902	11460592272901	private_dummy
4479	970	1314620714	real
4479	971	1371733469	real
4479	1192	1314620714	real
4479	10903	11460592272901	private_dummy
4480	1453	1134625683	real
4480	1454	1191738437	real
4480	1640	1134625683	real
4480	10904	11460592272901	private_dummy
4481	1833	1024916284	real
4481	1834	1082029038	real
4481	10905	11460592272901	private_dummy
4482	2125	960912471	real
4482	2126	1018025225	real
4482	2254	960912471	real
4482	10906	11460592272901	private_dummy
4483	2338	934574386	real
4483	2339	991687140	real
4483	2445	934574386	real
4483	10907	11460592272901	private_dummy
4484	2516	987879571	real
4484	2518	1044992326	real
4484	10908	11460592272901	private_dummy
4485	5264	1314620714	real
4485	10909	11460592272901	private_dummy
4486	5266	1134625683	real
4486	10910	11460592272901	private_dummy
4487	5268	1024916284	real
4487	10911	11460592272901	private_dummy
4488	5270	960912471	real
4488	10912	11460592272901	private_dummy
4489	5272	934574386	real
4489	10913	11460592272901	private_dummy
4490	5274	700846570	real
4490	10914	11460592272901	private_dummy
4491	5193	507960342	real
4491	10915	11460592272901	private_dummy
4492	370	1639569710	real
4492	371	1639569710	real
4492	10916	11460592272901	private_dummy
4493	967	1371733469	real
4493	968	1371733469	real
4493	10917	11460592272901	private_dummy
4494	1450	1191738437	real
4494	1451	1191738437	real
4494	10918	11460592272901	private_dummy
4495	1830	1082029038	real
4495	1831	1082029038	real
4495	1990	1024916284	real
4495	10919	11460592272901	private_dummy
4496	2122	1018025225	real
4496	2123	1018025225	real
4496	10920	11460592272901	private_dummy
4497	2335	991687140	real
4497	2336	991687140	real
4497	10921	11460592272901	private_dummy
4498	2513	1044992326	real
4498	2515	1044992326	real
4498	2535	987879571	real
4498	10922	11460592272901	private_dummy
4499	2544	1269745858	real
4499	2545	1269745858	real
4499	2547	1212633104	real
4499	2548	1212633104	real
4499	10923	11460592272901	private_dummy
4500	2550	1533123464	real
4500	2551	1533123464	real
4500	2553	1476010710	real
4500	2554	1476010710	real
4500	10924	11460592272901	private_dummy
4501	2495	960912471	real
4501	2497	960912471	real
4501	2556	960912471	real
4501	2557	960912471	real
4501	10925	11460592272901	private_dummy
4502	379	1639569710	real
4502	380	1639569710	real
4502	636	1639569710	real
4502	10926	11460592272901	private_dummy
4503	976	1314620714	real
4503	977	1371733469	real
4503	1194	1314620714	real
4503	10927	11460592272901	private_dummy
4504	1459	1134625683	real
4504	1460	1191738437	real
4504	1642	1134625683	real
4504	10928	11460592272901	private_dummy
4505	1839	1024916284	real
4505	1840	1082029038	real
4505	10929	11460592272901	private_dummy
4506	2131	960912471	real
4506	2132	1018025225	real
4506	2256	960912471	real
4506	10930	11460592272901	private_dummy
4507	2344	934574386	real
4507	2345	991687140	real
4507	2447	934574386	real
4507	10931	11460592272901	private_dummy
4508	2522	987879571	real
4508	2524	1044992326	real
4508	10932	11460592272901	private_dummy
4509	2547	1073192518	real
4509	2549	1130305272	real
4509	10933	11460592272901	private_dummy
4510	5276	1314620714	real
4510	10934	11460592272901	private_dummy
4511	5278	1134625683	real
4511	10935	11460592272901	private_dummy
4512	5280	1024916284	real
4512	10936	11460592272901	private_dummy
4513	5282	960912471	real
4513	10937	11460592272901	private_dummy
4514	5284	934574386	real
4514	10938	11460592272901	private_dummy
4515	5286	700846570	real
4515	10939	11460592272901	private_dummy
4516	5288	543514116	real
4516	10940	11460592272901	private_dummy
4517	376	1639569710	real
4517	377	1639569710	real
4517	10941	11460592272901	private_dummy
4518	973	1371733469	real
4518	974	1371733469	real
4518	10942	11460592272901	private_dummy
4519	1456	1191738437	real
4519	1457	1191738437	real
4519	10943	11460592272901	private_dummy
4520	1836	1082029038	real
4520	1837	1082029038	real
4520	1992	1024916284	real
4520	10944	11460592272901	private_dummy
4521	2128	1018025225	real
4521	2129	1018025225	real
4521	10945	11460592272901	private_dummy
4522	2341	991687140	real
4522	2342	991687140	real
4522	10946	11460592272901	private_dummy
4523	2519	1044992326	real
4523	2521	1044992326	real
4523	2537	987879571	real
4523	10947	11460592272901	private_dummy
4524	2544	1130305272	real
4524	2546	1130305272	real
4524	2560	1073192518	real
4524	10948	11460592272901	private_dummy
4525	2567	1533123464	real
4525	2568	1533123464	real
4525	2570	1476010710	real
4525	2571	1476010710	real
4525	10949	11460592272901	private_dummy
4526	2500	960912471	real
4526	2502	960912471	real
4526	2573	960912471	real
4526	2574	960912471	real
4526	10950	11460592272901	private_dummy
4527	385	1639569710	real
4527	386	1639569710	real
4527	638	1639569710	real
4527	10951	11460592272901	private_dummy
4528	982	1314620714	real
4528	983	1371733469	real
4528	1196	1314620714	real
4528	10952	11460592272901	private_dummy
4529	1465	1134625683	real
4529	1466	1191738437	real
4529	1644	1134625683	real
4529	10953	11460592272901	private_dummy
4530	1845	1024916284	real
4530	1846	1082029038	real
4530	10954	11460592272901	private_dummy
4531	2137	960912471	real
4531	2138	1018025225	real
4531	2258	960912471	real
4531	10955	11460592272901	private_dummy
4532	2350	934574386	real
4532	2351	991687140	real
4532	2449	934574386	real
4532	10956	11460592272901	private_dummy
4533	2528	987879571	real
4533	2530	1044992326	real
4533	10957	11460592272901	private_dummy
4534	2553	1073192518	real
4534	2555	1130305272	real
4534	10958	11460592272901	private_dummy
4535	2570	1212633104	real
4535	2572	1269745858	real
4535	10959	11460592272901	private_dummy
4536	5290	1314620714	real
4536	10960	11460592272901	private_dummy
4537	5292	1134625683	real
4537	10961	11460592272901	private_dummy
4538	5294	1024916284	real
4538	10962	11460592272901	private_dummy
4539	5296	960912471	real
4539	10963	11460592272901	private_dummy
4540	5298	934574386	real
4540	10964	11460592272901	private_dummy
4541	5300	700846570	real
4541	10965	11460592272901	private_dummy
4542	5302	543514116	real
4542	10966	11460592272901	private_dummy
4543	382	1639569710	real
4543	383	1639569710	real
4543	10967	11460592272901	private_dummy
4544	979	1371733469	real
4544	980	1371733469	real
4544	10968	11460592272901	private_dummy
4545	1462	1191738437	real
4545	1463	1191738437	real
4545	10969	11460592272901	private_dummy
4546	1842	1082029038	real
4546	1843	1082029038	real
4546	1994	1024916284	real
4546	10970	11460592272901	private_dummy
4547	2134	1018025225	real
4547	2135	1018025225	real
4547	10971	11460592272901	private_dummy
4548	2347	991687140	real
4548	2348	991687140	real
4548	10972	11460592272901	private_dummy
4549	2525	1044992326	real
4549	2527	1044992326	real
4549	2539	987879571	real
4549	10973	11460592272901	private_dummy
4550	2550	1130305272	real
4550	2552	1130305272	real
4550	2562	1073192518	real
4550	10974	11460592272901	private_dummy
4551	2567	1269745858	real
4551	2569	1269745858	real
4551	2577	1212633104	real
4551	10975	11460592272901	private_dummy
4552	2505	960912471	real
4552	2507	960912471	real
4552	2582	960912471	real
4552	2583	960912471	real
4552	10976	11460592272901	private_dummy
4553	2353	934574386	real
4553	2354	991687140	real
4553	10977	11460592272901	private_dummy
4554	2531	987879571	real
4554	2533	1044992326	real
4554	2540	987879571	real
4554	10978	11460592272901	private_dummy
4555	2556	1073192518	real
4555	2558	1130305272	real
4555	2563	1073192518	real
4555	10979	11460592272901	private_dummy
4556	2573	1212633104	real
4556	2575	1269745858	real
4556	2578	1212633104	real
4556	10980	11460592272901	private_dummy
4557	2582	1476010710	real
4557	2584	1533123464	real
4557	2585	1476010710	real
4557	10981	11460592272901	private_dummy
4558	361	1639569710	real
4558	362	1639569710	real
4558	630	1639569710	real
4558	10982	11460592272901	private_dummy
4559	958	1314620714	real
4559	959	1314620714	real
4559	1188	1314620714	real
4559	10983	11460592272901	private_dummy
4560	1441	1134625683	real
4560	1442	1134625683	real
4560	1636	1134625683	real
4560	10984	11460592272901	private_dummy
4561	1822	1024916284	real
4561	1823	1024916284	real
4561	1985	1024916284	real
4561	10985	11460592272901	private_dummy
4562	2113	960912471	real
4562	2114	960912471	real
4562	2250	960912471	real
4562	10986	11460592272901	private_dummy
4563	2326	934574386	real
4563	2327	934574386	real
4563	2441	934574386	real
4563	10987	11460592272901	private_dummy
4564	2490	987879571	real
4564	2491	987879571	real
4564	2493	987879571	real
4564	10988	11460592272901	private_dummy
4565	2495	1073192518	real
4565	2496	1073192518	real
4565	2498	1073192518	real
4565	10989	11460592272901	private_dummy
4566	2500	1212633104	real
4566	2501	1212633104	real
4566	2503	1212633104	real
4566	10990	11460592272901	private_dummy
4567	2505	1476010710	real
4567	2506	1476010710	real
4567	2508	1476010710	real
4567	10991	11460592272901	private_dummy
4568	5234	604256990	real
4568	10992	11460592272901	private_dummy
4569	5234	604256990	real
4569	10993	11460592272901	private_dummy
4570	5235	407325249	real
4570	10994	11460592272901	private_dummy
4571	5235	407325249	real
4571	10995	11460592272901	private_dummy
4572	5236	604256990	real
4572	10996	11460592272901	private_dummy
4573	5236	604256990	real
4573	10997	11460592272901	private_dummy
4574	5237	486401362	real
4574	10998	11460592272901	private_dummy
4575	5237	543514116	real
4575	10999	11460592272901	private_dummy
4576	5238	589476622	real
4576	11000	11460592272901	private_dummy
4577	5238	646589376	real
4577	11001	11460592272901	private_dummy
4578	2613	1212633104	real
4578	11002	11460592272901	private_dummy
4579	2605	1073192518	real
4579	11003	11460592272901	private_dummy
4580	2593	987879571	real
4580	11004	11460592272901	private_dummy
4581	1857	1024916284	real
4581	11005	11460592272901	private_dummy
4582	2603	1073192518	real
4582	11006	11460592272901	private_dummy
4583	2591	987879571	real
4583	11007	11460592272901	private_dummy
4584	1855	1024916284	real
4584	11008	11460592272901	private_dummy
4585	2589	987879571	real
4585	11009	11460592272901	private_dummy
4586	1853	1024916284	real
4586	11010	11460592272901	private_dummy
4587	2363	934574386	real
4587	11011	11460592272901	private_dummy
4588	2249	943287091	real
4588	11012	11460592272901	private_dummy
4589	1984	943287091	real
4589	11013	11460592272901	private_dummy
4590	1635	943287091	real
4590	11014	11460592272901	private_dummy
4591	1187	943287091	real
4591	11015	11460592272901	private_dummy
4592	629	943287091	real
4592	11016	11460592272901	private_dummy
4593	5351	960912471	real
4593	11017	11460592272901	private_dummy
4594	5349	553590018	real
4594	11018	11460592272901	private_dummy
4595	5354	547685016	real
4595	11019	11460592272901	private_dummy
4596	5354	547685016	real
4596	11020	11460592272901	private_dummy
4597	5348	232485516	real
4597	11021	11460592272901	private_dummy
4598	5346	289598270	real
4598	5347	289598270	real
4598	11022	11460592272901	private_dummy
4599	5336	236000926	real
4599	5337	236000926	real
4599	11023	11460592272901	private_dummy
4600	5339	403820517	real
4600	5340	403820517	real
4600	11024	11460592272901	private_dummy
4601	5361	446930723	real
4601	11025	11460592272901	private_dummy
4602	5337	236000926	real
4602	11026	11460592272901	private_dummy
4603	5350	553590018	real
4603	11027	11460592272901	private_dummy
4604	5363	446930723	real
4604	11028	11460592272901	private_dummy
4605	5336	275600213	real
4605	11029	11460592272901	private_dummy
4606	5343	342660221	real
4606	5344	724925020	real
4606	11030	11460592272901	private_dummy
4607	5365	486530011	real
4607	11031	11460592272901	private_dummy
4608	5340	622182589	real
4608	11032	11460592272901	private_dummy
4609	5344	646256547	real
4609	11033	11460592272901	private_dummy
4610	5367	677762780	real
4610	11034	11460592272901	private_dummy
4611	5339	485993722	real
4611	11035	11460592272901	private_dummy
4612	5343	527249137	real
4612	11036	11460592272901	private_dummy
4613	5369	1206544480	real
4613	11037	11460592272901	private_dummy
4614	5356	429417256	real
4614	11038	11460592272901	private_dummy
4615	5356	429417256	real
4615	11039	11460592272901	private_dummy
4616	5354	429417256	real
4616	5355	389817969	real
4616	5360	232485516	real
4616	11040	11460592272901	private_dummy
4617	5364	389817969	real
4617	11041	11460592272901	private_dummy
4618	5366	295961488	real
4618	11042	11460592272901	private_dummy
4619	5354	522083785	real
4619	5355	482484498	real
4619	5362	325152045	real
4619	11043	11460592272901	private_dummy
4620	5364	482484498	real
4620	11044	11460592272901	private_dummy
4621	5366	388628017	real
4621	11045	11460592272901	private_dummy
4622	5353	421329493	real
4622	11046	11460592272901	private_dummy
4623	5353	578661946	real
4623	11047	11460592272901	private_dummy
4624	5352	578661946	real
4624	11048	11460592272901	private_dummy
4625	5368	606657260	real
4625	11049	11460592272901	private_dummy
4626	5370	585559758	real
4626	11050	11460592272901	private_dummy
4627	5352	618261233	real
4627	11051	11460592272901	private_dummy
4628	5368	803589001	real
4628	11052	11460592272901	private_dummy
4629	5370	446930723	real
4629	11053	11460592272901	private_dummy
4630	5313	646589376	real
4630	11054	11460592272901	private_dummy
4631	5338	635763222	real
4631	11055	11460592272901	private_dummy
4632	5338	299545523	real
4632	11056	11460592272901	private_dummy
4633	5304	602099362	real
4633	5305	659212116	real
4633	11057	11460592272901	private_dummy
4634	5306	417808791	real
4634	5307	417808791	real
4634	11058	11460592272901	private_dummy
4635	5308	535532974	real
4635	5309	535532974	real
4635	11059	11460592272901	private_dummy
4636	5310	844744762	real
4636	5311	844744762	real
4636	11060	11460592272901	private_dummy
4637	5312	757959324	real
4637	11061	11460592272901	private_dummy
4638	5377	850620562	real
4638	11062	11460592272901	private_dummy
4639	5377	299545523	real
4639	11063	11460592272901	private_dummy
4640	5305	659212116	real
4640	11064	11460592272901	private_dummy
4641	5321	192881737	real
4641	5322	192881737	real
4641	11065	11460592272901	private_dummy
4642	5323	646589376	real
4642	11066	11460592272901	private_dummy
4643	5341	538397518	real
4643	11067	11460592272901	private_dummy
4644	5341	299545523	real
4644	11068	11460592272901	private_dummy
4645	5304	844744762	real
4645	11069	11460592272901	private_dummy
4646	5314	189370818	real
4646	5315	189370818	real
4646	11070	11460592272901	private_dummy
4647	5316	220877050	real
4647	5317	220877050	real
4647	11071	11460592272901	private_dummy
4648	5318	486401362	real
4648	5319	486401362	real
4648	11072	11460592272901	private_dummy
4649	5320	586628814	real
4649	11073	11460592272901	private_dummy
4650	5380	553590018	real
4650	11074	11460592272901	private_dummy
4651	5380	356658277	real
4651	11075	11460592272901	private_dummy
4652	5307	417808791	real
4652	11076	11460592272901	private_dummy
4653	5315	189370818	real
4653	11077	11460592272901	private_dummy
4654	5329	474921545	real
4654	11078	11460592272901	private_dummy
4655	5342	671314201	real
4655	11079	11460592272901	private_dummy
4656	5342	263991748	real
4656	11080	11460592272901	private_dummy
4657	5306	428876476	real
4657	11081	11460592272901	private_dummy
4658	5314	271544022	real
4658	11082	11460592272901	private_dummy
4659	5324	312799437	real
4659	5325	369912191	real
4659	11083	11460592272901	private_dummy
4660	5326	451428472	real
4660	5327	451428472	real
4660	11084	11460592272901	private_dummy
4661	5328	728429752	real
4661	11085	11460592272901	private_dummy
4662	5383	391467910	real
4662	11086	11460592272901	private_dummy
4663	5383	402620783	real
4663	11087	11460592272901	private_dummy
4664	5309	535532974	real
4664	11088	11460592272901	private_dummy
4665	5317	220877050	real
4665	5322	220877050	real
4665	11089	11460592272901	private_dummy
4666	5325	369912191	real
4666	11090	11460592272901	private_dummy
4667	5333	435322258	real
4667	11091	11460592272901	private_dummy
4668	5345	679876228	real
4668	11092	11460592272901	private_dummy
4669	5345	691029101	real
4669	11093	11460592272901	private_dummy
4670	5308	451428472	real
4670	11094	11460592272901	private_dummy
4671	5316	174178318	real
4671	5321	174178318	real
4671	11095	11460592272901	private_dummy
4672	5324	451428472	real
4672	11096	11460592272901	private_dummy
4673	5330	693393268	real
4673	5331	750506022	real
4673	11097	11460592272901	private_dummy
4674	5332	416618839	real
4674	11098	11460592272901	private_dummy
4675	5386	484134439	real
4675	11099	11460592272901	private_dummy
4676	5386	392212052	real
4676	11100	11460592272901	private_dummy
4677	5311	844744762	real
4677	11101	11460592272901	private_dummy
4678	5319	486401362	real
4678	11102	11460592272901	private_dummy
4679	5327	451428472	real
4679	11103	11460592272901	private_dummy
4680	5331	750506022	real
4680	11104	11460592272901	private_dummy
4681	5335	671316997	real
4681	11105	11460592272901	private_dummy
4682	5388	484134439	real
4682	11106	11460592272901	private_dummy
4683	5388	392212052	real
4683	11107	11460592272901	private_dummy
4684	5310	693393268	real
4684	11108	11460592272901	private_dummy
4685	5318	348353212	real
4685	11109	11460592272901	private_dummy
4686	5326	348353212	real
4686	11110	11460592272901	private_dummy
4687	5330	693393268	real
4687	11111	11460592272901	private_dummy
4688	5334	541981553	real
4688	11112	11460592272901	private_dummy
4689	5390	576800968	real
4689	11113	11460592272901	private_dummy
4690	5390	484878581	real
4690	11114	11460592272901	private_dummy
4691	5358	685312257	real
4691	11115	11460592272901	private_dummy
4692	5358	788387517	real
4692	11116	11460592272901	private_dummy
4693	5376	435322258	real
4693	11117	11460592272901	private_dummy
4694	5378	277989805	real
4694	11118	11460592272901	private_dummy
4695	5379	277989805	real
4695	11119	11460592272901	private_dummy
4696	5381	492435012	real
4696	11120	11460592272901	private_dummy
4697	5359	242436030	real
4697	11121	11460592272901	private_dummy
4698	5359	381065064	real
4698	11122	11460592272901	private_dummy
4699	5382	381065064	real
4699	11123	11460592272901	private_dummy
4700	5384	321104502	real
4700	11124	11460592272901	private_dummy
4701	5385	381065064	real
4701	11125	11460592272901	private_dummy
4702	5389	302396592	real
4702	11126	11460592272901	private_dummy
4703	5391	302396592	real
4703	11127	11460592272901	private_dummy
4704	5387	631064047	real
4704	11128	11460592272901	private_dummy
4705	5389	381065064	real
4705	11129	11460592272901	private_dummy
4706	5391	302396592	real
4706	11130	11460592272901	private_dummy
4707	5356	486530011	real
4707	5357	486530011	real
4707	11131	11460592272901	private_dummy
4708	5356	486530011	real
4708	5357	486530011	real
4708	11132	11460592272901	private_dummy
4709	2508	943287091	real
4709	2509	943287091	real
4709	11133	11460592272901	private_dummy
4710	2612	1269745858	real
4710	2614	1212633104	real
4710	11134	11460592272901	private_dummy
4711	2604	1130305272	real
4711	2608	1073192518	real
4711	11135	11460592272901	private_dummy
4712	2592	1044992326	real
4712	2598	987879571	real
4712	11136	11460592272901	private_dummy
4713	2361	991687140	real
4713	2362	934574386	real
4713	2457	934574386	real
4713	11137	11460592272901	private_dummy
4714	2147	1018025225	real
4714	2148	960912471	real
4714	2266	960912471	real
4714	11138	11460592272901	private_dummy
4715	1856	1082029038	real
4715	2002	1024916284	real
4715	11139	11460592272901	private_dummy
4716	1475	1191738437	real
4716	1476	1134625683	real
4716	1652	1134625683	real
4716	11140	11460592272901	private_dummy
4717	992	1371733469	real
4717	993	1314620714	real
4717	1204	1314620714	real
4717	11141	11460592272901	private_dummy
4718	395	1639569710	real
4718	396	1639569710	real
4718	646	1639569710	real
4718	11142	11460592272901	private_dummy
4719	2506	943287091	real
4719	2507	943287091	real
4719	11143	11460592272901	private_dummy
4720	5393	901857516	real
4720	11144	11460592272901	private_dummy
4721	5395	737880589	real
4721	11145	11460592272901	private_dummy
4722	5397	431732036	real
4722	11146	11460592272901	private_dummy
4723	5399	289593778	real
4723	11147	11460592272901	private_dummy
4724	5401	195737297	real
4724	11148	11460592272901	private_dummy
4725	5403	195737297	real
4725	11149	11460592272901	private_dummy
4726	5405	289593778	real
4726	11150	11460592272901	private_dummy
4727	2614	1476010710	real
4727	2615	1476010710	real
4727	11151	11460592272901	private_dummy
4728	2503	943287091	real
4728	2504	943287091	real
4728	11152	11460592272901	private_dummy
4729	2612	1533123464	real
4729	11153	11460592272901	private_dummy
4730	2602	1130305272	real
4730	2606	1073192518	real
4730	11154	11460592272901	private_dummy
4731	2590	1044992326	real
4731	2596	987879571	real
4731	11155	11460592272901	private_dummy
4732	2359	991687140	real
4732	2360	934574386	real
4732	2455	934574386	real
4732	11156	11460592272901	private_dummy
4733	2145	1018025225	real
4733	2146	960912471	real
4733	2264	960912471	real
4733	11157	11460592272901	private_dummy
4734	1854	1082029038	real
4734	2000	1024916284	real
4734	11158	11460592272901	private_dummy
4735	1473	1191738437	real
4735	1474	1134625683	real
4735	1650	1134625683	real
4735	11159	11460592272901	private_dummy
4736	990	1371733469	real
4736	991	1314620714	real
4736	1202	1314620714	real
4736	11160	11460592272901	private_dummy
4737	393	1639569710	real
4737	394	1639569710	real
4737	644	1639569710	real
4737	11161	11460592272901	private_dummy
4738	2501	943287091	real
4738	2502	943287091	real
4738	11162	11460592272901	private_dummy
4739	5408	1037638743	real
4739	11163	11460592272901	private_dummy
4740	5410	737880589	real
4740	11164	11460592272901	private_dummy
4741	5412	371771474	real
4741	11165	11460592272901	private_dummy
4742	5414	210929797	real
4742	11166	11460592272901	private_dummy
4743	5416	117073316	real
4743	11167	11460592272901	private_dummy
4744	5418	117073316	real
4744	11168	11460592272901	private_dummy
4745	5420	210929797	real
4745	11169	11460592272901	private_dummy
4746	2608	1476010710	real
4746	2609	1476010710	real
4746	11170	11460592272901	private_dummy
4747	2606	1212633104	real
4747	2607	1212633104	real
4747	11171	11460592272901	private_dummy
4748	2498	943287091	real
4748	2499	943287091	real
4748	11172	11460592272901	private_dummy
4749	2604	1533123464	real
4749	11173	11460592272901	private_dummy
4750	2602	1269745858	real
4750	11174	11460592272901	private_dummy
4751	2588	1044992326	real
4751	2594	987879571	real
4751	11175	11460592272901	private_dummy
4752	2357	991687140	real
4752	2358	934574386	real
4752	2453	934574386	real
4752	11176	11460592272901	private_dummy
4753	2143	1018025225	real
4753	2144	960912471	real
4753	2262	960912471	real
4753	11177	11460592272901	private_dummy
4754	1852	1082029038	real
4754	1998	1024916284	real
4754	11178	11460592272901	private_dummy
4755	1471	1191738437	real
4755	1472	1134625683	real
4755	1648	1134625683	real
4755	11179	11460592272901	private_dummy
4756	988	1371733469	real
4756	989	1314620714	real
4756	1200	1314620714	real
4756	11180	11460592272901	private_dummy
4757	391	1639569710	real
4757	392	1639569710	real
4757	642	1639569710	real
4757	11181	11460592272901	private_dummy
4758	2496	943287091	real
4758	2497	943287091	real
4758	11182	11460592272901	private_dummy
4759	5423	1212633104	real
4759	11183	11460592272901	private_dummy
4760	5425	933622378	real
4760	11184	11460592272901	private_dummy
4761	5427	431732036	real
4761	11185	11460592272901	private_dummy
4762	5429	235336584	real
4762	11186	11460592272901	private_dummy
4763	5431	141480104	real
4763	11187	11460592272901	private_dummy
4764	5433	141480104	real
4764	11188	11460592272901	private_dummy
4765	5435	235336584	real
4765	11189	11460592272901	private_dummy
4766	2598	1476010710	real
4766	2599	1476010710	real
4766	11190	11460592272901	private_dummy
4767	2596	1212633104	real
4767	2597	1212633104	real
4767	11191	11460592272901	private_dummy
4768	2594	1073192518	real
4768	2595	1073192518	real
4768	11192	11460592272901	private_dummy
4769	1850	1024916284	real
4769	1851	1024916284	real
4769	11193	11460592272901	private_dummy
4770	2493	943287091	real
4770	2494	943287091	real
4770	11194	11460592272901	private_dummy
4771	2592	1533123464	real
4771	11195	11460592272901	private_dummy
4772	2590	1269745858	real
4772	11196	11460592272901	private_dummy
4773	2588	1130305272	real
4773	11197	11460592272901	private_dummy
4774	2355	991687140	real
4774	2356	934574386	real
4774	2451	934574386	real
4774	11198	11460592272901	private_dummy
4775	2141	1018025225	real
4775	2142	960912471	real
4775	2260	960912471	real
4775	11199	11460592272901	private_dummy
4776	1849	1082029038	real
4776	11200	11460592272901	private_dummy
4777	1469	1191738437	real
4777	1470	1134625683	real
4777	1646	1134625683	real
4777	11201	11460592272901	private_dummy
4778	986	1371733469	real
4778	987	1314620714	real
4778	1198	1314620714	real
4778	11202	11460592272901	private_dummy
4779	389	1639569710	real
4779	390	1639569710	real
4779	640	1639569710	real
4779	11203	11460592272901	private_dummy
4780	2491	943287091	real
4780	2492	943287091	real
4780	11204	11460592272901	private_dummy
4781	5438	1212633104	real
4781	11205	11460592272901	private_dummy
4782	5440	1073192518	real
4782	11206	11460592272901	private_dummy
4783	5442	775591992	real
4783	11207	11460592272901	private_dummy
4784	5444	522083785	real
4784	11208	11460592272901	private_dummy
4785	5446	428227305	real
4785	11209	11460592272901	private_dummy
4786	5448	428227305	real
4786	11210	11460592272901	private_dummy
4787	5450	522083785	real
4787	11211	11460592272901	private_dummy
4788	2440	943287091	real
4788	2441	943287091	real
4788	11212	11460592272901	private_dummy
4789	2325	943287091	real
4789	2327	943287091	real
4789	11213	11460592272901	private_dummy
4790	4861	1212633104	real
4790	4863	1351262138	real
4790	11214	11460592272901	private_dummy
4791	4859	1073192518	real
4791	11215	11460592272901	private_dummy
4792	4857	987879571	real
4792	11216	11460592272901	private_dummy
4793	4942	646256547	real
4793	11217	11460592272901	private_dummy
4794	4940	416618839	real
4794	11218	11460592272901	private_dummy
4795	4938	356658277	real
4795	11219	11460592272901	private_dummy
4796	4936	416618839	real
4796	11220	11460592272901	private_dummy
4797	2112	943287091	real
4797	2114	943287091	real
4797	2149	943287091	real
4797	11221	11460592272901	private_dummy
4798	4514	1212633104	real
4798	4516	1351262138	real
4798	11222	11460592272901	private_dummy
4799	4512	1073192518	real
4799	11223	11460592272901	private_dummy
4800	4510	987879571	real
4800	11224	11460592272901	private_dummy
4801	4601	728429752	real
4801	11225	11460592272901	private_dummy
4802	4599	359509346	real
4802	11226	11460592272901	private_dummy
4803	4597	242436030	real
4803	11227	11460592272901	private_dummy
4804	4595	242436030	real
4804	11228	11460592272901	private_dummy
4805	1821	943287091	real
4805	1823	943287091	real
4805	1858	943287091	real
4805	11229	11460592272901	private_dummy
4806	4137	1212633104	real
4806	4139	1351262138	real
4806	11230	11460592272901	private_dummy
4807	4135	1073192518	real
4807	11231	11460592272901	private_dummy
4808	4133	987879571	real
4808	11232	11460592272901	private_dummy
4809	4230	728429752	real
4809	11233	11460592272901	private_dummy
4810	4228	532034300	real
4810	11234	11460592272901	private_dummy
4811	4226	335102559	real
4811	11235	11460592272901	private_dummy
4812	4224	302396592	real
4812	11236	11460592272901	private_dummy
4813	1440	943287091	real
4813	1442	943287091	real
4813	1477	943287091	real
4813	11237	11460592272901	private_dummy
4814	3734	1212633104	real
4814	3736	1351262138	real
4814	11238	11460592272901	private_dummy
4815	3732	1073192518	real
4815	11239	11460592272901	private_dummy
4816	3730	987879571	real
4816	11240	11460592272901	private_dummy
4817	3829	728429752	real
4817	11241	11460592272901	private_dummy
4818	3827	532034300	real
4818	11242	11460592272901	private_dummy
4819	3825	473731594	real
4819	11243	11460592272901	private_dummy
4820	3823	413766540	real
4820	11244	11460592272901	private_dummy
4821	957	943287091	real
4821	959	943287091	real
4821	994	943287091	real
4821	11245	11460592272901	private_dummy
4822	3303	1212633104	real
4822	3305	1351262138	real
4822	11246	11460592272901	private_dummy
4823	3301	1073192518	real
4823	11247	11460592272901	private_dummy
4824	3299	987879571	real
4824	11248	11460592272901	private_dummy
4825	3398	728429752	real
4825	11249	11460592272901	private_dummy
4826	3396	532034300	real
4826	11250	11460592272901	private_dummy
4827	3394	473731594	real
4827	11251	11460592272901	private_dummy
4828	3392	492435012	real
4828	11252	11460592272901	private_dummy
4829	360	943287091	real
4829	362	943287091	real
4829	397	943287091	real
4829	11253	11460592272901	private_dummy
4830	2842	1212633104	real
4830	2844	1351262138	real
4830	11254	11460592272901	private_dummy
4831	2840	1073192518	real
4831	11255	11460592272901	private_dummy
4832	2838	987879571	real
4832	11256	11460592272901	private_dummy
4833	2937	728429752	real
4833	11257	11460592272901	private_dummy
4834	2935	532034300	real
4834	11258	11460592272901	private_dummy
4835	2933	473731594	real
4835	11259	11460592272901	private_dummy
4836	2931	492435012	real
4836	11260	11460592272901	private_dummy
4837	2149	960912471	real
4837	2150	960912471	real
4837	11261	11460592272901	private_dummy
4838	1858	1024916284	real
4838	11262	11460592272901	private_dummy
4839	1477	1134625683	real
4839	1478	1134625683	real
4839	11263	11460592272901	private_dummy
4840	994	1314620714	real
4840	995	1314620714	real
4840	11264	11460592272901	private_dummy
4841	397	1639569710	real
4841	398	1639569710	real
4841	11265	11460592272901	private_dummy
4842	5371	685312257	real
4842	11266	11460592272901	private_dummy
4843	5371	685312257	real
4843	11267	11460592272901	private_dummy
4844	5372	685312257	real
4844	11268	11460592272901	private_dummy
4845	5372	685312257	real
4845	11269	11460592272901	private_dummy
4846	5373	474921545	real
4846	11270	11460592272901	private_dummy
4847	5373	417808791	real
4847	11271	11460592272901	private_dummy
4848	5374	381065064	real
4848	11272	11460592272901	private_dummy
4849	5374	323952310	real
4849	11273	11460592272901	private_dummy
4850	5375	599094307	real
4850	11274	11460592272901	private_dummy
4851	5375	541981553	real
4851	11275	11460592272901	private_dummy
4852	421	1639569710	real
4852	11276	11460592272901	private_dummy
4853	1018	1371733469	real
4853	11277	11460592272901	private_dummy
4854	1501	1191738437	real
4854	11278	11460592272901	private_dummy
4855	1881	1082029038	real
4855	11279	11460592272901	private_dummy
4856	2173	1018025225	real
4856	11280	11460592272901	private_dummy
4857	2458	1024916284	real
4857	11281	11460592272901	private_dummy
4858	2586	1024916284	real
4858	11282	11460592272901	private_dummy
4859	2651	1269745858	real
4859	11283	11460592272901	private_dummy
4860	2653	1533123464	real
4860	11284	11460592272901	private_dummy
4861	2622	1024916284	real
4861	11285	11460592272901	private_dummy
4862	2668	1533123464	real
4862	11286	11460592272901	private_dummy
4863	2627	1024916284	real
4863	11287	11460592272901	private_dummy
4864	2632	1024916284	real
4864	11288	11460592272901	private_dummy
4865	5503	625159045	real
4865	11289	11460592272901	private_dummy
4866	5501	403816026	real
4866	11290	11460592272901	private_dummy
4867	5506	773434363	real
4867	11291	11460592272901	private_dummy
4868	5506	884804311	real
4868	11292	11460592272901	private_dummy
4869	5500	232485516	real
4869	11293	11460592272901	private_dummy
4870	5498	407325249	real
4870	5499	407325249	real
4870	11294	11460592272901	private_dummy
4871	5488	0	real
4871	5489	171330510	real
4871	11295	11460592272901	private_dummy
4872	5491	470136382	real
4872	5492	470136382	real
4872	11296	11460592272901	private_dummy
4873	5513	171330510	real
4873	11297	11460592272901	private_dummy
4874	5489	171330510	real
4874	11298	11460592272901	private_dummy
4875	5502	819114330	real
4875	11299	11460592272901	private_dummy
4876	5515	210929797	real
4876	11300	11460592272901	private_dummy
4877	5488	584361891	real
4877	11301	11460592272901	private_dummy
4878	5495	275600213	real
4878	5496	335560775	real
4878	11302	11460592272901	private_dummy
4879	5517	1206544480	real
4879	11303	11460592272901	private_dummy
4880	5492	295961488	real
4880	11304	11460592272901	private_dummy
4881	5496	278448021	real
4881	11305	11460592272901	private_dummy
4882	5519	335560775	real
4882	11306	11460592272901	private_dummy
4883	5491	393327193	real
4883	11307	11460592272901	private_dummy
4884	5495	196931741	real
4884	11308	11460592272901	private_dummy
4885	5521	452634092	real
4885	11309	11460592272901	private_dummy
4886	5508	852102836	real
4886	11310	11460592272901	private_dummy
4887	5508	773434363	real
4887	11311	11460592272901	private_dummy
4888	5506	891702123	real
4888	5507	522083785	real
4888	5512	232485516	real
4888	11312	11460592272901	private_dummy
4889	5516	522083785	real
4889	11313	11460592272901	private_dummy
4890	5518	232485516	real
4890	11314	11460592272901	private_dummy
4891	5506	907356307	real
4891	5507	852401181	real
4891	5514	484134439	real
4891	11315	11460592272901	private_dummy
4892	5516	797683999	real
4892	11316	11460592272901	private_dummy
4893	5518	311153988	real
4893	11317	11460592272901	private_dummy
4894	5505	349558832	real
4894	11318	11460592272901	private_dummy
4895	5505	428227305	real
4895	11319	11460592272901	private_dummy
4896	5504	428227305	real
4896	11320	11460592272901	private_dummy
4897	5520	278448021	real
4897	11321	11460592272901	private_dummy
4898	5522	335560775	real
4898	11322	11460592272901	private_dummy
4899	5504	1012589195	real
4899	11323	11460592272901	private_dummy
4900	5520	452634092	real
4900	11324	11460592272901	private_dummy
4901	5522	531302564	real
4901	11325	11460592272901	private_dummy
4902	5461	589476622	real
4902	11326	11460592272901	private_dummy
4903	5490	438831482	real
4903	11327	11460592272901	private_dummy
4904	5490	393327193	real
4904	11328	11460592272901	private_dummy
4905	5452	693393268	real
4905	5453	750506022	real
4905	11329	11460592272901	private_dummy
4906	5454	451428472	real
4906	5455	451428472	real
4906	11330	11460592272901	private_dummy
4907	5456	271544022	real
4907	5457	271544022	real
4907	11331	11460592272901	private_dummy
4908	5458	844744762	real
4908	5459	844744762	real
4908	11332	11460592272901	private_dummy
4909	5460	731274763	real
4909	11333	11460592272901	private_dummy
4910	5529	568166926	real
4910	11334	11460592272901	private_dummy
4911	5529	393327193	real
4911	11335	11460592272901	private_dummy
4912	5453	750506022	real
4912	11336	11460592272901	private_dummy
4913	5469	16845864	real
4913	5470	16845864	real
4913	11337	11460592272901	private_dummy
4914	5471	395521337	real
4914	11338	11460592272901	private_dummy
4915	5493	274405770	real
4915	11339	11460592272901	private_dummy
4916	5493	157332454	real
4916	11340	11460592272901	private_dummy
4917	5452	998844456	real
4917	11341	11460592272901	private_dummy
4918	5462	312799437	real
4918	5463	369912191	real
4918	11342	11460592272901	private_dummy
4919	5464	35549283	real
4919	5465	35549283	real
4919	11343	11460592272901	private_dummy
4920	5466	535532974	real
4920	5467	535532974	real
4920	11344	11460592272901	private_dummy
4921	5468	453287755	real
4921	11345	11460592272901	private_dummy
4922	5532	293109189	real
4922	11346	11460592272901	private_dummy
4923	5532	157332454	real
4923	11347	11460592272901	private_dummy
4924	5455	451428472	real
4924	11348	11460592272901	private_dummy
4925	5463	369912191	real
4925	11349	11460592272901	private_dummy
4926	5477	453287755	real
4926	11350	11460592272901	private_dummy
4927	5494	371771474	real
4927	11351	11460592272901	private_dummy
4928	5494	196931741	real
4928	11352	11460592272901	private_dummy
4929	5454	535532974	real
4929	11353	11460592272901	private_dummy
4930	5462	535532974	real
4930	11354	11460592272901	private_dummy
4931	5472	75148570	real
4931	5473	132261325	real
4931	11355	11460592272901	private_dummy
4932	5474	417808791	real
4932	5475	417808791	real
4932	11356	11460592272901	private_dummy
4933	5476	395521337	real
4933	11357	11460592272901	private_dummy
4934	5535	175376022	real
4934	11358	11460592272901	private_dummy
4935	5535	289598270	real
4935	11359	11460592272901	private_dummy
4936	5457	486401362	real
4936	11360	11460592272901	private_dummy
4937	5465	220877050	real
4937	5470	220877050	real
4937	11361	11460592272901	private_dummy
4938	5473	246483572	real
4938	11362	11460592272901	private_dummy
4939	5484	886287249	real
4939	11363	11460592272901	private_dummy
4940	5497	714849118	real
4940	11364	11460592272901	private_dummy
4941	5497	760811624	real
4941	11365	11460592272901	private_dummy
4942	5456	417808791	real
4942	11366	11460592272901	private_dummy
4943	5464	220877050	real
4943	5469	220877050	real
4943	11367	11460592272901	private_dummy
4944	5472	417808791	real
4944	11368	11460592272901	private_dummy
4945	5478	486401362	real
4945	5479	543514116	real
4945	11369	11460592272901	private_dummy
4946	5480	589476622	real
4946	11370	11460592272901	private_dummy
4947	5538	622182589	real
4947	11371	11460592272901	private_dummy
4948	5538	472403306	real
4948	11372	11460592272901	private_dummy
4949	5459	844744762	real
4949	11373	11460592272901	private_dummy
4950	5467	535532974	real
4950	11374	11460592272901	private_dummy
4951	5475	417808791	real
4951	11375	11460592272901	private_dummy
4952	5479	429291869	real
4952	11376	11460592272901	private_dummy
4953	5487	886287249	real
4953	11377	11460592272901	private_dummy
4954	5540	429291869	real
4954	11378	11460592272901	private_dummy
4955	5540	393734833	real
4955	11379	11460592272901	private_dummy
4956	5458	602099362	real
4956	11380	11460592272901	private_dummy
4957	5466	312799437	real
4957	11381	11460592272901	private_dummy
4958	5474	232481024	real
4958	11382	11460592272901	private_dummy
4959	5478	372179115	real
4959	11383	11460592272901	private_dummy
4960	5486	807618777	real
4960	11384	11460592272901	private_dummy
4961	5542	507960342	real
4961	11385	11460592272901	private_dummy
4962	5542	472403306	real
4962	11386	11460592272901	private_dummy
4963	5510	428227305	real
4963	11387	11460592272901	private_dummy
4964	5510	531302564	real
4964	11388	11460592272901	private_dummy
4965	5528	529516060	real
4965	11389	11460592272901	private_dummy
4966	5530	391467910	real
4966	11390	11460592272901	private_dummy
4967	5531	263991748	real
4967	11391	11460592272901	private_dummy
4968	5533	217293016	real
4968	11392	11460592272901	private_dummy
4969	5511	153817043	real
4969	11393	11460592272901	private_dummy
4970	5511	246483572	real
4970	11394	11460592272901	private_dummy
4971	5534	232485516	real
4971	11395	11460592272901	private_dummy
4972	5536	314658720	real
4972	11396	11460592272901	private_dummy
4973	5537	586628814	real
4973	11397	11460592272901	private_dummy
4974	5541	372179115	real
4974	11398	11460592272901	private_dummy
4975	5543	372179115	real
4975	11399	11460592272901	private_dummy
4976	5539	876509623	real
4976	11400	11460592272901	private_dummy
4977	5541	450847587	real
4977	11401	11460592272901	private_dummy
4978	5543	372179115	real
4978	11402	11460592272901	private_dummy
4979	5508	773434363	real
4979	5509	659212116	real
4979	11403	11460592272901	private_dummy
4980	5508	773434363	real
4980	5509	659212116	real
4980	11404	11460592272901	private_dummy
4981	647	1024916284	real
4981	648	1024916284	real
4981	11405	11460592272901	private_dummy
4982	3133	1055957210	real
4982	3135	1252352662	real
4982	11406	11460592272901	private_dummy
4983	3131	921841024	real
4983	11407	11460592272901	private_dummy
4984	3129	842644711	real
4984	11408	11460592272901	private_dummy
4985	3127	805238941	real
4985	11409	11460592272901	private_dummy
4986	3125	805238941	real
4986	11410	11460592272901	private_dummy
4987	3123	685312257	real
4987	11411	11460592272901	private_dummy
4988	3121	571090010	real
4988	11412	11460592272901	private_dummy
4989	399	1024916284	real
4989	400	1024916284	real
4989	420	1024916284	real
4989	11413	11460592272901	private_dummy
4990	1205	1024916284	real
4990	1206	1024916284	real
4990	11414	11460592272901	private_dummy
4991	3594	1055957210	real
4991	3596	1252352662	real
4991	11415	11460592272901	private_dummy
4992	3592	807618777	real
4992	11416	11460592272901	private_dummy
4993	3590	685312257	real
4993	11417	11460592272901	private_dummy
4994	3588	619911174	real
4994	11418	11460592272901	private_dummy
4995	3586	599094307	real
4995	11419	11460592272901	private_dummy
4996	3584	462578720	real
4996	11420	11460592272901	private_dummy
4997	3582	348356473	real
4997	11421	11460592272901	private_dummy
4998	996	1024916284	real
4998	997	1024916284	real
4998	1017	1024916284	real
4998	11422	11460592272901	private_dummy
4999	1653	1024916284	real
4999	1654	1024916284	real
4999	11423	11460592272901	private_dummy
5000	4025	1314620714	real
5000	4027	1438793476	real
5000	11424	11460592272901	private_dummy
5001	4023	921841024	real
5001	11425	11460592272901	private_dummy
5002	4021	685312257	real
5002	11426	11460592272901	private_dummy
5003	4019	576800968	real
5003	11427	11460592272901	private_dummy
5004	4017	527988787	real
5004	11428	11460592272901	private_dummy
5005	4015	370656334	real
5005	11429	11460592272901	private_dummy
5006	4013	256434086	real
5006	11430	11460592272901	private_dummy
5007	1479	1024916284	real
5007	1480	1024916284	real
5007	1500	1024916284	real
5007	11431	11460592272901	private_dummy
5008	2003	1024916284	real
5008	2004	1024916284	real
5008	11432	11460592272901	private_dummy
5009	4426	1314620714	real
5009	4428	1450401941	real
5009	11433	11460592272901	private_dummy
5010	4424	1134625683	real
5010	11434	11460592272901	private_dummy
5011	4422	842644711	real
5011	11435	11460592272901	private_dummy
5012	4420	619911174	real
5012	11436	11460592272901	private_dummy
5013	4418	527988787	real
5013	11437	11460592272901	private_dummy
5014	4416	342661020	real
5014	11438	11460592272901	private_dummy
5015	4414	228438773	real
5015	11439	11460592272901	private_dummy
5016	1859	1024916284	real
5016	1860	1024916284	real
5016	1880	1024916284	real
5016	11440	11460592272901	private_dummy
5017	2267	1024916284	real
5017	2268	1024916284	real
5017	11441	11460592272901	private_dummy
5018	4797	1314620714	real
5018	4799	1510362503	real
5018	11442	11460592272901	private_dummy
5019	4795	1134625683	real
5019	11443	11460592272901	private_dummy
5020	4793	1024916284	real
5020	11444	11460592272901	private_dummy
5021	4791	805238941	real
5021	11445	11460592272901	private_dummy
5022	4789	599094307	real
5022	11446	11460592272901	private_dummy
5023	4787	370656334	real
5023	11447	11460592272901	private_dummy
5024	4785	256434086	real
5024	11448	11460592272901	private_dummy
5025	2151	1024916284	real
5025	2152	1024916284	real
5025	2172	1024916284	real
5025	11449	11460592272901	private_dummy
5026	5138	1314620714	real
5026	5140	1544258422	real
5026	11450	11460592272901	private_dummy
5027	5136	1134625683	real
5027	11451	11460592272901	private_dummy
5028	5134	1024916284	real
5028	11452	11460592272901	private_dummy
5029	5132	960912471	real
5029	11453	11460592272901	private_dummy
5030	5130	805238941	real
5030	11454	11460592272901	private_dummy
5031	5128	462578720	real
5031	11455	11460592272901	private_dummy
5032	5126	348356473	real
5032	11456	11460592272901	private_dummy
5033	2364	1024916284	real
5033	2365	1024916284	real
5033	2385	1024916284	real
5033	2386	1024916284	real
5033	11457	11460592272901	private_dummy
5034	5449	1314620714	real
5034	5451	1568128921	real
5034	11458	11460592272901	private_dummy
5035	5447	1134625683	real
5035	11459	11460592272901	private_dummy
5036	5445	1024916284	real
5036	11460	11460592272901	private_dummy
5037	5443	960912471	real
5037	11461	11460592272901	private_dummy
5038	5441	934574386	real
5038	11462	11460592272901	private_dummy
5039	5439	763980730	real
5039	11463	11460592272901	private_dummy
5040	5437	649758483	real
5040	11464	11460592272901	private_dummy
5041	2510	1024916284	real
5041	2511	1024916284	real
5041	2531	1024916284	real
5041	2532	1024916284	real
5041	11465	11460592272901	private_dummy
5042	406	1639569710	real
5042	407	1639569710	real
5042	650	1639569710	real
5042	11466	11460592272901	private_dummy
5043	1003	1314620714	real
5043	1004	1371733469	real
5043	1208	1314620714	real
5043	11467	11460592272901	private_dummy
5044	1486	1134625683	real
5044	1487	1191738437	real
5044	1656	1134625683	real
5044	11468	11460592272901	private_dummy
5045	1866	1024916284	real
5045	1867	1082029038	real
5045	2006	1024916284	real
5045	11469	11460592272901	private_dummy
5046	2158	960912471	real
5046	2159	1018025225	real
5046	2270	960912471	real
5046	11470	11460592272901	private_dummy
5047	2371	934574386	real
5047	2372	991687140	real
5047	2461	934574386	real
5047	11471	11460592272901	private_dummy
5048	2517	943287091	real
5048	2518	1000399846	real
5048	2589	943287091	real
5048	11472	11460592272901	private_dummy
5049	5545	1314620714	real
5049	11473	11460592272901	private_dummy
5050	5547	1134625683	real
5050	11474	11460592272901	private_dummy
5051	5549	1024916284	real
5051	11475	11460592272901	private_dummy
5052	5551	960912471	real
5052	11476	11460592272901	private_dummy
5053	5553	934574386	real
5053	11477	11460592272901	private_dummy
5054	5555	943287091	real
5054	11478	11460592272901	private_dummy
5055	5482	737880589	real
5055	11479	11460592272901	private_dummy
5056	403	1639569710	real
5056	404	1639569710	real
5056	11480	11460592272901	private_dummy
5057	1000	1371733469	real
5057	1001	1371733469	real
5057	11481	11460592272901	private_dummy
5058	1483	1191738437	real
5058	1484	1191738437	real
5058	11482	11460592272901	private_dummy
5059	1863	1082029038	real
5059	1864	1082029038	real
5059	11483	11460592272901	private_dummy
5060	2155	1018025225	real
5060	2156	1018025225	real
5060	11484	11460592272901	private_dummy
5061	2368	991687140	real
5061	2369	991687140	real
5061	11485	11460592272901	private_dummy
5062	2514	1000399846	real
5062	2515	1000399846	real
5062	11486	11460592272901	private_dummy
5063	2636	1269745858	real
5063	2637	1269745858	real
5063	2639	1212633104	real
5063	2640	1212633104	real
5063	11487	11460592272901	private_dummy
5064	2642	1533123464	real
5064	2643	1533123464	real
5064	2645	1476010710	real
5064	2646	1476010710	real
5064	11488	11460592272901	private_dummy
5065	2618	1024916284	real
5065	2620	1024916284	real
5065	2648	1024916284	real
5065	2649	1024916284	real
5065	11489	11460592272901	private_dummy
5066	412	1639569710	real
5066	413	1639569710	real
5066	652	1639569710	real
5066	11490	11460592272901	private_dummy
5067	1009	1314620714	real
5067	1010	1371733469	real
5067	1210	1314620714	real
5067	11491	11460592272901	private_dummy
5068	1492	1134625683	real
5068	1493	1191738437	real
5068	1658	1134625683	real
5068	11492	11460592272901	private_dummy
5069	1872	1024916284	real
5069	1873	1082029038	real
5069	2008	1024916284	real
5069	11493	11460592272901	private_dummy
5070	2164	960912471	real
5070	2165	1018025225	real
5070	2272	960912471	real
5070	11494	11460592272901	private_dummy
5071	2377	934574386	real
5071	2378	991687140	real
5071	2463	934574386	real
5071	11495	11460592272901	private_dummy
5072	2523	943287091	real
5072	2524	1000399846	real
5072	2591	943287091	real
5072	11496	11460592272901	private_dummy
5073	2639	1073192518	real
5073	2641	1130305272	real
5073	11497	11460592272901	private_dummy
5074	5557	1314620714	real
5074	11498	11460592272901	private_dummy
5075	5559	1134625683	real
5075	11499	11460592272901	private_dummy
5076	5561	1024916284	real
5076	11500	11460592272901	private_dummy
5077	5563	960912471	real
5077	11501	11460592272901	private_dummy
5078	5565	934574386	real
5078	11502	11460592272901	private_dummy
5079	5567	943287091	real
5079	11503	11460592272901	private_dummy
5080	5569	773434363	real
5080	11504	11460592272901	private_dummy
5081	409	1639569710	real
5081	410	1639569710	real
5081	11505	11460592272901	private_dummy
5082	1006	1371733469	real
5082	1007	1371733469	real
5082	11506	11460592272901	private_dummy
5083	1489	1191738437	real
5083	1490	1191738437	real
5083	11507	11460592272901	private_dummy
5084	1869	1082029038	real
5084	1870	1082029038	real
5084	11508	11460592272901	private_dummy
5085	2161	1018025225	real
5085	2162	1018025225	real
5085	11509	11460592272901	private_dummy
5086	2374	991687140	real
5086	2375	991687140	real
5086	11510	11460592272901	private_dummy
5087	2520	1000399846	real
5087	2521	1000399846	real
5087	11511	11460592272901	private_dummy
5088	2636	1130305272	real
5088	2638	1130305272	real
5088	2652	1073192518	real
5088	11512	11460592272901	private_dummy
5089	2659	1533123464	real
5089	2660	1533123464	real
5089	2662	1476010710	real
5089	2663	1476010710	real
5089	11513	11460592272901	private_dummy
5090	2623	1024916284	real
5090	2625	1024916284	real
5090	2665	1024916284	real
5090	2666	1024916284	real
5090	11514	11460592272901	private_dummy
5091	418	1639569710	real
5091	419	1639569710	real
5091	654	1639569710	real
5091	11515	11460592272901	private_dummy
5092	1015	1314620714	real
5092	1016	1371733469	real
5092	1212	1314620714	real
5092	11516	11460592272901	private_dummy
5093	1498	1134625683	real
5093	1499	1191738437	real
5093	1660	1134625683	real
5093	11517	11460592272901	private_dummy
5094	1878	1024916284	real
5094	1879	1082029038	real
5094	2010	1024916284	real
5094	11518	11460592272901	private_dummy
5095	2170	960912471	real
5095	2171	1018025225	real
5095	2274	960912471	real
5095	11519	11460592272901	private_dummy
5096	2383	934574386	real
5096	2384	991687140	real
5096	2465	934574386	real
5096	11520	11460592272901	private_dummy
5097	2529	943287091	real
5097	2530	1000399846	real
5097	2593	943287091	real
5097	11521	11460592272901	private_dummy
5098	2645	1073192518	real
5098	2647	1130305272	real
5098	11522	11460592272901	private_dummy
5099	2662	1212633104	real
5099	2664	1269745858	real
5099	11523	11460592272901	private_dummy
5100	5571	1314620714	real
5100	11524	11460592272901	private_dummy
5101	5573	1134625683	real
5101	11525	11460592272901	private_dummy
5102	5575	1024916284	real
5102	11526	11460592272901	private_dummy
5103	5577	960912471	real
5103	11527	11460592272901	private_dummy
5104	5579	934574386	real
5104	11528	11460592272901	private_dummy
5105	5581	943287091	real
5105	11529	11460592272901	private_dummy
5106	5583	773434363	real
5106	11530	11460592272901	private_dummy
5107	415	1639569710	real
5107	416	1639569710	real
5107	11531	11460592272901	private_dummy
5108	1012	1371733469	real
5108	1013	1371733469	real
5108	11532	11460592272901	private_dummy
5109	1495	1191738437	real
5109	1496	1191738437	real
5109	11533	11460592272901	private_dummy
5110	1875	1082029038	real
5110	1876	1082029038	real
5110	11534	11460592272901	private_dummy
5111	2167	1018025225	real
5111	2168	1018025225	real
5111	11535	11460592272901	private_dummy
5112	2380	991687140	real
5112	2381	991687140	real
5112	11536	11460592272901	private_dummy
5113	2526	1000399846	real
5113	2527	1000399846	real
5113	11537	11460592272901	private_dummy
5114	2642	1130305272	real
5114	2644	1130305272	real
5114	2654	1073192518	real
5114	11538	11460592272901	private_dummy
5115	2659	1269745858	real
5115	2661	1269745858	real
5115	2669	1212633104	real
5115	11539	11460592272901	private_dummy
5116	2628	1024916284	real
5116	2630	1024916284	real
5116	2674	1024916284	real
5116	2675	1024916284	real
5116	11540	11460592272901	private_dummy
5117	2386	934574386	real
5117	2387	991687140	real
5117	11541	11460592272901	private_dummy
5118	2532	943287091	real
5118	2533	1000399846	real
5118	11542	11460592272901	private_dummy
5119	2648	1073192518	real
5119	2650	1130305272	real
5119	2655	1073192518	real
5119	11543	11460592272901	private_dummy
5120	2665	1212633104	real
5120	2667	1269745858	real
5120	2670	1212633104	real
5120	11544	11460592272901	private_dummy
5121	2674	1476010710	real
5121	2676	1533123464	real
5121	2677	1476010710	real
5121	11545	11460592272901	private_dummy
5122	400	1639569710	real
5122	401	1639569710	real
5122	648	1639569710	real
5122	11546	11460592272901	private_dummy
5123	997	1314620714	real
5123	998	1314620714	real
5123	1206	1314620714	real
5123	11547	11460592272901	private_dummy
5124	1480	1134625683	real
5124	1481	1134625683	real
5124	1654	1134625683	real
5124	11548	11460592272901	private_dummy
5125	1860	1024916284	real
5125	1861	1024916284	real
5125	2004	1024916284	real
5125	11549	11460592272901	private_dummy
5126	2152	960912471	real
5126	2153	960912471	real
5126	2268	960912471	real
5126	11550	11460592272901	private_dummy
5127	2365	934574386	real
5127	2366	934574386	real
5127	2459	934574386	real
5127	11551	11460592272901	private_dummy
5128	2511	943287091	real
5128	2512	943287091	real
5128	2587	943287091	real
5128	11552	11460592272901	private_dummy
5129	2618	1073192518	real
5129	2619	1073192518	real
5129	2621	1073192518	real
5129	11553	11460592272901	private_dummy
5130	2623	1212633104	real
5130	2624	1212633104	real
5130	2626	1212633104	real
5130	11554	11460592272901	private_dummy
5131	2628	1476010710	real
5131	2629	1476010710	real
5131	2631	1476010710	real
5131	11555	11460592272901	private_dummy
5132	5523	604256990	real
5132	11556	11460592272901	private_dummy
5133	5523	604256990	real
5133	11557	11460592272901	private_dummy
5134	5524	368262251	real
5134	11558	11460592272901	private_dummy
5135	5524	368262251	real
5135	11559	11460592272901	private_dummy
5136	5525	407861538	real
5136	11560	11460592272901	private_dummy
5137	5525	407861538	real
5137	11561	11460592272901	private_dummy
5138	5526	486401362	real
5138	11562	11460592272901	private_dummy
5139	5526	486401362	real
5139	11563	11460592272901	private_dummy
5140	5527	680767834	real
5140	11564	11460592272901	private_dummy
5141	5527	737880589	real
5141	11565	11460592272901	private_dummy
5142	2691	1212633104	real
5142	11566	11460592272901	private_dummy
5143	2683	1073192518	real
5143	11567	11460592272901	private_dummy
5144	2681	1073192518	real
5144	11568	11460592272901	private_dummy
5145	2540	943287091	real
5145	11569	11460592272901	private_dummy
5146	2394	934574386	real
5146	11570	11460592272901	private_dummy
5147	2267	987879571	real
5147	11571	11460592272901	private_dummy
5148	2003	987879571	real
5148	11572	11460592272901	private_dummy
5149	1653	987879571	real
5149	11573	11460592272901	private_dummy
5150	1205	987879571	real
5150	11574	11460592272901	private_dummy
5151	647	987879571	real
5151	11575	11460592272901	private_dummy
5152	5632	700846570	real
5152	11576	11460592272901	private_dummy
5153	5630	446930723	real
5153	11577	11460592272901	private_dummy
5154	5635	564657703	real
5154	11578	11460592272901	private_dummy
5155	5635	571555515	real
5155	11579	11460592272901	private_dummy
5156	5629	196931741	real
5156	11580	11460592272901	private_dummy
5157	5627	407325249	real
5157	5628	407325249	real
5157	11581	11460592272901	private_dummy
5158	5617	214445208	real
5158	5618	353074243	real
5158	11582	11460592272901	private_dummy
5159	5620	428884229	real
5159	5621	464438004	real
5159	11583	11460592272901	private_dummy
5160	5642	446930723	real
5160	11584	11460592272901	private_dummy
5161	5618	138629035	real
5161	11585	11460592272901	private_dummy
5162	5631	506891285	real
5162	11586	11460592272901	private_dummy
5163	5644	117073316	real
5163	11587	11460592272901	private_dummy
5164	5617	196931741	real
5164	11588	11460592272901	private_dummy
5165	5624	157332454	real
5165	5625	446930723	real
5165	11589	11460592272901	private_dummy
5166	5646	452634092	real
5166	11590	11460592272901	private_dummy
5167	5621	543514116	real
5167	11591	11460592272901	private_dummy
5168	5625	368262251	real
5168	11592	11460592272901	private_dummy
5169	5648	368262251	real
5169	11593	11460592272901	private_dummy
5170	5620	175376022	real
5170	11594	11460592272901	private_dummy
5171	5624	527249137	real
5171	11595	11460592272901	private_dummy
5172	5650	1206544480	real
5172	11596	11460592272901	private_dummy
5173	5637	453287755	real
5173	11597	11460592272901	private_dummy
5174	5637	453287755	real
5174	11598	11460592272901	private_dummy
5175	5635	453287755	real
5175	5636	278448021	real
5175	5641	196931741	real
5175	11599	11460592272901	private_dummy
5176	5645	278448021	real
5176	11600	11460592272901	private_dummy
5177	5647	81516281	real
5177	11601	11460592272901	private_dummy
5178	5635	510400509	real
5178	5636	510400509	real
5178	5643	407325249	real
5178	11602	11460592272901	private_dummy
5179	5645	452634092	real
5179	11603	11460592272901	private_dummy
5180	5647	117073316	real
5180	11604	11460592272901	private_dummy
5181	5634	309959545	real
5181	11605	11460592272901	private_dummy
5182	5634	524404753	real
5182	11606	11460592272901	private_dummy
5183	5633	309959545	real
5183	11607	11460592272901	private_dummy
5184	5649	421329493	real
5184	11608	11460592272901	private_dummy
5185	5651	274405770	real
5185	11609	11460592272901	private_dummy
5186	5633	506891285	real
5186	11610	11460592272901	private_dummy
5187	5649	618261233	real
5187	11611	11460592272901	private_dummy
5188	5651	274405770	real
5188	11612	11460592272901	private_dummy
5189	5594	737880589	real
5189	11613	11460592272901	private_dummy
5190	5619	684575403	real
5190	11614	11460592272901	private_dummy
5191	5619	391467910	real
5191	11615	11460592272901	private_dummy
5192	5585	372179115	real
5192	5586	429291869	real
5192	11616	11460592272901	private_dummy
5193	5587	417808791	real
5193	5588	417808791	real
5193	11617	11460592272901	private_dummy
5194	5589	535532974	real
5194	5590	535532974	real
5194	11618	11460592272901	private_dummy
5195	5591	844744762	real
5195	5592	844744762	real
5195	11619	11460592272901	private_dummy
5196	5593	830547118	real
5196	11620	11460592272901	private_dummy
5197	5658	899432743	real
5197	11621	11460592272901	private_dummy
5198	5658	391467910	real
5198	11622	11460592272901	private_dummy
5199	5586	543514116	real
5199	11623	11460592272901	private_dummy
5200	5602	220877050	real
5200	5603	220877050	real
5200	11624	11460592272901	private_dummy
5201	5604	757959324	real
5201	11625	11460592272901	private_dummy
5202	5622	553590018	real
5202	11626	11460592272901	private_dummy
5203	5622	232485516	real
5203	11627	11460592272901	private_dummy
5204	5585	844744762	real
5204	11628	11460592272901	private_dummy
5205	5595	189370818	real
5205	5596	246483572	real
5205	11629	11460592272901	private_dummy
5206	5597	220877050	real
5206	5598	220877050	real
5206	11630	11460592272901	private_dummy
5207	5599	486401362	real
5207	5600	486401362	real
5207	11631	11460592272901	private_dummy
5208	5601	737880589	real
5208	11632	11460592272901	private_dummy
5209	5661	522083785	real
5209	11633	11460592272901	private_dummy
5210	5661	232485516	real
5210	11634	11460592272901	private_dummy
5211	5588	417808791	real
5211	11635	11460592272901	private_dummy
5212	5596	132261325	real
5212	11636	11460592272901	private_dummy
5213	5610	403816026	real
5213	11637	11460592272901	private_dummy
5214	5623	749982674	real
5214	11638	11460592272901	private_dummy
5215	5623	157332454	real
5215	11639	11460592272901	private_dummy
5216	5587	428876476	real
5216	11640	11460592272901	private_dummy
5217	5595	271544022	real
5217	11641	11460592272901	private_dummy
5218	5605	312799437	real
5218	5606	369912191	real
5218	11642	11460592272901	private_dummy
5219	5607	451428472	real
5219	5608	451428472	real
5219	11643	11460592272901	private_dummy
5220	5609	485989230	real
5220	11644	11460592272901	private_dummy
5221	5664	470136382	real
5221	11645	11460592272901	private_dummy
5222	5664	295961488	real
5222	11646	11460592272901	private_dummy
5223	5590	535532974	real
5223	11647	11460592272901	private_dummy
5224	5598	35549283	real
5224	5603	35549283	real
5224	11648	11460592272901	private_dummy
5225	5606	369912191	real
5225	11649	11460592272901	private_dummy
5226	5614	435322258	real
5226	11650	11460592272901	private_dummy
5227	5626	837208681	real
5227	11651	11460592272901	private_dummy
5228	5626	663033787	real
5228	11652	11460592272901	private_dummy
5229	5589	451428472	real
5229	11653	11460592272901	private_dummy
5230	5597	16845864	real
5230	5602	16845864	real
5230	11654	11460592272901	private_dummy
5231	5605	451428472	real
5231	11655	11460592272901	private_dummy
5232	5611	693393268	real
5232	5612	750506022	real
5232	11656	11460592272901	private_dummy
5233	5613	388623526	real
5233	11657	11460592272901	private_dummy
5234	5667	641466892	real
5234	11658	11460592272901	private_dummy
5235	5667	364216739	real
5235	11659	11460592272901	private_dummy
5236	5592	844744762	real
5236	11660	11460592272901	private_dummy
5237	5600	271544022	real
5237	11661	11460592272901	private_dummy
5238	5608	451428472	real
5238	11662	11460592272901	private_dummy
5239	5612	750506022	real
5239	11663	11460592272901	private_dummy
5240	5616	700846570	real
5240	11664	11460592272901	private_dummy
5241	5669	641466892	real
5241	11665	11460592272901	private_dummy
5242	5669	364216739	real
5242	11666	11460592272901	private_dummy
5243	5591	693393268	real
5243	11667	11460592272901	private_dummy
5244	5599	142208578	real
5244	11668	11460592272901	private_dummy
5245	5607	348353212	real
5245	11669	11460592272901	private_dummy
5246	5611	693393268	real
5246	11670	11460592272901	private_dummy
5247	5615	562798420	real
5247	11671	11460592272901	private_dummy
5248	5671	734133422	real
5248	11672	11460592272901	private_dummy
5249	5671	456883268	real
5249	11673	11460592272901	private_dummy
5250	5639	450847587	real
5250	11674	11460592272901	private_dummy
5251	5639	543514116	real
5251	11675	11460592272901	private_dummy
5252	5657	484134439	real
5252	11676	11460592272901	private_dummy
5253	5659	369912191	real
5253	11677	11460592272901	private_dummy
5254	5660	541247193	real
5254	11678	11460592272901	private_dummy
5255	5662	368262251	real
5255	11679	11460592272901	private_dummy
5256	5640	135776735	real
5256	11680	11460592272901	private_dummy
5257	5640	274405770	real
5257	11681	11460592272901	private_dummy
5258	5663	274405770	real
5258	11682	11460592272901	private_dummy
5259	5665	274405770	real
5259	11683	11460592272901	private_dummy
5260	5666	368262251	real
5260	11684	11460592272901	private_dummy
5261	5670	289593778	real
5261	11685	11460592272901	private_dummy
5262	5672	289593778	real
5262	11686	11460592272901	private_dummy
5263	5668	631064047	real
5263	11687	11460592272901	private_dummy
5264	5670	368262251	real
5264	11688	11460592272901	private_dummy
5265	5672	289593778	real
5265	11689	11460592272901	private_dummy
5266	5637	510400509	real
5266	5638	510400509	real
5266	11690	11460592272901	private_dummy
5267	5637	510400509	real
5267	5638	510400509	real
5267	11691	11460592272901	private_dummy
5268	2631	987879571	real
5268	2632	987879571	real
5268	11692	11460592272901	private_dummy
5269	2690	1269745858	real
5269	2692	1212633104	real
5269	11693	11460592272901	private_dummy
5270	2682	1130305272	real
5270	2686	1073192518	real
5270	11694	11460592272901	private_dummy
5271	2538	1000399846	real
5271	2539	943287091	real
5271	2599	943287091	real
5271	11695	11460592272901	private_dummy
5272	2392	991687140	real
5272	2393	934574386	real
5272	2471	934574386	real
5272	11696	11460592272901	private_dummy
5273	2178	1018025225	real
5273	2179	960912471	real
5273	2280	960912471	real
5273	11697	11460592272901	private_dummy
5274	1886	1082029038	real
5274	1887	1024916284	real
5274	2016	1024916284	real
5274	11698	11460592272901	private_dummy
5275	1506	1191738437	real
5275	1507	1134625683	real
5275	1666	1134625683	real
5275	11699	11460592272901	private_dummy
5276	1023	1371733469	real
5276	1024	1314620714	real
5276	1218	1314620714	real
5276	11700	11460592272901	private_dummy
5277	426	1639569710	real
5277	427	1639569710	real
5277	660	1639569710	real
5277	11701	11460592272901	private_dummy
5278	2629	987879571	real
5278	2630	987879571	real
5278	11702	11460592272901	private_dummy
5279	5674	901857516	real
5279	11703	11460592272901	private_dummy
5280	5676	507960342	real
5280	11704	11460592272901	private_dummy
5281	5678	328656777	real
5281	11705	11460592272901	private_dummy
5282	5680	210929797	real
5282	11706	11460592272901	private_dummy
5283	5682	177033878	real
5283	11707	11460592272901	private_dummy
5284	5684	210929797	real
5284	11708	11460592272901	private_dummy
5285	5686	328656777	real
5285	11709	11460592272901	private_dummy
5286	2692	1476010710	real
5286	2693	1476010710	real
5286	11710	11460592272901	private_dummy
5287	2626	987879571	real
5287	2627	987879571	real
5287	11711	11460592272901	private_dummy
5288	2690	1533123464	real
5288	11712	11460592272901	private_dummy
5289	2680	1130305272	real
5289	2684	1073192518	real
5289	11713	11460592272901	private_dummy
5290	2536	1000399846	real
5290	2537	943287091	real
5290	2597	943287091	real
5290	11714	11460592272901	private_dummy
5291	2390	991687140	real
5291	2391	934574386	real
5291	2469	934574386	real
5291	11715	11460592272901	private_dummy
5292	2176	1018025225	real
5292	2177	960912471	real
5292	2278	960912471	real
5292	11716	11460592272901	private_dummy
5293	1884	1082029038	real
5293	1885	1024916284	real
5293	2014	1024916284	real
5293	11717	11460592272901	private_dummy
5294	1504	1191738437	real
5294	1505	1134625683	real
5294	1664	1134625683	real
5294	11718	11460592272901	private_dummy
5295	1021	1371733469	real
5295	1022	1314620714	real
5295	1216	1314620714	real
5295	11719	11460592272901	private_dummy
5296	424	1639569710	real
5296	425	1639569710	real
5296	658	1639569710	real
5296	11720	11460592272901	private_dummy
5297	2624	987879571	real
5297	2625	987879571	real
5297	11721	11460592272901	private_dummy
5298	5689	1037638743	real
5298	11722	11460592272901	private_dummy
5299	5691	507960342	real
5299	11723	11460592272901	private_dummy
5300	5693	293103002	real
5300	11724	11460592272901	private_dummy
5301	5695	175376022	real
5301	11725	11460592272901	private_dummy
5302	5697	141480104	real
5302	11726	11460592272901	private_dummy
5303	5699	175376022	real
5303	11727	11460592272901	private_dummy
5304	5701	293103002	real
5304	11728	11460592272901	private_dummy
5305	2686	1476010710	real
5305	2687	1476010710	real
5305	11729	11460592272901	private_dummy
5306	2684	1212633104	real
5306	2685	1212633104	real
5306	11730	11460592272901	private_dummy
5307	2621	987879571	real
5307	2622	987879571	real
5307	11731	11460592272901	private_dummy
5308	2682	1533123464	real
5308	11732	11460592272901	private_dummy
5309	2680	1269745858	real
5309	11733	11460592272901	private_dummy
5310	2534	1000399846	real
5310	2535	943287091	real
5310	2595	943287091	real
5310	11734	11460592272901	private_dummy
5311	2388	991687140	real
5311	2389	934574386	real
5311	2467	934574386	real
5311	11735	11460592272901	private_dummy
5312	2174	1018025225	real
5312	2175	960912471	real
5312	2276	960912471	real
5312	11736	11460592272901	private_dummy
5313	1882	1082029038	real
5313	1883	1024916284	real
5313	2012	1024916284	real
5313	11737	11460592272901	private_dummy
5314	1502	1191738437	real
5314	1503	1134625683	real
5314	1662	1134625683	real
5314	11738	11460592272901	private_dummy
5315	1019	1371733469	real
5315	1020	1314620714	real
5315	1214	1314620714	real
5315	11739	11460592272901	private_dummy
5316	422	1639569710	real
5316	423	1639569710	real
5316	656	1639569710	real
5316	11740	11460592272901	private_dummy
5317	2619	987879571	real
5317	2620	987879571	real
5317	11741	11460592272901	private_dummy
5318	5704	1212633104	real
5318	11742	11460592272901	private_dummy
5319	5706	817924378	real
5319	11743	11460592272901	private_dummy
5320	5708	545954284	real
5320	11744	11460592272901	private_dummy
5321	5710	428227305	real
5321	11745	11460592272901	private_dummy
5322	5712	394331386	real
5322	11746	11460592272901	private_dummy
5323	5714	428227305	real
5323	11747	11460592272901	private_dummy
5324	5716	545954284	real
5324	11748	11460592272901	private_dummy
5325	2586	987879571	real
5325	2587	987879571	real
5325	11749	11460592272901	private_dummy
5326	2510	987879571	real
5326	2512	987879571	real
5326	11750	11460592272901	private_dummy
5327	5186	1212633104	real
5327	5189	1291301576	real
5327	11751	11460592272901	private_dummy
5328	5184	1073192518	real
5328	11752	11460592272901	private_dummy
5329	5261	657324232	real
5329	11753	11460592272901	private_dummy
5330	5259	403816026	real
5330	11754	11460592272901	private_dummy
5331	5173	309959545	real
5331	11755	11460592272901	private_dummy
5332	5257	309959545	real
5332	11756	11460592272901	private_dummy
5333	5255	403816026	real
5333	11757	11460592272901	private_dummy
5334	2458	987879571	real
5334	2459	987879571	real
5334	11758	11460592272901	private_dummy
5335	2364	987879571	real
5335	2366	987879571	real
5335	11759	11460592272901	private_dummy
5336	4867	1212633104	real
5336	4870	1291301576	real
5336	11760	11460592272901	private_dummy
5337	4865	1073192518	real
5337	11761	11460592272901	private_dummy
5338	4950	757959324	real
5338	11762	11460592272901	private_dummy
5339	4948	346706532	real
5339	11763	11460592272901	private_dummy
5340	4847	195737297	real
5340	11764	11460592272901	private_dummy
5341	4946	135776735	real
5341	11765	11460592272901	private_dummy
5342	4944	195737297	real
5342	11766	11460592272901	private_dummy
5343	2151	987879571	real
5343	2153	987879571	real
5343	2180	987879571	real
5343	11767	11460592272901	private_dummy
5344	4520	1212633104	real
5344	4523	1291301576	real
5344	11768	11460592272901	private_dummy
5345	4518	1073192518	real
5345	11769	11460592272901	private_dummy
5346	4609	757959324	real
5346	11770	11460592272901	private_dummy
5347	4607	543101984	real
5347	11771	11460592272901	private_dummy
5348	4491	288403826	real
5348	11772	11460592272901	private_dummy
5349	4605	195737297	real
5349	11773	11460592272901	private_dummy
5350	4603	195737297	real
5350	11774	11460592272901	private_dummy
5351	1859	987879571	real
5351	1861	987879571	real
5351	1888	987879571	real
5351	11775	11460592272901	private_dummy
5352	4143	1212633104	real
5352	4146	1291301576	real
5352	11776	11460592272901	private_dummy
5353	4141	1073192518	real
5353	11777	11460592272901	private_dummy
5354	4238	757959324	real
5354	11778	11460592272901	private_dummy
5355	4236	543101984	real
5355	11779	11460592272901	private_dummy
5356	4109	460928780	real
5356	11780	11460592272901	private_dummy
5357	4234	307107245	real
5357	11781	11460592272901	private_dummy
5358	4232	289593778	real
5358	11782	11460592272901	private_dummy
5359	1479	987879571	real
5359	1481	987879571	real
5359	1508	987879571	real
5359	11783	11460592272901	private_dummy
5360	3740	1212633104	real
5360	3743	1291301576	real
5360	11784	11460592272901	private_dummy
5361	3738	1073192518	real
5361	11785	11460592272901	private_dummy
5362	3837	757959324	real
5362	11786	11460592272901	private_dummy
5363	3835	543101984	real
5363	11787	11460592272901	private_dummy
5364	3706	460928780	real
5364	11788	11460592272901	private_dummy
5365	3833	445736280	real
5365	11789	11460592272901	private_dummy
5366	3831	413766540	real
5366	11790	11460592272901	private_dummy
5367	996	987879571	real
5367	998	987879571	real
5367	1025	987879571	real
5367	11791	11460592272901	private_dummy
5368	3309	1212633104	real
5368	3312	1291301576	real
5368	11792	11460592272901	private_dummy
5369	3307	1073192518	real
5369	11793	11460592272901	private_dummy
5370	3406	757959324	real
5370	11794	11460592272901	private_dummy
5371	3404	543101984	real
5371	11795	11460592272901	private_dummy
5372	3275	460928780	real
5372	11796	11460592272901	private_dummy
5373	3402	445736280	real
5373	11797	11460592272901	private_dummy
5374	3400	492435012	real
5374	11798	11460592272901	private_dummy
5375	399	987879571	real
5375	401	987879571	real
5375	428	987879571	real
5375	11799	11460592272901	private_dummy
5376	2848	1212633104	real
5376	2851	1291301576	real
5376	11800	11460592272901	private_dummy
5377	2846	1073192518	real
5377	11801	11460592272901	private_dummy
5378	2945	757959324	real
5378	11802	11460592272901	private_dummy
5379	2943	543101984	real
5379	11803	11460592272901	private_dummy
5380	2814	460928780	real
5380	11804	11460592272901	private_dummy
5381	2941	445736280	real
5381	11805	11460592272901	private_dummy
5382	2939	492435012	real
5382	11806	11460592272901	private_dummy
5383	2180	960912471	real
5383	2181	960912471	real
5383	11807	11460592272901	private_dummy
5384	1888	1024916284	real
5384	1889	1024916284	real
5384	11808	11460592272901	private_dummy
5385	1508	1134625683	real
5385	1509	1134625683	real
5385	11809	11460592272901	private_dummy
5386	1025	1314620714	real
5386	1026	1314620714	real
5386	11810	11460592272901	private_dummy
5387	428	1639569710	real
5387	429	1639569710	real
5387	11811	11460592272901	private_dummy
5388	5652	807618777	real
5388	11812	11460592272901	private_dummy
5389	5652	807618777	real
5389	11813	11460592272901	private_dummy
5390	5653	486401362	real
5390	11814	11460592272901	private_dummy
5391	5653	486401362	real
5391	11815	11460592272901	private_dummy
5392	5654	368262251	real
5392	11816	11460592272901	private_dummy
5393	5654	311149497	real
5393	11817	11460592272901	private_dummy
5394	5655	368262251	real
5394	11818	11460592272901	private_dummy
5395	5655	311149497	real
5395	11819	11460592272901	private_dummy
5396	5656	619911174	real
5396	11820	11460592272901	private_dummy
5397	5656	562798420	real
5397	11821	11460592272901	private_dummy
5398	446	1639569710	real
5398	11822	11460592272901	private_dummy
5399	1043	1371733469	real
5399	11823	11460592272901	private_dummy
5400	1526	1191738437	real
5400	11824	11460592272901	private_dummy
5401	1906	1082029038	real
5401	11825	11460592272901	private_dummy
5402	2198	1018025225	real
5402	11826	11460592272901	private_dummy
5403	2472	1134625683	real
5403	11827	11460592272901	private_dummy
5404	2600	1134625683	real
5404	11828	11460592272901	private_dummy
5405	2678	1134625683	real
5405	11829	11460592272901	private_dummy
5406	2718	1533123464	real
5406	11830	11460592272901	private_dummy
5407	2700	1134625683	real
5407	11831	11460592272901	private_dummy
5408	2705	1134625683	real
5408	11832	11460592272901	private_dummy
5409	5766	625159045	real
5409	11833	11460592272901	private_dummy
5410	5764	625159045	real
5410	11834	11460592272901	private_dummy
5411	5769	1176267777	real
5411	11835	11460592272901	private_dummy
5412	5769	1294535537	real
5412	11836	11460592272901	private_dummy
5413	5763	459733537	real
5413	11837	11460592272901	private_dummy
5414	5761	698579647	real
5414	5762	698579647	real
5414	11838	11460592272901	private_dummy
5415	5751	236000926	real
5415	5752	407331436	real
5415	11839	11460592272901	private_dummy
5416	5754	608184533	real
5416	5755	608184533	real
5416	11840	11460592272901	private_dummy
5417	5776	446930723	real
5417	11841	11460592272901	private_dummy
5418	5752	407331436	real
5418	11842	11460592272901	private_dummy
5419	5765	725257849	real
5419	11843	11460592272901	private_dummy
5420	5778	446930723	real
5420	11844	11460592272901	private_dummy
5421	5751	605917609	real
5421	11845	11460592272901	private_dummy
5422	5758	311153988	real
5422	5759	311153988	real
5422	11846	11460592272901	private_dummy
5423	5780	1206544480	real
5423	11847	11460592272901	private_dummy
5424	5755	342660221	real
5424	11848	11460592272901	private_dummy
5425	5759	218487459	real
5425	11849	11460592272901	private_dummy
5426	5782	429417256	real
5426	11850	11460592272901	private_dummy
5427	5754	393327193	real
5427	11851	11460592272901	private_dummy
5428	5758	196931741	real
5428	11852	11460592272901	private_dummy
5429	5784	486530011	real
5429	11853	11460592272901	private_dummy
5430	5771	1254936250	real
5430	11854	11460592272901	private_dummy
5431	5771	1176267777	real
5431	11855	11460592272901	private_dummy
5432	5769	1300440539	real
5432	5770	749331807	real
5432	5775	459733537	real
5432	11856	11460592272901	private_dummy
5433	5779	428227305	real
5433	11857	11460592272901	private_dummy
5434	5781	428227305	real
5434	11858	11460592272901	private_dummy
5435	5769	1314315928	real
5435	5770	1093524591	real
5435	5777	725257849	real
5435	11859	11460592272901	private_dummy
5436	5779	703827518	real
5436	11860	11460592272901	private_dummy
5437	5781	506895777	real
5437	11861	11460592272901	private_dummy
5438	5768	618261233	real
5438	11862	11460592272901	private_dummy
5439	5768	696929706	real
5439	11863	11460592272901	private_dummy
5440	5767	696929706	real
5440	11864	11460592272901	private_dummy
5441	5783	389817969	real
5441	11865	11460592272901	private_dummy
5442	5785	446930723	real
5442	11866	11460592272901	private_dummy
5443	5767	1066846389	real
5443	11867	11460592272901	private_dummy
5444	5783	482484498	real
5444	11868	11460592272901	private_dummy
5445	5785	585559758	real
5445	11869	11460592272901	private_dummy
5446	5727	680767834	real
5446	11870	11460592272901	private_dummy
5447	5753	575020349	real
5447	11871	11460592272901	private_dummy
5448	5753	565069835	real
5448	11872	11460592272901	private_dummy
5449	5718	693393268	real
5449	5719	750506022	real
5449	11873	11460592272901	private_dummy
5450	5720	451428472	real
5450	5721	451428472	real
5450	11874	11460592272901	private_dummy
5451	5722	428876476	real
5451	5723	428876476	real
5451	11875	11460592272901	private_dummy
5452	5724	844744762	real
5452	5725	844744762	real
5452	11876	11460592272901	private_dummy
5453	5726	829174495	real
5453	11877	11460592272901	private_dummy
5454	5792	704355794	real
5454	11878	11460592272901	private_dummy
5455	5792	565069835	real
5455	11879	11460592272901	private_dummy
5456	5719	750506022	real
5456	11880	11460592272901	private_dummy
5457	5735	174178318	real
5457	5736	174178318	real
5457	11881	11460592272901	private_dummy
5458	5737	453287755	real
5458	11882	11460592272901	private_dummy
5459	5756	381065064	real
5459	11883	11460592272901	private_dummy
5460	5756	299545523	real
5460	11884	11460592272901	private_dummy
5461	5718	998844456	real
5461	11885	11460592272901	private_dummy
5462	5728	312799437	real
5462	5729	369912191	real
5462	11886	11460592272901	private_dummy
5463	5730	192881737	real
5463	5731	192881737	real
5463	11887	11460592272901	private_dummy
5464	5732	535532974	real
5464	5733	535532974	real
5464	11888	11460592272901	private_dummy
5465	5734	529516060	real
5465	11889	11460592272901	private_dummy
5466	5795	399768483	real
5466	11890	11460592272901	private_dummy
5467	5795	299545523	real
5467	11891	11460592272901	private_dummy
5468	5721	451428472	real
5468	11892	11460592272901	private_dummy
5469	5729	369912191	real
5469	11893	11460592272901	private_dummy
5470	5743	453287755	real
5470	11894	11460592272901	private_dummy
5471	5757	407325249	real
5471	11895	11460592272901	private_dummy
5472	5757	268039290	real
5472	11896	11460592272901	private_dummy
5473	5720	535532974	real
5473	11897	11460592272901	private_dummy
5474	5728	535532974	real
5474	11898	11460592272901	private_dummy
5475	5738	232481024	real
5475	5739	289593778	real
5475	11899	11460592272901	private_dummy
5476	5740	417808791	real
5476	5741	417808791	real
5476	11900	11460592272901	private_dummy
5477	5742	429417256	real
5477	11901	11460592272901	private_dummy
5478	5798	210929797	real
5478	11902	11460592272901	private_dummy
5479	5798	371114550	real
5479	11903	11460592272901	private_dummy
5480	5723	428876476	real
5480	11904	11460592272901	private_dummy
5481	5731	192881737	real
5481	5736	192881737	real
5481	11905	11460592272901	private_dummy
5482	5739	289593778	real
5482	11906	11460592272901	private_dummy
5483	5747	680767834	real
5483	11907	11460592272901	private_dummy
5484	5760	507960342	real
5484	11908	11460592272901	private_dummy
5485	5760	668145095	real
5485	11909	11460592272901	private_dummy
5486	5722	417808791	real
5486	11910	11460592272901	private_dummy
5487	5730	220877050	real
5487	5735	220877050	real
5487	11911	11460592272901	private_dummy
5488	5738	417808791	real
5488	11912	11460592272901	private_dummy
5489	5744	486401362	real
5489	5745	486401362	real
5489	11913	11460592272901	private_dummy
5490	5746	529516060	real
5490	11914	11460592272901	private_dummy
5491	5801	622182589	real
5491	11915	11460592272901	private_dummy
5492	5801	529516060	real
5492	11916	11460592272901	private_dummy
5493	5725	844744762	real
5493	11917	11460592272901	private_dummy
5494	5733	535532974	real
5494	11918	11460592272901	private_dummy
5495	5741	417808791	real
5495	11919	11460592272901	private_dummy
5496	5745	486401362	real
5496	11920	11460592272901	private_dummy
5497	5750	1055957210	real
5497	11921	11460592272901	private_dummy
5498	5803	622182589	real
5498	11922	11460592272901	private_dummy
5499	5803	472403306	real
5499	11923	11460592272901	private_dummy
5500	5724	602099362	real
5500	11924	11460592272901	private_dummy
5501	5732	312799437	real
5501	11925	11460592272901	private_dummy
5502	5740	232481024	real
5502	11926	11460592272901	private_dummy
5503	5744	372179115	real
5503	11927	11460592272901	private_dummy
5504	5749	1055957210	real
5504	11928	11460592272901	private_dummy
5505	5805	507960342	real
5505	11929	11460592272901	private_dummy
5506	5805	472403306	real
5506	11930	11460592272901	private_dummy
5507	5773	428227305	real
5507	11931	11460592272901	private_dummy
5508	5773	531302564	real
5508	11932	11460592272901	private_dummy
5509	5791	680767834	real
5509	11933	11460592272901	private_dummy
5510	5793	535532974	real
5510	11934	11460592272901	private_dummy
5511	5794	391467910	real
5511	11935	11460592272901	private_dummy
5512	5796	323952310	real
5512	11936	11460592272901	private_dummy
5513	5774	349558832	real
5513	11937	11460592272901	private_dummy
5514	5774	452634092	real
5514	11938	11460592272901	private_dummy
5515	5797	311149497	real
5515	11939	11460592272901	private_dummy
5516	5799	350212495	real
5516	11940	11460592272901	private_dummy
5517	5800	450847587	real
5517	11941	11460592272901	private_dummy
5518	5804	372179115	real
5518	11942	11460592272901	private_dummy
5519	5806	450847587	real
5519	11943	11460592272901	private_dummy
5520	5802	737880589	real
5520	11944	11460592272901	private_dummy
5521	5804	429291869	real
5521	11945	11460592272901	private_dummy
5522	5806	507960342	real
5522	11946	11460592272901	private_dummy
5523	5771	1254936250	real
5523	5772	1037638743	real
5523	11947	11460592272901	private_dummy
5524	5771	1176267777	real
5524	5772	958970270	real
5524	11948	11460592272901	private_dummy
5525	661	1134625683	real
5525	662	1134625683	real
5525	11949	11460592272901	private_dummy
5526	3118	1055957210	real
5526	3120	1270814550	real
5526	11950	11460592272901	private_dummy
5527	3116	921841024	real
5527	11951	11460592272901	private_dummy
5528	3114	842644711	real
5528	11952	11460592272901	private_dummy
5529	3112	805238941	real
5529	11953	11460592272901	private_dummy
5530	3110	805238941	real
5530	11954	11460592272901	private_dummy
5531	3108	842644711	real
5531	11955	11460592272901	private_dummy
5532	3106	807618777	real
5532	11956	11460592272901	private_dummy
5533	430	1134625683	real
5533	431	1134625683	real
5533	445	1134625683	real
5533	11957	11460592272901	private_dummy
5534	1219	1134625683	real
5534	1220	1134625683	real
5534	11958	11460592272901	private_dummy
5535	3579	1055957210	real
5535	3581	1270814550	real
5535	11959	11460592272901	private_dummy
5536	3577	807618777	real
5536	11960	11460592272901	private_dummy
5537	3575	685312257	real
5537	11961	11460592272901	private_dummy
5538	3573	619911174	real
5538	11962	11460592272901	private_dummy
5539	3571	599094307	real
5539	11963	11460592272901	private_dummy
5540	3569	619911174	real
5540	11964	11460592272901	private_dummy
5541	3567	571090010	real
5541	11965	11460592272901	private_dummy
5542	1027	1134625683	real
5542	1028	1134625683	real
5542	1042	1134625683	real
5542	11966	11460592272901	private_dummy
5543	1667	1134625683	real
5543	1668	1134625683	real
5543	11967	11460592272901	private_dummy
5544	4010	1314620714	real
5544	4012	1448542658	real
5544	11968	11460592272901	private_dummy
5545	4008	921841024	real
5545	11969	11460592272901	private_dummy
5546	4006	685312257	real
5546	11970	11460592272901	private_dummy
5547	4004	576800968	real
5547	11971	11460592272901	private_dummy
5548	4002	527988787	real
5548	11972	11460592272901	private_dummy
5549	4000	527988787	real
5549	11973	11460592272901	private_dummy
5550	3998	462578720	real
5550	11974	11460592272901	private_dummy
5551	1510	1134625683	real
5551	1511	1134625683	real
5551	1525	1134625683	real
5551	11975	11460592272901	private_dummy
5552	2017	1134625683	real
5552	2018	1134625683	real
5552	11976	11460592272901	private_dummy
5553	4411	1314620714	real
5553	4413	1450401941	real
5553	11977	11460592272901	private_dummy
5554	4409	1134625683	real
5554	11978	11460592272901	private_dummy
5555	4407	842644711	real
5555	11979	11460592272901	private_dummy
5556	4405	619911174	real
5556	11980	11460592272901	private_dummy
5557	4403	527988787	real
5557	11981	11460592272901	private_dummy
5558	4401	499993474	real
5558	11982	11460592272901	private_dummy
5559	4399	413766540	real
5559	11983	11460592272901	private_dummy
5560	1890	1134625683	real
5560	1891	1134625683	real
5560	1905	1134625683	real
5560	11984	11460592272901	private_dummy
5561	2281	1134625683	real
5561	2282	1134625683	real
5561	11985	11460592272901	private_dummy
5562	4782	1314620714	real
5562	4784	1510362503	real
5562	11986	11460592272901	private_dummy
5563	4780	1134625683	real
5563	11987	11460592272901	private_dummy
5564	4778	1024916284	real
5564	11988	11460592272901	private_dummy
5565	4776	805238941	real
5565	11989	11460592272901	private_dummy
5566	4774	599094307	real
5566	11990	11460592272901	private_dummy
5567	4772	527988787	real
5567	11991	11460592272901	private_dummy
5568	4770	413766540	real
5568	11992	11460592272901	private_dummy
5569	2182	1134625683	real
5569	2183	1134625683	real
5569	2197	1134625683	real
5569	11993	11460592272901	private_dummy
5570	5123	1314620714	real
5570	5125	1544258422	real
5570	11994	11460592272901	private_dummy
5571	5121	1134625683	real
5571	11995	11460592272901	private_dummy
5572	5119	1024916284	real
5572	11996	11460592272901	private_dummy
5573	5117	960912471	real
5573	11997	11460592272901	private_dummy
5574	5115	805238941	real
5574	11998	11460592272901	private_dummy
5575	5113	619911174	real
5575	11999	11460592272901	private_dummy
5576	5111	462578720	real
5576	12000	11460592272901	private_dummy
5577	2395	1134625683	real
5577	2396	1134625683	real
5577	2410	1134625683	real
5577	2411	1134625683	real
5577	12001	11460592272901	private_dummy
5578	5434	1314620714	real
5578	5436	1568128921	real
5578	12002	11460592272901	private_dummy
5579	5432	1134625683	real
5579	12003	11460592272901	private_dummy
5580	5430	1024916284	real
5580	12004	11460592272901	private_dummy
5581	5428	960912471	real
5581	12005	11460592272901	private_dummy
5582	5426	934574386	real
5582	12006	11460592272901	private_dummy
5583	5424	842644711	real
5583	12007	11460592272901	private_dummy
5584	5422	571090010	real
5584	12008	11460592272901	private_dummy
5585	2541	1134625683	real
5585	2542	1134625683	real
5585	2556	1134625683	real
5585	2557	1134625683	real
5585	12009	11460592272901	private_dummy
5586	5715	1314620714	real
5586	5717	1586590809	real
5586	12010	11460592272901	private_dummy
5587	5713	1134625683	real
5587	12011	11460592272901	private_dummy
5588	5711	1024916284	real
5588	12012	11460592272901	private_dummy
5589	5709	960912471	real
5589	12013	11460592272901	private_dummy
5590	5707	934574386	real
5590	12014	11460592272901	private_dummy
5591	5705	943287091	real
5591	12015	11460592272901	private_dummy
5592	5703	886287249	real
5592	12016	11460592272901	private_dummy
5593	2633	1134625683	real
5593	2634	1134625683	real
5593	2648	1134625683	real
5593	2649	1134625683	real
5593	12017	11460592272901	private_dummy
5594	437	1639569710	real
5594	438	1639569710	real
5594	664	1639569710	real
5594	12018	11460592272901	private_dummy
5595	1034	1314620714	real
5595	1035	1371733469	real
5595	1222	1314620714	real
5595	12019	11460592272901	private_dummy
5596	1517	1134625683	real
5596	1518	1191738437	real
5596	1670	1134625683	real
5596	12020	11460592272901	private_dummy
5597	1897	1024916284	real
5597	1898	1082029038	real
5597	2020	1024916284	real
5597	12021	11460592272901	private_dummy
5598	2189	960912471	real
5598	2190	1018025225	real
5598	2284	960912471	real
5598	12022	11460592272901	private_dummy
5599	2402	934574386	real
5599	2403	991687140	real
5599	2475	934574386	real
5599	12023	11460592272901	private_dummy
5600	2548	943287091	real
5600	2549	1000399846	real
5600	2603	943287091	real
5600	12024	11460592272901	private_dummy
5601	2640	987879571	real
5601	2641	1044992326	real
5601	2681	987879571	real
5601	12025	11460592272901	private_dummy
5602	5808	1314620714	real
5602	12026	11460592272901	private_dummy
5603	5810	1134625683	real
5603	12027	11460592272901	private_dummy
5604	5812	1024916284	real
5604	12028	11460592272901	private_dummy
5605	5814	960912471	real
5605	12029	11460592272901	private_dummy
5606	5816	934574386	real
5606	12030	11460592272901	private_dummy
5607	5818	943287091	real
5607	12031	11460592272901	private_dummy
5608	5820	987879571	real
5608	12032	11460592272901	private_dummy
5609	434	1639569710	real
5609	435	1639569710	real
5609	12033	11460592272901	private_dummy
5610	1031	1371733469	real
5610	1032	1371733469	real
5610	12034	11460592272901	private_dummy
5611	1514	1191738437	real
5611	1515	1191738437	real
5611	12035	11460592272901	private_dummy
5612	1894	1082029038	real
5612	1895	1082029038	real
5612	12036	11460592272901	private_dummy
5613	2186	1018025225	real
5613	2187	1018025225	real
5613	12037	11460592272901	private_dummy
5614	2399	991687140	real
5614	2400	991687140	real
5614	12038	11460592272901	private_dummy
5615	2545	1000399846	real
5615	2546	1000399846	real
5615	12039	11460592272901	private_dummy
5616	2637	1044992326	real
5616	2638	1044992326	real
5616	12040	11460592272901	private_dummy
5617	2709	1533123464	real
5617	2710	1533123464	real
5617	2712	1476010710	real
5617	2713	1476010710	real
5617	12041	11460592272901	private_dummy
5618	2696	1134625683	real
5618	2698	1134625683	real
5618	2715	1134625683	real
5618	2716	1134625683	real
5618	12042	11460592272901	private_dummy
5619	443	1639569710	real
5619	444	1639569710	real
5619	666	1639569710	real
5619	12043	11460592272901	private_dummy
5620	1040	1314620714	real
5620	1041	1371733469	real
5620	1224	1314620714	real
5620	12044	11460592272901	private_dummy
5621	1523	1134625683	real
5621	1524	1191738437	real
5621	1672	1134625683	real
5621	12045	11460592272901	private_dummy
5622	1903	1024916284	real
5622	1904	1082029038	real
5622	2022	1024916284	real
5622	12046	11460592272901	private_dummy
5623	2195	960912471	real
5623	2196	1018025225	real
5623	2286	960912471	real
5623	12047	11460592272901	private_dummy
5624	2408	934574386	real
5624	2409	991687140	real
5624	2477	934574386	real
5624	12048	11460592272901	private_dummy
5625	2554	943287091	real
5625	2555	1000399846	real
5625	2605	943287091	real
5625	12049	11460592272901	private_dummy
5626	2646	987879571	real
5626	2647	1044992326	real
5626	2683	987879571	real
5626	12050	11460592272901	private_dummy
5627	2712	1212633104	real
5627	2714	1269745858	real
5627	12051	11460592272901	private_dummy
5628	5822	1314620714	real
5628	12052	11460592272901	private_dummy
5629	5824	1134625683	real
5629	12053	11460592272901	private_dummy
5630	5826	1024916284	real
5630	12054	11460592272901	private_dummy
5631	5828	960912471	real
5631	12055	11460592272901	private_dummy
5632	5830	934574386	real
5632	12056	11460592272901	private_dummy
5633	5832	943287091	real
5633	12057	11460592272901	private_dummy
5634	5834	987879571	real
5634	12058	11460592272901	private_dummy
5635	440	1639569710	real
5635	441	1639569710	real
5635	12059	11460592272901	private_dummy
5636	1037	1371733469	real
5636	1038	1371733469	real
5636	12060	11460592272901	private_dummy
5637	1520	1191738437	real
5637	1521	1191738437	real
5637	12061	11460592272901	private_dummy
5638	1900	1082029038	real
5638	1901	1082029038	real
5638	12062	11460592272901	private_dummy
5639	2192	1018025225	real
5639	2193	1018025225	real
5639	12063	11460592272901	private_dummy
5640	2405	991687140	real
5640	2406	991687140	real
5640	12064	11460592272901	private_dummy
5641	2551	1000399846	real
5641	2552	1000399846	real
5641	12065	11460592272901	private_dummy
5642	2643	1044992326	real
5642	2644	1044992326	real
5642	12066	11460592272901	private_dummy
5643	2709	1269745858	real
5643	2711	1269745858	real
5643	2719	1212633104	real
5643	12067	11460592272901	private_dummy
5644	2701	1134625683	real
5644	2703	1134625683	real
5644	2724	1134625683	real
5644	2725	1134625683	real
5644	12068	11460592272901	private_dummy
5645	2411	934574386	real
5645	2412	991687140	real
5645	12069	11460592272901	private_dummy
5646	2557	943287091	real
5646	2558	1000399846	real
5646	12070	11460592272901	private_dummy
5647	2649	987879571	real
5647	2650	1044992326	real
5647	12071	11460592272901	private_dummy
5648	2715	1212633104	real
5648	2717	1269745858	real
5648	2720	1212633104	real
5648	12072	11460592272901	private_dummy
5649	2724	1476010710	real
5649	2726	1533123464	real
5649	2727	1476010710	real
5649	12073	11460592272901	private_dummy
5650	431	1639569710	real
5650	432	1639569710	real
5650	662	1639569710	real
5650	12074	11460592272901	private_dummy
5651	1028	1314620714	real
5651	1029	1314620714	real
5651	1220	1314620714	real
5651	12075	11460592272901	private_dummy
5652	1511	1134625683	real
5652	1512	1134625683	real
5652	1668	1134625683	real
5652	12076	11460592272901	private_dummy
5653	1891	1024916284	real
5653	1892	1024916284	real
5653	2018	1024916284	real
5653	12077	11460592272901	private_dummy
5654	2183	960912471	real
5654	2184	960912471	real
5654	2282	960912471	real
5654	12078	11460592272901	private_dummy
5655	2396	934574386	real
5655	2397	934574386	real
5655	2473	934574386	real
5655	12079	11460592272901	private_dummy
5656	2542	943287091	real
5656	2543	943287091	real
5656	2601	943287091	real
5656	12080	11460592272901	private_dummy
5657	2634	987879571	real
5657	2635	987879571	real
5657	2679	987879571	real
5657	12081	11460592272901	private_dummy
5658	2696	1212633104	real
5658	2697	1212633104	real
5658	2699	1212633104	real
5658	12082	11460592272901	private_dummy
5659	2701	1476010710	real
5659	2702	1476010710	real
5659	2704	1476010710	real
5659	12083	11460592272901	private_dummy
5660	5786	646589376	real
5660	12084	11460592272901	private_dummy
5661	5786	646589376	real
5661	12085	11460592272901	private_dummy
5662	5787	381065064	real
5662	12086	11460592272901	private_dummy
5663	5787	381065064	real
5663	12087	11460592272901	private_dummy
5664	5788	349558832	real
5664	12088	11460592272901	private_dummy
5665	5788	349558832	real
5665	12089	11460592272901	private_dummy
5666	5789	646589376	real
5666	12090	11460592272901	private_dummy
5667	5789	646589376	real
5667	12091	11460592272901	private_dummy
5668	5790	844744762	real
5668	12092	11460592272901	private_dummy
5669	5790	901857516	real
5669	12093	11460592272901	private_dummy
5670	2731	1212633104	real
5670	12094	11460592272901	private_dummy
5671	2655	987879571	real
5671	12095	11460592272901	private_dummy
5672	2563	943287091	real
5672	12096	11460592272901	private_dummy
5673	2417	934574386	real
5673	12097	11460592272901	private_dummy
5674	2281	1073192518	real
5674	12098	11460592272901	private_dummy
5675	2017	1073192518	real
5675	12099	11460592272901	private_dummy
5676	1667	1073192518	real
5676	12100	11460592272901	private_dummy
5677	1219	1073192518	real
5677	12101	11460592272901	private_dummy
5678	661	1073192518	real
5678	12102	11460592272901	private_dummy
5679	5883	622182589	real
5679	12103	11460592272901	private_dummy
5680	5881	428227305	real
5680	12104	11460592272901	private_dummy
5681	5886	622182589	real
5681	12105	11460592272901	private_dummy
5682	5886	647783820	real
5682	12106	11460592272901	private_dummy
5683	5880	428227305	real
5683	12107	11460592272901	private_dummy
5684	5878	698579647	real
5684	5879	698579647	real
5684	12108	11460592272901	private_dummy
5685	5868	236000926	real
5685	5869	407331436	real
5685	12109	11460592272901	private_dummy
5686	5871	700851062	real
5686	5872	700851062	real
5686	12110	11460592272901	private_dummy
5687	5893	446930723	real
5687	12111	11460592272901	private_dummy
5688	5869	249998983	real
5688	12112	11460592272901	private_dummy
5689	5882	522083785	real
5689	12113	11460592272901	private_dummy
5690	5895	92666529	real
5690	12114	11460592272901	private_dummy
5691	5868	275600213	real
5691	12115	11460592272901	private_dummy
5692	5875	114222248	real
5692	5876	403820517	real
5692	12116	11460592272901	private_dummy
5693	5897	486530011	real
5693	12117	11460592272901	private_dummy
5694	5872	622182589	real
5694	12118	11460592272901	private_dummy
5695	5876	325152045	real
5695	12119	11460592272901	private_dummy
5696	5899	325152045	real
5696	12120	11460592272901	private_dummy
5697	5871	289598270	real
5697	12121	11460592272901	private_dummy
5698	5875	527249137	real
5698	12122	11460592272901	private_dummy
5699	5901	1206544480	real
5699	12123	11460592272901	private_dummy
5700	5888	529516060	real
5700	12124	11460592272901	private_dummy
5701	5888	529516060	real
5701	12125	11460592272901	private_dummy
5702	5886	622182589	real
5702	5887	311153988	real
5702	5892	428227305	real
5702	12126	11460592272901	private_dummy
5703	5896	311153988	real
5703	12127	11460592272901	private_dummy
5704	5898	114222248	real
5704	12128	11460592272901	private_dummy
5705	5886	667564210	real
5705	5887	608184533	real
5705	5894	622182589	real
5705	12129	11460592272901	private_dummy
5706	5896	508085729	real
5706	12130	11460592272901	private_dummy
5707	5898	114222248	real
5707	12131	11460592272901	private_dummy
5708	5885	407331436	real
5708	12132	11460592272901	private_dummy
5709	5885	407331436	real
5709	12133	11460592272901	private_dummy
5710	5884	249998983	real
5710	12134	11460592272901	private_dummy
5711	5900	378219287	real
5711	12135	11460592272901	private_dummy
5712	5902	249998983	real
5712	12136	11460592272901	private_dummy
5713	5884	446930723	real
5713	12137	11460592272901	private_dummy
5714	5900	575151027	real
5714	12138	11460592272901	private_dummy
5715	5902	249998983	real
5715	12139	11460592272901	private_dummy
5716	5845	901857516	real
5716	12140	11460592272901	private_dummy
5717	5870	721981173	real
5717	12141	11460592272901	private_dummy
5718	5870	614201447	real
5718	12142	11460592272901	private_dummy
5719	5836	486401362	real
5719	5837	486401362	real
5719	12143	11460592272901	private_dummy
5720	5838	417808791	real
5720	5839	417808791	real
5720	12144	11460592272901	private_dummy
5721	5840	535532974	real
5721	5841	535532974	real
5721	12145	11460592272901	private_dummy
5722	5842	844744762	real
5722	5843	844744762	real
5722	12146	11460592272901	private_dummy
5723	5844	958970270	real
5723	12147	11460592272901	private_dummy
5724	5909	936838513	real
5724	12148	11460592272901	private_dummy
5725	5909	671314201	real
5725	12149	11460592272901	private_dummy
5726	5837	486401362	real
5726	12150	11460592272901	private_dummy
5727	5853	220877050	real
5727	5854	220877050	real
5727	12151	11460592272901	private_dummy
5728	5855	543514116	real
5728	12152	11460592272901	private_dummy
5729	5873	553590018	real
5729	12153	11460592272901	private_dummy
5730	5873	232485516	real
5730	12154	11460592272901	private_dummy
5731	5836	602099362	real
5731	12155	11460592272901	private_dummy
5732	5846	232481024	real
5732	5847	289593778	real
5732	12156	11460592272901	private_dummy
5733	5848	192881737	real
5733	5849	192881737	real
5733	12157	11460592272901	private_dummy
5734	5850	428876476	real
5734	5851	428876476	real
5734	12158	11460592272901	private_dummy
5735	5852	830547118	real
5735	12159	11460592272901	private_dummy
5736	5912	506891285	real
5736	12160	11460592272901	private_dummy
5737	5912	232485516	real
5737	12161	11460592272901	private_dummy
5738	5839	417808791	real
5738	12162	11460592272901	private_dummy
5739	5847	289593778	real
5739	12163	11460592272901	private_dummy
5740	5861	403816026	real
5740	12164	11460592272901	private_dummy
5741	5874	774389461	real
5741	12165	11460592272901	private_dummy
5742	5874	138629035	real
5742	12166	11460592272901	private_dummy
5743	5838	428876476	real
5743	12167	11460592272901	private_dummy
5744	5846	428876476	real
5744	12168	11460592272901	private_dummy
5745	5856	312799437	real
5745	5857	369912191	real
5745	12169	11460592272901	private_dummy
5746	5858	451428472	real
5746	5859	451428472	real
5746	12170	11460592272901	private_dummy
5747	5860	442879024	real
5747	12171	11460592272901	private_dummy
5748	5915	494543170	real
5748	12172	11460592272901	private_dummy
5749	5915	277258070	real
5749	12173	11460592272901	private_dummy
5750	5841	535532974	real
5750	12174	11460592272901	private_dummy
5751	5849	192881737	real
5751	5854	192881737	real
5751	12175	11460592272901	private_dummy
5752	5857	369912191	real
5752	12176	11460592272901	private_dummy
5753	5865	484134439	real
5753	12177	11460592272901	private_dummy
5754	5877	908314201	real
5754	12178	11460592272901	private_dummy
5755	5877	691029101	real
5755	12179	11460592272901	private_dummy
5756	5840	451428472	real
5756	12180	11460592272901	private_dummy
5757	5848	174178318	real
5757	5853	174178318	real
5757	12181	11460592272901	private_dummy
5758	5856	451428472	real
5758	12182	11460592272901	private_dummy
5759	5862	693393268	real
5759	5863	750506022	real
5759	12183	11460592272901	private_dummy
5760	5864	416618839	real
5760	12184	11460592272901	private_dummy
5761	5918	712572412	real
5761	12185	11460592272901	private_dummy
5762	5918	392212052	real
5762	12186	11460592272901	private_dummy
5763	5843	844744762	real
5763	12187	11460592272901	private_dummy
5764	5851	428876476	real
5764	12188	11460592272901	private_dummy
5765	5859	451428472	real
5765	12189	11460592272901	private_dummy
5766	5863	750506022	real
5766	12190	11460592272901	private_dummy
5767	5867	773434363	real
5767	12191	11460592272901	private_dummy
5768	5920	712572412	real
5768	12192	11460592272901	private_dummy
5769	5920	392212052	real
5769	12193	11460592272901	private_dummy
5770	5842	693393268	real
5770	12194	11460592272901	private_dummy
5771	5850	299541031	real
5771	12195	11460592272901	private_dummy
5772	5858	348353212	real
5772	12196	11460592272901	private_dummy
5773	5862	693393268	real
5773	12197	11460592272901	private_dummy
5774	5866	628199503	real
5774	12198	11460592272901	private_dummy
5775	5922	805238941	real
5775	12199	11460592272901	private_dummy
5776	5922	484878581	real
5776	12200	11460592272901	private_dummy
5777	5890	450847587	real
5777	12201	11460592272901	private_dummy
5778	5890	507960342	real
5778	12202	11460592272901	private_dummy
5779	5908	592645728	real
5779	12203	11460592272901	private_dummy
5780	5910	649758483	real
5780	12204	11460592272901	private_dummy
5781	5911	407325249	real
5781	12205	11460592272901	private_dummy
5782	5913	289598270	real
5782	12206	11460592272901	private_dummy
5783	5891	117073316	real
5783	12207	11460592272901	private_dummy
5784	5891	255702351	real
5784	12208	11460592272901	private_dummy
5785	5914	255702351	real
5785	12209	11460592272901	private_dummy
5786	5916	289598270	real
5786	12210	11460592272901	private_dummy
5787	5917	407325249	real
5787	12211	11460592272901	private_dummy
5788	5921	328656777	real
5788	12212	11460592272901	private_dummy
5789	5923	328656777	real
5789	12213	11460592272901	private_dummy
5790	5919	679876228	real
5790	12214	11460592272901	private_dummy
5791	5921	407325249	real
5791	12215	11460592272901	private_dummy
5792	5923	328656777	real
5792	12216	11460592272901	private_dummy
5793	5888	586628814	real
5793	5889	586628814	real
5793	12217	11460592272901	private_dummy
5794	5888	586628814	real
5794	5889	586628814	real
5794	12218	11460592272901	private_dummy
5795	2704	1073192518	real
5795	2705	1073192518	real
5795	12219	11460592272901	private_dummy
5796	2730	1269745858	real
5796	2732	1212633104	real
5796	12220	11460592272901	private_dummy
5797	2653	1044992326	real
5797	2654	987879571	real
5797	2687	987879571	real
5797	12221	11460592272901	private_dummy
5798	2561	1000399846	real
5798	2562	943287091	real
5798	2609	943287091	real
5798	12222	11460592272901	private_dummy
5799	2415	991687140	real
5799	2416	934574386	real
5799	2481	934574386	real
5799	12223	11460592272901	private_dummy
5800	2201	1018025225	real
5800	2202	960912471	real
5800	2290	960912471	real
5800	12224	11460592272901	private_dummy
5801	1909	1082029038	real
5801	1910	1024916284	real
5801	2026	1024916284	real
5801	12225	11460592272901	private_dummy
5802	1529	1191738437	real
5802	1530	1134625683	real
5802	1676	1134625683	real
5802	12226	11460592272901	private_dummy
5803	1046	1371733469	real
5803	1047	1314620714	real
5803	1228	1314620714	real
5803	12227	11460592272901	private_dummy
5804	449	1639569710	real
5804	450	1639569710	real
5804	670	1639569710	real
5804	12228	11460592272901	private_dummy
5805	2702	1073192518	real
5805	2703	1073192518	real
5805	12229	11460592272901	private_dummy
5806	5925	659212116	real
5806	12230	11460592272901	private_dummy
5807	5927	429291869	real
5807	12231	11460592272901	private_dummy
5808	5929	293103002	real
5808	12232	11460592272901	private_dummy
5809	5931	235336584	real
5809	12233	11460592272901	private_dummy
5810	5933	235336584	real
5810	12234	11460592272901	private_dummy
5811	5935	293103002	real
5811	12235	11460592272901	private_dummy
5812	5937	429291869	real
5812	12236	11460592272901	private_dummy
5813	2732	1476010710	real
5813	2733	1476010710	real
5813	12237	11460592272901	private_dummy
5814	2699	1073192518	real
5814	2700	1073192518	real
5814	12238	11460592272901	private_dummy
5815	2730	1533123464	real
5815	12239	11460592272901	private_dummy
5816	2651	1044992326	real
5816	2652	987879571	real
5816	2685	987879571	real
5816	12240	11460592272901	private_dummy
5817	2559	1000399846	real
5817	2560	943287091	real
5817	2607	943287091	real
5817	12241	11460592272901	private_dummy
5818	2413	991687140	real
5818	2414	934574386	real
5818	2479	934574386	real
5818	12242	11460592272901	private_dummy
5819	2199	1018025225	real
5819	2200	960912471	real
5819	2288	960912471	real
5819	12243	11460592272901	private_dummy
5820	1907	1082029038	real
5820	1908	1024916284	real
5820	2024	1024916284	real
5820	12244	11460592272901	private_dummy
5821	1527	1191738437	real
5821	1528	1134625683	real
5821	1674	1134625683	real
5821	12245	11460592272901	private_dummy
5822	1044	1371733469	real
5822	1045	1314620714	real
5822	1226	1314620714	real
5822	12246	11460592272901	private_dummy
5823	447	1639569710	real
5823	448	1639569710	real
5823	668	1639569710	real
5823	12247	11460592272901	private_dummy
5824	2697	1073192518	real
5824	2698	1073192518	real
5824	12248	11460592272901	private_dummy
5825	5940	909215590	real
5825	12249	11460592272901	private_dummy
5826	5942	622182589	real
5826	12250	11460592272901	private_dummy
5827	5944	485993722	real
5827	12251	11460592272901	private_dummy
5828	5946	428227305	real
5828	12252	11460592272901	private_dummy
5829	5948	428227305	real
5829	12253	11460592272901	private_dummy
5830	5950	485993722	real
5830	12254	11460592272901	private_dummy
5831	5952	622182589	real
5831	12255	11460592272901	private_dummy
5832	2678	1073192518	real
5832	2679	1073192518	real
5832	12256	11460592272901	private_dummy
5833	2633	1073192518	real
5833	2635	1073192518	real
5833	12257	11460592272901	private_dummy
5834	5481	1212633104	real
5834	5483	1155520349	real
5834	12258	11460592272901	private_dummy
5835	5554	714849118	real
5835	12259	11460592272901	private_dummy
5836	5552	442879024	real
5836	12260	11460592272901	private_dummy
5837	5550	325152045	real
5837	12261	11460592272901	private_dummy
5838	5548	291256126	real
5838	12262	11460592272901	private_dummy
5839	5546	325152045	real
5839	12263	11460592272901	private_dummy
5840	5544	442879024	real
5840	12264	11460592272901	private_dummy
5841	2600	1073192518	real
5841	2601	1073192518	real
5841	12265	11460592272901	private_dummy
5842	2541	1073192518	real
5842	2543	1073192518	real
5842	12266	11460592272901	private_dummy
5843	5192	1212633104	real
5843	5194	1212633104	real
5843	12267	11460592272901	private_dummy
5844	5273	830547118	real
5844	12268	11460592272901	private_dummy
5845	5271	385769531	real
5845	12269	11460592272901	private_dummy
5846	5269	210929797	real
5846	12270	11460592272901	private_dummy
5847	5267	117073316	real
5847	12271	11460592272901	private_dummy
5848	5265	117073316	real
5848	12272	11460592272901	private_dummy
5849	5263	210929797	real
5849	12273	11460592272901	private_dummy
5850	2472	1073192518	real
5850	2473	1073192518	real
5850	12274	11460592272901	private_dummy
5851	2395	1073192518	real
5851	2397	1073192518	real
5851	12275	11460592272901	private_dummy
5852	4873	1212633104	real
5852	4875	1248186878	real
5852	12276	11460592272901	private_dummy
5853	4962	830547118	real
5853	12277	11460592272901	private_dummy
5854	4960	600626871	real
5854	12278	11460592272901	private_dummy
5855	4958	303596326	real
5855	12279	11460592272901	private_dummy
5856	4956	177033878	real
5856	12280	11460592272901	private_dummy
5857	4954	117073316	real
5857	12281	11460592272901	private_dummy
5858	4952	177033878	real
5858	12282	11460592272901	private_dummy
5859	2182	1073192518	real
5859	2184	1073192518	real
5859	2203	1073192518	real
5859	12283	11460592272901	private_dummy
5860	4526	1212633104	real
5860	4528	1266890297	real
5860	12284	11460592272901	private_dummy
5861	4621	830547118	real
5861	12285	11460592272901	private_dummy
5862	4619	600626871	real
5862	12286	11460592272901	private_dummy
5863	4617	499991778	real
5863	12287	11460592272901	private_dummy
5864	4615	288403826	real
5864	12288	11460592272901	private_dummy
5865	4613	210929797	real
5865	12289	11460592272901	private_dummy
5866	4611	210929797	real
5866	12290	11460592272901	private_dummy
5867	1890	1073192518	real
5867	1892	1073192518	real
5867	1911	1073192518	real
5867	12291	11460592272901	private_dummy
5868	4149	1212633104	real
5868	4151	1279693111	real
5868	12292	11460592272901	private_dummy
5869	4250	830547118	real
5869	12293	11460592272901	private_dummy
5870	4248	600626871	real
5870	12294	11460592272901	private_dummy
5871	4246	499991778	real
5871	12295	11460592272901	private_dummy
5872	4244	460928780	real
5872	12296	11460592272901	private_dummy
5873	4242	335102559	real
5873	12297	11460592272901	private_dummy
5874	4240	328656777	real
5874	12298	11460592272901	private_dummy
5875	1510	1073192518	real
5875	1512	1073192518	real
5875	1531	1073192518	real
5875	12299	11460592272901	private_dummy
5876	3746	1212633104	real
5876	3748	1289442293	real
5876	12300	11460592272901	private_dummy
5877	3849	830547118	real
5877	12301	11460592272901	private_dummy
5878	3847	600626871	real
5878	12302	11460592272901	private_dummy
5879	3845	499991778	real
5879	12303	11460592272901	private_dummy
5880	3843	460928780	real
5880	12304	11460592272901	private_dummy
5881	3841	473731594	real
5881	12305	11460592272901	private_dummy
5882	3839	462578720	real
5882	12306	11460592272901	private_dummy
5883	1027	1073192518	real
5883	1029	1073192518	real
5883	1048	1073192518	real
5883	12307	11460592272901	private_dummy
5884	3315	1212633104	real
5884	3317	1297318490	real
5884	12308	11460592272901	private_dummy
5885	3418	830547118	real
5885	12309	11460592272901	private_dummy
5886	3416	600626871	real
5886	12310	11460592272901	private_dummy
5887	3414	499991778	real
5887	12311	11460592272901	private_dummy
5888	3412	460928780	real
5888	12312	11460592272901	private_dummy
5889	3410	473731594	real
5889	12313	11460592272901	private_dummy
5890	3408	541247193	real
5890	12314	11460592272901	private_dummy
5891	430	1073192518	real
5891	432	1073192518	real
5891	451	1073192518	real
5891	12315	11460592272901	private_dummy
5892	2854	1212633104	real
5892	2856	1300755210	real
5892	12316	11460592272901	private_dummy
5893	2957	830547118	real
5893	12317	11460592272901	private_dummy
5894	2955	600626871	real
5894	12318	11460592272901	private_dummy
5895	2953	499991778	real
5895	12319	11460592272901	private_dummy
5896	2951	460928780	real
5896	12320	11460592272901	private_dummy
5897	2949	473731594	real
5897	12321	11460592272901	private_dummy
5898	2947	541247193	real
5898	12322	11460592272901	private_dummy
5899	2203	960912471	real
5899	2204	960912471	real
5899	12323	11460592272901	private_dummy
5900	1911	1024916284	real
5900	1912	1024916284	real
5900	12324	11460592272901	private_dummy
5901	1531	1134625683	real
5901	1532	1134625683	real
5901	12325	11460592272901	private_dummy
5902	1048	1314620714	real
5902	1049	1314620714	real
5902	12326	11460592272901	private_dummy
5903	451	1639569710	real
5903	452	1639569710	real
5903	12327	11460592272901	private_dummy
5904	5903	1055957210	real
5904	12328	11460592272901	private_dummy
5905	5903	1055957210	real
5905	12329	11460592272901	private_dummy
5906	5904	543514116	real
5906	12330	11460592272901	private_dummy
5907	5904	486401362	real
5907	12331	11460592272901	private_dummy
5908	5905	349558832	real
5908	12332	11460592272901	private_dummy
5909	5905	292446078	real
5909	12333	11460592272901	private_dummy
5910	5906	407325249	real
5910	12334	11460592272901	private_dummy
5911	5906	350212495	real
5911	12335	11460592272901	private_dummy
5912	5907	685312257	real
5912	12336	11460592272901	private_dummy
5913	5907	628199503	real
5913	12337	11460592272901	private_dummy
5914	463	1639569710	real
5914	12338	11460592272901	private_dummy
5915	1060	1371733469	real
5915	12339	11460592272901	private_dummy
5916	1543	1191738437	real
5916	12340	11460592272901	private_dummy
5917	1923	1082029038	real
5917	12341	11460592272901	private_dummy
5918	2215	1018025225	real
5918	12342	11460592272901	private_dummy
5919	2482	1314620714	real
5919	12343	11460592272901	private_dummy
5920	2610	1314620714	real
5920	12344	11460592272901	private_dummy
5921	2688	1314620714	real
5921	12345	11460592272901	private_dummy
5922	2728	1314620714	real
5922	12346	11460592272901	private_dummy
5923	2740	1314620714	real
5923	12347	11460592272901	private_dummy
5924	6001	682925463	real
5924	12348	11460592272901	private_dummy
5925	5999	486530011	real
5925	12349	11460592272901	private_dummy
5926	6004	980525989	real
5926	12350	11460592272901	private_dummy
5927	6004	1098793748	real
5927	12351	11460592272901	private_dummy
5928	5998	321104502	real
5928	12352	11460592272901	private_dummy
5929	5996	698579647	real
5929	5997	698579647	real
5929	12353	11460592272901	private_dummy
5930	5986	236000926	real
5930	5987	407331436	real
5930	12354	11460592272901	private_dummy
5931	5989	529516060	real
5931	5990	529516060	real
5931	12355	11460592272901	private_dummy
5932	6011	446930723	real
5932	12356	11460592272901	private_dummy
5933	5987	407331436	real
5933	12357	11460592272901	private_dummy
5934	6000	725257849	real
5934	12358	11460592272901	private_dummy
5935	6013	446930723	real
5935	12359	11460592272901	private_dummy
5936	5986	605917609	real
5936	12360	11460592272901	private_dummy
5937	5993	232485516	real
5937	5994	371114550	real
5937	12361	11460592272901	private_dummy
5938	6015	1206544480	real
5938	12362	11460592272901	private_dummy
5939	5990	448580664	real
5939	12363	11460592272901	private_dummy
5940	5994	335560775	real
5940	12364	11460592272901	private_dummy
5941	6017	429417256	real
5941	12365	11460592272901	private_dummy
5942	5989	118263268	real
5942	12366	11460592272901	private_dummy
5943	5993	118263268	real
5943	12367	11460592272901	private_dummy
5944	6019	604256990	real
5944	12368	11460592272901	private_dummy
5945	6006	1037638743	real
5945	12369	11460592272901	private_dummy
5946	6006	980525989	real
5946	12370	11460592272901	private_dummy
5947	6004	1104698750	real
5947	6005	553590018	real
5947	6010	321104502	real
5947	12371	11460592272901	private_dummy
5948	6014	428227305	real
5948	12372	11460592272901	private_dummy
5949	6016	289598270	real
5949	12373	11460592272901	private_dummy
5950	6004	1118574139	real
5950	6005	897782802	real
5950	6012	586628814	real
5950	12374	11460592272901	private_dummy
5951	6014	703827518	real
5951	12375	11460592272901	private_dummy
5952	6016	368266743	real
5952	12376	11460592272901	private_dummy
5953	6003	618261233	real
5953	12377	11460592272901	private_dummy
5954	6003	696929706	real
5954	12378	11460592272901	private_dummy
5955	6002	696929706	real
5955	12379	11460592272901	private_dummy
5956	6018	389817969	real
5956	12380	11460592272901	private_dummy
5957	6020	368262251	real
5957	12381	11460592272901	private_dummy
5958	6002	1066846389	real
5958	12382	11460592272901	private_dummy
5959	6018	561148479	real
5959	12383	11460592272901	private_dummy
5960	6020	368262251	real
5960	12384	11460592272901	private_dummy
5961	5963	844744762	real
5961	12385	11460592272901	private_dummy
5962	5988	496351876	real
5962	12386	11460592272901	private_dummy
5963	5988	486401362	real
5963	12387	11460592272901	private_dummy
5964	5954	693393268	real
5964	5955	750506022	real
5964	12388	11460592272901	private_dummy
5965	5956	451428472	real
5965	5957	451428472	real
5965	12389	11460592272901	private_dummy
5966	5958	428876476	real
5966	5959	428876476	real
5966	12390	11460592272901	private_dummy
5967	5960	602099362	real
5967	5961	602099362	real
5967	12391	11460592272901	private_dummy
5968	5962	998844456	real
5968	12392	11460592272901	private_dummy
5969	6027	625687321	real
5969	12393	11460592272901	private_dummy
5970	6027	486401362	real
5970	12394	11460592272901	private_dummy
5971	5955	750506022	real
5971	12395	11460592272901	private_dummy
5972	5971	174178318	real
5972	5972	174178318	real
5972	12396	11460592272901	private_dummy
5973	5973	589476622	real
5973	12397	11460592272901	private_dummy
5974	5991	302396592	real
5974	12398	11460592272901	private_dummy
5975	5991	220877050	real
5975	12399	11460592272901	private_dummy
5976	5954	998844456	real
5976	12400	11460592272901	private_dummy
5977	5964	312799437	real
5977	5965	369912191	real
5977	12401	11460592272901	private_dummy
5978	5966	192881737	real
5978	5967	192881737	real
5978	12402	11460592272901	private_dummy
5979	5968	312799437	real
5979	5969	312799437	real
5979	12403	11460592272901	private_dummy
5980	5970	680767834	real
5980	12404	11460592272901	private_dummy
5981	6030	321100011	real
5981	12405	11460592272901	private_dummy
5982	6030	220877050	real
5982	12406	11460592272901	private_dummy
5983	5957	451428472	real
5983	12407	11460592272901	private_dummy
5984	5965	369912191	real
5984	12408	11460592272901	private_dummy
5985	5979	547144236	real
5985	12409	11460592272901	private_dummy
5986	5992	328656777	real
5986	12410	11460592272901	private_dummy
5987	5992	189370818	real
5987	12411	11460592272901	private_dummy
5988	5956	535532974	real
5988	12412	11460592272901	private_dummy
5989	5964	535532974	real
5989	12413	11460592272901	private_dummy
5990	5974	232481024	real
5990	5975	289593778	real
5990	12414	11460592272901	private_dummy
5991	5976	232481024	real
5991	5977	232481024	real
5991	12415	11460592272901	private_dummy
5992	5978	547144236	real
5992	12416	11460592272901	private_dummy
5993	6033	132261325	real
5993	12417	11460592272901	private_dummy
5994	6033	292446078	real
5994	12418	11460592272901	private_dummy
5995	5959	428876476	real
5995	12419	11460592272901	private_dummy
5996	5967	192881737	real
5996	5972	192881737	real
5996	12420	11460592272901	private_dummy
5997	5975	289593778	real
5997	12421	11460592272901	private_dummy
5998	5983	680767834	real
5998	12422	11460592272901	private_dummy
5999	5995	507960342	real
5999	12423	11460592272901	private_dummy
6000	5995	668145095	real
6000	12424	11460592272901	private_dummy
6001	5958	417808791	real
6001	12425	11460592272901	private_dummy
6002	5966	220877050	real
6002	5971	220877050	real
6002	12426	11460592272901	private_dummy
6003	5974	417808791	real
6003	12427	11460592272901	private_dummy
6004	5980	372179115	real
6004	5981	429291869	real
6004	12428	11460592272901	private_dummy
6005	5982	589476622	real
6005	12429	11460592272901	private_dummy
6006	6036	429291869	real
6006	12430	11460592272901	private_dummy
6007	6036	450847587	real
6007	12431	11460592272901	private_dummy
6008	5961	844744762	real
6008	12432	11460592272901	private_dummy
6009	5969	535532974	real
6009	12433	11460592272901	private_dummy
6010	5977	417808791	real
6010	12434	11460592272901	private_dummy
6011	5981	543514116	real
6011	12435	11460592272901	private_dummy
6012	5985	1450401941	real
6012	12436	11460592272901	private_dummy
6013	6038	622182589	real
6013	12437	11460592272901	private_dummy
6014	6038	529516060	real
6014	12438	11460592272901	private_dummy
6015	5960	486401362	real
6015	12439	11460592272901	private_dummy
6016	5968	220877050	real
6016	12440	11460592272901	private_dummy
6017	5976	189370818	real
6017	12441	11460592272901	private_dummy
6018	5980	486401362	real
6018	12442	11460592272901	private_dummy
6019	5984	844744762	real
6019	12443	11460592272901	private_dummy
6020	6040	714849118	real
6020	12444	11460592272901	private_dummy
6021	6040	565069835	real
6021	12445	11460592272901	private_dummy
6022	6008	485993722	real
6022	12446	11460592272901	private_dummy
6023	6008	589068982	real
6023	12447	11460592272901	private_dummy
6024	6026	680767834	real
6024	12448	11460592272901	private_dummy
6025	6028	535532974	real
6025	12449	11460592272901	private_dummy
6026	6029	391467910	real
6026	12450	11460592272901	private_dummy
6027	6031	323952310	real
6027	12451	11460592272901	private_dummy
6028	6009	210929797	real
6028	12452	11460592272901	private_dummy
6029	6009	314005057	real
6029	12453	11460592272901	private_dummy
6030	6032	311149497	real
6030	12454	11460592272901	private_dummy
6031	6034	350212495	real
6031	12455	11460592272901	private_dummy
6032	6035	450847587	real
6032	12456	11460592272901	private_dummy
6033	6039	507960342	real
6033	12457	11460592272901	private_dummy
6034	6041	372179115	real
6034	12458	11460592272901	private_dummy
6035	6037	773434363	real
6035	12459	11460592272901	private_dummy
6036	6039	586628814	real
6036	12460	11460592272901	private_dummy
6037	6041	372179115	real
6037	12461	11460592272901	private_dummy
6038	6006	1116307215	real
6038	6007	980525989	real
6038	12462	11460592272901	private_dummy
6039	6006	1073192518	real
6039	6007	1073192518	real
6039	12463	11460592272901	private_dummy
6040	671	1314620714	real
6040	672	1314620714	real
6040	12464	11460592272901	private_dummy
6041	3103	1055957210	real
6041	3105	1285877457	real
6041	12465	11460592272901	private_dummy
6042	3101	921841024	real
6042	12466	11460592272901	private_dummy
6043	3099	842644711	real
6043	12467	11460592272901	private_dummy
6044	3097	805238941	real
6044	12468	11460592272901	private_dummy
6045	3095	805238941	real
6045	12469	11460592272901	private_dummy
6046	3093	842644711	real
6046	12470	11460592272901	private_dummy
6047	3091	921841024	real
6047	12471	11460592272901	private_dummy
6048	453	1314620714	real
6048	454	1314620714	real
6048	462	1314620714	real
6048	12472	11460592272901	private_dummy
6049	1229	1314620714	real
6049	1230	1314620714	real
6049	12473	11460592272901	private_dummy
6050	3564	1055957210	real
6050	3566	1285877457	real
6050	12474	11460592272901	private_dummy
6051	3562	807618777	real
6051	12475	11460592272901	private_dummy
6052	3560	685312257	real
6052	12476	11460592272901	private_dummy
6053	3558	619911174	real
6053	12477	11460592272901	private_dummy
6054	3556	599094307	real
6054	12478	11460592272901	private_dummy
6055	3554	619911174	real
6055	12479	11460592272901	private_dummy
6056	3552	685312257	real
6056	12480	11460592272901	private_dummy
6057	1050	1314620714	real
6057	1051	1314620714	real
6057	1059	1314620714	real
6057	12481	11460592272901	private_dummy
6058	1677	1314620714	real
6058	1678	1314620714	real
6058	12482	11460592272901	private_dummy
6059	3995	1314620714	real
6059	3997	1456418855	real
6059	12483	11460592272901	private_dummy
6060	3993	921841024	real
6060	12484	11460592272901	private_dummy
6061	3991	685312257	real
6061	12485	11460592272901	private_dummy
6062	3989	576800968	real
6062	12486	11460592272901	private_dummy
6063	3987	527988787	real
6063	12487	11460592272901	private_dummy
6064	3985	527988787	real
6064	12488	11460592272901	private_dummy
6065	3983	576800968	real
6065	12489	11460592272901	private_dummy
6066	1533	1314620714	real
6066	1534	1314620714	real
6066	1542	1314620714	real
6066	12490	11460592272901	private_dummy
6067	2027	1314620714	real
6067	2028	1314620714	real
6067	12491	11460592272901	private_dummy
6068	4396	1314620714	real
6068	4398	1450401941	real
6068	12492	11460592272901	private_dummy
6069	4394	1134625683	real
6069	12493	11460592272901	private_dummy
6070	4392	842644711	real
6070	12494	11460592272901	private_dummy
6071	4390	619911174	real
6071	12495	11460592272901	private_dummy
6072	4388	527988787	real
6072	12496	11460592272901	private_dummy
6073	4386	499993474	real
6073	12497	11460592272901	private_dummy
6074	4384	527988787	real
6074	12498	11460592272901	private_dummy
6075	1913	1314620714	real
6075	1914	1314620714	real
6075	1922	1314620714	real
6075	12499	11460592272901	private_dummy
6076	2291	1314620714	real
6076	2292	1314620714	real
6076	12500	11460592272901	private_dummy
6077	4767	1314620714	real
6077	4769	1510362503	real
6077	12501	11460592272901	private_dummy
6078	4765	1134625683	real
6078	12502	11460592272901	private_dummy
6079	4763	1024916284	real
6079	12503	11460592272901	private_dummy
6080	4761	805238941	real
6080	12504	11460592272901	private_dummy
6081	4759	599094307	real
6081	12505	11460592272901	private_dummy
6082	4757	527988787	real
6082	12506	11460592272901	private_dummy
6083	4755	527988787	real
6083	12507	11460592272901	private_dummy
6084	2205	1314620714	real
6084	2206	1314620714	real
6084	2214	1314620714	real
6084	12508	11460592272901	private_dummy
6085	5108	1314620714	real
6085	5110	1544258422	real
6085	12509	11460592272901	private_dummy
6086	5106	1134625683	real
6086	12510	11460592272901	private_dummy
6087	5104	1024916284	real
6087	12511	11460592272901	private_dummy
6088	5102	960912471	real
6088	12512	11460592272901	private_dummy
6089	5100	805238941	real
6089	12513	11460592272901	private_dummy
6090	5098	619911174	real
6090	12514	11460592272901	private_dummy
6091	5096	576800968	real
6091	12515	11460592272901	private_dummy
6092	2418	1314620714	real
6092	2419	1314620714	real
6092	2427	1314620714	real
6092	2428	1314620714	real
6092	12516	11460592272901	private_dummy
6093	5419	1314620714	real
6093	5421	1568128921	real
6093	12517	11460592272901	private_dummy
6094	5417	1134625683	real
6094	12518	11460592272901	private_dummy
6095	5415	1024916284	real
6095	12519	11460592272901	private_dummy
6096	5413	960912471	real
6096	12520	11460592272901	private_dummy
6097	5411	934574386	real
6097	12521	11460592272901	private_dummy
6098	5409	842644711	real
6098	12522	11460592272901	private_dummy
6099	5407	685312257	real
6099	12523	11460592272901	private_dummy
6100	2564	1314620714	real
6100	2565	1314620714	real
6100	2573	1314620714	real
6100	2574	1314620714	real
6100	12524	11460592272901	private_dummy
6101	5700	1314620714	real
6101	5702	1586590809	real
6101	12525	11460592272901	private_dummy
6102	5698	1134625683	real
6102	12526	11460592272901	private_dummy
6103	5696	1024916284	real
6103	12527	11460592272901	private_dummy
6104	5694	960912471	real
6104	12528	11460592272901	private_dummy
6105	5692	934574386	real
6105	12529	11460592272901	private_dummy
6106	5690	943287091	real
6106	12530	11460592272901	private_dummy
6107	5688	921841024	real
6107	12531	11460592272901	private_dummy
6108	2656	1314620714	real
6108	2657	1314620714	real
6108	2665	1314620714	real
6108	2666	1314620714	real
6108	12532	11460592272901	private_dummy
6109	5951	1314620714	real
6109	5953	1601653716	real
6109	12533	11460592272901	private_dummy
6110	5949	1134625683	real
6110	12534	11460592272901	private_dummy
6111	5947	1024916284	real
6111	12535	11460592272901	private_dummy
6112	5945	960912471	real
6112	12536	11460592272901	private_dummy
6113	5943	934574386	real
6113	12537	11460592272901	private_dummy
6114	5941	943287091	real
6114	12538	11460592272901	private_dummy
6115	5939	987879571	real
6115	12539	11460592272901	private_dummy
6116	2706	1314620714	real
6116	2707	1314620714	real
6116	2715	1314620714	real
6116	2716	1314620714	real
6116	12540	11460592272901	private_dummy
6117	460	1639569710	real
6117	461	1639569710	real
6117	674	1639569710	real
6117	12541	11460592272901	private_dummy
6118	1057	1314620714	real
6118	1058	1371733469	real
6118	1232	1314620714	real
6118	12542	11460592272901	private_dummy
6119	1540	1134625683	real
6119	1541	1191738437	real
6119	1680	1134625683	real
6119	12543	11460592272901	private_dummy
6120	1920	1024916284	real
6120	1921	1082029038	real
6120	2030	1024916284	real
6120	12544	11460592272901	private_dummy
6121	2212	960912471	real
6121	2213	1018025225	real
6121	2294	960912471	real
6121	12545	11460592272901	private_dummy
6122	2425	934574386	real
6122	2426	991687140	real
6122	2485	934574386	real
6122	12546	11460592272901	private_dummy
6123	2571	943287091	real
6123	2572	1000399846	real
6123	2613	943287091	real
6123	12547	11460592272901	private_dummy
6124	2663	987879571	real
6124	2664	1044992326	real
6124	2691	987879571	real
6124	12548	11460592272901	private_dummy
6125	2713	1073192518	real
6125	2714	1130305272	real
6125	2731	1073192518	real
6125	12549	11460592272901	private_dummy
6126	6043	1314620714	real
6126	12550	11460592272901	private_dummy
6127	6045	1134625683	real
6127	12551	11460592272901	private_dummy
6128	6047	1024916284	real
6128	12552	11460592272901	private_dummy
6129	6049	960912471	real
6129	12553	11460592272901	private_dummy
6130	6051	934574386	real
6130	12554	11460592272901	private_dummy
6131	6053	943287091	real
6131	12555	11460592272901	private_dummy
6132	6055	987879571	real
6132	12556	11460592272901	private_dummy
6133	457	1639569710	real
6133	458	1639569710	real
6133	12557	11460592272901	private_dummy
6134	1054	1371733469	real
6134	1055	1371733469	real
6134	12558	11460592272901	private_dummy
6135	1537	1191738437	real
6135	1538	1191738437	real
6135	12559	11460592272901	private_dummy
6136	1917	1082029038	real
6136	1918	1082029038	real
6136	12560	11460592272901	private_dummy
6137	2209	1018025225	real
6137	2210	1018025225	real
6137	12561	11460592272901	private_dummy
6138	2422	991687140	real
6138	2423	991687140	real
6138	12562	11460592272901	private_dummy
6139	2568	1000399846	real
6139	2569	1000399846	real
6139	12563	11460592272901	private_dummy
6140	2660	1044992326	real
6140	2661	1044992326	real
6140	12564	11460592272901	private_dummy
6141	2710	1130305272	real
6141	2711	1130305272	real
6141	12565	11460592272901	private_dummy
6142	2736	1314620714	real
6142	2738	1314620714	real
6142	2744	1314620714	real
6142	2745	1314620714	real
6142	12566	11460592272901	private_dummy
6143	2428	934574386	real
6143	2429	991687140	real
6143	12567	11460592272901	private_dummy
6144	2574	943287091	real
6144	2575	1000399846	real
6144	12568	11460592272901	private_dummy
6145	2666	987879571	real
6145	2667	1044992326	real
6145	12569	11460592272901	private_dummy
6146	2716	1073192518	real
6146	2717	1130305272	real
6146	12570	11460592272901	private_dummy
6147	2744	1476010710	real
6147	2746	1533123464	real
6147	2747	1476010710	real
6147	12571	11460592272901	private_dummy
6148	454	1639569710	real
6148	455	1639569710	real
6148	672	1639569710	real
6148	12572	11460592272901	private_dummy
6149	1051	1314620714	real
6149	1052	1314620714	real
6149	1230	1314620714	real
6149	12573	11460592272901	private_dummy
6150	1534	1134625683	real
6150	1535	1134625683	real
6150	1678	1134625683	real
6150	12574	11460592272901	private_dummy
6151	1914	1024916284	real
6151	1915	1024916284	real
6151	2028	1024916284	real
6151	12575	11460592272901	private_dummy
6152	2206	960912471	real
6152	2207	960912471	real
6152	2292	960912471	real
6152	12576	11460592272901	private_dummy
6153	2419	934574386	real
6153	2420	934574386	real
6153	2483	934574386	real
6153	12577	11460592272901	private_dummy
6154	2565	943287091	real
6154	2566	943287091	real
6154	2611	943287091	real
6154	12578	11460592272901	private_dummy
6155	2657	987879571	real
6155	2658	987879571	real
6155	2689	987879571	real
6155	12579	11460592272901	private_dummy
6156	2707	1073192518	real
6156	2708	1073192518	real
6156	2729	1073192518	real
6156	12580	11460592272901	private_dummy
6157	2736	1476010710	real
6157	2737	1476010710	real
6157	2739	1476010710	real
6157	12581	11460592272901	private_dummy
6158	6021	737880589	real
6158	12582	11460592272901	private_dummy
6159	6021	737880589	real
6159	12583	11460592272901	private_dummy
6160	6022	448580664	real
6160	12584	11460592272901	private_dummy
6161	6022	448580664	real
6161	12585	11460592272901	private_dummy
6162	6023	368262251	real
6162	12586	11460592272901	private_dummy
6163	6023	368262251	real
6163	12587	11460592272901	private_dummy
6164	6024	507960342	real
6164	12588	11460592272901	private_dummy
6165	6024	507960342	real
6165	12589	11460592272901	private_dummy
6166	6025	844744762	real
6166	12590	11460592272901	private_dummy
6167	6025	844744762	real
6167	12591	11460592272901	private_dummy
6168	2720	1073192518	real
6168	12592	11460592272901	private_dummy
6169	2670	987879571	real
6169	12593	11460592272901	private_dummy
6170	2578	943287091	real
6170	12594	11460592272901	private_dummy
6171	2432	934574386	real
6171	12595	11460592272901	private_dummy
6172	2291	1212633104	real
6172	12596	11460592272901	private_dummy
6173	2027	1212633104	real
6173	12597	11460592272901	private_dummy
6174	1677	1212633104	real
6174	12598	11460592272901	private_dummy
6175	1229	1212633104	real
6175	12599	11460592272901	private_dummy
6176	671	1212633104	real
6176	12600	11460592272901	private_dummy
6177	6104	646589376	real
6177	12601	11460592272901	private_dummy
6178	6102	486530011	real
6178	12602	11460592272901	private_dummy
6179	6107	737880589	real
6179	12603	11460592272901	private_dummy
6180	6107	799035594	real
6180	12604	11460592272901	private_dummy
6181	6101	210929797	real
6181	12605	11460592272901	private_dummy
6182	6099	698579647	real
6182	6100	698579647	real
6182	12606	11460592272901	private_dummy
6183	6089	0	real
6183	6090	171330510	real
6183	12607	11460592272901	private_dummy
6184	6092	529516060	real
6184	6093	586628814	real
6184	12608	11460592272901	private_dummy
6185	6114	210929797	real
6185	12609	11460592272901	private_dummy
6186	6090	171330510	real
6186	12610	11460592272901	private_dummy
6187	6103	604256990	real
6187	12611	11460592272901	private_dummy
6188	6116	171330510	real
6188	12612	11460592272901	private_dummy
6189	6089	196931741	real
6189	12613	11460592272901	private_dummy
6190	6096	157332454	real
6190	6097	446930723	real
6190	12614	11460592272901	private_dummy
6191	6118	604256990	real
6191	12615	11460592272901	private_dummy
6192	6093	507960342	real
6192	12616	11460592272901	private_dummy
6193	6097	368262251	real
6193	12617	11460592272901	private_dummy
6194	6120	368262251	real
6194	12618	11460592272901	private_dummy
6195	6092	118263268	real
6195	12619	11460592272901	private_dummy
6196	6096	527249137	real
6196	12620	11460592272901	private_dummy
6197	6122	1206544480	real
6197	12621	11460592272901	private_dummy
6198	6109	680767834	real
6198	12622	11460592272901	private_dummy
6199	6109	680767834	real
6199	12623	11460592272901	private_dummy
6200	6107	737880589	real
6200	6108	314005057	real
6200	6113	210929797	real
6200	12624	11460592272901	private_dummy
6201	6117	314005057	real
6201	12625	11460592272901	private_dummy
6202	6119	117073316	real
6202	12626	11460592272901	private_dummy
6203	6107	818815985	real
6203	6108	668145095	real
6203	6115	586628814	real
6203	12627	11460592272901	private_dummy
6204	6117	568046291	real
6204	12628	11460592272901	private_dummy
6205	6119	174182810	real
6205	12629	11460592272901	private_dummy
6206	6106	524404753	real
6206	12630	11460592272901	private_dummy
6207	6106	309959545	real
6207	12631	11460592272901	private_dummy
6208	6105	309959545	real
6208	12632	11460592272901	private_dummy
6209	6121	421329493	real
6209	12633	11460592272901	private_dummy
6210	6123	328662964	real
6210	12634	11460592272901	private_dummy
6211	6105	506891285	real
6211	12635	11460592272901	private_dummy
6212	6121	618261233	real
6212	12636	11460592272901	private_dummy
6213	6123	328662964	real
6213	12637	11460592272901	private_dummy
6214	6066	958970270	real
6214	12638	11460592272901	private_dummy
6215	6091	622182589	real
6215	12639	11460592272901	private_dummy
6216	6091	529516060	real
6216	12640	11460592272901	private_dummy
6217	6057	486401362	real
6217	6058	543514116	real
6217	12641	11460592272901	private_dummy
6218	6059	417808791	real
6218	6060	417808791	real
6218	12642	11460592272901	private_dummy
6219	6061	535532974	real
6219	6062	535532974	real
6219	12643	11460592272901	private_dummy
6220	6063	844744762	real
6220	6064	844744762	real
6220	12644	11460592272901	private_dummy
6221	6065	1212633104	real
6221	12645	11460592272901	private_dummy
6222	6130	919213134	real
6222	12646	11460592272901	private_dummy
6223	6130	529516060	real
6223	12647	11460592272901	private_dummy
6224	6058	429291869	real
6224	12648	11460592272901	private_dummy
6225	6074	220877050	real
6225	6075	220877050	real
6225	12649	11460592272901	private_dummy
6226	6076	543514116	real
6226	12650	11460592272901	private_dummy
6227	6094	553590018	real
6227	12651	11460592272901	private_dummy
6228	6094	196931741	real
6228	12652	11460592272901	private_dummy
6229	6057	602099362	real
6229	12653	11460592272901	private_dummy
6230	6067	232481024	real
6230	6068	289593778	real
6230	12654	11460592272901	private_dummy
6231	6069	192881737	real
6231	6070	192881737	real
6231	12655	11460592272901	private_dummy
6232	6071	428876476	real
6232	6072	428876476	real
6232	12656	11460592272901	private_dummy
6233	6073	659212116	real
6233	12657	11460592272901	private_dummy
6234	6133	506891285	real
6234	12658	11460592272901	private_dummy
6235	6133	196931741	real
6235	12659	11460592272901	private_dummy
6236	6060	232481024	real
6236	12660	11460592272901	private_dummy
6237	6068	289593778	real
6237	12661	11460592272901	private_dummy
6238	6082	474921545	real
6238	12662	11460592272901	private_dummy
6239	6095	789581961	real
6239	12663	11460592272901	private_dummy
6240	6095	196931741	real
6240	12664	11460592272901	private_dummy
6241	6059	271544022	real
6241	12665	11460592272901	private_dummy
6242	6067	428876476	real
6242	12666	11460592272901	private_dummy
6243	6077	312799437	real
6243	6078	369912191	real
6243	12667	11460592272901	private_dummy
6244	6079	451428472	real
6244	6080	451428472	real
6244	12668	11460592272901	private_dummy
6245	6081	485989230	real
6245	12669	11460592272901	private_dummy
6246	6136	509735670	real
6246	12670	11460592272901	private_dummy
6247	6136	335560775	real
6247	12671	11460592272901	private_dummy
6248	6062	312799437	real
6248	12672	11460592272901	private_dummy
6249	6070	192881737	real
6249	6075	192881737	real
6249	12673	11460592272901	private_dummy
6250	6078	369912191	real
6250	12674	11460592272901	private_dummy
6251	6086	592645728	real
6251	12675	11460592272901	private_dummy
6252	6098	957126382	real
6252	12676	11460592272901	private_dummy
6253	6098	782951488	real
6253	12677	11460592272901	private_dummy
6254	6061	245283838	real
6254	12678	11460592272901	private_dummy
6255	6069	174178318	real
6255	6074	174178318	real
6255	12679	11460592272901	private_dummy
6256	6077	451428472	real
6256	12680	11460592272901	private_dummy
6257	6083	693393268	real
6257	6084	750506022	real
6257	12681	11460592272901	private_dummy
6258	6085	508541226	real
6258	12682	11460592272901	private_dummy
6259	6139	761384593	real
6259	12683	11460592272901	private_dummy
6260	6139	484134439	real
6260	12684	11460592272901	private_dummy
6261	6064	602099362	real
6261	12685	11460592272901	private_dummy
6262	6072	428876476	real
6262	12686	11460592272901	private_dummy
6263	6080	451428472	real
6263	12687	11460592272901	private_dummy
6264	6084	750506022	real
6264	12688	11460592272901	private_dummy
6265	6088	901857516	real
6265	12689	11460592272901	private_dummy
6266	6141	761384593	real
6266	12690	11460592272901	private_dummy
6267	6141	484134439	real
6267	12691	11460592272901	private_dummy
6268	6063	456864501	real
6268	12692	11460592272901	private_dummy
6269	6071	299541031	real
6269	12693	11460592272901	private_dummy
6270	6079	348353212	real
6270	12694	11460592272901	private_dummy
6271	6083	693393268	real
6271	12695	11460592272901	private_dummy
6272	6087	750506022	real
6272	12696	11460592272901	private_dummy
6273	6143	854051122	real
6273	12697	11460592272901	private_dummy
6274	6143	576800968	real
6274	12698	11460592272901	private_dummy
6275	6111	450847587	real
6275	12699	11460592272901	private_dummy
6276	6111	589476622	real
6276	12700	11460592272901	private_dummy
6277	6129	886287249	real
6277	12701	11460592272901	private_dummy
6278	6131	507960342	real
6278	12702	11460592272901	private_dummy
6279	6132	371771474	real
6279	12703	11460592272901	private_dummy
6280	6134	314005057	real
6280	12704	11460592272901	private_dummy
6281	6112	175376022	real
6281	12705	11460592272901	private_dummy
6282	6112	314005057	real
6282	12706	11460592272901	private_dummy
6283	6135	314005057	real
6283	12707	11460592272901	private_dummy
6284	6137	371771474	real
6284	12708	11460592272901	private_dummy
6285	6138	507960342	real
6285	12709	11460592272901	private_dummy
6286	6142	429291869	real
6286	12710	11460592272901	private_dummy
6287	6144	429291869	real
6287	12711	11460592272901	private_dummy
6288	6140	788387517	real
6288	12712	11460592272901	private_dummy
6289	6142	507960342	real
6289	12713	11460592272901	private_dummy
6290	6144	429291869	real
6290	12714	11460592272901	private_dummy
6291	6109	737880589	real
6291	6110	737880589	real
6291	12715	11460592272901	private_dummy
6292	6109	737880589	real
6292	6110	737880589	real
6292	12716	11460592272901	private_dummy
6293	2739	1212633104	real
6293	2740	1212633104	real
6293	12717	11460592272901	private_dummy
6294	2718	1130305272	real
6294	2719	1073192518	real
6294	2733	1073192518	real
6294	12718	11460592272901	private_dummy
6295	2668	1044992326	real
6295	2669	987879571	real
6295	2693	987879571	real
6295	12719	11460592272901	private_dummy
6296	2576	1000399846	real
6296	2577	943287091	real
6296	2615	943287091	real
6296	12720	11460592272901	private_dummy
6297	2430	991687140	real
6297	2431	934574386	real
6297	2487	934574386	real
6297	12721	11460592272901	private_dummy
6298	2216	1018025225	real
6298	2217	960912471	real
6298	2296	960912471	real
6298	12722	11460592272901	private_dummy
6299	1924	1082029038	real
6299	1925	1024916284	real
6299	2032	1024916284	real
6299	12723	11460592272901	private_dummy
6300	1544	1191738437	real
6300	1545	1134625683	real
6300	1682	1134625683	real
6300	12724	11460592272901	private_dummy
6301	1061	1371733469	real
6301	1062	1314620714	real
6301	1234	1314620714	real
6301	12725	11460592272901	private_dummy
6302	464	1639569710	real
6302	465	1639569710	real
6302	676	1639569710	real
6302	12726	11460592272901	private_dummy
6303	2737	1212633104	real
6303	2738	1212633104	real
6303	12727	11460592272901	private_dummy
6304	6146	773434363	real
6304	12728	11460592272901	private_dummy
6305	6148	622182589	real
6305	12729	11460592272901	private_dummy
6306	6150	545954284	real
6306	12730	11460592272901	private_dummy
6307	6152	522083785	real
6307	12731	11460592272901	private_dummy
6308	6154	545954284	real
6308	12732	11460592272901	private_dummy
6309	6156	622182589	real
6309	12733	11460592272901	private_dummy
6310	6158	773434363	real
6310	12734	11460592272901	private_dummy
6311	2728	1212633104	real
6311	2729	1212633104	real
6311	12735	11460592272901	private_dummy
6312	2706	1212633104	real
6312	2708	1212633104	real
6312	12736	11460592272901	private_dummy
6313	5748	1073192518	real
6313	5819	830547118	real
6313	12737	11460592272901	private_dummy
6314	5817	543514116	real
6314	12738	11460592272901	private_dummy
6315	5815	407325249	real
6315	12739	11460592272901	private_dummy
6316	5813	349558832	real
6316	12740	11460592272901	private_dummy
6317	5811	349558832	real
6317	12741	11460592272901	private_dummy
6318	5809	407325249	real
6318	12742	11460592272901	private_dummy
6319	5807	543514116	real
6319	12743	11460592272901	private_dummy
6320	2688	1212633104	real
6320	2689	1212633104	real
6320	12744	11460592272901	private_dummy
6321	2656	1212633104	real
6321	2658	1212633104	real
6321	12745	11460592272901	private_dummy
6322	5485	901857516	real
6322	5568	958970270	real
6322	12746	11460592272901	private_dummy
6323	5566	486404623	real
6323	12747	11460592272901	private_dummy
6324	5564	293103002	real
6324	12748	11460592272901	private_dummy
6325	5562	175376022	real
6325	12749	11460592272901	private_dummy
6326	5560	141480104	real
6326	12750	11460592272901	private_dummy
6327	5558	175376022	real
6327	12751	11460592272901	private_dummy
6328	5556	293103002	real
6328	12752	11460592272901	private_dummy
6329	2610	1212633104	real
6329	2611	1212633104	real
6329	12753	11460592272901	private_dummy
6330	2564	1212633104	real
6330	2566	1212633104	real
6330	12754	11460592272901	private_dummy
6331	5196	1037638743	real
6331	5287	958970270	real
6331	12755	11460592272901	private_dummy
6332	5285	716324870	real
6332	12756	11460592272901	private_dummy
6333	5283	385769531	real
6333	12757	11460592272901	private_dummy
6334	5281	235336584	real
6334	12758	11460592272901	private_dummy
6335	5279	141480104	real
6335	12759	11460592272901	private_dummy
6336	5277	141480104	real
6336	12760	11460592272901	private_dummy
6337	5275	235336584	real
6337	12761	11460592272901	private_dummy
6338	2482	1212633104	real
6338	2483	1212633104	real
6338	12762	11460592272901	private_dummy
6339	2418	1212633104	real
6339	2420	1212633104	real
6339	12763	11460592272901	private_dummy
6340	4877	1097599305	real
6340	4976	958970270	real
6340	12764	11460592272901	private_dummy
6341	4974	716324870	real
6341	12765	11460592272901	private_dummy
6342	4972	600626871	real
6342	12766	11460592272901	private_dummy
6343	4970	346706532	real
6343	12767	11460592272901	private_dummy
6344	4968	235336584	real
6344	12768	11460592272901	private_dummy
6345	4966	175376022	real
6345	12769	11460592272901	private_dummy
6346	4964	235336584	real
6346	12770	11460592272901	private_dummy
6347	2205	1212633104	real
6347	2207	1212633104	real
6347	2218	1212633104	real
6347	12771	11460592272901	private_dummy
6348	4530	1131495224	real
6348	4635	958970270	real
6348	12772	11460592272901	private_dummy
6349	4633	716324870	real
6349	12773	11460592272901	private_dummy
6350	4631	600626871	real
6350	12774	11460592272901	private_dummy
6351	4629	543101984	real
6351	12775	11460592272901	private_dummy
6352	4627	359509346	real
6352	12776	11460592272901	private_dummy
6353	4625	293103002	real
6353	12777	11460592272901	private_dummy
6354	4623	293103002	real
6354	12778	11460592272901	private_dummy
6355	1913	1212633104	real
6355	1915	1212633104	real
6355	1926	1212633104	real
6355	12779	11460592272901	private_dummy
6356	4153	1155365722	real
6356	4264	958970270	real
6356	12780	11460592272901	private_dummy
6357	4262	716324870	real
6357	12781	11460592272901	private_dummy
6358	4260	600626871	real
6358	12782	11460592272901	private_dummy
6359	4258	543101984	real
6359	12783	11460592272901	private_dummy
6360	4256	532034300	real
6360	12784	11460592272901	private_dummy
6361	4254	427024946	real
6361	12785	11460592272901	private_dummy
6362	4252	429291869	real
6362	12786	11460592272901	private_dummy
6363	1533	1212633104	real
6363	1535	1212633104	real
6363	1546	1212633104	real
6363	12787	11460592272901	private_dummy
6364	3750	1173827610	real
6364	3863	958970270	real
6364	12788	11460592272901	private_dummy
6365	3861	716324870	real
6365	12789	11460592272901	private_dummy
6366	3859	600626871	real
6366	12790	11460592272901	private_dummy
6367	3857	543101984	real
6367	12791	11460592272901	private_dummy
6368	3855	532034300	real
6368	12792	11460592272901	private_dummy
6369	3853	565653980	real
6369	12793	11460592272901	private_dummy
6370	3851	571090010	real
6370	12794	11460592272901	private_dummy
6371	1050	1212633104	real
6371	1052	1212633104	real
6371	1063	1212633104	real
6371	12795	11460592272901	private_dummy
6372	3319	1188890517	real
6372	3432	958970270	real
6372	12796	11460592272901	private_dummy
6373	3430	716324870	real
6373	12797	11460592272901	private_dummy
6374	3428	600626871	real
6374	12798	11460592272901	private_dummy
6375	3426	543101984	real
6375	12799	11460592272901	private_dummy
6376	3424	532034300	real
6376	12800	11460592272901	private_dummy
6377	3422	565653980	real
6377	12801	11460592272901	private_dummy
6378	3420	649758483	real
6378	12802	11460592272901	private_dummy
6379	453	1212633104	real
6379	455	1212633104	real
6379	466	1212633104	real
6379	12803	11460592272901	private_dummy
6380	2858	1195499037	real
6380	2971	958970270	real
6380	12804	11460592272901	private_dummy
6381	2969	716324870	real
6381	12805	11460592272901	private_dummy
6382	2967	600626871	real
6382	12806	11460592272901	private_dummy
6383	2965	543101984	real
6383	12807	11460592272901	private_dummy
6384	2963	532034300	real
6384	12808	11460592272901	private_dummy
6385	2961	565653980	real
6385	12809	11460592272901	private_dummy
6386	2959	649758483	real
6386	12810	11460592272901	private_dummy
6387	2218	960912471	real
6387	2219	960912471	real
6387	12811	11460592272901	private_dummy
6388	1926	1024916284	real
6388	1927	1024916284	real
6388	12812	11460592272901	private_dummy
6389	1546	1134625683	real
6389	1547	1134625683	real
6389	12813	11460592272901	private_dummy
6390	1063	1314620714	real
6390	1064	1314620714	real
6390	12814	11460592272901	private_dummy
6391	466	1639569710	real
6391	467	1639569710	real
6391	12815	11460592272901	private_dummy
6392	6124	844744762	real
6392	12816	11460592272901	private_dummy
6393	6124	844744762	real
6393	12817	11460592272901	private_dummy
6394	6125	507960342	real
6394	12818	11460592272901	private_dummy
6395	6125	450847587	real
6395	12819	11460592272901	private_dummy
6396	6126	407861538	real
6396	12820	11460592272901	private_dummy
6397	6126	350748784	real
6397	12821	11460592272901	private_dummy
6398	6127	507960342	real
6398	12822	11460592272901	private_dummy
6399	6127	450847587	real
6399	12823	11460592272901	private_dummy
6400	6128	807618777	real
6400	12824	11460592272901	private_dummy
6401	6128	750506022	real
6401	12825	11460592272901	private_dummy
6402	472	1639569710	real
6402	679	1639569710	real
6402	12826	11460592272901	private_dummy
6403	1069	1371733469	real
6403	1237	1314620714	real
6403	12827	11460592272901	private_dummy
6404	1552	1191738437	real
6404	1685	1134625683	real
6404	12828	11460592272901	private_dummy
6405	1932	1082029038	real
6405	2035	1024916284	real
6405	12829	11460592272901	private_dummy
6406	2224	1018025225	real
6406	2299	960912471	real
6406	12830	11460592272901	private_dummy
6407	2488	1639569710	real
6407	12831	11460592272901	private_dummy
6408	2616	1639569710	real
6408	12832	11460592272901	private_dummy
6409	2694	1639569710	real
6409	12833	11460592272901	private_dummy
6410	2734	1639569710	real
6410	12834	11460592272901	private_dummy
6411	2748	1639569710	real
6411	12835	11460592272901	private_dummy
6412	6207	819114330	real
6412	12836	11460592272901	private_dummy
6413	6205	522083785	real
6413	12837	11460592272901	private_dummy
6414	6210	980525989	real
6414	12838	11460592272901	private_dummy
6415	6210	1098793748	real
6415	12839	11460592272901	private_dummy
6416	6204	356658277	real
6416	12840	11460592272901	private_dummy
6417	6202	698579647	real
6417	6203	698579647	real
6417	12841	11460592272901	private_dummy
6418	6192	236000926	real
6418	6193	407331436	real
6418	12842	11460592272901	private_dummy
6419	6195	608184533	real
6419	6196	608184533	real
6419	12843	11460592272901	private_dummy
6420	6217	446930723	real
6420	12844	11460592272901	private_dummy
6421	6193	407331436	real
6421	12845	11460592272901	private_dummy
6422	6206	819114330	real
6422	12846	11460592272901	private_dummy
6423	6219	446930723	real
6423	12847	11460592272901	private_dummy
6424	6192	605917609	real
6424	12848	11460592272901	private_dummy
6425	6199	311153988	real
6425	6200	482484498	real
6425	12849	11460592272901	private_dummy
6426	6221	1206544480	real
6426	12850	11460592272901	private_dummy
6427	6196	608184533	real
6427	12851	11460592272901	private_dummy
6428	6200	482484498	real
6428	12852	11460592272901	private_dummy
6429	6223	522083785	real
6429	12853	11460592272901	private_dummy
6430	6195	196931741	real
6430	12854	11460592272901	private_dummy
6431	6199	196931741	real
6431	12855	11460592272901	private_dummy
6432	6225	738178934	real
6432	12856	11460592272901	private_dummy
6433	6212	1059194461	real
6433	12857	11460592272901	private_dummy
6434	6212	1037638743	real
6434	12858	11460592272901	private_dummy
6435	6210	1104698750	real
6435	6211	553590018	real
6435	6216	356658277	real
6435	12859	11460592272901	private_dummy
6436	6220	522083785	real
6436	12860	11460592272901	private_dummy
6437	6222	325152045	real
6437	12861	11460592272901	private_dummy
6438	6210	1118574139	real
6438	6211	897782802	real
6438	6218	622182589	real
6438	12862	11460592272901	private_dummy
6439	6220	797683999	real
6439	12863	11460592272901	private_dummy
6440	6222	403820517	real
6440	12864	11460592272901	private_dummy
6441	6209	618261233	real
6441	12865	11460592272901	private_dummy
6442	6209	696929706	real
6442	12866	11460592272901	private_dummy
6443	6208	696929706	real
6443	12867	11460592272901	private_dummy
6444	6224	482484498	real
6444	12868	11460592272901	private_dummy
6445	6226	446930723	real
6445	12869	11460592272901	private_dummy
6446	6208	1066846389	real
6446	12870	11460592272901	private_dummy
6447	6224	679416239	real
6447	12871	11460592272901	private_dummy
6448	6226	446930723	real
6448	12872	11460592272901	private_dummy
6449	6169	998844456	real
6449	12873	11460592272901	private_dummy
6450	6194	575020349	real
6450	12874	11460592272901	private_dummy
6451	6194	565069835	real
6451	12875	11460592272901	private_dummy
6452	6160	693393268	real
6452	6161	750506022	real
6452	12876	11460592272901	private_dummy
6453	6162	451428472	real
6453	6163	451428472	real
6453	12877	11460592272901	private_dummy
6454	6164	428876476	real
6454	6165	428876476	real
6454	12878	11460592272901	private_dummy
6455	6166	602099362	real
6455	6167	602099362	real
6455	12879	11460592272901	private_dummy
6456	6168	1155520349	real
6456	12880	11460592272901	private_dummy
6457	6233	704355794	real
6457	12881	11460592272901	private_dummy
6458	6233	565069835	real
6458	12882	11460592272901	private_dummy
6459	6161	750506022	real
6459	12883	11460592272901	private_dummy
6460	6177	174178318	real
6460	6178	174178318	real
6460	12884	11460592272901	private_dummy
6461	6179	731274763	real
6461	12885	11460592272901	private_dummy
6462	6197	381065064	real
6462	12886	11460592272901	private_dummy
6463	6197	299545523	real
6463	12887	11460592272901	private_dummy
6464	6160	998844456	real
6464	12888	11460592272901	private_dummy
6465	6170	312799437	real
6465	6171	369912191	real
6465	12889	11460592272901	private_dummy
6466	6172	192881737	real
6466	6173	192881737	real
6466	12890	11460592272901	private_dummy
6467	6174	312799437	real
6467	6175	312799437	real
6467	12891	11460592272901	private_dummy
6468	6176	829174495	real
6468	12892	11460592272901	private_dummy
6469	6236	399768483	real
6469	12893	11460592272901	private_dummy
6470	6236	299545523	real
6470	12894	11460592272901	private_dummy
6471	6163	451428472	real
6471	12895	11460592272901	private_dummy
6472	6171	369912191	real
6472	12896	11460592272901	private_dummy
6473	6185	671316997	real
6473	12897	11460592272901	private_dummy
6474	6198	407325249	real
6474	12898	11460592272901	private_dummy
6475	6198	268039290	real
6475	12899	11460592272901	private_dummy
6476	6162	535532974	real
6476	12900	11460592272901	private_dummy
6477	6170	535532974	real
6477	12901	11460592272901	private_dummy
6478	6180	232481024	real
6478	6181	289593778	real
6478	12902	11460592272901	private_dummy
6479	6182	232481024	real
6479	6183	232481024	real
6479	12903	11460592272901	private_dummy
6480	6184	681066180	real
6480	12904	11460592272901	private_dummy
6481	6239	210929797	real
6481	12905	11460592272901	private_dummy
6482	6239	371114550	real
6482	12906	11460592272901	private_dummy
6483	6165	428876476	real
6483	12907	11460592272901	private_dummy
6484	6173	192881737	real
6484	6178	192881737	real
6484	12908	11460592272901	private_dummy
6485	6181	289593778	real
6485	12909	11460592272901	private_dummy
6486	6189	773434363	real
6486	12910	11460592272901	private_dummy
6487	6201	600626871	real
6487	12911	11460592272901	private_dummy
6488	6201	760811624	real
6488	12912	11460592272901	private_dummy
6489	6164	417808791	real
6489	12913	11460592272901	private_dummy
6490	6172	220877050	real
6490	6177	220877050	real
6490	12914	11460592272901	private_dummy
6491	6180	417808791	real
6491	12915	11460592272901	private_dummy
6492	6186	372179115	real
6492	6187	429291869	real
6492	12916	11460592272901	private_dummy
6493	6188	700846570	real
6493	12917	11460592272901	private_dummy
6494	6242	507960342	real
6494	12918	11460592272901	private_dummy
6495	6242	529516060	real
6495	12919	11460592272901	private_dummy
6496	6167	602099362	real
6496	12920	11460592272901	private_dummy
6497	6175	312799437	real
6497	12921	11460592272901	private_dummy
6498	6183	232481024	real
6498	12922	11460592272901	private_dummy
6499	6187	429291869	real
6499	12923	11460592272901	private_dummy
6500	6191	1155520349	real
6500	12924	11460592272901	private_dummy
6501	6244	507960342	real
6501	12925	11460592272901	private_dummy
6502	6244	529516060	real
6502	12926	11460592272901	private_dummy
6503	6166	486401362	real
6503	12927	11460592272901	private_dummy
6504	6174	220877050	real
6504	12928	11460592272901	private_dummy
6505	6182	189370818	real
6505	12929	11460592272901	private_dummy
6506	6186	486401362	real
6506	12930	11460592272901	private_dummy
6507	6190	901857516	real
6507	12931	11460592272901	private_dummy
6508	6246	714849118	real
6508	12932	11460592272901	private_dummy
6509	6246	622182589	real
6509	12933	11460592272901	private_dummy
6510	6214	622182589	real
6510	12934	11460592272901	private_dummy
6511	6214	725257849	real
6511	12935	11460592272901	private_dummy
6512	6232	773434363	real
6512	12936	11460592272901	private_dummy
6513	6234	628199503	real
6513	12937	11460592272901	private_dummy
6514	6235	484134439	real
6514	12938	11460592272901	private_dummy
6515	6237	416618839	real
6515	12939	11460592272901	private_dummy
6516	6215	246483572	real
6516	12940	11460592272901	private_dummy
6517	6215	349558832	real
6517	12941	11460592272901	private_dummy
6518	6238	403816026	real
6518	12942	11460592272901	private_dummy
6519	6240	442879024	real
6519	12943	11460592272901	private_dummy
6520	6241	543514116	real
6520	12944	11460592272901	private_dummy
6521	6245	429291869	real
6521	12945	11460592272901	private_dummy
6522	6247	429291869	real
6522	12946	11460592272901	private_dummy
6523	6243	876509623	real
6523	12947	11460592272901	private_dummy
6524	6245	507960342	real
6524	12948	11460592272901	private_dummy
6525	6247	429291869	real
6525	12949	11460592272901	private_dummy
6526	6212	1037638743	real
6526	6213	958970270	real
6526	12950	11460592272901	private_dummy
6527	6212	1208973745	real
6527	6213	1130305272	real
6527	12951	11460592272901	private_dummy
6528	677	1639569710	real
6528	678	1639569710	real
6528	12952	11460592272901	private_dummy
6529	3088	1055957210	real
6529	3090	1292485977	real
6529	12953	11460592272901	private_dummy
6530	3086	921841024	real
6530	12954	11460592272901	private_dummy
6531	3084	842644711	real
6531	12955	11460592272901	private_dummy
6532	3082	805238941	real
6532	12956	11460592272901	private_dummy
6533	3080	805238941	real
6533	12957	11460592272901	private_dummy
6534	3078	842644711	real
6534	12958	11460592272901	private_dummy
6535	3076	921841024	real
6535	12959	11460592272901	private_dummy
6536	468	1639569710	real
6536	469	1639569710	real
6536	471	1639569710	real
6536	12960	11460592272901	private_dummy
6537	1235	1639569710	real
6537	1236	1639569710	real
6537	12961	11460592272901	private_dummy
6538	3549	1055957210	real
6538	3551	1292485977	real
6538	12962	11460592272901	private_dummy
6539	3547	807618777	real
6539	12963	11460592272901	private_dummy
6540	3545	685312257	real
6540	12964	11460592272901	private_dummy
6541	3543	619911174	real
6541	12965	11460592272901	private_dummy
6542	3541	599094307	real
6542	12966	11460592272901	private_dummy
6543	3539	619911174	real
6543	12967	11460592272901	private_dummy
6544	3537	685312257	real
6544	12968	11460592272901	private_dummy
6545	1065	1639569710	real
6545	1066	1639569710	real
6545	1068	1639569710	real
6545	12969	11460592272901	private_dummy
6546	1683	1639569710	real
6546	1684	1639569710	real
6546	12970	11460592272901	private_dummy
6547	3980	1314620714	real
6547	3982	1459855575	real
6547	12971	11460592272901	private_dummy
6548	3978	921841024	real
6548	12972	11460592272901	private_dummy
6549	3976	685312257	real
6549	12973	11460592272901	private_dummy
6550	3974	576800968	real
6550	12974	11460592272901	private_dummy
6551	3972	527988787	real
6551	12975	11460592272901	private_dummy
6552	3970	527988787	real
6552	12976	11460592272901	private_dummy
6553	3968	576800968	real
6553	12977	11460592272901	private_dummy
6554	1548	1639569710	real
6554	1549	1639569710	real
6554	1551	1639569710	real
6554	12978	11460592272901	private_dummy
6555	2033	1639569710	real
6555	2034	1639569710	real
6555	12979	11460592272901	private_dummy
6556	4381	1314620714	real
6556	4383	1450401941	real
6556	12980	11460592272901	private_dummy
6557	4379	1134625683	real
6557	12981	11460592272901	private_dummy
6558	4377	842644711	real
6558	12982	11460592272901	private_dummy
6559	4375	619911174	real
6559	12983	11460592272901	private_dummy
6560	4373	527988787	real
6560	12984	11460592272901	private_dummy
6561	4371	499993474	real
6561	12985	11460592272901	private_dummy
6562	4369	527988787	real
6562	12986	11460592272901	private_dummy
6563	1928	1639569710	real
6563	1929	1639569710	real
6563	1931	1639569710	real
6563	12987	11460592272901	private_dummy
6564	2297	1639569710	real
6564	2298	1639569710	real
6564	12988	11460592272901	private_dummy
6565	4752	1314620714	real
6565	4754	1510362503	real
6565	12989	11460592272901	private_dummy
6566	4750	1134625683	real
6566	12990	11460592272901	private_dummy
6567	4748	1024916284	real
6567	12991	11460592272901	private_dummy
6568	4746	805238941	real
6568	12992	11460592272901	private_dummy
6569	4744	599094307	real
6569	12993	11460592272901	private_dummy
6570	4742	527988787	real
6570	12994	11460592272901	private_dummy
6571	4740	527988787	real
6571	12995	11460592272901	private_dummy
6572	2220	1639569710	real
6572	2221	1639569710	real
6572	2223	1639569710	real
6572	12996	11460592272901	private_dummy
6573	5093	1314620714	real
6573	5095	1544258422	real
6573	12997	11460592272901	private_dummy
6574	5091	1134625683	real
6574	12998	11460592272901	private_dummy
6575	5089	1024916284	real
6575	12999	11460592272901	private_dummy
6576	5087	960912471	real
6576	13000	11460592272901	private_dummy
6577	5085	805238941	real
6577	13001	11460592272901	private_dummy
6578	5083	619911174	real
6578	13002	11460592272901	private_dummy
6579	5081	576800968	real
6579	13003	11460592272901	private_dummy
6580	2433	1639569710	real
6580	2434	1639569710	real
6580	2436	1639569710	real
6580	2437	1639569710	real
6580	13004	11460592272901	private_dummy
6581	5404	1314620714	real
6581	5406	1568128921	real
6581	13005	11460592272901	private_dummy
6582	5402	1134625683	real
6582	13006	11460592272901	private_dummy
6583	5400	1024916284	real
6583	13007	11460592272901	private_dummy
6584	5398	960912471	real
6584	13008	11460592272901	private_dummy
6585	5396	934574386	real
6585	13009	11460592272901	private_dummy
6586	5394	842644711	real
6586	13010	11460592272901	private_dummy
6587	5392	685312257	real
6587	13011	11460592272901	private_dummy
6588	2579	1639569710	real
6588	2580	1639569710	real
6588	2582	1639569710	real
6588	2583	1639569710	real
6588	13012	11460592272901	private_dummy
6589	5685	1314620714	real
6589	5687	1586590809	real
6589	13013	11460592272901	private_dummy
6590	5683	1134625683	real
6590	13014	11460592272901	private_dummy
6591	5681	1024916284	real
6591	13015	11460592272901	private_dummy
6592	5679	960912471	real
6592	13016	11460592272901	private_dummy
6593	5677	934574386	real
6593	13017	11460592272901	private_dummy
6594	5675	943287091	real
6594	13018	11460592272901	private_dummy
6595	5673	921841024	real
6595	13019	11460592272901	private_dummy
6596	2671	1639569710	real
6596	2672	1639569710	real
6596	2674	1639569710	real
6596	2675	1639569710	real
6596	13020	11460592272901	private_dummy
6597	5936	1314620714	real
6597	5938	1601653716	real
6597	13021	11460592272901	private_dummy
6598	5934	1134625683	real
6598	13022	11460592272901	private_dummy
6599	5932	1024916284	real
6599	13023	11460592272901	private_dummy
6600	5930	960912471	real
6600	13024	11460592272901	private_dummy
6601	5928	934574386	real
6601	13025	11460592272901	private_dummy
6602	5926	943287091	real
6602	13026	11460592272901	private_dummy
6603	5924	987879571	real
6603	13027	11460592272901	private_dummy
6604	2721	1639569710	real
6604	2722	1639569710	real
6604	2724	1639569710	real
6604	2725	1639569710	real
6604	13028	11460592272901	private_dummy
6605	6157	1314620714	real
6605	6159	1608262235	real
6605	13029	11460592272901	private_dummy
6606	6155	1134625683	real
6606	13030	11460592272901	private_dummy
6607	6153	1024916284	real
6607	13031	11460592272901	private_dummy
6608	6151	960912471	real
6608	13032	11460592272901	private_dummy
6609	6149	934574386	real
6609	13033	11460592272901	private_dummy
6610	6147	943287091	real
6610	13034	11460592272901	private_dummy
6611	6145	987879571	real
6611	13035	11460592272901	private_dummy
6612	2741	1639569710	real
6612	2742	1639569710	real
6612	2744	1639569710	real
6612	2745	1639569710	real
6612	13036	11460592272901	private_dummy
6613	2437	934574386	real
6613	2438	991687140	real
6613	13037	11460592272901	private_dummy
6614	2583	943287091	real
6614	2584	1000399846	real
6614	13038	11460592272901	private_dummy
6615	2675	987879571	real
6615	2676	1044992326	real
6615	13039	11460592272901	private_dummy
6616	2725	1073192518	real
6616	2726	1130305272	real
6616	13040	11460592272901	private_dummy
6617	2745	1212633104	real
6617	2746	1269745858	real
6617	13041	11460592272901	private_dummy
6618	469	1639569710	real
6618	470	1639569710	real
6618	678	1639569710	real
6618	13042	11460592272901	private_dummy
6619	1066	1314620714	real
6619	1067	1371733469	real
6619	1236	1314620714	real
6619	13043	11460592272901	private_dummy
6620	1549	1134625683	real
6620	1550	1191738437	real
6620	1684	1134625683	real
6620	13044	11460592272901	private_dummy
6621	1929	1024916284	real
6621	1930	1082029038	real
6621	2034	1024916284	real
6621	13045	11460592272901	private_dummy
6622	2221	960912471	real
6622	2222	1018025225	real
6622	2298	960912471	real
6622	13046	11460592272901	private_dummy
6623	2434	934574386	real
6623	2435	991687140	real
6623	2489	934574386	real
6623	13047	11460592272901	private_dummy
6624	2580	943287091	real
6624	2581	1000399846	real
6624	2617	943287091	real
6624	13048	11460592272901	private_dummy
6625	2672	987879571	real
6625	2673	1044992326	real
6625	2695	987879571	real
6625	13049	11460592272901	private_dummy
6626	2722	1073192518	real
6626	2723	1130305272	real
6626	2735	1073192518	real
6626	13050	11460592272901	private_dummy
6627	2742	1212633104	real
6627	2743	1269745858	real
6627	2749	1212633104	real
6627	13051	11460592272901	private_dummy
6628	6227	901857516	real
6628	13052	11460592272901	private_dummy
6629	6227	901857516	real
6629	13053	11460592272901	private_dummy
6630	6228	592645728	real
6630	13054	11460592272901	private_dummy
6631	6228	592645728	real
6631	13055	11460592272901	private_dummy
6632	6229	474921545	real
6632	13056	11460592272901	private_dummy
6633	6229	474921545	real
6633	13057	11460592272901	private_dummy
6634	6230	543514116	real
6634	13058	11460592272901	private_dummy
6635	6230	543514116	real
6635	13059	11460592272901	private_dummy
6636	6231	901857516	real
6636	13060	11460592272901	private_dummy
6637	6231	901857516	real
6637	13061	11460592272901	private_dummy
6638	2747	1212633104	real
6638	13062	11460592272901	private_dummy
6639	2727	1073192518	real
6639	13063	11460592272901	private_dummy
6640	2677	987879571	real
6640	13064	11460592272901	private_dummy
6641	2585	943287091	real
6641	13065	11460592272901	private_dummy
6642	2439	934574386	real
6642	13066	11460592272901	private_dummy
6643	2297	1476010710	real
6643	13067	11460592272901	private_dummy
6644	2033	1476010710	real
6644	13068	11460592272901	private_dummy
6645	1683	1476010710	real
6645	13069	11460592272901	private_dummy
6646	1235	1476010710	real
6646	13070	11460592272901	private_dummy
6647	677	1476010710	real
6647	13071	11460592272901	private_dummy
6648	6295	819114330	real
6648	13072	11460592272901	private_dummy
6649	6293	682925463	real
6649	13073	11460592272901	private_dummy
6650	6298	947442255	real
6650	13074	11460592272901	private_dummy
6651	6298	947442255	real
6651	13075	11460592272901	private_dummy
6652	6292	325152045	real
6652	13076	11460592272901	private_dummy
6653	6290	698579647	real
6653	6291	698579647	real
6653	13077	11460592272901	private_dummy
6654	6280	78668473	real
6654	6281	249998983	real
6654	13078	11460592272901	private_dummy
6655	6283	608184533	real
6655	6284	700851062	real
6655	13079	11460592272901	private_dummy
6656	6305	289598270	real
6656	13080	11460592272901	private_dummy
6657	6281	249998983	real
6657	13081	11460592272901	private_dummy
6658	6294	819114330	real
6658	13082	11460592272901	private_dummy
6659	6307	289598270	real
6659	13083	11460592272901	private_dummy
6660	6280	275600213	real
6660	13084	11460592272901	private_dummy
6661	6287	342660221	real
6661	6288	632258491	real
6661	13085	11460592272901	private_dummy
6662	6309	738178934	real
6662	13086	11460592272901	private_dummy
6663	6284	622182589	real
6663	13087	11460592272901	private_dummy
6664	6288	553590018	real
6664	13088	11460592272901	private_dummy
6665	6311	553590018	real
6665	13089	11460592272901	private_dummy
6666	6283	196931741	real
6666	13090	11460592272901	private_dummy
6667	6287	527249137	real
6667	13091	11460592272901	private_dummy
6668	6313	1206544480	real
6668	13092	11460592272901	private_dummy
6669	6300	829174495	real
6669	13093	11460592272901	private_dummy
6670	6300	886287249	real
6670	13094	11460592272901	private_dummy
6671	6298	921841024	real
6671	6299	482484498	real
6671	6304	325152045	real
6671	13095	11460592272901	private_dummy
6672	6308	482484498	real
6672	13096	11460592272901	private_dummy
6673	6310	285552758	real
6673	13097	11460592272901	private_dummy
6674	6298	967222645	real
6674	6299	779515043	real
6674	6306	725257849	real
6674	13098	11460592272901	private_dummy
6675	6308	679416239	real
6675	13099	11460592272901	private_dummy
6676	6310	285552758	real
6676	13100	11460592272901	private_dummy
6677	6297	578661946	real
6677	13101	11460592272901	private_dummy
6678	6297	421329493	real
6678	13102	11460592272901	private_dummy
6679	6296	421329493	real
6679	13103	11460592272901	private_dummy
6680	6312	606657260	real
6680	13104	11460592272901	private_dummy
6681	6314	446930723	real
6681	13105	11460592272901	private_dummy
6682	6296	618261233	real
6682	13106	11460592272901	private_dummy
6683	6312	803589001	real
6683	13107	11460592272901	private_dummy
6684	6314	446930723	real
6684	13108	11460592272901	private_dummy
6685	6257	901857516	real
6685	13109	11460592272901	private_dummy
6686	6282	622182589	real
6686	13110	11460592272901	private_dummy
6687	6282	529516060	real
6687	13111	11460592272901	private_dummy
6688	6248	372179115	real
6688	6249	429291869	real
6688	13112	11460592272901	private_dummy
6689	6250	232481024	real
6689	6251	232481024	real
6689	13113	11460592272901	private_dummy
6690	6252	312799437	real
6690	6253	312799437	real
6690	13114	11460592272901	private_dummy
6691	6254	602099362	real
6691	6255	602099362	real
6691	13115	11460592272901	private_dummy
6692	6256	1212633104	real
6692	13116	11460592272901	private_dummy
6693	6321	704355794	real
6693	13117	11460592272901	private_dummy
6694	6321	529516060	real
6694	13118	11460592272901	private_dummy
6695	6249	429291869	real
6695	13119	11460592272901	private_dummy
6696	6265	220877050	real
6696	6266	220877050	real
6696	13120	11460592272901	private_dummy
6697	6267	700846570	real
6697	13121	11460592272901	private_dummy
6698	6285	553590018	real
6698	13122	11460592272901	private_dummy
6699	6285	335560775	real
6699	13123	11460592272901	private_dummy
6700	6248	602099362	real
6700	13124	11460592272901	private_dummy
6701	6258	232481024	real
6701	6259	289593778	real
6701	13125	11460592272901	private_dummy
6702	6260	192881737	real
6702	6261	192881737	real
6702	13126	11460592272901	private_dummy
6703	6262	428876476	real
6703	6263	428876476	real
6703	13127	11460592272901	private_dummy
6704	6264	773434363	real
6704	13128	11460592272901	private_dummy
6705	6324	506891285	real
6705	13129	11460592272901	private_dummy
6706	6324	335560775	real
6706	13130	11460592272901	private_dummy
6707	6251	232481024	real
6707	13131	11460592272901	private_dummy
6708	6259	289593778	real
6708	13132	11460592272901	private_dummy
6709	6273	681066180	real
6709	13133	11460592272901	private_dummy
6710	6286	800649646	real
6710	13134	11460592272901	private_dummy
6711	6286	393327193	real
6711	13135	11460592272901	private_dummy
6712	6250	271544022	real
6712	13136	11460592272901	private_dummy
6713	6258	428876476	real
6713	13137	11460592272901	private_dummy
6714	6268	312799437	real
6714	6269	369912191	real
6714	13138	11460592272901	private_dummy
6715	6270	451428472	real
6715	6271	451428472	real
6715	13139	11460592272901	private_dummy
6716	6272	671316997	real
6716	13140	11460592272901	private_dummy
6717	6327	520803354	real
6717	13141	11460592272901	private_dummy
6718	6327	531956228	real
6718	13142	11460592272901	private_dummy
6719	6253	312799437	real
6719	13143	11460592272901	private_dummy
6720	6261	192881737	real
6720	6266	192881737	real
6720	13144	11460592272901	private_dummy
6721	6269	369912191	real
6721	13145	11460592272901	private_dummy
6722	6277	829174495	real
6722	13146	11460592272901	private_dummy
6723	6289	994532152	real
6723	13147	11460592272901	private_dummy
6724	6289	1005685025	real
6724	13148	11460592272901	private_dummy
6725	6252	245283838	real
6725	13149	11460592272901	private_dummy
6726	6260	174178318	real
6726	6265	174178318	real
6726	13150	11460592272901	private_dummy
6727	6268	451428472	real
6727	13151	11460592272901	private_dummy
6728	6274	693393268	real
6728	6275	750506022	real
6728	13152	11460592272901	private_dummy
6729	6276	731274763	real
6729	13153	11460592272901	private_dummy
6730	6330	798790363	real
6730	13154	11460592272901	private_dummy
6731	6330	706867976	real
6731	13155	11460592272901	private_dummy
6732	6255	602099362	real
6732	13156	11460592272901	private_dummy
6733	6263	428876476	real
6733	13157	11460592272901	private_dummy
6734	6271	451428472	real
6734	13158	11460592272901	private_dummy
6735	6275	750506022	real
6735	13159	11460592272901	private_dummy
6736	6279	1155520349	real
6736	13160	11460592272901	private_dummy
6737	6332	798790363	real
6737	13161	11460592272901	private_dummy
6738	6332	706867976	real
6738	13162	11460592272901	private_dummy
6739	6254	456864501	real
6739	13163	11460592272901	private_dummy
6740	6262	299541031	real
6740	13164	11460592272901	private_dummy
6741	6270	348353212	real
6741	13165	11460592272901	private_dummy
6742	6274	693393268	real
6742	13166	11460592272901	private_dummy
6743	6278	998844456	real
6743	13167	11460592272901	private_dummy
6744	6334	891456892	real
6744	13168	11460592272901	private_dummy
6745	6334	799534505	real
6745	13169	11460592272901	private_dummy
6746	6302	507960342	real
6746	13170	11460592272901	private_dummy
6747	6302	646589376	real
6747	13171	11460592272901	private_dummy
6748	6320	737880589	real
6748	13172	11460592272901	private_dummy
6749	6322	586628814	real
6749	13173	11460592272901	private_dummy
6750	6323	510400509	real
6750	13174	11460592272901	private_dummy
6751	6325	486530011	real
6751	13175	11460592272901	private_dummy
6752	6303	371771474	real
6752	13176	11460592272901	private_dummy
6753	6303	510400509	real
6753	13177	11460592272901	private_dummy
6754	6326	510400509	real
6754	13178	11460592272901	private_dummy
6755	6328	586628814	real
6755	13179	11460592272901	private_dummy
6756	6329	737880589	real
6756	13180	11460592272901	private_dummy
6757	6333	659212116	real
6757	13181	11460592272901	private_dummy
6758	6335	659212116	real
6758	13182	11460592272901	private_dummy
6759	6331	1024916284	real
6759	13183	11460592272901	private_dummy
6760	6333	737880589	real
6760	13184	11460592272901	private_dummy
6761	6335	659212116	real
6761	13185	11460592272901	private_dummy
6762	6300	886287249	real
6762	6301	886287249	real
6762	13186	11460592272901	private_dummy
6763	6300	886287249	real
6763	6301	886287249	real
6763	13187	11460592272901	private_dummy
6764	2748	1476010710	real
6764	2749	1476010710	real
6764	13188	11460592272901	private_dummy
6765	2741	1476010710	real
6765	2743	1533123464	real
6765	13189	11460592272901	private_dummy
6766	6054	773434363	real
6766	6056	1073192518	real
6766	13190	11460592272901	private_dummy
6767	6052	622182589	real
6767	13191	11460592272901	private_dummy
6768	6050	545954284	real
6768	13192	11460592272901	private_dummy
6769	6048	522083785	real
6769	13193	11460592272901	private_dummy
6770	6046	545954284	real
6770	13194	11460592272901	private_dummy
6771	6044	622182589	real
6771	13195	11460592272901	private_dummy
6772	6042	773434363	real
6772	13196	11460592272901	private_dummy
6773	2734	1476010710	real
6773	2735	1476010710	real
6773	13197	11460592272901	private_dummy
6774	2721	1476010710	real
6774	2723	1533123464	real
6774	13198	11460592272901	private_dummy
6775	5833	716324870	real
6775	5835	958970270	real
6775	13199	11460592272901	private_dummy
6776	5831	507960342	real
6776	13200	11460592272901	private_dummy
6777	5829	371771474	real
6777	13201	11460592272901	private_dummy
6778	5827	314005057	real
6778	13202	11460592272901	private_dummy
6779	5825	314005057	real
6779	13203	11460592272901	private_dummy
6780	5823	371771474	real
6780	13204	11460592272901	private_dummy
6781	5821	507960342	real
6781	13205	11460592272901	private_dummy
6782	2694	1476010710	real
6782	2695	1476010710	real
6782	13206	11460592272901	private_dummy
6783	2671	1476010710	real
6783	2673	1533123464	real
6783	13207	11460592272901	private_dummy
6784	5582	958970270	real
6784	5584	901857516	real
6784	13208	11460592272901	private_dummy
6785	5580	600626871	real
6785	13209	11460592272901	private_dummy
6786	5578	431732036	real
6786	13210	11460592272901	private_dummy
6787	5576	314005057	real
6787	13211	11460592272901	private_dummy
6788	5574	280109138	real
6788	13212	11460592272901	private_dummy
6789	5572	314005057	real
6789	13213	11460592272901	private_dummy
6790	5570	431732036	real
6790	13214	11460592272901	private_dummy
6791	2616	1476010710	real
6791	2617	1476010710	real
6791	13215	11460592272901	private_dummy
6792	2579	1476010710	real
6792	2581	1533123464	real
6792	13216	11460592272901	private_dummy
6793	5301	958970270	real
6793	5303	1037638743	real
6793	13217	11460592272901	private_dummy
6794	5299	830547118	real
6794	13218	11460592272901	private_dummy
6795	5297	543101984	real
6795	13219	11460592272901	private_dummy
6796	5295	407861538	real
6796	13220	11460592272901	private_dummy
6797	5293	314005057	real
6797	13221	11460592272901	private_dummy
6798	5291	314005057	real
6798	13222	11460592272901	private_dummy
6799	5289	407861538	real
6799	13223	11460592272901	private_dummy
6800	2488	1476010710	real
6800	2489	1476010710	real
6800	13224	11460592272901	private_dummy
6801	2433	1476010710	real
6801	2435	1533123464	real
6801	13225	11460592272901	private_dummy
6802	4990	958970270	real
6802	4992	1097599305	real
6802	13226	11460592272901	private_dummy
6803	4988	830547118	real
6803	13227	11460592272901	private_dummy
6804	4986	757959324	real
6804	13228	11460592272901	private_dummy
6805	4984	532034300	real
6805	13229	11460592272901	private_dummy
6806	4982	431732036	real
6806	13230	11460592272901	private_dummy
6807	4980	371771474	real
6807	13231	11460592272901	private_dummy
6808	4978	431732036	real
6808	13232	11460592272901	private_dummy
6809	2220	1476010710	real
6809	2222	1533123464	real
6809	2225	1476010710	real
6809	13233	11460592272901	private_dummy
6810	4649	958970270	real
6810	4651	1131495224	real
6810	13234	11460592272901	private_dummy
6811	4647	830547118	real
6811	13235	11460592272901	private_dummy
6812	4645	757959324	real
6812	13236	11460592272901	private_dummy
6813	4643	728429752	real
6813	13237	11460592272901	private_dummy
6814	4641	565653980	real
6814	13238	11460592272901	private_dummy
6815	4639	507960342	real
6815	13239	11460592272901	private_dummy
6816	4637	507960342	real
6816	13240	11460592272901	private_dummy
6817	1928	1476010710	real
6817	1930	1533123464	real
6817	1933	1476010710	real
6817	13241	11460592272901	private_dummy
6818	4278	958970270	real
6818	4280	1155365722	real
6818	13242	11460592272901	private_dummy
6819	4276	830547118	real
6819	13243	11460592272901	private_dummy
6820	4274	757959324	real
6820	13244	11460592272901	private_dummy
6821	4272	728429752	real
6821	13245	11460592272901	private_dummy
6822	4270	738178934	real
6822	13246	11460592272901	private_dummy
6823	4268	649758483	real
6823	13247	11460592272901	private_dummy
6824	4266	659212116	real
6824	13248	11460592272901	private_dummy
6825	1548	1476010710	real
6825	1550	1533123464	real
6825	1553	1476010710	real
6825	13249	11460592272901	private_dummy
6826	3877	958970270	real
6826	3879	1173827610	real
6826	13250	11460592272901	private_dummy
6827	3875	830547118	real
6827	13251	11460592272901	private_dummy
6828	3873	757959324	real
6828	13252	11460592272901	private_dummy
6829	3871	728429752	real
6829	13253	11460592272901	private_dummy
6830	3869	738178934	real
6830	13254	11460592272901	private_dummy
6831	3867	788387517	real
6831	13255	11460592272901	private_dummy
6832	3865	807618777	real
6832	13256	11460592272901	private_dummy
6833	1065	1476010710	real
6833	1067	1533123464	real
6833	1070	1476010710	real
6833	13257	11460592272901	private_dummy
6834	3446	958970270	real
6834	3448	1188890517	real
6834	13258	11460592272901	private_dummy
6835	3444	830547118	real
6835	13259	11460592272901	private_dummy
6836	3442	757959324	real
6836	13260	11460592272901	private_dummy
6837	3440	728429752	real
6837	13261	11460592272901	private_dummy
6838	3438	738178934	real
6838	13262	11460592272901	private_dummy
6839	3436	788387517	real
6839	13263	11460592272901	private_dummy
6840	3434	886287249	real
6840	13264	11460592272901	private_dummy
6841	468	1476010710	real
6841	470	1476010710	real
6841	473	1476010710	real
6841	13265	11460592272901	private_dummy
6842	2985	958970270	real
6842	2987	1195499037	real
6842	13266	11460592272901	private_dummy
6843	2983	830547118	real
6843	13267	11460592272901	private_dummy
6844	2981	757959324	real
6844	13268	11460592272901	private_dummy
6845	2979	728429752	real
6845	13269	11460592272901	private_dummy
6846	2977	738178934	real
6846	13270	11460592272901	private_dummy
6847	2975	788387517	real
6847	13271	11460592272901	private_dummy
6848	2973	886287249	real
6848	13272	11460592272901	private_dummy
6849	2225	960912471	real
6849	13273	11460592272901	private_dummy
6850	1933	1024916284	real
6850	13274	11460592272901	private_dummy
6851	1553	1134625683	real
6851	13275	11460592272901	private_dummy
6852	1070	1314620714	real
6852	13276	11460592272901	private_dummy
6853	473	1639569710	real
6853	13277	11460592272901	private_dummy
6854	6315	901857516	real
6854	13278	11460592272901	private_dummy
6855	6315	844744762	real
6855	13279	11460592272901	private_dummy
6856	6316	646589376	real
6856	13280	11460592272901	private_dummy
6857	6316	589476622	real
6857	13281	11460592272901	private_dummy
6858	6317	604256990	real
6858	13282	11460592272901	private_dummy
6859	6317	547144236	real
6859	13283	11460592272901	private_dummy
6860	6318	737880589	real
6860	13284	11460592272901	private_dummy
6861	6318	680767834	real
6861	13285	11460592272901	private_dummy
6862	6319	1055957210	real
6862	13286	11460592272901	private_dummy
6863	6319	998844456	real
6863	13287	11460592272901	private_dummy
6864	6383	960912471	real
6864	13288	11460592272901	private_dummy
6865	6381	625159045	real
6865	13289	11460592272901	private_dummy
6866	6386	1073192518	real
6866	13290	11460592272901	private_dummy
6867	6386	1191460277	real
6867	13291	11460592272901	private_dummy
6868	6380	459733537	real
6868	13292	11460592272901	private_dummy
6869	6378	698579647	real
6869	6379	698579647	real
6869	13293	11460592272901	private_dummy
6870	6368	236000926	real
6870	6369	407331436	real
6870	13294	11460592272901	private_dummy
6871	6371	608184533	real
6871	6372	608184533	real
6871	13295	11460592272901	private_dummy
6872	6393	446930723	real
6872	13296	11460592272901	private_dummy
6873	6369	407331436	real
6873	13297	11460592272901	private_dummy
6874	6382	943287091	real
6874	13298	11460592272901	private_dummy
6875	6395	446930723	real
6875	13299	11460592272901	private_dummy
6876	6368	605917609	real
6876	13300	11460592272901	private_dummy
6877	6375	311153988	real
6877	6376	482484498	real
6877	13301	11460592272901	private_dummy
6878	6397	1206544480	real
6878	13302	11460592272901	private_dummy
6879	6372	608184533	real
6879	13303	11460592272901	private_dummy
6880	6376	482484498	real
6880	13304	11460592272901	private_dummy
6881	6399	522083785	real
6881	13305	11460592272901	private_dummy
6882	6371	196931741	real
6882	13306	11460592272901	private_dummy
6883	6375	196931741	real
6883	13307	11460592272901	private_dummy
6884	6401	738178934	real
6884	13308	11460592272901	private_dummy
6885	6388	1151860990	real
6885	13309	11460592272901	private_dummy
6886	6388	1130305272	real
6886	13310	11460592272901	private_dummy
6887	6386	1197365279	real
6887	6387	646256547	real
6887	6392	459733537	real
6887	13311	11460592272901	private_dummy
6888	6396	646256547	real
6888	13312	11460592272901	private_dummy
6889	6398	428227305	real
6889	13313	11460592272901	private_dummy
6890	6386	1211240668	real
6890	6387	990449332	real
6890	6394	725257849	real
6890	13314	11460592272901	private_dummy
6891	6396	921856760	real
6891	13315	11460592272901	private_dummy
6892	6398	506895777	real
6892	13316	11460592272901	private_dummy
6893	6385	618261233	real
6893	13317	11460592272901	private_dummy
6894	6385	696929706	real
6894	13318	11460592272901	private_dummy
6895	6384	696929706	real
6895	13319	11460592272901	private_dummy
6896	6400	482484498	real
6896	13320	11460592272901	private_dummy
6897	6402	446930723	real
6897	13321	11460592272901	private_dummy
6898	6384	1066846389	real
6898	13322	11460592272901	private_dummy
6899	6400	679416239	real
6899	13323	11460592272901	private_dummy
6900	6402	446930723	real
6900	13324	11460592272901	private_dummy
6901	6345	998844456	real
6901	13325	11460592272901	private_dummy
6902	6370	575020349	real
6902	13326	11460592272901	private_dummy
6903	6370	565069835	real
6903	13327	11460592272901	private_dummy
6904	6336	693393268	real
6904	6337	750506022	real
6904	13328	11460592272901	private_dummy
6905	6338	451428472	real
6905	6339	451428472	real
6905	13329	11460592272901	private_dummy
6906	6340	428876476	real
6906	6341	428876476	real
6906	13330	11460592272901	private_dummy
6907	6342	602099362	real
6907	6343	602099362	real
6907	13331	11460592272901	private_dummy
6908	6344	1155520349	real
6908	13332	11460592272901	private_dummy
6909	6409	704355794	real
6909	13333	11460592272901	private_dummy
6910	6409	565069835	real
6910	13334	11460592272901	private_dummy
6911	6337	750506022	real
6911	13335	11460592272901	private_dummy
6912	6353	174178318	real
6912	6354	174178318	real
6912	13336	11460592272901	private_dummy
6913	6355	731274763	real
6913	13337	11460592272901	private_dummy
6914	6373	381065064	real
6914	13338	11460592272901	private_dummy
6915	6373	299545523	real
6915	13339	11460592272901	private_dummy
6916	6336	998844456	real
6916	13340	11460592272901	private_dummy
6917	6346	312799437	real
6917	6347	369912191	real
6917	13341	11460592272901	private_dummy
6918	6348	192881737	real
6918	6349	192881737	real
6918	13342	11460592272901	private_dummy
6919	6350	312799437	real
6919	6351	312799437	real
6919	13343	11460592272901	private_dummy
6920	6352	829174495	real
6920	13344	11460592272901	private_dummy
6921	6412	399768483	real
6921	13345	11460592272901	private_dummy
6922	6412	299545523	real
6922	13346	11460592272901	private_dummy
6923	6339	451428472	real
6923	13347	11460592272901	private_dummy
6924	6347	369912191	real
6924	13348	11460592272901	private_dummy
6925	6361	671316997	real
6925	13349	11460592272901	private_dummy
6926	6374	407325249	real
6926	13350	11460592272901	private_dummy
6927	6374	268039290	real
6927	13351	11460592272901	private_dummy
6928	6338	535532974	real
6928	13352	11460592272901	private_dummy
6929	6346	535532974	real
6929	13353	11460592272901	private_dummy
6930	6356	232481024	real
6930	6357	289593778	real
6930	13354	11460592272901	private_dummy
6931	6358	232481024	real
6931	6359	232481024	real
6931	13355	11460592272901	private_dummy
6932	6360	681066180	real
6932	13356	11460592272901	private_dummy
6933	6415	210929797	real
6933	13357	11460592272901	private_dummy
6934	6415	371114550	real
6934	13358	11460592272901	private_dummy
6935	6341	428876476	real
6935	13359	11460592272901	private_dummy
6936	6349	192881737	real
6936	6354	192881737	real
6936	13360	11460592272901	private_dummy
6937	6357	289593778	real
6937	13361	11460592272901	private_dummy
6938	6365	773434363	real
6938	13362	11460592272901	private_dummy
6939	6377	600626871	real
6939	13363	11460592272901	private_dummy
6940	6377	760811624	real
6940	13364	11460592272901	private_dummy
6941	6340	417808791	real
6941	13365	11460592272901	private_dummy
6942	6348	220877050	real
6942	6353	220877050	real
6942	13366	11460592272901	private_dummy
6943	6356	417808791	real
6943	13367	11460592272901	private_dummy
6944	6362	372179115	real
6944	6363	429291869	real
6944	13368	11460592272901	private_dummy
6945	6364	700846570	real
6945	13369	11460592272901	private_dummy
6946	6418	507960342	real
6946	13370	11460592272901	private_dummy
6947	6418	529516060	real
6947	13371	11460592272901	private_dummy
6948	6343	602099362	real
6948	13372	11460592272901	private_dummy
6949	6351	312799437	real
6949	13373	11460592272901	private_dummy
6950	6359	232481024	real
6950	13374	11460592272901	private_dummy
6951	6363	429291869	real
6951	13375	11460592272901	private_dummy
6952	6367	1212633104	real
6952	13376	11460592272901	private_dummy
6953	6420	507960342	real
6953	13377	11460592272901	private_dummy
6954	6420	529516060	real
6954	13378	11460592272901	private_dummy
6955	6342	486401362	real
6955	13379	11460592272901	private_dummy
6956	6350	220877050	real
6956	13380	11460592272901	private_dummy
6957	6358	189370818	real
6957	13381	11460592272901	private_dummy
6958	6362	486401362	real
6958	13382	11460592272901	private_dummy
6959	6366	901857516	real
6959	13383	11460592272901	private_dummy
6960	6422	714849118	real
6960	13384	11460592272901	private_dummy
6961	6422	622182589	real
6961	13385	11460592272901	private_dummy
6962	6390	763980730	real
6962	13386	11460592272901	private_dummy
6963	6390	867055990	real
6963	13387	11460592272901	private_dummy
6964	6408	773434363	real
6964	13388	11460592272901	private_dummy
6965	6410	628199503	real
6965	13389	11460592272901	private_dummy
6966	6411	484134439	real
6966	13390	11460592272901	private_dummy
6967	6413	416618839	real
6967	13391	11460592272901	private_dummy
6968	6391	349558832	real
6968	13392	11460592272901	private_dummy
6969	6391	452634092	real
6969	13393	11460592272901	private_dummy
6970	6414	403816026	real
6970	13394	11460592272901	private_dummy
6971	6416	442879024	real
6971	13395	11460592272901	private_dummy
6972	6417	543514116	real
6972	13396	11460592272901	private_dummy
6973	6421	507960342	real
6973	13397	11460592272901	private_dummy
6974	6423	429291869	real
6974	13398	11460592272901	private_dummy
6975	6419	876509623	real
6975	13399	11460592272901	private_dummy
6976	6421	586628814	real
6976	13400	11460592272901	private_dummy
6977	6423	429291869	real
6977	13401	11460592272901	private_dummy
6978	6388	1130305272	real
6978	6389	958970270	real
6978	13402	11460592272901	private_dummy
6979	6388	1244527519	real
6979	6389	1130305272	real
6979	13403	11460592272901	private_dummy
6980	6403	1055957210	real
6980	13404	11460592272901	private_dummy
6981	6403	1055957210	real
6981	13405	11460592272901	private_dummy
6982	6404	737880589	real
6982	13406	11460592272901	private_dummy
6983	6404	737880589	real
6983	13407	11460592272901	private_dummy
6984	6405	604256990	real
6984	13408	11460592272901	private_dummy
6985	6405	604256990	real
6985	13409	11460592272901	private_dummy
6986	6406	646589376	real
6986	13410	11460592272901	private_dummy
6987	6406	646589376	real
6987	13411	11460592272901	private_dummy
6988	6407	901857516	real
6988	13412	11460592272901	private_dummy
6989	6407	901857516	real
6989	13413	11460592272901	private_dummy
