row	column	integer_cost	kind
0	104	1134625683	real
0	6378	11444196575801	private_dummy
1	106	1024916284	real
1	6379	11444196575801	private_dummy
2	108	960912471	real
2	6380	11444196575801	private_dummy
3	110	934574386	real
3	6381	11444196575801	private_dummy
4	112	943287091	real
4	6382	11444196575801	private_dummy
5	114	987879571	real
5	6383	11444196575801	private_dummy
6	116	1073192518	real
6	6384	11444196575801	private_dummy
7	118	1212633104	real
7	6385	11444196575801	private_dummy
8	120	1476010710	real
8	6386	11444196575801	private_dummy
9	103	1314620714	real
9	123	1314620714	real
9	6387	11444196575801	private_dummy
10	177	1024916284	real
10	6388	11444196575801	private_dummy
11	179	960912471	real
11	6389	11444196575801	private_dummy
12	181	934574386	real
12	6390	11444196575801	private_dummy
13	183	943287091	real
13	6391	11444196575801	private_dummy
14	185	987879571	real
14	6392	11444196575801	private_dummy
15	187	1073192518	real
15	6393	11444196575801	private_dummy
16	189	1212633104	real
16	6394	11444196575801	private_dummy
17	191	1476010710	real
17	6395	11444196575801	private_dummy
18	8	1476010710	real
18	193	1476010710	real
18	6396	11444196575801	private_dummy
19	242	960912471	real
19	6397	11444196575801	private_dummy
20	244	934574386	real
20	6398	11444196575801	private_dummy
21	246	943287091	real
21	6399	11444196575801	private_dummy
22	248	987879571	real
22	6400	11444196575801	private_dummy
23	250	1073192518	real
23	6401	11444196575801	private_dummy
24	252	1212633104	real
24	6402	11444196575801	private_dummy
25	254	1476010710	real
25	6403	11444196575801	private_dummy
26	12	1476010710	real
26	256	1476010710	real
26	6404	11444196575801	private_dummy
27	298	934574386	real
27	6405	11444196575801	private_dummy
28	300	943287091	real
28	6406	11444196575801	private_dummy
29	302	987879571	real
29	6407	11444196575801	private_dummy
30	304	1073192518	real
30	6408	11444196575801	private_dummy
31	306	1212633104	real
31	6409	11444196575801	private_dummy
32	308	1476010710	real
32	6410	11444196575801	private_dummy
33	297	960912471	real
33	311	960912471	real
33	6411	11444196575801	private_dummy
34	346	943287091	real
34	6412	11444196575801	private_dummy
35	348	987879571	real
35	6413	11444196575801	private_dummy
36	350	1073192518	real
36	6414	11444196575801	private_dummy
37	352	1212633104	real
37	6415	11444196575801	private_dummy
38	354	1476010710	real
38	6416	11444196575801	private_dummy
39	345	934574386	real
39	357	934574386	real
39	6417	11444196575801	private_dummy
40	387	987879571	real
40	6418	11444196575801	private_dummy
41	389	1073192518	real
41	6419	11444196575801	private_dummy
42	391	1212633104	real
42	6420	11444196575801	private_dummy
43	393	1476010710	real
43	6421	11444196575801	private_dummy
44	27	1476010710	real
44	395	1476010710	real
44	6422	11444196575801	private_dummy
45	420	1073192518	real
45	6423	11444196575801	private_dummy
46	422	1212633104	real
46	6424	11444196575801	private_dummy
47	424	1476010710	real
47	6425	11444196575801	private_dummy
48	32	1476010710	real
48	426	1476010710	real
48	6426	11444196575801	private_dummy
49	445	1212633104	real
49	6427	11444196575801	private_dummy
50	447	1476010710	real
50	6428	11444196575801	private_dummy
51	36	1476010710	real
51	449	1476010710	real
51	6429	11444196575801	private_dummy
52	462	1476010710	real
52	6430	11444196575801	private_dummy
53	40	1476010710	real
53	464	1476010710	real
53	6431	11444196575801	private_dummy
54	45	1476010710	real
54	471	1476010710	real
54	6432	11444196575801	private_dummy
55	2874	960912471	real
55	6433	11444196575801	private_dummy
56	2872	646256547	real
56	6434	11444196575801	private_dummy
57	2877	1040108784	real
57	6435	11444196575801	private_dummy
58	2877	1040108784	real
58	6436	11444196575801	private_dummy
59	2871	417818574	real
59	6437	11444196575801	private_dummy
60	2869	679876228	real
60	2870	679876228	real
60	6438	11444196575801	private_dummy
61	2859	114222248	real
61	2860	285552758	real
61	6439	11444196575801	private_dummy
62	2862	700851062	real
62	2863	700851062	real
62	6440	11444196575801	private_dummy
63	2884	325152045	real
63	6441	11444196575801	private_dummy
64	2860	285552758	real
64	6442	11444196575801	private_dummy
65	2873	943287091	real
65	6443	11444196575801	private_dummy
66	2886	325152045	real
66	6444	11444196575801	private_dummy
67	2859	342660221	real
67	6445	11444196575801	private_dummy
68	2866	435326750	real
68	2867	606657260	real
68	6446	11444196575801	private_dummy
69	2888	805238941	real
69	6447	11444196575801	private_dummy
70	2863	700851062	real
70	6448	11444196575801	private_dummy
71	2867	606657260	real
71	6449	11444196575801	private_dummy
72	2890	677762780	real
72	6450	11444196575801	private_dummy
73	2862	356658277	real
73	6451	11444196575801	private_dummy
74	2866	485993722	real
74	6452	11444196575801	private_dummy
75	2892	934574386	real
75	6453	11444196575801	private_dummy
76	2879	1000509497	real
76	6454	11444196575801	private_dummy
77	2879	921841024	real
77	6455	11444196575801	private_dummy
78	2877	1014507553	real
78	2878	575151027	real
78	2883	417818574	real
78	6456	11444196575801	private_dummy
79	2887	606657260	real
79	6457	11444196575801	private_dummy
80	2889	378219287	real
80	6458	11444196575801	private_dummy
81	2877	1059889174	real
81	2878	872181572	real
81	2885	714849118	real
81	6459	11444196575801	private_dummy
82	2887	803589001	real
82	6460	11444196575801	private_dummy
83	2889	378219287	real
83	6461	11444196575801	private_dummy
84	2876	559958527	real
84	6462	11444196575801	private_dummy
85	2876	456883268	real
85	6463	11444196575801	private_dummy
86	2875	456883268	real
86	6464	11444196575801	private_dummy
87	2891	606657260	real
87	6465	11444196575801	private_dummy
88	2893	482484498	real
88	6466	11444196575801	private_dummy
89	2875	685321241	real
89	6467	11444196575801	private_dummy
90	2891	803589001	real
90	6468	11444196575801	private_dummy
91	2893	482484498	real
91	6469	11444196575801	private_dummy
92	2789	958970270	real
92	6470	11444196575801	private_dummy
93	2861	671314201	real
93	6471	11444196575801	private_dummy
94	2861	671314201	real
94	6472	11444196575801	private_dummy
95	2752	456864501	real
95	2755	513977256	real
95	6473	11444196575801	private_dummy
96	2758	299541031	real
96	2761	299541031	real
96	6474	11444196575801	private_dummy
97	2764	348353212	real
97	2767	348353212	real
97	6475	11444196575801	private_dummy
98	2770	693393268	real
98	2772	693393268	real
98	6476	11444196575801	private_dummy
99	2773	1212633104	real
99	6477	11444196575801	private_dummy
100	2900	798790363	real
100	6478	11444196575801	private_dummy
101	2900	671314201	real
101	6479	11444196575801	private_dummy
102	2755	513977256	real
102	6480	11444196575801	private_dummy
103	2815	189370818	real
103	6481	11444196575801	private_dummy
104	2821	757959324	real
104	6482	11444196575801	private_dummy
105	2864	553590018	real
105	6483	11444196575801	private_dummy
106	2864	356658277	real
106	6484	11444196575801	private_dummy
107	2752	693393268	real
107	6485	11444196575801	private_dummy
108	2794	245283838	real
108	2797	302396592	real
108	6486	11444196575801	private_dummy
109	2800	174178318	real
109	6487	11444196575801	private_dummy
110	2805	451428472	real
110	2807	451428472	real
110	6488	11444196575801	private_dummy
111	2808	830547118	real
111	6489	11444196575801	private_dummy
112	2903	538397518	real
112	6490	11444196575801	private_dummy
113	2903	356658277	real
113	6491	11444196575801	private_dummy
114	2761	299541031	real
114	6492	11444196575801	private_dummy
115	2797	302396592	real
115	6493	11444196575801	private_dummy
116	2843	738178934	real
116	6494	11444196575801	private_dummy
117	2865	622182589	real
117	6495	11444196575801	private_dummy
118	2865	356658277	real
118	6496	11444196575801	private_dummy
119	2758	348353212	real
119	6497	11444196575801	private_dummy
120	2794	451428472	real
120	6498	11444196575801	private_dummy
121	2826	271544022	real
121	2829	328656777	real
121	6499	11444196575801	private_dummy
122	2832	428876476	real
122	2834	428876476	real
122	6500	11444196575801	private_dummy
123	2835	728429752	real
123	6501	11444196575801	private_dummy
124	2906	407325249	real
124	6502	11444196575801	private_dummy
125	2906	495287312	real
125	6503	11444196575801	private_dummy
126	2767	348353212	real
126	6504	11444196575801	private_dummy
127	2829	328656777	real
127	6505	11444196575801	private_dummy
128	2855	886287249	real
128	6506	11444196575801	private_dummy
129	2868	814647702	real
129	6507	11444196575801	private_dummy
130	2868	902609765	real
130	6508	11444196575801	private_dummy
131	2764	299541031	real
131	6509	11444196575801	private_dummy
132	2800	174178318	real
132	2815	174178318	real
132	6510	11444196575801	private_dummy
133	2826	428876476	real
133	6511	11444196575801	private_dummy
134	2848	602099362	real
134	2850	659212116	real
134	6512	11444196575801	private_dummy
135	2851	788387517	real
135	6513	11444196575801	private_dummy
136	2909	721981173	real
136	6514	11444196575801	private_dummy
137	2909	706867976	real
137	6515	11444196575801	private_dummy
138	2772	693393268	real
138	6516	11444196575801	private_dummy
139	2807	451428472	real
139	6517	11444196575801	private_dummy
140	2834	428876476	real
140	6518	11444196575801	private_dummy
141	2850	659212116	real
141	6519	11444196575801	private_dummy
142	2858	1212633104	real
142	6520	11444196575801	private_dummy
143	2911	721981173	real
143	6521	11444196575801	private_dummy
144	2911	706867976	real
144	6522	11444196575801	private_dummy
145	2770	456864501	real
145	6523	11444196575801	private_dummy
146	2805	245283838	real
146	6524	11444196575801	private_dummy
147	2832	271544022	real
147	6525	11444196575801	private_dummy
148	2848	602099362	real
148	6526	11444196575801	private_dummy
149	2857	1055957210	real
149	6527	11444196575801	private_dummy
150	2913	814647702	real
150	6528	11444196575801	private_dummy
151	2913	799534505	real
151	6529	11444196575801	private_dummy
152	2881	649758483	real
152	6530	11444196575801	private_dummy
153	2881	788387517	real
153	6531	11444196575801	private_dummy
154	2899	886287249	real
154	6532	11444196575801	private_dummy
155	2901	649758483	real
155	6533	11444196575801	private_dummy
156	2902	541247193	real
156	6534	11444196575801	private_dummy
157	2904	492435012	real
157	6535	11444196575801	private_dummy
158	2882	335102559	real
158	6536	11444196575801	private_dummy
159	2882	473731594	real
159	6537	11444196575801	private_dummy
160	2905	492435012	real
160	6538	11444196575801	private_dummy
161	2907	541247193	real
161	6539	11444196575801	private_dummy
162	2908	649758483	real
162	6540	11444196575801	private_dummy
163	2912	571090010	real
163	6541	11444196575801	private_dummy
164	2914	571090010	real
164	6542	11444196575801	private_dummy
165	2910	1024916284	real
165	6543	11444196575801	private_dummy
166	2912	649758483	real
166	6544	11444196575801	private_dummy
167	2914	571090010	real
167	6545	11444196575801	private_dummy
168	2879	921841024	real
168	2880	807618777	real
168	6546	11444196575801	private_dummy
169	2879	921841024	real
169	2880	807618777	real
169	6547	11444196575801	private_dummy
170	3	1476010710	real
170	4	1476010710	real
170	122	1476010710	real
170	6548	11444196575801	private_dummy
171	2751	886287249	real
171	6549	11444196575801	private_dummy
172	2754	763980730	real
172	6550	11444196575801	private_dummy
173	2757	698579647	real
173	6551	11444196575801	private_dummy
174	2760	677762780	real
174	6552	11444196575801	private_dummy
175	2763	698579647	real
175	6553	11444196575801	private_dummy
176	2766	763980730	real
176	6554	11444196575801	private_dummy
177	2769	886287249	real
177	6555	11444196575801	private_dummy
178	49	1191738437	real
178	50	1134625683	real
178	52	1134625683	real
178	53	1134625683	real
178	6556	11444196575801	private_dummy
179	55	1082029038	real
179	56	1024916284	real
179	58	1024916284	real
179	59	1024916284	real
179	6557	11444196575801	private_dummy
180	61	1018025225	real
180	62	960912471	real
180	64	960912471	real
180	65	960912471	real
180	6558	11444196575801	private_dummy
181	67	991687140	real
181	68	934574386	real
181	70	934574386	real
181	71	934574386	real
181	6559	11444196575801	private_dummy
182	73	1000399846	real
182	74	943287091	real
182	76	943287091	real
182	77	943287091	real
182	6560	11444196575801	private_dummy
183	79	1044992326	real
183	80	987879571	real
183	82	987879571	real
183	83	987879571	real
183	6561	11444196575801	private_dummy
184	85	1130305272	real
184	86	1073192518	real
184	88	1073192518	real
184	89	1073192518	real
184	6562	11444196575801	private_dummy
185	91	1269745858	real
185	92	1212633104	real
185	94	1212633104	real
185	95	1212633104	real
185	6563	11444196575801	private_dummy
186	97	1533123464	real
186	98	1476010710	real
186	100	1476010710	real
186	101	1476010710	real
186	6564	11444196575801	private_dummy
187	0	1476010710	real
187	2	1476010710	real
187	6565	11444196575801	private_dummy
188	52	1314620714	real
188	54	1314620714	real
188	6566	11444196575801	private_dummy
189	2775	807618777	real
189	6567	11444196575801	private_dummy
190	2777	571090010	real
190	6568	11444196575801	private_dummy
191	2779	462578720	real
191	6569	11444196575801	private_dummy
192	2781	413766540	real
192	6570	11444196575801	private_dummy
193	2783	413766540	real
193	6571	11444196575801	private_dummy
194	2785	462578720	real
194	6572	11444196575801	private_dummy
195	2787	571090010	real
195	6573	11444196575801	private_dummy
196	49	1371733469	real
196	51	1314620714	real
196	105	1314620714	real
196	6574	11444196575801	private_dummy
197	127	1082029038	real
197	128	1024916284	real
197	130	1024916284	real
197	131	1024916284	real
197	6575	11444196575801	private_dummy
198	133	1018025225	real
198	134	960912471	real
198	136	960912471	real
198	137	960912471	real
198	6576	11444196575801	private_dummy
199	139	991687140	real
199	140	934574386	real
199	142	934574386	real
199	143	934574386	real
199	6577	11444196575801	private_dummy
200	145	1000399846	real
200	146	943287091	real
200	148	943287091	real
200	149	943287091	real
200	6578	11444196575801	private_dummy
201	151	1044992326	real
201	152	987879571	real
201	154	987879571	real
201	155	987879571	real
201	6579	11444196575801	private_dummy
202	157	1130305272	real
202	158	1073192518	real
202	160	1073192518	real
202	161	1073192518	real
202	6580	11444196575801	private_dummy
203	163	1269745858	real
203	164	1212633104	real
203	166	1212633104	real
203	167	1212633104	real
203	6581	11444196575801	private_dummy
204	169	1533123464	real
204	170	1476010710	real
204	172	1476010710	real
204	173	1476010710	real
204	6582	11444196575801	private_dummy
205	5	1476010710	real
205	7	1476010710	real
205	175	1476010710	real
205	6583	11444196575801	private_dummy
206	58	1314620714	real
206	60	1314620714	real
206	6584	11444196575801	private_dummy
207	130	1134625683	real
207	132	1134625683	real
207	6585	11444196575801	private_dummy
208	2916	998844456	real
208	6586	11444196575801	private_dummy
209	2791	685312257	real
209	6587	11444196575801	private_dummy
210	2793	462578720	real
210	6588	11444196575801	private_dummy
211	2796	370656334	real
211	6589	11444196575801	private_dummy
212	2799	342661020	real
212	6590	11444196575801	private_dummy
213	2802	370656334	real
213	6591	11444196575801	private_dummy
214	2804	462578720	real
214	6592	11444196575801	private_dummy
215	55	1371733469	real
215	57	1314620714	real
215	107	1314620714	real
215	6593	11444196575801	private_dummy
216	127	1191738437	real
216	129	1134625683	real
216	178	1134625683	real
216	6594	11444196575801	private_dummy
217	198	1018025225	real
217	199	960912471	real
217	201	960912471	real
217	202	960912471	real
217	6595	11444196575801	private_dummy
218	204	991687140	real
218	205	934574386	real
218	207	934574386	real
218	208	934574386	real
218	6596	11444196575801	private_dummy
219	210	1000399846	real
219	211	943287091	real
219	213	943287091	real
219	214	943287091	real
219	6597	11444196575801	private_dummy
220	216	1044992326	real
220	217	987879571	real
220	219	987879571	real
220	220	987879571	real
220	6598	11444196575801	private_dummy
221	222	1130305272	real
221	223	1073192518	real
221	225	1073192518	real
221	226	1073192518	real
221	6599	11444196575801	private_dummy
222	228	1269745858	real
222	229	1212633104	real
222	231	1212633104	real
222	232	1212633104	real
222	6600	11444196575801	private_dummy
223	234	1533123464	real
223	235	1476010710	real
223	237	1476010710	real
223	238	1476010710	real
223	6601	11444196575801	private_dummy
224	9	1476010710	real
224	11	1476010710	real
224	240	1476010710	real
224	6602	11444196575801	private_dummy
225	64	1314620714	real
225	66	1314620714	real
225	6603	11444196575801	private_dummy
226	136	1134625683	real
226	138	1134625683	real
226	6604	11444196575801	private_dummy
227	201	1024916284	real
227	203	1024916284	real
227	6605	11444196575801	private_dummy
228	16	1476010710	real
228	17	1476010710	real
228	310	1476010710	real
228	6606	11444196575801	private_dummy
229	2918	998844456	real
229	6607	11444196575801	private_dummy
230	2920	829174495	real
230	6608	11444196575801	private_dummy
231	2810	619911174	real
231	6609	11444196575801	private_dummy
232	2812	413766540	real
232	6610	11444196575801	private_dummy
233	2814	342661020	real
233	6611	11444196575801	private_dummy
234	2817	342661020	real
234	6612	11444196575801	private_dummy
235	2819	413766540	real
235	6613	11444196575801	private_dummy
236	61	1371733469	real
236	63	1314620714	real
236	109	1314620714	real
236	6614	11444196575801	private_dummy
237	133	1191738437	real
237	135	1134625683	real
237	180	1134625683	real
237	6615	11444196575801	private_dummy
238	198	1082029038	real
238	200	1024916284	real
238	243	1024916284	real
238	6616	11444196575801	private_dummy
239	261	991687140	real
239	262	934574386	real
239	264	934574386	real
239	265	934574386	real
239	6617	11444196575801	private_dummy
240	267	1000399846	real
240	268	943287091	real
240	270	943287091	real
240	271	943287091	real
240	6618	11444196575801	private_dummy
241	273	1044992326	real
241	274	987879571	real
241	276	987879571	real
241	277	987879571	real
241	6619	11444196575801	private_dummy
242	279	1130305272	real
242	280	1073192518	real
242	282	1073192518	real
242	283	1073192518	real
242	6620	11444196575801	private_dummy
243	285	1269745858	real
243	286	1212633104	real
243	288	1212633104	real
243	289	1212633104	real
243	6621	11444196575801	private_dummy
244	291	1533123464	real
244	292	1476010710	real
244	294	1476010710	real
244	295	1476010710	real
244	6622	11444196575801	private_dummy
245	13	1476010710	real
245	15	1476010710	real
245	6623	11444196575801	private_dummy
246	70	1314620714	real
246	72	1314620714	real
246	6624	11444196575801	private_dummy
247	142	1134625683	real
247	144	1134625683	real
247	6625	11444196575801	private_dummy
248	207	1024916284	real
248	209	1024916284	real
248	6626	11444196575801	private_dummy
249	264	960912471	real
249	266	960912471	real
249	6627	11444196575801	private_dummy
250	21	1476010710	real
250	22	1476010710	real
250	356	1476010710	real
250	6628	11444196575801	private_dummy
251	2922	998844456	real
251	6629	11444196575801	private_dummy
252	2924	829174495	real
252	6630	11444196575801	private_dummy
253	2926	731274763	real
253	6631	11444196575801	private_dummy
254	2823	599094307	real
254	6632	11444196575801	private_dummy
255	2825	413766540	real
255	6633	11444196575801	private_dummy
256	2828	370656334	real
256	6634	11444196575801	private_dummy
257	2831	413766540	real
257	6635	11444196575801	private_dummy
258	67	1371733469	real
258	69	1314620714	real
258	111	1314620714	real
258	6636	11444196575801	private_dummy
259	139	1191738437	real
259	141	1134625683	real
259	182	1134625683	real
259	6637	11444196575801	private_dummy
260	204	1082029038	real
260	206	1024916284	real
260	245	1024916284	real
260	6638	11444196575801	private_dummy
261	261	1018025225	real
261	263	960912471	real
261	299	960912471	real
261	6639	11444196575801	private_dummy
262	315	1000399846	real
262	316	943287091	real
262	318	943287091	real
262	319	943287091	real
262	6640	11444196575801	private_dummy
263	321	1044992326	real
263	322	987879571	real
263	324	987879571	real
263	325	987879571	real
263	6641	11444196575801	private_dummy
264	327	1130305272	real
264	328	1073192518	real
264	330	1073192518	real
264	331	1073192518	real
264	6642	11444196575801	private_dummy
265	333	1269745858	real
265	334	1212633104	real
265	336	1212633104	real
265	337	1212633104	real
265	6643	11444196575801	private_dummy
266	339	1533123464	real
266	340	1476010710	real
266	342	1476010710	real
266	343	1476010710	real
266	6644	11444196575801	private_dummy
267	18	1476010710	real
267	20	1476010710	real
267	6645	11444196575801	private_dummy
268	76	1314620714	real
268	78	1314620714	real
268	6646	11444196575801	private_dummy
269	148	1134625683	real
269	150	1134625683	real
269	6647	11444196575801	private_dummy
270	213	1024916284	real
270	215	1024916284	real
270	6648	11444196575801	private_dummy
271	270	960912471	real
271	272	960912471	real
271	6649	11444196575801	private_dummy
272	318	934574386	real
272	320	934574386	real
272	6650	11444196575801	private_dummy
273	2928	998844456	real
273	6651	11444196575801	private_dummy
274	2930	829174495	real
274	6652	11444196575801	private_dummy
275	2932	731274763	real
275	6653	11444196575801	private_dummy
276	2934	681066180	real
276	6654	11444196575801	private_dummy
277	2837	619911174	real
277	6655	11444196575801	private_dummy
278	2839	462578720	real
278	6656	11444196575801	private_dummy
279	2841	462578720	real
279	6657	11444196575801	private_dummy
280	73	1371733469	real
280	75	1314620714	real
280	113	1314620714	real
280	6658	11444196575801	private_dummy
281	145	1191738437	real
281	147	1134625683	real
281	184	1134625683	real
281	6659	11444196575801	private_dummy
282	210	1082029038	real
282	212	1024916284	real
282	247	1024916284	real
282	6660	11444196575801	private_dummy
283	267	1018025225	real
283	269	960912471	real
283	301	960912471	real
283	6661	11444196575801	private_dummy
284	315	991687140	real
284	317	934574386	real
284	347	934574386	real
284	6662	11444196575801	private_dummy
285	361	1044992326	real
285	362	987879571	real
285	364	987879571	real
285	365	987879571	real
285	6663	11444196575801	private_dummy
286	367	1130305272	real
286	368	1073192518	real
286	370	1073192518	real
286	371	1073192518	real
286	6664	11444196575801	private_dummy
287	373	1269745858	real
287	374	1212633104	real
287	376	1212633104	real
287	377	1212633104	real
287	6665	11444196575801	private_dummy
288	379	1533123464	real
288	380	1476010710	real
288	382	1476010710	real
288	383	1476010710	real
288	6666	11444196575801	private_dummy
289	23	1476010710	real
289	25	1476010710	real
289	385	1476010710	real
289	6667	11444196575801	private_dummy
290	82	1314620714	real
290	84	1314620714	real
290	6668	11444196575801	private_dummy
291	154	1134625683	real
291	156	1134625683	real
291	6669	11444196575801	private_dummy
292	219	1024916284	real
292	221	1024916284	real
292	6670	11444196575801	private_dummy
293	276	960912471	real
293	278	960912471	real
293	6671	11444196575801	private_dummy
294	324	934574386	real
294	326	934574386	real
294	6672	11444196575801	private_dummy
295	364	943287091	real
295	366	943287091	real
295	6673	11444196575801	private_dummy
296	2936	998844456	real
296	6674	11444196575801	private_dummy
297	2938	829174495	real
297	6675	11444196575801	private_dummy
298	2940	731274763	real
298	6676	11444196575801	private_dummy
299	2942	681066180	real
299	6677	11444196575801	private_dummy
300	2944	671316997	real
300	6678	11444196575801	private_dummy
301	2845	685312257	real
301	6679	11444196575801	private_dummy
302	2847	571090010	real
302	6680	11444196575801	private_dummy
303	79	1371733469	real
303	81	1314620714	real
303	115	1314620714	real
303	6681	11444196575801	private_dummy
304	151	1191738437	real
304	153	1134625683	real
304	186	1134625683	real
304	6682	11444196575801	private_dummy
305	216	1082029038	real
305	218	1024916284	real
305	249	1024916284	real
305	6683	11444196575801	private_dummy
306	273	1018025225	real
306	275	960912471	real
306	303	960912471	real
306	6684	11444196575801	private_dummy
307	321	991687140	real
307	323	934574386	real
307	349	934574386	real
307	6685	11444196575801	private_dummy
308	361	1000399846	real
308	363	943287091	real
308	388	943287091	real
308	6686	11444196575801	private_dummy
309	400	1130305272	real
309	401	1073192518	real
309	403	1073192518	real
309	404	1073192518	real
309	6687	11444196575801	private_dummy
310	406	1269745858	real
310	407	1212633104	real
310	409	1212633104	real
310	410	1212633104	real
310	6688	11444196575801	private_dummy
311	412	1533123464	real
311	413	1476010710	real
311	415	1476010710	real
311	416	1476010710	real
311	6689	11444196575801	private_dummy
312	28	1476010710	real
312	30	1476010710	real
312	418	1476010710	real
312	6690	11444196575801	private_dummy
313	88	1314620714	real
313	90	1314620714	real
313	6691	11444196575801	private_dummy
314	160	1134625683	real
314	162	1134625683	real
314	6692	11444196575801	private_dummy
315	225	1024916284	real
315	227	1024916284	real
315	6693	11444196575801	private_dummy
316	282	960912471	real
316	284	960912471	real
316	6694	11444196575801	private_dummy
317	330	934574386	real
317	332	934574386	real
317	6695	11444196575801	private_dummy
318	370	943287091	real
318	372	943287091	real
318	6696	11444196575801	private_dummy
319	403	987879571	real
319	405	987879571	real
319	6697	11444196575801	private_dummy
320	2946	998844456	real
320	6698	11444196575801	private_dummy
321	2948	829174495	real
321	6699	11444196575801	private_dummy
322	2950	731274763	real
322	6700	11444196575801	private_dummy
323	2952	681066180	real
323	6701	11444196575801	private_dummy
324	2954	671316997	real
324	6702	11444196575801	private_dummy
325	2956	700846570	real
325	6703	11444196575801	private_dummy
326	2853	807618777	real
326	6704	11444196575801	private_dummy
327	85	1371733469	real
327	87	1314620714	real
327	117	1314620714	real
327	6705	11444196575801	private_dummy
328	157	1191738437	real
328	159	1134625683	real
328	188	1134625683	real
328	6706	11444196575801	private_dummy
329	222	1082029038	real
329	224	1024916284	real
329	251	1024916284	real
329	6707	11444196575801	private_dummy
330	279	1018025225	real
330	281	960912471	real
330	305	960912471	real
330	6708	11444196575801	private_dummy
331	327	991687140	real
331	329	934574386	real
331	351	934574386	real
331	6709	11444196575801	private_dummy
332	367	1000399846	real
332	369	943287091	real
332	390	943287091	real
332	6710	11444196575801	private_dummy
333	400	1044992326	real
333	402	987879571	real
333	421	987879571	real
333	6711	11444196575801	private_dummy
334	431	1269745858	real
334	432	1212633104	real
334	434	1212633104	real
334	435	1212633104	real
334	6712	11444196575801	private_dummy
335	437	1533123464	real
335	438	1476010710	real
335	440	1476010710	real
335	441	1476010710	real
335	6713	11444196575801	private_dummy
336	33	1476010710	real
336	35	1476010710	real
336	443	1476010710	real
336	6714	11444196575801	private_dummy
337	94	1314620714	real
337	96	1314620714	real
337	6715	11444196575801	private_dummy
338	166	1134625683	real
338	168	1134625683	real
338	6716	11444196575801	private_dummy
339	231	1024916284	real
339	233	1024916284	real
339	6717	11444196575801	private_dummy
340	288	960912471	real
340	290	960912471	real
340	6718	11444196575801	private_dummy
341	336	934574386	real
341	338	934574386	real
341	6719	11444196575801	private_dummy
342	376	943287091	real
342	378	943287091	real
342	6720	11444196575801	private_dummy
343	409	987879571	real
343	411	987879571	real
343	6721	11444196575801	private_dummy
344	434	1073192518	real
344	436	1073192518	real
344	6722	11444196575801	private_dummy
345	2958	998844456	real
345	6723	11444196575801	private_dummy
346	2960	829174495	real
346	6724	11444196575801	private_dummy
347	2962	731274763	real
347	6725	11444196575801	private_dummy
348	2964	681066180	real
348	6726	11444196575801	private_dummy
349	2966	671316997	real
349	6727	11444196575801	private_dummy
350	2968	700846570	real
350	6728	11444196575801	private_dummy
351	2970	773434363	real
351	6729	11444196575801	private_dummy
352	91	1371733469	real
352	93	1314620714	real
352	119	1314620714	real
352	6730	11444196575801	private_dummy
353	163	1191738437	real
353	165	1134625683	real
353	190	1134625683	real
353	6731	11444196575801	private_dummy
354	228	1082029038	real
354	230	1024916284	real
354	253	1024916284	real
354	6732	11444196575801	private_dummy
355	285	1018025225	real
355	287	960912471	real
355	307	960912471	real
355	6733	11444196575801	private_dummy
356	333	991687140	real
356	335	934574386	real
356	353	934574386	real
356	6734	11444196575801	private_dummy
357	373	1000399846	real
357	375	943287091	real
357	392	943287091	real
357	6735	11444196575801	private_dummy
358	406	1044992326	real
358	408	987879571	real
358	423	987879571	real
358	6736	11444196575801	private_dummy
359	431	1130305272	real
359	433	1073192518	real
359	446	1073192518	real
359	6737	11444196575801	private_dummy
360	454	1533123464	real
360	455	1476010710	real
360	457	1476010710	real
360	458	1476010710	real
360	6738	11444196575801	private_dummy
361	37	1476010710	real
361	39	1476010710	real
361	460	1476010710	real
361	6739	11444196575801	private_dummy
362	100	1314620714	real
362	102	1314620714	real
362	6740	11444196575801	private_dummy
363	172	1134625683	real
363	174	1134625683	real
363	6741	11444196575801	private_dummy
364	237	1024916284	real
364	239	1024916284	real
364	6742	11444196575801	private_dummy
365	294	960912471	real
365	296	960912471	real
365	6743	11444196575801	private_dummy
366	342	934574386	real
366	344	934574386	real
366	6744	11444196575801	private_dummy
367	382	943287091	real
367	384	943287091	real
367	6745	11444196575801	private_dummy
368	415	987879571	real
368	417	987879571	real
368	6746	11444196575801	private_dummy
369	440	1073192518	real
369	442	1073192518	real
369	6747	11444196575801	private_dummy
370	457	1212633104	real
370	459	1212633104	real
370	6748	11444196575801	private_dummy
371	2972	998844456	real
371	6749	11444196575801	private_dummy
372	2974	829174495	real
372	6750	11444196575801	private_dummy
373	2976	731274763	real
373	6751	11444196575801	private_dummy
374	2978	681066180	real
374	6752	11444196575801	private_dummy
375	2980	671316997	real
375	6753	11444196575801	private_dummy
376	2982	700846570	real
376	6754	11444196575801	private_dummy
377	2984	773434363	real
377	6755	11444196575801	private_dummy
378	97	1371733469	real
378	99	1314620714	real
378	121	1314620714	real
378	6756	11444196575801	private_dummy
379	169	1191738437	real
379	171	1134625683	real
379	192	1134625683	real
379	6757	11444196575801	private_dummy
380	234	1082029038	real
380	236	1024916284	real
380	255	1024916284	real
380	6758	11444196575801	private_dummy
381	291	1018025225	real
381	293	960912471	real
381	309	960912471	real
381	6759	11444196575801	private_dummy
382	339	991687140	real
382	341	934574386	real
382	355	934574386	real
382	6760	11444196575801	private_dummy
383	379	1000399846	real
383	381	943287091	real
383	394	943287091	real
383	6761	11444196575801	private_dummy
384	412	1044992326	real
384	414	987879571	real
384	425	987879571	real
384	6762	11444196575801	private_dummy
385	437	1130305272	real
385	439	1073192518	real
385	448	1073192518	real
385	6763	11444196575801	private_dummy
386	454	1269745858	real
386	456	1212633104	real
386	463	1212633104	real
386	6764	11444196575801	private_dummy
387	41	1476010710	real
387	43	1476010710	real
387	469	1476010710	real
387	6765	11444196575801	private_dummy
388	175	1134625683	real
388	176	1134625683	real
388	194	1134625683	real
388	6766	11444196575801	private_dummy
389	240	1024916284	real
389	241	1024916284	real
389	257	1024916284	real
389	6767	11444196575801	private_dummy
390	385	943287091	real
390	386	943287091	real
390	396	943287091	real
390	6768	11444196575801	private_dummy
391	418	987879571	real
391	419	987879571	real
391	427	987879571	real
391	6769	11444196575801	private_dummy
392	443	1073192518	real
392	444	1073192518	real
392	450	1073192518	real
392	6770	11444196575801	private_dummy
393	460	1212633104	real
393	461	1212633104	real
393	465	1212633104	real
393	6771	11444196575801	private_dummy
394	469	1476010710	real
394	470	1476010710	real
394	6772	11444196575801	private_dummy
395	0	1314620714	real
395	1	1314620714	real
395	3	1314620714	real
395	6773	11444196575801	private_dummy
396	5	1134625683	real
396	6	1134625683	real
396	6774	11444196575801	private_dummy
397	9	1024916284	real
397	10	1024916284	real
397	6775	11444196575801	private_dummy
398	13	960912471	real
398	14	960912471	real
398	16	960912471	real
398	6776	11444196575801	private_dummy
399	18	934574386	real
399	19	934574386	real
399	21	934574386	real
399	6777	11444196575801	private_dummy
400	23	943287091	real
400	24	943287091	real
400	26	943287091	real
400	6778	11444196575801	private_dummy
401	28	987879571	real
401	29	987879571	real
401	31	987879571	real
401	6779	11444196575801	private_dummy
402	33	1073192518	real
402	34	1073192518	real
402	6780	11444196575801	private_dummy
403	37	1212633104	real
403	38	1212633104	real
403	6781	11444196575801	private_dummy
404	41	1476010710	real
404	42	1476010710	real
404	44	1476010710	real
404	6782	11444196575801	private_dummy
405	2894	998844456	real
405	6783	11444196575801	private_dummy
406	2894	1055957210	real
406	6784	11444196575801	private_dummy
407	2895	628199503	real
407	6785	11444196575801	private_dummy
408	2895	685312257	real
408	6786	11444196575801	private_dummy
409	2896	541981553	real
409	6787	11444196575801	private_dummy
410	2896	599094307	real
410	6788	11444196575801	private_dummy
411	2897	628199503	real
411	6789	11444196575801	private_dummy
412	2897	685312257	real
412	6790	11444196575801	private_dummy
413	2898	998844456	real
413	6791	11444196575801	private_dummy
414	2898	1055957210	real
414	6792	11444196575801	private_dummy
415	673	1212633104	real
415	6793	11444196575801	private_dummy
416	664	1073192518	real
416	6794	11444196575801	private_dummy
417	652	987879571	real
417	6795	11444196575801	private_dummy
418	636	943287091	real
418	6796	11444196575801	private_dummy
419	615	934574386	real
419	6797	11444196575801	private_dummy
420	590	960912471	real
420	6798	11444196575801	private_dummy
421	561	1024916284	real
421	6799	11444196575801	private_dummy
422	528	1134625683	real
422	6800	11444196575801	private_dummy
423	491	1314620714	real
423	6801	11444196575801	private_dummy
424	679	1476010710	real
424	6802	11444196575801	private_dummy
425	662	1073192518	real
425	6803	11444196575801	private_dummy
426	650	987879571	real
426	6804	11444196575801	private_dummy
427	634	943287091	real
427	6805	11444196575801	private_dummy
428	613	934574386	real
428	6806	11444196575801	private_dummy
429	588	960912471	real
429	6807	11444196575801	private_dummy
430	559	1024916284	real
430	6808	11444196575801	private_dummy
431	526	1134625683	real
431	6809	11444196575801	private_dummy
432	489	1314620714	real
432	6810	11444196575801	private_dummy
433	40	1476010710	real
433	6811	11444196575801	private_dummy
434	648	987879571	real
434	6812	11444196575801	private_dummy
435	632	943287091	real
435	6813	11444196575801	private_dummy
436	611	934574386	real
436	6814	11444196575801	private_dummy
437	586	960912471	real
437	6815	11444196575801	private_dummy
438	557	1024916284	real
438	6816	11444196575801	private_dummy
439	524	1134625683	real
439	6817	11444196575801	private_dummy
440	487	1314620714	real
440	6818	11444196575801	private_dummy
441	36	1476010710	real
441	6819	11444196575801	private_dummy
442	630	943287091	real
442	6820	11444196575801	private_dummy
443	609	934574386	real
443	6821	11444196575801	private_dummy
444	584	960912471	real
444	6822	11444196575801	private_dummy
445	555	1024916284	real
445	6823	11444196575801	private_dummy
446	522	1134625683	real
446	6824	11444196575801	private_dummy
447	485	1314620714	real
447	6825	11444196575801	private_dummy
448	607	934574386	real
448	6826	11444196575801	private_dummy
449	582	960912471	real
449	6827	11444196575801	private_dummy
450	553	1024916284	real
450	6828	11444196575801	private_dummy
451	520	1134625683	real
451	6829	11444196575801	private_dummy
452	483	1314620714	real
452	6830	11444196575801	private_dummy
453	580	960912471	real
453	6831	11444196575801	private_dummy
454	551	1024916284	real
454	6832	11444196575801	private_dummy
455	518	1134625683	real
455	6833	11444196575801	private_dummy
456	481	1314620714	real
456	6834	11444196575801	private_dummy
457	22	1476010710	real
457	6835	11444196575801	private_dummy
458	549	1024916284	real
458	6836	11444196575801	private_dummy
459	516	1134625683	real
459	6837	11444196575801	private_dummy
460	479	1314620714	real
460	6838	11444196575801	private_dummy
461	17	1476010710	real
461	6839	11444196575801	private_dummy
462	514	1134625683	real
462	6840	11444196575801	private_dummy
463	477	1314620714	real
463	6841	11444196575801	private_dummy
464	12	1476010710	real
464	6842	11444196575801	private_dummy
465	475	1314620714	real
465	6843	11444196575801	private_dummy
466	8	1476010710	real
466	6844	11444196575801	private_dummy
467	4	1476010710	real
467	6845	11444196575801	private_dummy
468	3031	960912471	real
468	6846	11444196575801	private_dummy
469	3029	646256547	real
469	6847	11444196575801	private_dummy
470	3034	1040108784	real
470	6848	11444196575801	private_dummy
471	3034	1040108784	real
471	6849	11444196575801	private_dummy
472	3028	449324806	real
472	6850	11444196575801	private_dummy
473	3026	679876228	real
473	3027	679876228	real
473	6851	11444196575801	private_dummy
474	3016	217297508	real
474	3017	388628017	real
474	6852	11444196575801	private_dummy
475	3019	700851062	real
475	3020	700851062	real
475	6853	11444196575801	private_dummy
476	3041	428227305	real
476	6854	11444196575801	private_dummy
477	3017	388628017	real
477	6855	11444196575801	private_dummy
478	3030	943287091	real
478	6856	11444196575801	private_dummy
479	3043	428227305	real
479	6857	11444196575801	private_dummy
480	3016	471995666	real
480	6858	11444196575801	private_dummy
481	3023	403820517	real
481	3024	575151027	real
481	6859	11444196575801	private_dummy
482	3045	934574386	real
482	6860	11444196575801	private_dummy
483	3020	700851062	real
483	6861	11444196575801	private_dummy
484	3024	575151027	real
484	6862	11444196575801	private_dummy
485	3047	646256547	real
485	6863	11444196575801	private_dummy
486	3019	356658277	real
486	6864	11444196575801	private_dummy
487	3023	356658277	real
487	6865	11444196575801	private_dummy
488	3049	805238941	real
488	6866	11444196575801	private_dummy
489	3036	1000509497	real
489	6867	11444196575801	private_dummy
490	3036	921841024	real
490	6868	11444196575801	private_dummy
491	3034	1046013786	real
491	3035	606657260	real
491	3040	449324806	real
491	6869	11444196575801	private_dummy
492	3044	606657260	real
492	6870	11444196575801	private_dummy
493	3046	378219287	real
493	6871	11444196575801	private_dummy
494	3034	1059889174	real
494	3035	872181572	real
494	3042	714849118	real
494	6872	11444196575801	private_dummy
495	3044	803589001	real
495	6873	11444196575801	private_dummy
496	3046	378219287	real
496	6874	11444196575801	private_dummy
497	3033	559958527	real
497	6875	11444196575801	private_dummy
498	3033	559958527	real
498	6876	11444196575801	private_dummy
499	3032	559958527	real
499	6877	11444196575801	private_dummy
500	3048	606657260	real
500	6878	11444196575801	private_dummy
501	3050	482484498	real
501	6879	11444196575801	private_dummy
502	3032	814656685	real
502	6880	11444196575801	private_dummy
503	3048	803589001	real
503	6881	11444196575801	private_dummy
504	3050	482484498	real
504	6882	11444196575801	private_dummy
505	2995	1055957210	real
505	6883	11444196575801	private_dummy
506	3018	592645728	real
506	6884	11444196575801	private_dummy
507	3018	706867976	real
507	6885	11444196575801	private_dummy
508	2986	602099362	real
508	2987	659212116	real
508	6886	11444196575801	private_dummy
509	2988	428876476	real
509	2989	428876476	real
509	6887	11444196575801	private_dummy
510	2990	451428472	real
510	2991	451428472	real
510	6888	11444196575801	private_dummy
511	2992	693393268	real
511	2993	693393268	real
511	6889	11444196575801	private_dummy
512	2994	1212633104	real
512	6890	11444196575801	private_dummy
513	3057	798790363	real
513	6891	11444196575801	private_dummy
514	3057	706867976	real
514	6892	11444196575801	private_dummy
515	2987	659212116	real
515	6893	11444196575801	private_dummy
516	3002	174178318	real
516	6894	11444196575801	private_dummy
517	3003	788387517	real
517	6895	11444196575801	private_dummy
518	3021	435322258	real
518	6896	11444196575801	private_dummy
519	3021	392212052	real
519	6897	11444196575801	private_dummy
520	2986	844744762	real
520	6898	11444196575801	private_dummy
521	2996	271544022	real
521	2997	328656777	real
521	6899	11444196575801	private_dummy
522	2998	174178318	real
522	6900	11444196575801	private_dummy
523	2999	348353212	real
523	3000	348353212	real
523	6901	11444196575801	private_dummy
524	3001	886287249	real
524	6902	11444196575801	private_dummy
525	3060	435322258	real
525	6903	11444196575801	private_dummy
526	3060	392212052	real
526	6904	11444196575801	private_dummy
527	2989	428876476	real
527	6905	11444196575801	private_dummy
528	2997	328656777	real
528	6906	11444196575801	private_dummy
529	3009	728429752	real
529	6907	11444196575801	private_dummy
530	3022	484134439	real
530	6908	11444196575801	private_dummy
531	3022	392212052	real
531	6909	11444196575801	private_dummy
532	2988	486401362	real
532	6910	11444196575801	private_dummy
533	2996	486401362	real
533	6911	11444196575801	private_dummy
534	3004	245283838	real
534	3005	302396592	real
534	6912	11444196575801	private_dummy
535	3006	299541031	real
535	3007	299541031	real
535	6913	11444196575801	private_dummy
536	3008	738178934	real
536	6914	11444196575801	private_dummy
537	3063	277989805	real
537	6915	11444196575801	private_dummy
538	3063	495287312	real
538	6916	11444196575801	private_dummy
539	2991	451428472	real
539	6917	11444196575801	private_dummy
540	3005	302396592	real
540	6918	11444196575801	private_dummy
541	3013	830547118	real
541	6919	11444196575801	private_dummy
542	3025	685312257	real
542	6920	11444196575801	private_dummy
543	3025	902609765	real
543	6921	11444196575801	private_dummy
544	2990	417808791	real
544	6922	11444196575801	private_dummy
545	2998	189370818	real
545	3002	189370818	real
545	6923	11444196575801	private_dummy
546	3004	417808791	real
546	6924	11444196575801	private_dummy
547	3010	456864501	real
547	3011	513977256	real
547	6925	11444196575801	private_dummy
548	3012	757959324	real
548	6926	11444196575801	private_dummy
549	3066	592645728	real
549	6927	11444196575801	private_dummy
550	3066	671314201	real
550	6928	11444196575801	private_dummy
551	2993	693393268	real
551	6929	11444196575801	private_dummy
552	3000	348353212	real
552	6930	11444196575801	private_dummy
553	3007	299541031	real
553	6931	11444196575801	private_dummy
554	3011	513977256	real
554	6932	11444196575801	private_dummy
555	3015	1212633104	real
555	6933	11444196575801	private_dummy
556	3068	592645728	real
556	6934	11444196575801	private_dummy
557	3068	671314201	real
557	6935	11444196575801	private_dummy
558	2992	535532974	real
558	6936	11444196575801	private_dummy
559	2999	220877050	real
559	6937	11444196575801	private_dummy
560	3006	220877050	real
560	6938	11444196575801	private_dummy
561	3010	535532974	real
561	6939	11444196575801	private_dummy
562	3014	958970270	real
562	6940	11444196575801	private_dummy
563	3070	763980730	real
563	6941	11444196575801	private_dummy
564	3070	763980730	real
564	6942	11444196575801	private_dummy
565	3038	685312257	real
565	6943	11444196575801	private_dummy
566	3038	788387517	real
566	6944	11444196575801	private_dummy
567	3056	921841024	real
567	6945	11444196575801	private_dummy
568	3058	685312257	real
568	6946	11444196575801	private_dummy
569	3059	576800968	real
569	6947	11444196575801	private_dummy
570	3061	527988787	real
570	6948	11444196575801	private_dummy
571	3039	370656334	real
571	6949	11444196575801	private_dummy
572	3039	473731594	real
572	6950	11444196575801	private_dummy
573	3062	527988787	real
573	6951	11444196575801	private_dummy
574	3064	576800968	real
574	6952	11444196575801	private_dummy
575	3065	685312257	real
575	6953	11444196575801	private_dummy
576	3069	571090010	real
576	6954	11444196575801	private_dummy
577	3071	571090010	real
577	6955	11444196575801	private_dummy
578	3067	1024916284	real
578	6956	11444196575801	private_dummy
579	3069	649758483	real
579	6957	11444196575801	private_dummy
580	3071	571090010	real
580	6958	11444196575801	private_dummy
581	3036	921841024	real
581	3037	807618777	real
581	6959	11444196575801	private_dummy
582	3036	1000509497	real
582	3037	886287249	real
582	6960	11444196575801	private_dummy
583	44	1476010710	real
583	45	1476010710	real
583	6961	11444196575801	private_dummy
584	672	1269745858	real
584	675	1212633104	real
584	6962	11444196575801	private_dummy
585	663	1130305272	real
585	668	1073192518	real
585	6963	11444196575801	private_dummy
586	651	1044992326	real
586	657	987879571	real
586	6964	11444196575801	private_dummy
587	635	1000399846	real
587	643	943287091	real
587	6965	11444196575801	private_dummy
588	614	991687140	real
588	625	934574386	real
588	6966	11444196575801	private_dummy
589	589	1018025225	real
589	602	960912471	real
589	6967	11444196575801	private_dummy
590	560	1082029038	real
590	575	1024916284	real
590	6968	11444196575801	private_dummy
591	527	1191738437	real
591	544	1134625683	real
591	6969	11444196575801	private_dummy
592	490	1371733469	real
592	509	1314620714	real
592	6970	11444196575801	private_dummy
593	42	1476010710	real
593	43	1476010710	real
593	6971	11444196575801	private_dummy
594	3073	901857516	real
594	6972	11444196575801	private_dummy
595	3075	737880589	real
595	6973	11444196575801	private_dummy
596	3077	646589376	real
596	6974	11444196575801	private_dummy
597	3079	604256990	real
597	6975	11444196575801	private_dummy
598	3081	604256990	real
598	6976	11444196575801	private_dummy
599	3083	646589376	real
599	6977	11444196575801	private_dummy
600	3085	737880589	real
600	6978	11444196575801	private_dummy
601	675	1476010710	real
601	676	1476010710	real
601	6979	11444196575801	private_dummy
602	672	1533123464	real
602	6980	11444196575801	private_dummy
603	661	1130305272	real
603	666	1073192518	real
603	6981	11444196575801	private_dummy
604	649	1044992326	real
604	655	987879571	real
604	6982	11444196575801	private_dummy
605	633	1000399846	real
605	641	943287091	real
605	6983	11444196575801	private_dummy
606	612	991687140	real
606	623	934574386	real
606	6984	11444196575801	private_dummy
607	587	1018025225	real
607	600	960912471	real
607	6985	11444196575801	private_dummy
608	558	1082029038	real
608	573	1024916284	real
608	6986	11444196575801	private_dummy
609	525	1191738437	real
609	542	1134625683	real
609	6987	11444196575801	private_dummy
610	488	1371733469	real
610	507	1314620714	real
610	6988	11444196575801	private_dummy
611	38	1476010710	real
611	39	1476010710	real
611	674	1476010710	real
611	6989	11444196575801	private_dummy
612	3088	1037638743	real
612	6990	11444196575801	private_dummy
613	3090	737880589	real
613	6991	11444196575801	private_dummy
614	3092	586628814	real
614	6992	11444196575801	private_dummy
615	3094	510400509	real
615	6993	11444196575801	private_dummy
616	3096	486530011	real
616	6994	11444196575801	private_dummy
617	3098	510400509	real
617	6995	11444196575801	private_dummy
618	3100	586628814	real
618	6996	11444196575801	private_dummy
619	668	1476010710	real
619	669	1476010710	real
619	6997	11444196575801	private_dummy
620	666	1212633104	real
620	667	1212633104	real
620	6998	11444196575801	private_dummy
621	663	1533123464	real
621	6999	11444196575801	private_dummy
622	661	1269745858	real
622	7000	11444196575801	private_dummy
623	647	1044992326	real
623	653	987879571	real
623	7001	11444196575801	private_dummy
624	631	1000399846	real
624	639	943287091	real
624	7002	11444196575801	private_dummy
625	610	991687140	real
625	621	934574386	real
625	7003	11444196575801	private_dummy
626	585	1018025225	real
626	598	960912471	real
626	7004	11444196575801	private_dummy
627	556	1082029038	real
627	571	1024916284	real
627	7005	11444196575801	private_dummy
628	523	1191738437	real
628	540	1134625683	real
628	7006	11444196575801	private_dummy
629	486	1371733469	real
629	505	1314620714	real
629	7007	11444196575801	private_dummy
630	34	1476010710	real
630	35	1476010710	real
630	665	1476010710	real
630	7008	11444196575801	private_dummy
631	3103	1212633104	real
631	7009	11444196575801	private_dummy
632	3105	933622378	real
632	7010	11444196575801	private_dummy
633	3107	646589376	real
633	7011	11444196575801	private_dummy
634	3109	510400509	real
634	7012	11444196575801	private_dummy
635	3111	452634092	real
635	7013	11444196575801	private_dummy
636	3113	452634092	real
636	7014	11444196575801	private_dummy
637	3115	510400509	real
637	7015	11444196575801	private_dummy
638	657	1476010710	real
638	658	1476010710	real
638	7016	11444196575801	private_dummy
639	655	1212633104	real
639	656	1212633104	real
639	7017	11444196575801	private_dummy
640	653	1073192518	real
640	654	1073192518	real
640	7018	11444196575801	private_dummy
641	31	1476010710	real
641	32	1476010710	real
641	7019	11444196575801	private_dummy
642	651	1533123464	real
642	7020	11444196575801	private_dummy
643	649	1269745858	real
643	7021	11444196575801	private_dummy
644	647	1130305272	real
644	7022	11444196575801	private_dummy
645	629	1000399846	real
645	637	943287091	real
645	7023	11444196575801	private_dummy
646	608	991687140	real
646	619	934574386	real
646	7024	11444196575801	private_dummy
647	583	1018025225	real
647	596	960912471	real
647	7025	11444196575801	private_dummy
648	554	1082029038	real
648	569	1024916284	real
648	7026	11444196575801	private_dummy
649	521	1191738437	real
649	538	1134625683	real
649	7027	11444196575801	private_dummy
650	484	1371733469	real
650	503	1314620714	real
650	7028	11444196575801	private_dummy
651	29	1476010710	real
651	30	1476010710	real
651	7029	11444196575801	private_dummy
652	3118	1212633104	real
652	7030	11444196575801	private_dummy
653	3120	1073192518	real
653	7031	11444196575801	private_dummy
654	3122	876227084	real
654	7032	11444196575801	private_dummy
655	3124	604256990	real
655	7033	11444196575801	private_dummy
656	3126	486530011	real
656	7034	11444196575801	private_dummy
657	3128	452634092	real
657	7035	11444196575801	private_dummy
658	3130	486530011	real
658	7036	11444196575801	private_dummy
659	643	1476010710	real
659	644	1476010710	real
659	7037	11444196575801	private_dummy
660	641	1212633104	real
660	642	1212633104	real
660	7038	11444196575801	private_dummy
661	639	1073192518	real
661	640	1073192518	real
661	7039	11444196575801	private_dummy
662	637	987879571	real
662	638	987879571	real
662	7040	11444196575801	private_dummy
663	26	1476010710	real
663	27	1476010710	real
663	7041	11444196575801	private_dummy
664	635	1533123464	real
664	7042	11444196575801	private_dummy
665	633	1269745858	real
665	7043	11444196575801	private_dummy
666	631	1130305272	real
666	7044	11444196575801	private_dummy
667	629	1044992326	real
667	7045	11444196575801	private_dummy
668	606	991687140	real
668	617	934574386	real
668	7046	11444196575801	private_dummy
669	581	1018025225	real
669	594	960912471	real
669	7047	11444196575801	private_dummy
670	552	1082029038	real
670	567	1024916284	real
670	7048	11444196575801	private_dummy
671	519	1191738437	real
671	536	1134625683	real
671	7049	11444196575801	private_dummy
672	482	1371733469	real
672	501	1314620714	real
672	7050	11444196575801	private_dummy
673	24	1476010710	real
673	25	1476010710	real
673	7051	11444196575801	private_dummy
674	3133	1212633104	real
674	7052	11444196575801	private_dummy
675	3135	1073192518	real
675	7053	11444196575801	private_dummy
676	3137	987879571	real
676	7054	11444196575801	private_dummy
677	3139	857765196	real
677	7055	11444196575801	private_dummy
678	3141	604256990	real
678	7056	11444196575801	private_dummy
679	3143	510400509	real
679	7057	11444196575801	private_dummy
680	3145	510400509	real
680	7058	11444196575801	private_dummy
681	625	1476010710	real
681	626	1476010710	real
681	7059	11444196575801	private_dummy
682	623	1212633104	real
682	624	1212633104	real
682	7060	11444196575801	private_dummy
683	621	1073192518	real
683	622	1073192518	real
683	7061	11444196575801	private_dummy
684	619	987879571	real
684	620	987879571	real
684	7062	11444196575801	private_dummy
685	617	943287091	real
685	618	943287091	real
685	7063	11444196575801	private_dummy
686	614	1533123464	real
686	7064	11444196575801	private_dummy
687	612	1269745858	real
687	7065	11444196575801	private_dummy
688	610	1130305272	real
688	7066	11444196575801	private_dummy
689	608	1044992326	real
689	7067	11444196575801	private_dummy
690	606	1000399846	real
690	7068	11444196575801	private_dummy
691	579	1018025225	real
691	592	960912471	real
691	7069	11444196575801	private_dummy
692	550	1082029038	real
692	565	1024916284	real
692	7070	11444196575801	private_dummy
693	517	1191738437	real
693	534	1134625683	real
693	7071	11444196575801	private_dummy
694	480	1371733469	real
694	499	1314620714	real
694	7072	11444196575801	private_dummy
695	19	1476010710	real
695	20	1476010710	real
695	616	1476010710	real
695	7073	11444196575801	private_dummy
696	3148	1212633104	real
696	7074	11444196575801	private_dummy
697	3150	1073192518	real
697	7075	11444196575801	private_dummy
698	3152	987879571	real
698	7076	11444196575801	private_dummy
699	3154	943287091	real
699	7077	11444196575801	private_dummy
700	3156	876227084	real
700	7078	11444196575801	private_dummy
701	3158	646589376	real
701	7079	11444196575801	private_dummy
702	3160	586628814	real
702	7080	11444196575801	private_dummy
703	602	1476010710	real
703	603	1476010710	real
703	7081	11444196575801	private_dummy
704	600	1212633104	real
704	601	1212633104	real
704	7082	11444196575801	private_dummy
705	598	1073192518	real
705	599	1073192518	real
705	7083	11444196575801	private_dummy
706	596	987879571	real
706	597	987879571	real
706	7084	11444196575801	private_dummy
707	594	943287091	real
707	595	943287091	real
707	7085	11444196575801	private_dummy
708	592	934574386	real
708	593	934574386	real
708	7086	11444196575801	private_dummy
709	589	1533123464	real
709	7087	11444196575801	private_dummy
710	587	1269745858	real
710	7088	11444196575801	private_dummy
711	585	1130305272	real
711	7089	11444196575801	private_dummy
712	583	1044992326	real
712	7090	11444196575801	private_dummy
713	581	1000399846	real
713	7091	11444196575801	private_dummy
714	579	991687140	real
714	7092	11444196575801	private_dummy
715	548	1082029038	real
715	563	1024916284	real
715	7093	11444196575801	private_dummy
716	515	1191738437	real
716	532	1134625683	real
716	7094	11444196575801	private_dummy
717	478	1371733469	real
717	497	1314620714	real
717	7095	11444196575801	private_dummy
718	14	1476010710	real
718	15	1476010710	real
718	591	1476010710	real
718	7096	11444196575801	private_dummy
719	3163	1212633104	real
719	7097	11444196575801	private_dummy
720	3165	1073192518	real
720	7098	11444196575801	private_dummy
721	3167	987879571	real
721	7099	11444196575801	private_dummy
722	3169	943287091	real
722	7100	11444196575801	private_dummy
723	3171	934574386	real
723	7101	11444196575801	private_dummy
724	3173	933622378	real
724	7102	11444196575801	private_dummy
725	3175	737880589	real
725	7103	11444196575801	private_dummy
726	575	1476010710	real
726	576	1476010710	real
726	7104	11444196575801	private_dummy
727	573	1212633104	real
727	574	1212633104	real
727	7105	11444196575801	private_dummy
728	571	1073192518	real
728	572	1073192518	real
728	7106	11444196575801	private_dummy
729	569	987879571	real
729	570	987879571	real
729	7107	11444196575801	private_dummy
730	567	943287091	real
730	568	943287091	real
730	7108	11444196575801	private_dummy
731	565	934574386	real
731	566	934574386	real
731	7109	11444196575801	private_dummy
732	563	960912471	real
732	564	960912471	real
732	7110	11444196575801	private_dummy
733	560	1533123464	real
733	7111	11444196575801	private_dummy
734	558	1269745858	real
734	7112	11444196575801	private_dummy
735	556	1130305272	real
735	7113	11444196575801	private_dummy
736	554	1044992326	real
736	7114	11444196575801	private_dummy
737	552	1000399846	real
737	7115	11444196575801	private_dummy
738	550	991687140	real
738	7116	11444196575801	private_dummy
739	548	1018025225	real
739	7117	11444196575801	private_dummy
740	513	1191738437	real
740	530	1134625683	real
740	7118	11444196575801	private_dummy
741	476	1371733469	real
741	495	1314620714	real
741	7119	11444196575801	private_dummy
742	10	1476010710	real
742	11	1476010710	real
742	562	1476010710	real
742	7120	11444196575801	private_dummy
743	3178	1212633104	real
743	7121	11444196575801	private_dummy
744	3180	1073192518	real
744	7122	11444196575801	private_dummy
745	3182	987879571	real
745	7123	11444196575801	private_dummy
746	3184	943287091	real
746	7124	11444196575801	private_dummy
747	3186	934574386	real
747	7125	11444196575801	private_dummy
748	3188	960912471	real
748	7126	11444196575801	private_dummy
749	3190	1037638743	real
749	7127	11444196575801	private_dummy
750	544	1476010710	real
750	545	1476010710	real
750	7128	11444196575801	private_dummy
751	542	1212633104	real
751	543	1212633104	real
751	7129	11444196575801	private_dummy
752	540	1073192518	real
752	541	1073192518	real
752	7130	11444196575801	private_dummy
753	538	987879571	real
753	539	987879571	real
753	7131	11444196575801	private_dummy
754	536	943287091	real
754	537	943287091	real
754	7132	11444196575801	private_dummy
755	534	934574386	real
755	535	934574386	real
755	7133	11444196575801	private_dummy
756	532	960912471	real
756	533	960912471	real
756	7134	11444196575801	private_dummy
757	530	1024916284	real
757	531	1024916284	real
757	7135	11444196575801	private_dummy
758	527	1533123464	real
758	7136	11444196575801	private_dummy
759	525	1269745858	real
759	7137	11444196575801	private_dummy
760	523	1130305272	real
760	7138	11444196575801	private_dummy
761	521	1044992326	real
761	7139	11444196575801	private_dummy
762	519	1000399846	real
762	7140	11444196575801	private_dummy
763	517	991687140	real
763	7141	11444196575801	private_dummy
764	515	1018025225	real
764	7142	11444196575801	private_dummy
765	513	1082029038	real
765	7143	11444196575801	private_dummy
766	474	1371733469	real
766	493	1314620714	real
766	7144	11444196575801	private_dummy
767	6	1476010710	real
767	7	1476010710	real
767	529	1476010710	real
767	7145	11444196575801	private_dummy
768	3193	1212633104	real
768	7146	11444196575801	private_dummy
769	3195	1073192518	real
769	7147	11444196575801	private_dummy
770	3197	987879571	real
770	7148	11444196575801	private_dummy
771	3199	943287091	real
771	7149	11444196575801	private_dummy
772	3201	934574386	real
772	7150	11444196575801	private_dummy
773	3203	960912471	real
773	7151	11444196575801	private_dummy
774	3205	1024916284	real
774	7152	11444196575801	private_dummy
775	509	1476010710	real
775	510	1476010710	real
775	7153	11444196575801	private_dummy
776	507	1212633104	real
776	508	1212633104	real
776	7154	11444196575801	private_dummy
777	505	1073192518	real
777	506	1073192518	real
777	7155	11444196575801	private_dummy
778	503	987879571	real
778	504	987879571	real
778	7156	11444196575801	private_dummy
779	501	943287091	real
779	502	943287091	real
779	7157	11444196575801	private_dummy
780	499	934574386	real
780	500	934574386	real
780	7158	11444196575801	private_dummy
781	497	960912471	real
781	498	960912471	real
781	7159	11444196575801	private_dummy
782	495	1024916284	real
782	496	1024916284	real
782	7160	11444196575801	private_dummy
783	493	1134625683	real
783	494	1134625683	real
783	7161	11444196575801	private_dummy
784	490	1533123464	real
784	7162	11444196575801	private_dummy
785	488	1269745858	real
785	7163	11444196575801	private_dummy
786	486	1130305272	real
786	7164	11444196575801	private_dummy
787	484	1044992326	real
787	7165	11444196575801	private_dummy
788	482	1000399846	real
788	7166	11444196575801	private_dummy
789	480	991687140	real
789	7167	11444196575801	private_dummy
790	478	1018025225	real
790	7168	11444196575801	private_dummy
791	476	1082029038	real
791	7169	11444196575801	private_dummy
792	474	1191738437	real
792	7170	11444196575801	private_dummy
793	1	1476010710	real
793	2	1476010710	real
793	492	1476010710	real
793	7171	11444196575801	private_dummy
794	3208	1212633104	real
794	7172	11444196575801	private_dummy
795	3210	1073192518	real
795	7173	11444196575801	private_dummy
796	3212	987879571	real
796	7174	11444196575801	private_dummy
797	3214	943287091	real
797	7175	11444196575801	private_dummy
798	3216	934574386	real
798	7176	11444196575801	private_dummy
799	3218	960912471	real
799	7177	11444196575801	private_dummy
800	3220	1024916284	real
800	7178	11444196575801	private_dummy
801	674	1212633104	real
801	7179	11444196575801	private_dummy
802	665	1073192518	real
802	7180	11444196575801	private_dummy
803	616	934574386	real
803	7181	11444196575801	private_dummy
804	591	960912471	real
804	7182	11444196575801	private_dummy
805	562	1024916284	real
805	7183	11444196575801	private_dummy
806	529	1134625683	real
806	7184	11444196575801	private_dummy
807	492	1314620714	real
807	7185	11444196575801	private_dummy
808	3051	1055957210	real
808	7186	11444196575801	private_dummy
809	3051	1055957210	real
809	7187	11444196575801	private_dummy
810	3052	685312257	real
810	7188	11444196575801	private_dummy
811	3052	685312257	real
811	7189	11444196575801	private_dummy
812	3053	599094307	real
812	7190	11444196575801	private_dummy
813	3053	599094307	real
813	7191	11444196575801	private_dummy
814	3054	685312257	real
814	7192	11444196575801	private_dummy
815	3054	685312257	real
815	7193	11444196575801	private_dummy
816	3055	1055957210	real
816	7194	11444196575801	private_dummy
817	3055	1055957210	real
817	7195	11444196575801	private_dummy
818	103	1639569710	real
818	7196	11444196575801	private_dummy
819	775	1082029038	real
819	7197	11444196575801	private_dummy
820	777	1018025225	real
820	7198	11444196575801	private_dummy
821	779	991687140	real
821	7199	11444196575801	private_dummy
822	781	1000399846	real
822	7200	11444196575801	private_dummy
823	783	1044992326	real
823	7201	11444196575801	private_dummy
824	785	1130305272	real
824	7202	11444196575801	private_dummy
825	787	1269745858	real
825	7203	11444196575801	private_dummy
826	789	1533123464	real
826	7204	11444196575801	private_dummy
827	683	1212633104	real
827	791	1212633104	real
827	7205	11444196575801	private_dummy
828	841	1018025225	real
828	7206	11444196575801	private_dummy
829	843	991687140	real
829	7207	11444196575801	private_dummy
830	845	1000399846	real
830	7208	11444196575801	private_dummy
831	847	1044992326	real
831	7209	11444196575801	private_dummy
832	849	1130305272	real
832	7210	11444196575801	private_dummy
833	851	1269745858	real
833	7211	11444196575801	private_dummy
834	853	1533123464	real
834	7212	11444196575801	private_dummy
835	687	1212633104	real
835	855	1212633104	real
835	7213	11444196575801	private_dummy
836	898	991687140	real
836	7214	11444196575801	private_dummy
837	900	1000399846	real
837	7215	11444196575801	private_dummy
838	902	1044992326	real
838	7216	11444196575801	private_dummy
839	904	1130305272	real
839	7217	11444196575801	private_dummy
840	906	1269745858	real
840	7218	11444196575801	private_dummy
841	908	1533123464	real
841	7219	11444196575801	private_dummy
842	897	1018025225	real
842	911	960912471	real
842	7220	11444196575801	private_dummy
843	947	1000399846	real
843	7221	11444196575801	private_dummy
844	949	1044992326	real
844	7222	11444196575801	private_dummy
845	951	1130305272	real
845	7223	11444196575801	private_dummy
846	953	1269745858	real
846	7224	11444196575801	private_dummy
847	955	1533123464	real
847	7225	11444196575801	private_dummy
848	946	991687140	real
848	958	934574386	real
848	7226	11444196575801	private_dummy
849	989	1044992326	real
849	7227	11444196575801	private_dummy
850	991	1130305272	real
850	7228	11444196575801	private_dummy
851	993	1269745858	real
851	7229	11444196575801	private_dummy
852	995	1533123464	real
852	7230	11444196575801	private_dummy
853	702	1212633104	real
853	997	1212633104	real
853	7231	11444196575801	private_dummy
854	1023	1130305272	real
854	7232	11444196575801	private_dummy
855	1025	1269745858	real
855	7233	11444196575801	private_dummy
856	1027	1533123464	real
856	7234	11444196575801	private_dummy
857	707	1212633104	real
857	1029	1212633104	real
857	7235	11444196575801	private_dummy
858	1049	1269745858	real
858	7236	11444196575801	private_dummy
859	1051	1533123464	real
859	7237	11444196575801	private_dummy
860	711	1212633104	real
860	1053	1212633104	real
860	7238	11444196575801	private_dummy
861	1067	1533123464	real
861	7239	11444196575801	private_dummy
862	715	1212633104	real
862	1069	1212633104	real
862	7240	11444196575801	private_dummy
863	720	1212633104	real
863	1077	1212633104	real
863	7241	11444196575801	private_dummy
864	3331	788387517	real
864	7242	11444196575801	private_dummy
865	3329	522083785	real
865	7243	11444196575801	private_dummy
866	3334	830547118	real
866	7244	11444196575801	private_dummy
867	3334	891702123	real
867	7245	11444196575801	private_dummy
868	3328	303596326	real
868	7246	11444196575801	private_dummy
869	3326	679876228	real
869	3327	679876228	real
869	7247	11444196575801	private_dummy
870	3316	35553775	real
870	3317	206884285	real
870	7248	11444196575801	private_dummy
871	3319	622182589	real
871	3320	608184533	real
871	7249	11444196575801	private_dummy
872	3341	246483572	real
872	7250	11444196575801	private_dummy
873	3317	206884285	real
873	7251	11444196575801	private_dummy
874	3330	728429752	real
874	7252	11444196575801	private_dummy
875	3343	206884285	real
875	7253	11444196575801	private_dummy
876	3316	263991748	real
876	7254	11444196575801	private_dummy
877	3323	249998983	real
877	3324	421329493	real
877	7255	11444196575801	private_dummy
878	3345	671316997	real
878	7256	11444196575801	private_dummy
879	3320	608184533	real
879	7257	11444196575801	private_dummy
880	3324	421329493	real
880	7258	11444196575801	private_dummy
881	3347	492435012	real
881	7259	11444196575801	private_dummy
882	3319	277989805	real
882	7260	11444196575801	private_dummy
883	3323	485993722	real
883	7261	11444196575801	private_dummy
884	3349	934574386	real
884	7262	11444196575801	private_dummy
885	3336	852102836	real
885	7263	11444196575801	private_dummy
886	3336	773434363	real
886	7264	11444196575801	private_dummy
887	3334	830547118	real
887	3335	406671586	real
887	3340	303596326	real
887	7265	11444196575801	private_dummy
888	3344	438177819	real
888	7266	11444196575801	private_dummy
889	3346	209739846	real
889	7267	11444196575801	private_dummy
890	3334	911482514	real
890	3335	760811624	real
890	3342	622182589	real
890	7268	11444196575801	private_dummy
891	3344	692219053	real
891	7269	11444196575801	private_dummy
892	3346	266849339	real
892	7270	11444196575801	private_dummy
893	3333	505701334	real
893	7271	11444196575801	private_dummy
894	3333	345513320	real
894	7272	11444196575801	private_dummy
895	3332	345513320	real
895	7273	11444196575801	private_dummy
896	3348	482484498	real
896	7274	11444196575801	private_dummy
897	3350	364216739	real
897	7275	11444196575801	private_dummy
898	3332	573951293	real
898	7276	11444196575801	private_dummy
899	3348	679416239	real
899	7277	11444196575801	private_dummy
900	3350	364216739	real
900	7278	11444196575801	private_dummy
901	3246	958970270	real
901	7279	11444196575801	private_dummy
902	3318	671314201	real
902	7280	11444196575801	private_dummy
903	3318	671314201	real
903	7281	11444196575801	private_dummy
904	3222	535532974	real
904	3223	592645728	real
904	7282	11444196575801	private_dummy
905	3224	417808791	real
905	3225	417808791	real
905	7283	11444196575801	private_dummy
906	3226	486401362	real
906	3227	486401362	real
906	7284	11444196575801	private_dummy
907	3228	844744762	real
907	3229	844744762	real
907	7285	11444196575801	private_dummy
908	3230	1155520349	real
908	7286	11444196575801	private_dummy
909	3357	936838513	real
909	7287	11444196575801	private_dummy
910	3357	671314201	real
910	7288	11444196575801	private_dummy
911	3223	513977256	real
911	7289	11444196575801	private_dummy
912	3272	189370818	real
912	7290	11444196575801	private_dummy
913	3278	600626871	real
913	7291	11444196575801	private_dummy
914	3321	553590018	real
914	7292	11444196575801	private_dummy
915	3321	263991748	real
915	7293	11444196575801	private_dummy
916	3222	693393268	real
916	7294	11444196575801	private_dummy
917	3251	245283838	real
917	3254	302396592	real
917	7295	11444196575801	private_dummy
918	3257	174178318	real
918	7296	11444196575801	private_dummy
919	3262	451428472	real
919	3264	451428472	real
919	7297	11444196575801	private_dummy
920	3265	716324870	real
920	7298	11444196575801	private_dummy
921	3360	538397518	real
921	7299	11444196575801	private_dummy
922	3360	263991748	real
922	7300	11444196575801	private_dummy
923	3225	299541031	real
923	7301	11444196575801	private_dummy
924	3254	302396592	real
924	7302	11444196575801	private_dummy
925	3300	532034300	real
925	7303	11444196575801	private_dummy
926	3322	622182589	real
926	7304	11444196575801	private_dummy
927	3322	232485516	real
927	7305	11444196575801	private_dummy
928	3224	348353212	real
928	7306	11444196575801	private_dummy
929	3251	451428472	real
929	7307	11444196575801	private_dummy
930	3283	271544022	real
930	3286	328656777	real
930	7308	11444196575801	private_dummy
931	3289	428876476	real
931	3291	428876476	real
931	7309	11444196575801	private_dummy
932	3292	543101984	real
932	7310	11444196575801	private_dummy
933	3363	407325249	real
933	7311	11444196575801	private_dummy
934	3363	371114550	real
934	7312	11444196575801	private_dummy
935	3227	348353212	real
935	7313	11444196575801	private_dummy
936	3286	328656777	real
936	7314	11444196575801	private_dummy
937	3312	649758483	real
937	7315	11444196575801	private_dummy
938	3325	797022323	real
938	7316	11444196575801	private_dummy
939	3325	760811624	real
939	7317	11444196575801	private_dummy
940	3226	299541031	real
940	7318	11444196575801	private_dummy
941	3257	174178318	real
941	3272	174178318	real
941	7319	11444196575801	private_dummy
942	3283	428876476	real
942	7320	11444196575801	private_dummy
943	3305	602099362	real
943	3307	659212116	real
943	7321	11444196575801	private_dummy
944	3308	565653980	real
944	7322	11444196575801	private_dummy
945	3366	704355794	real
945	7323	11444196575801	private_dummy
946	3366	565069835	real
946	7324	11444196575801	private_dummy
947	3229	693393268	real
947	7325	11444196575801	private_dummy
948	3264	451428472	real
948	7326	11444196575801	private_dummy
949	3291	428876476	real
949	7327	11444196575801	private_dummy
950	3307	659212116	real
950	7328	11444196575801	private_dummy
951	3315	958970270	real
951	7329	11444196575801	private_dummy
952	3368	704355794	real
952	7330	11444196575801	private_dummy
953	3368	565069835	real
953	7331	11444196575801	private_dummy
954	3228	456864501	real
954	7332	11444196575801	private_dummy
955	3262	245283838	real
955	7333	11444196575801	private_dummy
956	3289	271544022	real
956	7334	11444196575801	private_dummy
957	3305	602099362	real
957	7335	11444196575801	private_dummy
958	3314	807618777	real
958	7336	11444196575801	private_dummy
959	3370	797022323	real
959	7337	11444196575801	private_dummy
960	3370	657736364	real
960	7338	11444196575801	private_dummy
961	3338	592645728	real
961	7339	11444196575801	private_dummy
962	3338	731274763	real
962	7340	11444196575801	private_dummy
963	3356	886287249	real
963	7341	11444196575801	private_dummy
964	3358	592645728	real
964	7342	11444196575801	private_dummy
965	3359	448580664	real
965	7343	11444196575801	private_dummy
966	3361	381065064	real
966	7344	11444196575801	private_dummy
967	3339	210929797	real
967	7345	11444196575801	private_dummy
968	3339	349558832	real
968	7346	11444196575801	private_dummy
969	3362	368262251	real
969	7347	11444196575801	private_dummy
970	3364	407325249	real
970	7348	11444196575801	private_dummy
971	3365	507960342	real
971	7349	11444196575801	private_dummy
972	3369	429291869	real
972	7350	11444196575801	private_dummy
973	3371	429291869	real
973	7351	11444196575801	private_dummy
974	3367	876509623	real
974	7352	11444196575801	private_dummy
975	3369	507960342	real
975	7353	11444196575801	private_dummy
976	3371	429291869	real
976	7354	11444196575801	private_dummy
977	3336	773434363	real
977	3337	659212116	real
977	7355	11444196575801	private_dummy
978	3336	773434363	real
978	3337	659212116	real
978	7356	11444196575801	private_dummy
979	472	1212633104	real
979	473	1212633104	real
979	492	1212633104	real
979	7357	11444196575801	private_dummy
980	3219	886287249	real
980	3221	1122816016	real
980	7358	11444196575801	private_dummy
981	3217	763980730	real
981	7359	11444196575801	private_dummy
982	3215	698579647	real
982	7360	11444196575801	private_dummy
983	3213	677762780	real
983	7361	11444196575801	private_dummy
984	3211	698579647	real
984	7362	11444196575801	private_dummy
985	3209	763980730	real
985	7363	11444196575801	private_dummy
986	3207	886287249	real
986	7364	11444196575801	private_dummy
987	46	1212633104	real
987	47	1212633104	real
987	7365	11444196575801	private_dummy
988	53	1639569710	real
988	54	1639569710	real
988	475	1639569710	real
988	7366	11444196575801	private_dummy
989	3232	829174495	real
989	7367	11444196575801	private_dummy
990	3234	592645728	real
990	7368	11444196575801	private_dummy
991	3236	484134439	real
991	7369	11444196575801	private_dummy
992	3238	435322258	real
992	7370	11444196575801	private_dummy
993	3240	435322258	real
993	7371	11444196575801	private_dummy
994	3242	484134439	real
994	7372	11444196575801	private_dummy
995	3244	592645728	real
995	7373	11444196575801	private_dummy
996	50	1639569710	real
996	51	1639569710	real
996	7374	11444196575801	private_dummy
997	724	1082029038	real
997	725	1082029038	real
997	727	1024916284	real
997	728	1024916284	real
997	7375	11444196575801	private_dummy
998	730	1018025225	real
998	731	1018025225	real
998	733	960912471	real
998	734	960912471	real
998	7376	11444196575801	private_dummy
999	736	991687140	real
999	737	991687140	real
999	739	934574386	real
999	740	934574386	real
999	7377	11444196575801	private_dummy
1000	742	1000399846	real
1000	743	1000399846	real
1000	745	943287091	real
1000	746	943287091	real
1000	7378	11444196575801	private_dummy
1001	748	1044992326	real
1001	749	1044992326	real
1001	751	987879571	real
1001	752	987879571	real
1001	7379	11444196575801	private_dummy
1002	754	1130305272	real
1002	755	1130305272	real
1002	757	1073192518	real
1002	758	1073192518	real
1002	7380	11444196575801	private_dummy
1003	760	1269745858	real
1003	761	1269745858	real
1003	763	1212633104	real
1003	764	1212633104	real
1003	7381	11444196575801	private_dummy
1004	766	1533123464	real
1004	767	1533123464	real
1004	769	1476010710	real
1004	770	1476010710	real
1004	7382	11444196575801	private_dummy
1005	680	1212633104	real
1005	682	1212633104	real
1005	772	1212633104	real
1005	773	1212633104	real
1005	7383	11444196575801	private_dummy
1006	59	1639569710	real
1006	60	1639569710	real
1006	477	1639569710	real
1006	7384	11444196575801	private_dummy
1007	727	1134625683	real
1007	729	1191738437	real
1007	7385	11444196575801	private_dummy
1008	3373	998844456	real
1008	7386	11444196575801	private_dummy
1009	3248	592645728	real
1009	7387	11444196575801	private_dummy
1010	3250	369912191	real
1010	7388	11444196575801	private_dummy
1011	3253	277989805	real
1011	7389	11444196575801	private_dummy
1012	3256	249994491	real
1012	7390	11444196575801	private_dummy
1013	3259	277989805	real
1013	7391	11444196575801	private_dummy
1014	3261	369912191	real
1014	7392	11444196575801	private_dummy
1015	56	1639569710	real
1015	57	1639569710	real
1015	7393	11444196575801	private_dummy
1016	724	1191738437	real
1016	726	1191738437	real
1016	776	1134625683	real
1016	7394	11444196575801	private_dummy
1017	796	1018025225	real
1017	797	1018025225	real
1017	799	960912471	real
1017	800	960912471	real
1017	7395	11444196575801	private_dummy
1018	802	991687140	real
1018	803	991687140	real
1018	805	934574386	real
1018	806	934574386	real
1018	7396	11444196575801	private_dummy
1019	808	1000399846	real
1019	809	1000399846	real
1019	811	943287091	real
1019	812	943287091	real
1019	7397	11444196575801	private_dummy
1020	814	1044992326	real
1020	815	1044992326	real
1020	817	987879571	real
1020	818	987879571	real
1020	7398	11444196575801	private_dummy
1021	820	1130305272	real
1021	821	1130305272	real
1021	823	1073192518	real
1021	824	1073192518	real
1021	7399	11444196575801	private_dummy
1022	826	1269745858	real
1022	827	1269745858	real
1022	829	1212633104	real
1022	830	1212633104	real
1022	7400	11444196575801	private_dummy
1023	832	1533123464	real
1023	833	1533123464	real
1023	835	1476010710	real
1023	836	1476010710	real
1023	7401	11444196575801	private_dummy
1024	684	1212633104	real
1024	686	1212633104	real
1024	838	1212633104	real
1024	839	1212633104	real
1024	7402	11444196575801	private_dummy
1025	65	1639569710	real
1025	66	1639569710	real
1025	479	1639569710	real
1025	7403	11444196575801	private_dummy
1026	733	1134625683	real
1026	735	1191738437	real
1026	7404	11444196575801	private_dummy
1027	799	1024916284	real
1027	801	1082029038	real
1027	7405	11444196575801	private_dummy
1028	691	1212633104	real
1028	692	1212633104	real
1028	910	1212633104	real
1028	7406	11444196575801	private_dummy
1029	3375	998844456	real
1029	7407	11444196575801	private_dummy
1030	3377	750506022	real
1030	7408	11444196575801	private_dummy
1031	3267	508541226	real
1031	7409	11444196575801	private_dummy
1032	3269	302396592	real
1032	7410	11444196575801	private_dummy
1033	3271	231291072	real
1033	7411	11444196575801	private_dummy
1034	3274	231291072	real
1034	7412	11444196575801	private_dummy
1035	3276	302396592	real
1035	7413	11444196575801	private_dummy
1036	62	1639569710	real
1036	63	1639569710	real
1036	7414	11444196575801	private_dummy
1037	730	1191738437	real
1037	732	1191738437	real
1037	778	1134625683	real
1037	7415	11444196575801	private_dummy
1038	796	1082029038	real
1038	798	1082029038	real
1038	842	1024916284	real
1038	7416	11444196575801	private_dummy
1039	860	991687140	real
1039	861	991687140	real
1039	863	934574386	real
1039	864	934574386	real
1039	7417	11444196575801	private_dummy
1040	866	1000399846	real
1040	867	1000399846	real
1040	869	943287091	real
1040	870	943287091	real
1040	7418	11444196575801	private_dummy
1041	872	1044992326	real
1041	873	1044992326	real
1041	875	987879571	real
1041	876	987879571	real
1041	7419	11444196575801	private_dummy
1042	878	1130305272	real
1042	879	1130305272	real
1042	881	1073192518	real
1042	882	1073192518	real
1042	7420	11444196575801	private_dummy
1043	884	1269745858	real
1043	885	1269745858	real
1043	887	1212633104	real
1043	888	1212633104	real
1043	7421	11444196575801	private_dummy
1044	890	1533123464	real
1044	891	1533123464	real
1044	893	1476010710	real
1044	894	1476010710	real
1044	7422	11444196575801	private_dummy
1045	688	1212633104	real
1045	690	1212633104	real
1045	896	1212633104	real
1045	7423	11444196575801	private_dummy
1046	71	1639569710	real
1046	72	1639569710	real
1046	481	1639569710	real
1046	7424	11444196575801	private_dummy
1047	739	1134625683	real
1047	741	1191738437	real
1047	7425	11444196575801	private_dummy
1048	805	1024916284	real
1048	807	1082029038	real
1048	7426	11444196575801	private_dummy
1049	863	960912471	real
1049	865	1018025225	real
1049	7427	11444196575801	private_dummy
1050	696	1212633104	real
1050	697	1212633104	real
1050	957	1212633104	real
1050	7428	11444196575801	private_dummy
1051	3379	998844456	real
1051	7429	11444196575801	private_dummy
1052	3381	750506022	real
1052	7430	11444196575801	private_dummy
1053	3383	628199503	real
1053	7431	11444196575801	private_dummy
1054	3280	474921545	real
1054	7432	11444196575801	private_dummy
1055	3282	289593778	real
1055	7433	11444196575801	private_dummy
1056	3285	246483572	real
1056	7434	11444196575801	private_dummy
1057	3288	289593778	real
1057	7435	11444196575801	private_dummy
1058	68	1639569710	real
1058	69	1639569710	real
1058	7436	11444196575801	private_dummy
1059	736	1191738437	real
1059	738	1191738437	real
1059	780	1134625683	real
1059	7437	11444196575801	private_dummy
1060	802	1082029038	real
1060	804	1082029038	real
1060	844	1024916284	real
1060	7438	11444196575801	private_dummy
1061	860	1018025225	real
1061	862	1018025225	real
1061	899	960912471	real
1061	7439	11444196575801	private_dummy
1062	915	1000399846	real
1062	916	1000399846	real
1062	918	943287091	real
1062	919	943287091	real
1062	7440	11444196575801	private_dummy
1063	921	1044992326	real
1063	922	1044992326	real
1063	924	987879571	real
1063	925	987879571	real
1063	7441	11444196575801	private_dummy
1064	927	1130305272	real
1064	928	1130305272	real
1064	930	1073192518	real
1064	931	1073192518	real
1064	7442	11444196575801	private_dummy
1065	933	1269745858	real
1065	934	1269745858	real
1065	936	1212633104	real
1065	937	1212633104	real
1065	7443	11444196575801	private_dummy
1066	939	1533123464	real
1066	940	1533123464	real
1066	942	1476010710	real
1066	943	1476010710	real
1066	7444	11444196575801	private_dummy
1067	693	1212633104	real
1067	695	1212633104	real
1067	945	1212633104	real
1067	7445	11444196575801	private_dummy
1068	77	1639569710	real
1068	78	1639569710	real
1068	483	1639569710	real
1068	7446	11444196575801	private_dummy
1069	745	1134625683	real
1069	747	1191738437	real
1069	7447	11444196575801	private_dummy
1070	811	1024916284	real
1070	813	1082029038	real
1070	7448	11444196575801	private_dummy
1071	869	960912471	real
1071	871	1018025225	real
1071	7449	11444196575801	private_dummy
1072	918	934574386	real
1072	920	991687140	real
1072	7450	11444196575801	private_dummy
1073	3385	998844456	real
1073	7451	11444196575801	private_dummy
1074	3387	750506022	real
1074	7452	11444196575801	private_dummy
1075	3389	628199503	real
1075	7453	11444196575801	private_dummy
1076	3391	562798420	real
1076	7454	11444196575801	private_dummy
1077	3294	485989230	real
1077	7455	11444196575801	private_dummy
1078	3296	328656777	real
1078	7456	11444196575801	private_dummy
1079	3298	328656777	real
1079	7457	11444196575801	private_dummy
1080	74	1639569710	real
1080	75	1639569710	real
1080	7458	11444196575801	private_dummy
1081	742	1191738437	real
1081	744	1191738437	real
1081	782	1134625683	real
1081	7459	11444196575801	private_dummy
1082	808	1082029038	real
1082	810	1082029038	real
1082	846	1024916284	real
1082	7460	11444196575801	private_dummy
1083	866	1018025225	real
1083	868	1018025225	real
1083	901	960912471	real
1083	7461	11444196575801	private_dummy
1084	915	991687140	real
1084	917	991687140	real
1084	948	934574386	real
1084	7462	11444196575801	private_dummy
1085	962	1044992326	real
1085	963	1044992326	real
1085	965	987879571	real
1085	966	987879571	real
1085	7463	11444196575801	private_dummy
1086	968	1130305272	real
1086	969	1130305272	real
1086	971	1073192518	real
1086	972	1073192518	real
1086	7464	11444196575801	private_dummy
1087	974	1269745858	real
1087	975	1269745858	real
1087	977	1212633104	real
1087	978	1212633104	real
1087	7465	11444196575801	private_dummy
1088	980	1533123464	real
1088	981	1533123464	real
1088	983	1476010710	real
1088	984	1476010710	real
1088	7466	11444196575801	private_dummy
1089	698	1212633104	real
1089	700	1212633104	real
1089	986	1212633104	real
1089	987	1212633104	real
1089	7467	11444196575801	private_dummy
1090	83	1639569710	real
1090	84	1639569710	real
1090	485	1639569710	real
1090	7468	11444196575801	private_dummy
1091	751	1134625683	real
1091	753	1191738437	real
1091	7469	11444196575801	private_dummy
1092	817	1024916284	real
1092	819	1082029038	real
1092	7470	11444196575801	private_dummy
1093	875	960912471	real
1093	877	1018025225	real
1093	7471	11444196575801	private_dummy
1094	924	934574386	real
1094	926	991687140	real
1094	7472	11444196575801	private_dummy
1095	965	943287091	real
1095	967	1000399846	real
1095	7473	11444196575801	private_dummy
1096	3393	998844456	real
1096	7474	11444196575801	private_dummy
1097	3395	750506022	real
1097	7475	11444196575801	private_dummy
1098	3397	628199503	real
1098	7476	11444196575801	private_dummy
1099	3399	562798420	real
1099	7477	11444196575801	private_dummy
1100	3401	541981553	real
1100	7478	11444196575801	private_dummy
1101	3302	543514116	real
1101	7479	11444196575801	private_dummy
1102	3304	429291869	real
1102	7480	11444196575801	private_dummy
1103	80	1639569710	real
1103	81	1639569710	real
1103	7481	11444196575801	private_dummy
1104	748	1191738437	real
1104	750	1191738437	real
1104	784	1134625683	real
1104	7482	11444196575801	private_dummy
1105	814	1082029038	real
1105	816	1082029038	real
1105	848	1024916284	real
1105	7483	11444196575801	private_dummy
1106	872	1018025225	real
1106	874	1018025225	real
1106	903	960912471	real
1106	7484	11444196575801	private_dummy
1107	921	991687140	real
1107	923	991687140	real
1107	950	934574386	real
1107	7485	11444196575801	private_dummy
1108	962	1000399846	real
1108	964	1000399846	real
1108	990	943287091	real
1108	7486	11444196575801	private_dummy
1109	1002	1130305272	real
1109	1003	1130305272	real
1109	1005	1073192518	real
1109	1006	1073192518	real
1109	7487	11444196575801	private_dummy
1110	1008	1269745858	real
1110	1009	1269745858	real
1110	1011	1212633104	real
1110	1012	1212633104	real
1110	7488	11444196575801	private_dummy
1111	1014	1533123464	real
1111	1015	1533123464	real
1111	1017	1476010710	real
1111	1018	1476010710	real
1111	7489	11444196575801	private_dummy
1112	703	1212633104	real
1112	705	1212633104	real
1112	1020	1212633104	real
1112	1021	1212633104	real
1112	7490	11444196575801	private_dummy
1113	89	1639569710	real
1113	90	1639569710	real
1113	487	1639569710	real
1113	7491	11444196575801	private_dummy
1114	757	1134625683	real
1114	759	1191738437	real
1114	7492	11444196575801	private_dummy
1115	823	1024916284	real
1115	825	1082029038	real
1115	7493	11444196575801	private_dummy
1116	881	960912471	real
1116	883	1018025225	real
1116	7494	11444196575801	private_dummy
1117	930	934574386	real
1117	932	991687140	real
1117	7495	11444196575801	private_dummy
1118	971	943287091	real
1118	973	1000399846	real
1118	7496	11444196575801	private_dummy
1119	1005	987879571	real
1119	1007	1044992326	real
1119	7497	11444196575801	private_dummy
1120	3403	998844456	real
1120	7498	11444196575801	private_dummy
1121	3405	750506022	real
1121	7499	11444196575801	private_dummy
1122	3407	628199503	real
1122	7500	11444196575801	private_dummy
1123	3409	562798420	real
1123	7501	11444196575801	private_dummy
1124	3411	541981553	real
1124	7502	11444196575801	private_dummy
1125	3413	562798420	real
1125	7503	11444196575801	private_dummy
1126	3310	659212116	real
1126	7504	11444196575801	private_dummy
1127	86	1639569710	real
1127	87	1639569710	real
1127	7505	11444196575801	private_dummy
1128	754	1191738437	real
1128	756	1191738437	real
1128	786	1134625683	real
1128	7506	11444196575801	private_dummy
1129	820	1082029038	real
1129	822	1082029038	real
1129	850	1024916284	real
1129	7507	11444196575801	private_dummy
1130	878	1018025225	real
1130	880	1018025225	real
1130	905	960912471	real
1130	7508	11444196575801	private_dummy
1131	927	991687140	real
1131	929	991687140	real
1131	952	934574386	real
1131	7509	11444196575801	private_dummy
1132	968	1000399846	real
1132	970	1000399846	real
1132	992	943287091	real
1132	7510	11444196575801	private_dummy
1133	1002	1044992326	real
1133	1004	1044992326	real
1133	1024	987879571	real
1133	7511	11444196575801	private_dummy
1134	1034	1269745858	real
1134	1035	1269745858	real
1134	1037	1212633104	real
1134	1038	1212633104	real
1134	7512	11444196575801	private_dummy
1135	1040	1533123464	real
1135	1041	1533123464	real
1135	1043	1476010710	real
1135	1044	1476010710	real
1135	7513	11444196575801	private_dummy
1136	708	1212633104	real
1136	710	1212633104	real
1136	1046	1212633104	real
1136	1047	1212633104	real
1136	7514	11444196575801	private_dummy
1137	95	1639569710	real
1137	96	1639569710	real
1137	489	1639569710	real
1137	7515	11444196575801	private_dummy
1138	763	1134625683	real
1138	765	1191738437	real
1138	7516	11444196575801	private_dummy
1139	829	1024916284	real
1139	831	1082029038	real
1139	7517	11444196575801	private_dummy
1140	887	960912471	real
1140	889	1018025225	real
1140	7518	11444196575801	private_dummy
1141	936	934574386	real
1141	938	991687140	real
1141	7519	11444196575801	private_dummy
1142	977	943287091	real
1142	979	1000399846	real
1142	7520	11444196575801	private_dummy
1143	1011	987879571	real
1143	1013	1044992326	real
1143	7521	11444196575801	private_dummy
1144	1037	1073192518	real
1144	1039	1130305272	real
1144	7522	11444196575801	private_dummy
1145	3415	998844456	real
1145	7523	11444196575801	private_dummy
1146	3417	750506022	real
1146	7524	11444196575801	private_dummy
1147	3419	628199503	real
1147	7525	11444196575801	private_dummy
1148	3421	562798420	real
1148	7526	11444196575801	private_dummy
1149	3423	541981553	real
1149	7527	11444196575801	private_dummy
1150	3425	562798420	real
1150	7528	11444196575801	private_dummy
1151	3427	628199503	real
1151	7529	11444196575801	private_dummy
1152	92	1639569710	real
1152	93	1639569710	real
1152	7530	11444196575801	private_dummy
1153	760	1191738437	real
1153	762	1191738437	real
1153	788	1134625683	real
1153	7531	11444196575801	private_dummy
1154	826	1082029038	real
1154	828	1082029038	real
1154	852	1024916284	real
1154	7532	11444196575801	private_dummy
1155	884	1018025225	real
1155	886	1018025225	real
1155	907	960912471	real
1155	7533	11444196575801	private_dummy
1156	933	991687140	real
1156	935	991687140	real
1156	954	934574386	real
1156	7534	11444196575801	private_dummy
1157	974	1000399846	real
1157	976	1000399846	real
1157	994	943287091	real
1157	7535	11444196575801	private_dummy
1158	1008	1044992326	real
1158	1010	1044992326	real
1158	1026	987879571	real
1158	7536	11444196575801	private_dummy
1159	1034	1130305272	real
1159	1036	1130305272	real
1159	1050	1073192518	real
1159	7537	11444196575801	private_dummy
1160	1058	1533123464	real
1160	1059	1533123464	real
1160	1061	1476010710	real
1160	1062	1476010710	real
1160	7538	11444196575801	private_dummy
1161	712	1212633104	real
1161	714	1212633104	real
1161	1064	1212633104	real
1161	1065	1212633104	real
1161	7539	11444196575801	private_dummy
1162	101	1639569710	real
1162	102	1639569710	real
1162	491	1639569710	real
1162	7540	11444196575801	private_dummy
1163	769	1134625683	real
1163	771	1191738437	real
1163	7541	11444196575801	private_dummy
1164	835	1024916284	real
1164	837	1082029038	real
1164	7542	11444196575801	private_dummy
1165	893	960912471	real
1165	895	1018025225	real
1165	7543	11444196575801	private_dummy
1166	942	934574386	real
1166	944	991687140	real
1166	7544	11444196575801	private_dummy
1167	983	943287091	real
1167	985	1000399846	real
1167	7545	11444196575801	private_dummy
1168	1017	987879571	real
1168	1019	1044992326	real
1168	7546	11444196575801	private_dummy
1169	1043	1073192518	real
1169	1045	1130305272	real
1169	7547	11444196575801	private_dummy
1170	1061	1212633104	real
1170	1063	1269745858	real
1170	7548	11444196575801	private_dummy
1171	3429	998844456	real
1171	7549	11444196575801	private_dummy
1172	3431	750506022	real
1172	7550	11444196575801	private_dummy
1173	3433	628199503	real
1173	7551	11444196575801	private_dummy
1174	3435	562798420	real
1174	7552	11444196575801	private_dummy
1175	3437	541981553	real
1175	7553	11444196575801	private_dummy
1176	3439	562798420	real
1176	7554	11444196575801	private_dummy
1177	3441	628199503	real
1177	7555	11444196575801	private_dummy
1178	98	1639569710	real
1178	99	1639569710	real
1178	7556	11444196575801	private_dummy
1179	766	1191738437	real
1179	768	1191738437	real
1179	790	1134625683	real
1179	7557	11444196575801	private_dummy
1180	832	1082029038	real
1180	834	1082029038	real
1180	854	1024916284	real
1180	7558	11444196575801	private_dummy
1181	890	1018025225	real
1181	892	1018025225	real
1181	909	960912471	real
1181	7559	11444196575801	private_dummy
1182	939	991687140	real
1182	941	991687140	real
1182	956	934574386	real
1182	7560	11444196575801	private_dummy
1183	980	1000399846	real
1183	982	1000399846	real
1183	996	943287091	real
1183	7561	11444196575801	private_dummy
1184	1014	1044992326	real
1184	1016	1044992326	real
1184	1028	987879571	real
1184	7562	11444196575801	private_dummy
1185	1040	1130305272	real
1185	1042	1130305272	real
1185	1052	1073192518	real
1185	7563	11444196575801	private_dummy
1186	1058	1269745858	real
1186	1060	1269745858	real
1186	1068	1212633104	real
1186	7564	11444196575801	private_dummy
1187	716	1212633104	real
1187	718	1212633104	real
1187	1074	1212633104	real
1187	1075	1212633104	real
1187	7565	11444196575801	private_dummy
1188	772	1134625683	real
1188	774	1191738437	real
1188	792	1134625683	real
1188	7566	11444196575801	private_dummy
1189	838	1024916284	real
1189	840	1082029038	real
1189	856	1024916284	real
1189	7567	11444196575801	private_dummy
1190	986	943287091	real
1190	988	1000399846	real
1190	998	943287091	real
1190	7568	11444196575801	private_dummy
1191	1020	987879571	real
1191	1022	1044992326	real
1191	1030	987879571	real
1191	7569	11444196575801	private_dummy
1192	1046	1073192518	real
1192	1048	1130305272	real
1192	1054	1073192518	real
1192	7570	11444196575801	private_dummy
1193	1064	1212633104	real
1193	1066	1269745858	real
1193	1070	1212633104	real
1193	7571	11444196575801	private_dummy
1194	1074	1476010710	real
1194	1076	1533123464	real
1194	1078	1476010710	real
1194	7572	11444196575801	private_dummy
1195	47	1639569710	real
1195	48	1639569710	real
1195	473	1639569710	real
1195	7573	11444196575801	private_dummy
1196	680	1134625683	real
1196	681	1134625683	real
1196	7574	11444196575801	private_dummy
1197	684	1024916284	real
1197	685	1024916284	real
1197	7575	11444196575801	private_dummy
1198	688	960912471	real
1198	689	960912471	real
1198	691	960912471	real
1198	7576	11444196575801	private_dummy
1199	693	934574386	real
1199	694	934574386	real
1199	696	934574386	real
1199	7577	11444196575801	private_dummy
1200	698	943287091	real
1200	699	943287091	real
1200	701	943287091	real
1200	7578	11444196575801	private_dummy
1201	703	987879571	real
1201	704	987879571	real
1201	706	987879571	real
1201	7579	11444196575801	private_dummy
1202	708	1073192518	real
1202	709	1073192518	real
1202	7580	11444196575801	private_dummy
1203	712	1212633104	real
1203	713	1212633104	real
1203	7581	11444196575801	private_dummy
1204	716	1476010710	real
1204	717	1476010710	real
1204	719	1476010710	real
1204	7582	11444196575801	private_dummy
1205	3351	998844456	real
1205	7583	11444196575801	private_dummy
1206	3351	998844456	real
1206	7584	11444196575801	private_dummy
1207	3352	535532974	real
1207	7585	11444196575801	private_dummy
1208	3352	592645728	real
1208	7586	11444196575801	private_dummy
1209	3353	417808791	real
1209	7587	11444196575801	private_dummy
1210	3353	474921545	real
1210	7588	11444196575801	private_dummy
1211	3354	486401362	real
1211	7589	11444196575801	private_dummy
1212	3354	543514116	real
1212	7590	11444196575801	private_dummy
1213	3355	844744762	real
1213	7591	11444196575801	private_dummy
1214	3355	901857516	real
1214	7592	11444196575801	private_dummy
1215	1233	1212633104	real
1215	7593	11444196575801	private_dummy
1216	1225	1073192518	real
1216	7594	11444196575801	private_dummy
1217	1214	987879571	real
1217	7595	11444196575801	private_dummy
1218	1199	943287091	real
1218	7596	11444196575801	private_dummy
1219	1179	934574386	real
1219	7597	11444196575801	private_dummy
1220	1155	960912471	real
1220	7598	11444196575801	private_dummy
1221	1127	1024916284	real
1221	7599	11444196575801	private_dummy
1222	1095	1134625683	real
1222	7600	11444196575801	private_dummy
1223	1223	1073192518	real
1223	7601	11444196575801	private_dummy
1224	1212	987879571	real
1224	7602	11444196575801	private_dummy
1225	1197	943287091	real
1225	7603	11444196575801	private_dummy
1226	1177	934574386	real
1226	7604	11444196575801	private_dummy
1227	1153	960912471	real
1227	7605	11444196575801	private_dummy
1228	1125	1024916284	real
1228	7606	11444196575801	private_dummy
1229	1093	1134625683	real
1229	7607	11444196575801	private_dummy
1230	715	1314620714	real
1230	7608	11444196575801	private_dummy
1231	1210	987879571	real
1231	7609	11444196575801	private_dummy
1232	1195	943287091	real
1232	7610	11444196575801	private_dummy
1233	1175	934574386	real
1233	7611	11444196575801	private_dummy
1234	1151	960912471	real
1234	7612	11444196575801	private_dummy
1235	1123	1024916284	real
1235	7613	11444196575801	private_dummy
1236	1091	1134625683	real
1236	7614	11444196575801	private_dummy
1237	711	1314620714	real
1237	7615	11444196575801	private_dummy
1238	1193	943287091	real
1238	7616	11444196575801	private_dummy
1239	1173	934574386	real
1239	7617	11444196575801	private_dummy
1240	1149	960912471	real
1240	7618	11444196575801	private_dummy
1241	1121	1024916284	real
1241	7619	11444196575801	private_dummy
1242	1089	1134625683	real
1242	7620	11444196575801	private_dummy
1243	1171	934574386	real
1243	7621	11444196575801	private_dummy
1244	1147	960912471	real
1244	7622	11444196575801	private_dummy
1245	1119	1024916284	real
1245	7623	11444196575801	private_dummy
1246	1087	1134625683	real
1246	7624	11444196575801	private_dummy
1247	1145	960912471	real
1247	7625	11444196575801	private_dummy
1248	1117	1024916284	real
1248	7626	11444196575801	private_dummy
1249	1085	1134625683	real
1249	7627	11444196575801	private_dummy
1250	697	1314620714	real
1250	7628	11444196575801	private_dummy
1251	1115	1024916284	real
1251	7629	11444196575801	private_dummy
1252	1083	1134625683	real
1252	7630	11444196575801	private_dummy
1253	692	1314620714	real
1253	7631	11444196575801	private_dummy
1254	1081	1134625683	real
1254	7632	11444196575801	private_dummy
1255	687	1314620714	real
1255	7633	11444196575801	private_dummy
1256	683	1314620714	real
1256	7634	11444196575801	private_dummy
1257	472	1314620714	real
1257	7635	11444196575801	private_dummy
1258	3488	738178934	real
1258	7636	11444196575801	private_dummy
1259	3486	532034300	real
1259	7637	11444196575801	private_dummy
1260	3491	925886536	real
1260	7638	11444196575801	private_dummy
1261	3491	925886536	real
1261	7639	11444196575801	private_dummy
1262	3485	335102559	real
1262	7640	11444196575801	private_dummy
1263	3483	679876228	real
1263	3484	679876228	real
1263	7641	11444196575801	private_dummy
1264	3473	217297508	real
1264	3474	388628017	real
1264	7642	11444196575801	private_dummy
1265	3476	622182589	real
1265	3477	622182589	real
1265	7643	11444196575801	private_dummy
1266	3498	428227305	real
1266	7644	11444196575801	private_dummy
1267	3474	388628017	real
1267	7645	11444196575801	private_dummy
1268	3487	757959324	real
1268	7646	11444196575801	private_dummy
1269	3500	428227305	real
1269	7647	11444196575801	private_dummy
1270	3473	471995666	real
1270	7648	11444196575801	private_dummy
1271	3480	325152045	real
1271	3481	463781079	real
1271	7649	11444196575801	private_dummy
1272	3502	934574386	real
1272	7650	11444196575801	private_dummy
1273	3477	541247193	real
1273	7651	11444196575801	private_dummy
1274	3481	428227305	real
1274	7652	11444196575801	private_dummy
1275	3504	553590018	real
1275	7653	11444196575801	private_dummy
1276	3476	277989805	real
1276	7654	11444196575801	private_dummy
1277	3480	277989805	real
1277	7655	11444196575801	private_dummy
1278	3506	671316997	real
1278	7656	11444196575801	private_dummy
1279	3493	864731531	real
1279	7657	11444196575801	private_dummy
1280	3493	807618777	real
1280	7658	11444196575801	private_dummy
1281	3491	931791538	real
1281	3492	492435012	real
1281	3497	335102559	real
1281	7659	11444196575801	private_dummy
1282	3501	421329493	real
1282	7660	11444196575801	private_dummy
1283	3503	263997039	real
1283	7661	11444196575801	private_dummy
1284	3491	945666927	real
1284	3492	757959324	real
1284	3499	600626871	real
1284	7662	11444196575801	private_dummy
1285	3501	618261233	real
1285	7663	11444196575801	private_dummy
1286	3503	263997039	real
1286	7664	11444196575801	private_dummy
1287	3490	559958527	real
1287	7665	11444196575801	private_dummy
1288	3490	559958527	real
1288	7666	11444196575801	private_dummy
1289	3489	559958527	real
1289	7667	11444196575801	private_dummy
1290	3505	513990731	real
1290	7668	11444196575801	private_dummy
1291	3507	403816026	real
1291	7669	11444196575801	private_dummy
1292	3489	814656685	real
1292	7670	11444196575801	private_dummy
1293	3505	685321241	real
1293	7671	11444196575801	private_dummy
1294	3507	403816026	real
1294	7672	11444196575801	private_dummy
1295	3452	901857516	real
1295	7673	11444196575801	private_dummy
1296	3475	513977256	real
1296	7674	11444196575801	private_dummy
1297	3475	628199503	real
1297	7675	11444196575801	private_dummy
1298	3443	602099362	real
1298	3444	659212116	real
1298	7676	11444196575801	private_dummy
1299	3445	428876476	real
1299	3446	428876476	real
1299	7677	11444196575801	private_dummy
1300	3447	451428472	real
1300	3448	451428472	real
1300	7678	11444196575801	private_dummy
1301	3449	693393268	real
1301	3450	693393268	real
1301	7679	11444196575801	private_dummy
1302	3451	1055957210	real
1302	7680	11444196575801	private_dummy
1303	3514	720121890	real
1303	7681	11444196575801	private_dummy
1304	3514	628199503	real
1304	7682	11444196575801	private_dummy
1305	3444	659212116	real
1305	7683	11444196575801	private_dummy
1306	3459	174178318	real
1306	7684	11444196575801	private_dummy
1307	3460	646589376	real
1307	7685	11444196575801	private_dummy
1308	3478	356653785	real
1308	7686	11444196575801	private_dummy
1309	3478	313543579	real
1309	7687	11444196575801	private_dummy
1310	3443	844744762	real
1310	7688	11444196575801	private_dummy
1311	3453	271544022	real
1311	3454	328656777	real
1311	7689	11444196575801	private_dummy
1312	3455	174178318	real
1312	7690	11444196575801	private_dummy
1313	3456	348353212	real
1313	3457	348353212	real
1313	7691	11444196575801	private_dummy
1314	3458	737880589	real
1314	7692	11444196575801	private_dummy
1315	3517	356653785	real
1315	7693	11444196575801	private_dummy
1316	3517	313543579	real
1316	7694	11444196575801	private_dummy
1317	3446	428876476	real
1317	7695	11444196575801	private_dummy
1318	3454	328656777	real
1318	7696	11444196575801	private_dummy
1319	3466	604256990	real
1319	7697	11444196575801	private_dummy
1320	3479	405465966	real
1320	7698	11444196575801	private_dummy
1321	3479	313543579	real
1321	7699	11444196575801	private_dummy
1322	3445	486401362	real
1322	7700	11444196575801	private_dummy
1323	3453	486401362	real
1323	7701	11444196575801	private_dummy
1324	3461	245283838	real
1324	3462	302396592	real
1324	7702	11444196575801	private_dummy
1325	3463	299541031	real
1325	3464	299541031	real
1325	7703	11444196575801	private_dummy
1326	3465	604256990	real
1326	7704	11444196575801	private_dummy
1327	3520	199321332	real
1327	7705	11444196575801	private_dummy
1328	3520	416618839	real
1328	7706	11444196575801	private_dummy
1329	3448	451428472	real
1329	7707	11444196575801	private_dummy
1330	3462	302396592	real
1330	7708	11444196575801	private_dummy
1331	3470	737880589	real
1331	7709	11444196575801	private_dummy
1332	3482	592645728	real
1332	7710	11444196575801	private_dummy
1333	3482	809943236	real
1333	7711	11444196575801	private_dummy
1334	3447	417808791	real
1334	7712	11444196575801	private_dummy
1335	3455	189370818	real
1335	3459	189370818	real
1335	7713	11444196575801	private_dummy
1336	3461	417808791	real
1336	7714	11444196575801	private_dummy
1337	3467	456864501	real
1337	3468	513977256	real
1337	7715	11444196575801	private_dummy
1338	3469	646589376	real
1338	7716	11444196575801	private_dummy
1339	3523	513977256	real
1339	7717	11444196575801	private_dummy
1340	3523	592645728	real
1340	7718	11444196575801	private_dummy
1341	3450	844744762	real
1341	7719	11444196575801	private_dummy
1342	3457	486401362	real
1342	7720	11444196575801	private_dummy
1343	3464	417808791	real
1343	7721	11444196575801	private_dummy
1344	3468	592645728	real
1344	7722	11444196575801	private_dummy
1345	3472	1212633104	real
1345	7723	11444196575801	private_dummy
1346	3525	671314201	real
1346	7724	11444196575801	private_dummy
1347	3525	671314201	real
1347	7725	11444196575801	private_dummy
1348	3449	535532974	real
1348	7726	11444196575801	private_dummy
1349	3456	220877050	real
1349	7727	11444196575801	private_dummy
1350	3463	220877050	real
1350	7728	11444196575801	private_dummy
1351	3467	535532974	real
1351	7729	11444196575801	private_dummy
1352	3471	901857516	real
1352	7730	11444196575801	private_dummy
1353	3527	763980730	real
1353	7731	11444196575801	private_dummy
1354	3527	706867976	real
1354	7732	11444196575801	private_dummy
1355	3495	462578720	real
1355	7733	11444196575801	private_dummy
1356	3495	565653980	real
1356	7734	11444196575801	private_dummy
1357	3513	829174495	real
1357	7735	11444196575801	private_dummy
1358	3515	592645728	real
1358	7736	11444196575801	private_dummy
1359	3516	484134439	real
1359	7737	11444196575801	private_dummy
1360	3518	435322258	real
1360	7738	11444196575801	private_dummy
1361	3496	256434086	real
1361	7739	11444196575801	private_dummy
1362	3496	359509346	real
1362	7740	11444196575801	private_dummy
1363	3519	435322258	real
1363	7741	11444196575801	private_dummy
1364	3521	484134439	real
1364	7742	11444196575801	private_dummy
1365	3522	592645728	real
1365	7743	11444196575801	private_dummy
1366	3526	571090010	real
1366	7744	11444196575801	private_dummy
1367	3528	513977256	real
1367	7745	11444196575801	private_dummy
1368	3524	921841024	real
1368	7746	11444196575801	private_dummy
1369	3526	649758483	real
1369	7747	11444196575801	private_dummy
1370	3528	513977256	real
1370	7748	11444196575801	private_dummy
1371	3493	886287249	real
1371	3494	829174495	real
1371	7749	11444196575801	private_dummy
1372	3493	886287249	real
1372	3494	829174495	real
1372	7750	11444196575801	private_dummy
1373	719	1314620714	real
1373	720	1314620714	real
1373	7751	11444196575801	private_dummy
1374	1232	1269745858	real
1374	1235	1212633104	real
1374	7752	11444196575801	private_dummy
1375	1224	1130305272	real
1375	1229	1073192518	real
1375	7753	11444196575801	private_dummy
1376	1213	1044992326	real
1376	1219	987879571	real
1376	7754	11444196575801	private_dummy
1377	1198	1000399846	real
1377	1206	943287091	real
1377	7755	11444196575801	private_dummy
1378	1178	991687140	real
1378	1189	934574386	real
1378	7756	11444196575801	private_dummy
1379	1154	1018025225	real
1379	1167	960912471	real
1379	7757	11444196575801	private_dummy
1380	1126	1082029038	real
1380	1141	1024916284	real
1380	7758	11444196575801	private_dummy
1381	1094	1191738437	real
1381	1111	1134625683	real
1381	7759	11444196575801	private_dummy
1382	120	1639569710	real
1382	121	1639569710	real
1382	510	1639569710	real
1382	7760	11444196575801	private_dummy
1383	717	1314620714	real
1383	718	1314620714	real
1383	7761	11444196575801	private_dummy
1384	3530	901857516	real
1384	7762	11444196575801	private_dummy
1385	3532	737880589	real
1385	7763	11444196575801	private_dummy
1386	3534	646589376	real
1386	7764	11444196575801	private_dummy
1387	3536	604256990	real
1387	7765	11444196575801	private_dummy
1388	3538	604256990	real
1388	7766	11444196575801	private_dummy
1389	3540	646589376	real
1389	7767	11444196575801	private_dummy
1390	3542	737880589	real
1390	7768	11444196575801	private_dummy
1391	1235	1476010710	real
1391	1236	1476010710	real
1391	7769	11444196575801	private_dummy
1392	1232	1533123464	real
1392	7770	11444196575801	private_dummy
1393	1222	1130305272	real
1393	1227	1073192518	real
1393	7771	11444196575801	private_dummy
1394	1211	1044992326	real
1394	1217	987879571	real
1394	7772	11444196575801	private_dummy
1395	1196	1000399846	real
1395	1204	943287091	real
1395	7773	11444196575801	private_dummy
1396	1176	991687140	real
1396	1187	934574386	real
1396	7774	11444196575801	private_dummy
1397	1152	1018025225	real
1397	1165	960912471	real
1397	7775	11444196575801	private_dummy
1398	1124	1082029038	real
1398	1139	1024916284	real
1398	7776	11444196575801	private_dummy
1399	1092	1191738437	real
1399	1109	1134625683	real
1399	7777	11444196575801	private_dummy
1400	118	1639569710	real
1400	119	1639569710	real
1400	508	1639569710	real
1400	7778	11444196575801	private_dummy
1401	713	1314620714	real
1401	714	1314620714	real
1401	1234	1314620714	real
1401	7779	11444196575801	private_dummy
1402	3545	1037638743	real
1402	7780	11444196575801	private_dummy
1403	3547	737880589	real
1403	7781	11444196575801	private_dummy
1404	3549	586628814	real
1404	7782	11444196575801	private_dummy
1405	3551	510400509	real
1405	7783	11444196575801	private_dummy
1406	3553	486530011	real
1406	7784	11444196575801	private_dummy
1407	3555	510400509	real
1407	7785	11444196575801	private_dummy
1408	3557	586628814	real
1408	7786	11444196575801	private_dummy
1409	1229	1476010710	real
1409	1230	1476010710	real
1409	7787	11444196575801	private_dummy
1410	1227	1212633104	real
1410	1228	1212633104	real
1410	7788	11444196575801	private_dummy
1411	1224	1533123464	real
1411	7789	11444196575801	private_dummy
1412	1222	1269745858	real
1412	7790	11444196575801	private_dummy
1413	1209	1044992326	real
1413	1215	987879571	real
1413	7791	11444196575801	private_dummy
1414	1194	1000399846	real
1414	1202	943287091	real
1414	7792	11444196575801	private_dummy
1415	1174	991687140	real
1415	1185	934574386	real
1415	7793	11444196575801	private_dummy
1416	1150	1018025225	real
1416	1163	960912471	real
1416	7794	11444196575801	private_dummy
1417	1122	1082029038	real
1417	1137	1024916284	real
1417	7795	11444196575801	private_dummy
1418	1090	1191738437	real
1418	1107	1134625683	real
1418	7796	11444196575801	private_dummy
1419	116	1639569710	real
1419	117	1639569710	real
1419	506	1639569710	real
1419	7797	11444196575801	private_dummy
1420	709	1314620714	real
1420	710	1314620714	real
1420	1226	1314620714	real
1420	7798	11444196575801	private_dummy
1421	3560	1212633104	real
1421	7799	11444196575801	private_dummy
1422	3562	933622378	real
1422	7800	11444196575801	private_dummy
1423	3564	646589376	real
1423	7801	11444196575801	private_dummy
1424	3566	510400509	real
1424	7802	11444196575801	private_dummy
1425	3568	452634092	real
1425	7803	11444196575801	private_dummy
1426	3570	452634092	real
1426	7804	11444196575801	private_dummy
1427	3572	510400509	real
1427	7805	11444196575801	private_dummy
1428	1219	1476010710	real
1428	1220	1476010710	real
1428	7806	11444196575801	private_dummy
1429	1217	1212633104	real
1429	1218	1212633104	real
1429	7807	11444196575801	private_dummy
1430	1215	1073192518	real
1430	1216	1073192518	real
1430	7808	11444196575801	private_dummy
1431	706	1314620714	real
1431	707	1314620714	real
1431	7809	11444196575801	private_dummy
1432	1213	1533123464	real
1432	7810	11444196575801	private_dummy
1433	1211	1269745858	real
1433	7811	11444196575801	private_dummy
1434	1209	1130305272	real
1434	7812	11444196575801	private_dummy
1435	1192	1000399846	real
1435	1200	943287091	real
1435	7813	11444196575801	private_dummy
1436	1172	991687140	real
1436	1183	934574386	real
1436	7814	11444196575801	private_dummy
1437	1148	1018025225	real
1437	1161	960912471	real
1437	7815	11444196575801	private_dummy
1438	1120	1082029038	real
1438	1135	1024916284	real
1438	7816	11444196575801	private_dummy
1439	1088	1191738437	real
1439	1105	1134625683	real
1439	7817	11444196575801	private_dummy
1440	114	1639569710	real
1440	115	1639569710	real
1440	504	1639569710	real
1440	7818	11444196575801	private_dummy
1441	704	1314620714	real
1441	705	1314620714	real
1441	7819	11444196575801	private_dummy
1442	3575	1212633104	real
1442	7820	11444196575801	private_dummy
1443	3577	1073192518	real
1443	7821	11444196575801	private_dummy
1444	3579	876227084	real
1444	7822	11444196575801	private_dummy
1445	3581	604256990	real
1445	7823	11444196575801	private_dummy
1446	3583	486530011	real
1446	7824	11444196575801	private_dummy
1447	3585	452634092	real
1447	7825	11444196575801	private_dummy
1448	3587	486530011	real
1448	7826	11444196575801	private_dummy
1449	1206	1476010710	real
1449	1207	1476010710	real
1449	7827	11444196575801	private_dummy
1450	1204	1212633104	real
1450	1205	1212633104	real
1450	7828	11444196575801	private_dummy
1451	1202	1073192518	real
1451	1203	1073192518	real
1451	7829	11444196575801	private_dummy
1452	1200	987879571	real
1452	1201	987879571	real
1452	7830	11444196575801	private_dummy
1453	701	1314620714	real
1453	702	1314620714	real
1453	7831	11444196575801	private_dummy
1454	1198	1533123464	real
1454	7832	11444196575801	private_dummy
1455	1196	1269745858	real
1455	7833	11444196575801	private_dummy
1456	1194	1130305272	real
1456	7834	11444196575801	private_dummy
1457	1192	1044992326	real
1457	7835	11444196575801	private_dummy
1458	1170	991687140	real
1458	1181	934574386	real
1458	7836	11444196575801	private_dummy
1459	1146	1018025225	real
1459	1159	960912471	real
1459	7837	11444196575801	private_dummy
1460	1118	1082029038	real
1460	1133	1024916284	real
1460	7838	11444196575801	private_dummy
1461	1086	1191738437	real
1461	1103	1134625683	real
1461	7839	11444196575801	private_dummy
1462	112	1639569710	real
1462	113	1639569710	real
1462	502	1639569710	real
1462	7840	11444196575801	private_dummy
1463	699	1314620714	real
1463	700	1314620714	real
1463	7841	11444196575801	private_dummy
1464	3590	1212633104	real
1464	7842	11444196575801	private_dummy
1465	3592	1073192518	real
1465	7843	11444196575801	private_dummy
1466	3594	987879571	real
1466	7844	11444196575801	private_dummy
1467	3596	857765196	real
1467	7845	11444196575801	private_dummy
1468	3598	604256990	real
1468	7846	11444196575801	private_dummy
1469	3600	510400509	real
1469	7847	11444196575801	private_dummy
1470	3602	510400509	real
1470	7848	11444196575801	private_dummy
1471	1189	1476010710	real
1471	1190	1476010710	real
1471	7849	11444196575801	private_dummy
1472	1187	1212633104	real
1472	1188	1212633104	real
1472	7850	11444196575801	private_dummy
1473	1185	1073192518	real
1473	1186	1073192518	real
1473	7851	11444196575801	private_dummy
1474	1183	987879571	real
1474	1184	987879571	real
1474	7852	11444196575801	private_dummy
1475	1181	943287091	real
1475	1182	943287091	real
1475	7853	11444196575801	private_dummy
1476	1178	1533123464	real
1476	7854	11444196575801	private_dummy
1477	1176	1269745858	real
1477	7855	11444196575801	private_dummy
1478	1174	1130305272	real
1478	7856	11444196575801	private_dummy
1479	1172	1044992326	real
1479	7857	11444196575801	private_dummy
1480	1170	1000399846	real
1480	7858	11444196575801	private_dummy
1481	1144	1018025225	real
1481	1157	960912471	real
1481	7859	11444196575801	private_dummy
1482	1116	1082029038	real
1482	1131	1024916284	real
1482	7860	11444196575801	private_dummy
1483	1084	1191738437	real
1483	1101	1134625683	real
1483	7861	11444196575801	private_dummy
1484	110	1639569710	real
1484	111	1639569710	real
1484	500	1639569710	real
1484	7862	11444196575801	private_dummy
1485	694	1314620714	real
1485	695	1314620714	real
1485	1180	1314620714	real
1485	7863	11444196575801	private_dummy
1486	3605	1212633104	real
1486	7864	11444196575801	private_dummy
1487	3607	1073192518	real
1487	7865	11444196575801	private_dummy
1488	3609	987879571	real
1488	7866	11444196575801	private_dummy
1489	3611	943287091	real
1489	7867	11444196575801	private_dummy
1490	3613	876227084	real
1490	7868	11444196575801	private_dummy
1491	3615	646589376	real
1491	7869	11444196575801	private_dummy
1492	3617	586628814	real
1492	7870	11444196575801	private_dummy
1493	1167	1476010710	real
1493	1168	1476010710	real
1493	7871	11444196575801	private_dummy
1494	1165	1212633104	real
1494	1166	1212633104	real
1494	7872	11444196575801	private_dummy
1495	1163	1073192518	real
1495	1164	1073192518	real
1495	7873	11444196575801	private_dummy
1496	1161	987879571	real
1496	1162	987879571	real
1496	7874	11444196575801	private_dummy
1497	1159	943287091	real
1497	1160	943287091	real
1497	7875	11444196575801	private_dummy
1498	1157	934574386	real
1498	1158	934574386	real
1498	7876	11444196575801	private_dummy
1499	1154	1533123464	real
1499	7877	11444196575801	private_dummy
1500	1152	1269745858	real
1500	7878	11444196575801	private_dummy
1501	1150	1130305272	real
1501	7879	11444196575801	private_dummy
1502	1148	1044992326	real
1502	7880	11444196575801	private_dummy
1503	1146	1000399846	real
1503	7881	11444196575801	private_dummy
1504	1144	991687140	real
1504	7882	11444196575801	private_dummy
1505	1114	1082029038	real
1505	1129	1024916284	real
1505	7883	11444196575801	private_dummy
1506	1082	1191738437	real
1506	1099	1134625683	real
1506	7884	11444196575801	private_dummy
1507	108	1639569710	real
1507	109	1639569710	real
1507	498	1639569710	real
1507	7885	11444196575801	private_dummy
1508	689	1314620714	real
1508	690	1314620714	real
1508	1156	1314620714	real
1508	7886	11444196575801	private_dummy
1509	3620	1212633104	real
1509	7887	11444196575801	private_dummy
1510	3622	1073192518	real
1510	7888	11444196575801	private_dummy
1511	3624	987879571	real
1511	7889	11444196575801	private_dummy
1512	3626	943287091	real
1512	7890	11444196575801	private_dummy
1513	3628	934574386	real
1513	7891	11444196575801	private_dummy
1514	3630	933622378	real
1514	7892	11444196575801	private_dummy
1515	3632	737880589	real
1515	7893	11444196575801	private_dummy
1516	1141	1476010710	real
1516	1142	1476010710	real
1516	7894	11444196575801	private_dummy
1517	1139	1212633104	real
1517	1140	1212633104	real
1517	7895	11444196575801	private_dummy
1518	1137	1073192518	real
1518	1138	1073192518	real
1518	7896	11444196575801	private_dummy
1519	1135	987879571	real
1519	1136	987879571	real
1519	7897	11444196575801	private_dummy
1520	1133	943287091	real
1520	1134	943287091	real
1520	7898	11444196575801	private_dummy
1521	1131	934574386	real
1521	1132	934574386	real
1521	7899	11444196575801	private_dummy
1522	1129	960912471	real
1522	1130	960912471	real
1522	7900	11444196575801	private_dummy
1523	1126	1533123464	real
1523	7901	11444196575801	private_dummy
1524	1124	1269745858	real
1524	7902	11444196575801	private_dummy
1525	1122	1130305272	real
1525	7903	11444196575801	private_dummy
1526	1120	1044992326	real
1526	7904	11444196575801	private_dummy
1527	1118	1000399846	real
1527	7905	11444196575801	private_dummy
1528	1116	991687140	real
1528	7906	11444196575801	private_dummy
1529	1114	1018025225	real
1529	7907	11444196575801	private_dummy
1530	1080	1191738437	real
1530	1097	1134625683	real
1530	7908	11444196575801	private_dummy
1531	106	1639569710	real
1531	107	1639569710	real
1531	496	1639569710	real
1531	7909	11444196575801	private_dummy
1532	685	1314620714	real
1532	686	1314620714	real
1532	1128	1314620714	real
1532	7910	11444196575801	private_dummy
1533	3635	1212633104	real
1533	7911	11444196575801	private_dummy
1534	3637	1073192518	real
1534	7912	11444196575801	private_dummy
1535	3639	987879571	real
1535	7913	11444196575801	private_dummy
1536	3641	943287091	real
1536	7914	11444196575801	private_dummy
1537	3643	934574386	real
1537	7915	11444196575801	private_dummy
1538	3645	960912471	real
1538	7916	11444196575801	private_dummy
1539	3647	1037638743	real
1539	7917	11444196575801	private_dummy
1540	1111	1476010710	real
1540	1112	1476010710	real
1540	7918	11444196575801	private_dummy
1541	1109	1212633104	real
1541	1110	1212633104	real
1541	7919	11444196575801	private_dummy
1542	1107	1073192518	real
1542	1108	1073192518	real
1542	7920	11444196575801	private_dummy
1543	1105	987879571	real
1543	1106	987879571	real
1543	7921	11444196575801	private_dummy
1544	1103	943287091	real
1544	1104	943287091	real
1544	7922	11444196575801	private_dummy
1545	1101	934574386	real
1545	1102	934574386	real
1545	7923	11444196575801	private_dummy
1546	1099	960912471	real
1546	1100	960912471	real
1546	7924	11444196575801	private_dummy
1547	1097	1024916284	real
1547	1098	1024916284	real
1547	7925	11444196575801	private_dummy
1548	1094	1533123464	real
1548	7926	11444196575801	private_dummy
1549	1092	1269745858	real
1549	7927	11444196575801	private_dummy
1550	1090	1130305272	real
1550	7928	11444196575801	private_dummy
1551	1088	1044992326	real
1551	7929	11444196575801	private_dummy
1552	1086	1000399846	real
1552	7930	11444196575801	private_dummy
1553	1084	991687140	real
1553	7931	11444196575801	private_dummy
1554	1082	1018025225	real
1554	7932	11444196575801	private_dummy
1555	1080	1082029038	real
1555	7933	11444196575801	private_dummy
1556	104	1639569710	real
1556	105	1639569710	real
1556	494	1639569710	real
1556	7934	11444196575801	private_dummy
1557	681	1314620714	real
1557	682	1314620714	real
1557	1096	1314620714	real
1557	7935	11444196575801	private_dummy
1558	3650	1212633104	real
1558	7936	11444196575801	private_dummy
1559	3652	1073192518	real
1559	7937	11444196575801	private_dummy
1560	3654	987879571	real
1560	7938	11444196575801	private_dummy
1561	3656	943287091	real
1561	7939	11444196575801	private_dummy
1562	3658	934574386	real
1562	7940	11444196575801	private_dummy
1563	3660	960912471	real
1563	7941	11444196575801	private_dummy
1564	3662	1024916284	real
1564	7942	11444196575801	private_dummy
1565	46	1314620714	real
1565	48	1314620714	real
1565	122	1314620714	real
1565	7943	11444196575801	private_dummy
1566	2768	1212633104	real
1566	2771	1449161870	real
1566	7944	11444196575801	private_dummy
1567	2765	1073192518	real
1567	7945	11444196575801	private_dummy
1568	2762	987879571	real
1568	7946	11444196575801	private_dummy
1569	2759	943287091	real
1569	7947	11444196575801	private_dummy
1570	2756	934574386	real
1570	7948	11444196575801	private_dummy
1571	2753	960912471	real
1571	7949	11444196575801	private_dummy
1572	2750	1024916284	real
1572	7950	11444196575801	private_dummy
1573	1234	1212633104	real
1573	7951	11444196575801	private_dummy
1574	1226	1073192518	real
1574	7952	11444196575801	private_dummy
1575	1180	934574386	real
1575	7953	11444196575801	private_dummy
1576	1156	960912471	real
1576	7954	11444196575801	private_dummy
1577	1128	1024916284	real
1577	7955	11444196575801	private_dummy
1578	1096	1134625683	real
1578	7956	11444196575801	private_dummy
1579	122	1639569710	real
1579	123	1639569710	real
1579	7957	11444196575801	private_dummy
1580	3508	807618777	real
1580	7958	11444196575801	private_dummy
1581	3508	807618777	real
1581	7959	11444196575801	private_dummy
1582	3509	462578720	real
1582	7960	11444196575801	private_dummy
1583	3509	462578720	real
1583	7961	11444196575801	private_dummy
1584	3510	413766540	real
1584	7962	11444196575801	private_dummy
1585	3510	413766540	real
1585	7963	11444196575801	private_dummy
1586	3511	571090010	real
1586	7964	11444196575801	private_dummy
1587	3511	571090010	real
1587	7965	11444196575801	private_dummy
1588	3512	998844456	real
1588	7966	11444196575801	private_dummy
1589	3512	998844456	real
1589	7967	11444196575801	private_dummy
1590	176	1639569710	real
1590	7968	11444196575801	private_dummy
1591	1079	1073192518	real
1591	1096	1073192518	real
1591	7969	11444196575801	private_dummy
1592	1323	1018025225	real
1592	7970	11444196575801	private_dummy
1593	1325	991687140	real
1593	7971	11444196575801	private_dummy
1594	1327	1000399846	real
1594	7972	11444196575801	private_dummy
1595	1329	1044992326	real
1595	7973	11444196575801	private_dummy
1596	1331	1130305272	real
1596	7974	11444196575801	private_dummy
1597	1333	1269745858	real
1597	7975	11444196575801	private_dummy
1598	1335	1533123464	real
1598	7976	11444196575801	private_dummy
1599	1241	1073192518	real
1599	1337	1073192518	real
1599	7977	11444196575801	private_dummy
1600	1380	991687140	real
1600	7978	11444196575801	private_dummy
1601	1382	1000399846	real
1601	7979	11444196575801	private_dummy
1602	1384	1044992326	real
1602	7980	11444196575801	private_dummy
1603	1386	1130305272	real
1603	7981	11444196575801	private_dummy
1604	1388	1269745858	real
1604	7982	11444196575801	private_dummy
1605	1390	1533123464	real
1605	7983	11444196575801	private_dummy
1606	1379	1018025225	real
1606	1393	960912471	real
1606	7984	11444196575801	private_dummy
1607	1429	1000399846	real
1607	7985	11444196575801	private_dummy
1608	1431	1044992326	real
1608	7986	11444196575801	private_dummy
1609	1433	1130305272	real
1609	7987	11444196575801	private_dummy
1610	1435	1269745858	real
1610	7988	11444196575801	private_dummy
1611	1437	1533123464	real
1611	7989	11444196575801	private_dummy
1612	1428	991687140	real
1612	1440	934574386	real
1612	7990	11444196575801	private_dummy
1613	1471	1044992326	real
1613	7991	11444196575801	private_dummy
1614	1473	1130305272	real
1614	7992	11444196575801	private_dummy
1615	1475	1269745858	real
1615	7993	11444196575801	private_dummy
1616	1477	1533123464	real
1616	7994	11444196575801	private_dummy
1617	1256	1073192518	real
1617	1479	1073192518	real
1617	7995	11444196575801	private_dummy
1618	1505	1130305272	real
1618	7996	11444196575801	private_dummy
1619	1507	1269745858	real
1619	7997	11444196575801	private_dummy
1620	1509	1533123464	real
1620	7998	11444196575801	private_dummy
1621	1261	1073192518	real
1621	1511	1073192518	real
1621	7999	11444196575801	private_dummy
1622	1531	1269745858	real
1622	8000	11444196575801	private_dummy
1623	1533	1533123464	real
1623	8001	11444196575801	private_dummy
1624	1265	1073192518	real
1624	1535	1073192518	real
1624	8002	11444196575801	private_dummy
1625	1549	1533123464	real
1625	8003	11444196575801	private_dummy
1626	1269	1073192518	real
1626	1551	1073192518	real
1626	8004	11444196575801	private_dummy
1627	1274	1073192518	real
1627	1559	1073192518	real
1627	8005	11444196575801	private_dummy
1628	3758	763980730	real
1628	8006	11444196575801	private_dummy
1629	3756	428227305	real
1629	8007	11444196575801	private_dummy
1630	3761	714849118	real
1630	8008	11444196575801	private_dummy
1631	3761	740450349	real
1631	8009	11444196575801	private_dummy
1632	3755	417818574	real
1632	8010	11444196575801	private_dummy
1633	3753	679876228	real
1633	3754	679876228	real
1633	8011	11444196575801	private_dummy
1634	3743	217297508	real
1634	3744	388628017	real
1634	8012	11444196575801	private_dummy
1635	3746	700851062	real
1635	3747	608184533	real
1635	8013	11444196575801	private_dummy
1636	3768	428227305	real
1636	8014	11444196575801	private_dummy
1637	3744	285552758	real
1637	8015	11444196575801	private_dummy
1638	3757	646256547	real
1638	8016	11444196575801	private_dummy
1639	3770	128220304	real
1639	8017	11444196575801	private_dummy
1640	3743	342660221	real
1640	8018	11444196575801	private_dummy
1641	3750	206888777	real
1641	3751	378219287	real
1641	8019	11444196575801	private_dummy
1642	3772	553590018	real
1642	8020	11444196575801	private_dummy
1643	3747	608184533	real
1643	8021	11444196575801	private_dummy
1644	3751	378219287	real
1644	8022	11444196575801	private_dummy
1645	3774	449324806	real
1645	8023	11444196575801	private_dummy
1646	3746	356658277	real
1646	8024	11444196575801	private_dummy
1647	3750	485993722	real
1647	8025	11444196575801	private_dummy
1648	3776	934574386	real
1648	8026	11444196575801	private_dummy
1649	3763	700851062	real
1649	8027	11444196575801	private_dummy
1650	3763	622182589	real
1650	8028	11444196575801	private_dummy
1651	3761	714849118	real
1651	3762	325152045	real
1651	3767	417818574	real
1651	8029	11444196575801	private_dummy
1652	3771	356658277	real
1652	8030	11444196575801	private_dummy
1653	3773	128220304	real
1653	8031	11444196575801	private_dummy
1654	3761	760230739	real
1654	3762	700851062	real
1654	3769	622182589	real
1654	8032	11444196575801	private_dummy
1655	3771	632258491	real
1655	8033	11444196575801	private_dummy
1656	3773	206888777	real
1656	8034	11444196575801	private_dummy
1657	3760	309959545	real
1657	8035	11444196575801	private_dummy
1658	3760	388628017	real
1658	8036	11444196575801	private_dummy
1659	3759	285552758	real
1659	8037	11444196575801	private_dummy
1660	3775	388628017	real
1660	8038	11444196575801	private_dummy
1661	3777	285552758	real
1661	8039	11444196575801	private_dummy
1662	3759	513990731	real
1662	8040	11444196575801	private_dummy
1663	3775	585559758	real
1663	8041	11444196575801	private_dummy
1664	3777	285552758	real
1664	8042	11444196575801	private_dummy
1665	3673	844744762	real
1665	8043	11444196575801	private_dummy
1666	3745	798790363	real
1666	8044	11444196575801	private_dummy
1667	3745	614201447	real
1667	8045	11444196575801	private_dummy
1668	3664	535532974	real
1668	3665	535532974	real
1668	8046	11444196575801	private_dummy
1669	3666	417808791	real
1669	3667	417808791	real
1669	8047	11444196575801	private_dummy
1670	3668	486401362	real
1670	3669	486401362	real
1670	8048	11444196575801	private_dummy
1671	3670	844744762	real
1671	3671	844744762	real
1671	8049	11444196575801	private_dummy
1672	3672	901857516	real
1672	8050	11444196575801	private_dummy
1673	3784	936838513	real
1673	8051	11444196575801	private_dummy
1674	3784	671314201	real
1674	8052	11444196575801	private_dummy
1675	3665	535532974	real
1675	8053	11444196575801	private_dummy
1676	3699	189370818	real
1676	8054	11444196575801	private_dummy
1677	3705	600626871	real
1677	8055	11444196575801	private_dummy
1678	3748	553590018	real
1678	8056	11444196575801	private_dummy
1679	3748	263991748	real
1679	8057	11444196575801	private_dummy
1680	3664	693393268	real
1680	8058	11444196575801	private_dummy
1681	3678	245283838	real
1681	3681	302396592	real
1681	8059	11444196575801	private_dummy
1682	3684	174178318	real
1682	8060	11444196575801	private_dummy
1683	3689	451428472	real
1683	3691	451428472	real
1683	8061	11444196575801	private_dummy
1684	3692	830547118	real
1684	8062	11444196575801	private_dummy
1685	3787	538397518	real
1685	8063	11444196575801	private_dummy
1686	3787	263991748	real
1686	8064	11444196575801	private_dummy
1687	3667	417808791	real
1687	8065	11444196575801	private_dummy
1688	3681	302396592	real
1688	8066	11444196575801	private_dummy
1689	3727	460928780	real
1689	8067	11444196575801	private_dummy
1690	3749	622182589	real
1690	8068	11444196575801	private_dummy
1691	3749	138629035	real
1691	8069	11444196575801	private_dummy
1692	3666	451428472	real
1692	8070	11444196575801	private_dummy
1693	3678	451428472	real
1693	8071	11444196575801	private_dummy
1694	3710	271544022	real
1694	3713	328656777	real
1694	8072	11444196575801	private_dummy
1695	3716	428876476	real
1695	3718	428876476	real
1695	8073	11444196575801	private_dummy
1696	3719	499991778	real
1696	8074	11444196575801	private_dummy
1697	3790	407325249	real
1697	8075	11444196575801	private_dummy
1698	3790	277258070	real
1698	8076	11444196575801	private_dummy
1699	3669	486401362	real
1699	8077	11444196575801	private_dummy
1700	3713	328656777	real
1700	8078	11444196575801	private_dummy
1701	3739	541247193	real
1701	8079	11444196575801	private_dummy
1702	3752	754689936	real
1702	8080	11444196575801	private_dummy
1703	3752	624622757	real
1703	8081	11444196575801	private_dummy
1704	3668	428876476	real
1704	8082	11444196575801	private_dummy
1705	3684	174178318	real
1705	3699	174178318	real
1705	8083	11444196575801	private_dummy
1706	3710	428876476	real
1706	8084	11444196575801	private_dummy
1707	3732	602099362	real
1707	3734	659212116	real
1707	8085	11444196575801	private_dummy
1708	3735	473731594	real
1708	8086	11444196575801	private_dummy
1709	3793	662023407	real
1709	8087	11444196575801	private_dummy
1710	3793	428880968	real
1710	8088	11444196575801	private_dummy
1711	3671	844744762	real
1711	8089	11444196575801	private_dummy
1712	3691	451428472	real
1712	8090	11444196575801	private_dummy
1713	3718	428876476	real
1713	8091	11444196575801	private_dummy
1714	3734	659212116	real
1714	8092	11444196575801	private_dummy
1715	3742	830547118	real
1715	8093	11444196575801	private_dummy
1716	3795	662023407	real
1716	8094	11444196575801	private_dummy
1717	3795	428880968	real
1717	8095	11444196575801	private_dummy
1718	3670	602099362	real
1718	8096	11444196575801	private_dummy
1719	3689	245283838	real
1719	8097	11444196575801	private_dummy
1720	3716	271544022	real
1720	8098	11444196575801	private_dummy
1721	3732	602099362	real
1721	8099	11444196575801	private_dummy
1722	3741	685312257	real
1722	8100	11444196575801	private_dummy
1723	3797	754689936	real
1723	8101	11444196575801	private_dummy
1724	3797	521547497	real
1724	8102	11444196575801	private_dummy
1725	3765	671314201	real
1725	8103	11444196575801	private_dummy
1726	3765	728426955	real
1726	8104	11444196575801	private_dummy
1727	3783	680767834	real
1727	8105	11444196575801	private_dummy
1728	3785	737880589	real
1728	8106	11444196575801	private_dummy
1729	3786	448580664	real
1729	8107	11444196575801	private_dummy
1730	3788	321104502	real
1730	8108	11444196575801	private_dummy
1731	3766	117073316	real
1731	8109	11444196575801	private_dummy
1732	3766	255702351	real
1732	8110	11444196575801	private_dummy
1733	3789	274405770	real
1733	8111	11444196575801	private_dummy
1734	3791	289598270	real
1734	8112	11444196575801	private_dummy
1735	3792	371771474	real
1735	8113	11444196575801	private_dummy
1736	3796	293103002	real
1736	8114	11444196575801	private_dummy
1737	3798	293103002	real
1737	8115	11444196575801	private_dummy
1738	3794	725257849	real
1738	8116	11444196575801	private_dummy
1739	3796	371771474	real
1739	8117	11444196575801	private_dummy
1740	3798	293103002	real
1740	8118	11444196575801	private_dummy
1741	3763	622182589	real
1741	3764	507960342	real
1741	8119	11444196575801	private_dummy
1742	3763	622182589	real
1742	3764	507960342	real
1742	8120	11444196575801	private_dummy
1743	511	1073192518	real
1743	512	1073192518	real
1743	529	1073192518	real
1743	8121	11444196575801	private_dummy
1744	3204	807618777	real
1744	3206	1044147543	real
1744	8122	11444196575801	private_dummy
1745	3202	571090010	real
1745	8123	11444196575801	private_dummy
1746	3200	462578720	real
1746	8124	11444196575801	private_dummy
1747	3198	413766540	real
1747	8125	11444196575801	private_dummy
1748	3196	413766540	real
1748	8126	11444196575801	private_dummy
1749	3194	462578720	real
1749	8127	11444196575801	private_dummy
1750	3192	571090010	real
1750	8128	11444196575801	private_dummy
1751	124	1073192518	real
1751	125	1073192518	real
1751	175	1073192518	real
1751	8129	11444196575801	private_dummy
1752	3661	886287249	real
1752	3663	1122816016	real
1752	8130	11444196575801	private_dummy
1753	3659	649758483	real
1753	8131	11444196575801	private_dummy
1754	3657	541247193	real
1754	8132	11444196575801	private_dummy
1755	3655	492435012	real
1755	8133	11444196575801	private_dummy
1756	3653	492435012	real
1756	8134	11444196575801	private_dummy
1757	3651	541247193	real
1757	8135	11444196575801	private_dummy
1758	3649	649758483	real
1758	8136	11444196575801	private_dummy
1759	721	1073192518	real
1759	722	1073192518	real
1759	772	1073192518	real
1759	773	1073192518	real
1759	8137	11444196575801	private_dummy
1760	131	1639569710	real
1760	132	1639569710	real
1760	514	1639569710	real
1760	8138	11444196575801	private_dummy
1761	728	1314620714	real
1761	729	1371733469	real
1761	1081	1314620714	real
1761	8139	11444196575801	private_dummy
1762	3800	1314620714	real
1762	8140	11444196575801	private_dummy
1763	3675	671314201	real
1763	8141	11444196575801	private_dummy
1764	3677	448580664	real
1764	8142	11444196575801	private_dummy
1765	3680	356658277	real
1765	8143	11444196575801	private_dummy
1766	3683	328662964	real
1766	8144	11444196575801	private_dummy
1767	3686	356658277	real
1767	8145	11444196575801	private_dummy
1768	3688	448580664	real
1768	8146	11444196575801	private_dummy
1769	128	1639569710	real
1769	129	1639569710	real
1769	8147	11444196575801	private_dummy
1770	725	1371733469	real
1770	726	1371733469	real
1770	8148	11444196575801	private_dummy
1771	1278	1018025225	real
1771	1279	1018025225	real
1771	1281	960912471	real
1771	1282	960912471	real
1771	8149	11444196575801	private_dummy
1772	1284	991687140	real
1772	1285	991687140	real
1772	1287	934574386	real
1772	1288	934574386	real
1772	8150	11444196575801	private_dummy
1773	1290	1000399846	real
1773	1291	1000399846	real
1773	1293	943287091	real
1773	1294	943287091	real
1773	8151	11444196575801	private_dummy
1774	1296	1044992326	real
1774	1297	1044992326	real
1774	1299	987879571	real
1774	1300	987879571	real
1774	8152	11444196575801	private_dummy
1775	1302	1130305272	real
1775	1303	1130305272	real
1775	1305	1073192518	real
1775	1306	1073192518	real
1775	8153	11444196575801	private_dummy
1776	1308	1269745858	real
1776	1309	1269745858	real
1776	1311	1212633104	real
1776	1312	1212633104	real
1776	8154	11444196575801	private_dummy
1777	1314	1533123464	real
1777	1315	1533123464	real
1777	1317	1476010710	real
1777	1318	1476010710	real
1777	8155	11444196575801	private_dummy
1778	1238	1073192518	real
1778	1240	1073192518	real
1778	1320	1073192518	real
1778	1321	1073192518	real
1778	8156	11444196575801	private_dummy
1779	137	1639569710	real
1779	138	1639569710	real
1779	516	1639569710	real
1779	8157	11444196575801	private_dummy
1780	734	1314620714	real
1780	735	1371733469	real
1780	1083	1314620714	real
1780	8158	11444196575801	private_dummy
1781	1281	1024916284	real
1781	1283	1082029038	real
1781	8159	11444196575801	private_dummy
1782	1245	1073192518	real
1782	1246	1073192518	real
1782	1392	1073192518	real
1782	8160	11444196575801	private_dummy
1783	3802	1314620714	real
1783	8161	11444196575801	private_dummy
1784	3804	829174495	real
1784	8162	11444196575801	private_dummy
1785	3694	448580664	real
1785	8163	11444196575801	private_dummy
1786	3696	242436030	real
1786	8164	11444196575801	private_dummy
1787	3698	171330510	real
1787	8165	11444196575801	private_dummy
1788	3701	171330510	real
1788	8166	11444196575801	private_dummy
1789	3703	242436030	real
1789	8167	11444196575801	private_dummy
1790	134	1639569710	real
1790	135	1639569710	real
1790	8168	11444196575801	private_dummy
1791	731	1371733469	real
1791	732	1371733469	real
1791	8169	11444196575801	private_dummy
1792	1278	1082029038	real
1792	1280	1082029038	real
1792	1324	1024916284	real
1792	8170	11444196575801	private_dummy
1793	1342	991687140	real
1793	1343	991687140	real
1793	1345	934574386	real
1793	1346	934574386	real
1793	8171	11444196575801	private_dummy
1794	1348	1000399846	real
1794	1349	1000399846	real
1794	1351	943287091	real
1794	1352	943287091	real
1794	8172	11444196575801	private_dummy
1795	1354	1044992326	real
1795	1355	1044992326	real
1795	1357	987879571	real
1795	1358	987879571	real
1795	8173	11444196575801	private_dummy
1796	1360	1130305272	real
1796	1361	1130305272	real
1796	1363	1073192518	real
1796	1364	1073192518	real
1796	8174	11444196575801	private_dummy
1797	1366	1269745858	real
1797	1367	1269745858	real
1797	1369	1212633104	real
1797	1370	1212633104	real
1797	8175	11444196575801	private_dummy
1798	1372	1533123464	real
1798	1373	1533123464	real
1798	1375	1476010710	real
1798	1376	1476010710	real
1798	8176	11444196575801	private_dummy
1799	1242	1073192518	real
1799	1244	1073192518	real
1799	1378	1073192518	real
1799	8177	11444196575801	private_dummy
1800	143	1639569710	real
1800	144	1639569710	real
1800	518	1639569710	real
1800	8178	11444196575801	private_dummy
1801	740	1314620714	real
1801	741	1371733469	real
1801	1085	1314620714	real
1801	8179	11444196575801	private_dummy
1802	1287	1024916284	real
1802	1289	1082029038	real
1802	8180	11444196575801	private_dummy
1803	1345	960912471	real
1803	1347	1018025225	real
1803	8181	11444196575801	private_dummy
1804	1250	1073192518	real
1804	1251	1073192518	real
1804	1439	1073192518	real
1804	8182	11444196575801	private_dummy
1805	3806	1314620714	real
1805	8183	11444196575801	private_dummy
1806	3808	829174495	real
1806	8184	11444196575801	private_dummy
1807	3810	592645728	real
1807	8185	11444196575801	private_dummy
1808	3707	381065064	real
1808	8186	11444196575801	private_dummy
1809	3709	195737297	real
1809	8187	11444196575801	private_dummy
1810	3712	152627091	real
1810	8188	11444196575801	private_dummy
1811	3715	195737297	real
1811	8189	11444196575801	private_dummy
1812	140	1639569710	real
1812	141	1639569710	real
1812	8190	11444196575801	private_dummy
1813	737	1371733469	real
1813	738	1371733469	real
1813	8191	11444196575801	private_dummy
1814	1284	1082029038	real
1814	1286	1082029038	real
1814	1326	1024916284	real
1814	8192	11444196575801	private_dummy
1815	1342	1018025225	real
1815	1344	1018025225	real
1815	1381	960912471	real
1815	8193	11444196575801	private_dummy
1816	1397	1000399846	real
1816	1398	1000399846	real
1816	1400	943287091	real
1816	1401	943287091	real
1816	8194	11444196575801	private_dummy
1817	1403	1044992326	real
1817	1404	1044992326	real
1817	1406	987879571	real
1817	1407	987879571	real
1817	8195	11444196575801	private_dummy
1818	1409	1130305272	real
1818	1410	1130305272	real
1818	1412	1073192518	real
1818	1413	1073192518	real
1818	8196	11444196575801	private_dummy
1819	1415	1269745858	real
1819	1416	1269745858	real
1819	1418	1212633104	real
1819	1419	1212633104	real
1819	8197	11444196575801	private_dummy
1820	1421	1533123464	real
1820	1422	1533123464	real
1820	1424	1476010710	real
1820	1425	1476010710	real
1820	8198	11444196575801	private_dummy
1821	1247	1073192518	real
1821	1249	1073192518	real
1821	1427	1073192518	real
1821	8199	11444196575801	private_dummy
1822	149	1639569710	real
1822	150	1639569710	real
1822	520	1639569710	real
1822	8200	11444196575801	private_dummy
1823	746	1314620714	real
1823	747	1371733469	real
1823	1087	1314620714	real
1823	8201	11444196575801	private_dummy
1824	1293	1024916284	real
1824	1295	1082029038	real
1824	8202	11444196575801	private_dummy
1825	1351	960912471	real
1825	1353	1018025225	real
1825	8203	11444196575801	private_dummy
1826	1400	934574386	real
1826	1402	991687140	real
1826	8204	11444196575801	private_dummy
1827	3812	1314620714	real
1827	8205	11444196575801	private_dummy
1828	3814	829174495	real
1828	8206	11444196575801	private_dummy
1829	3816	592645728	real
1829	8207	11444196575801	private_dummy
1830	3818	484134439	real
1830	8208	11444196575801	private_dummy
1831	3721	368262251	real
1831	8209	11444196575801	private_dummy
1832	3723	210929797	real
1832	8210	11444196575801	private_dummy
1833	3725	210929797	real
1833	8211	11444196575801	private_dummy
1834	146	1639569710	real
1834	147	1639569710	real
1834	8212	11444196575801	private_dummy
1835	743	1371733469	real
1835	744	1371733469	real
1835	8213	11444196575801	private_dummy
1836	1290	1082029038	real
1836	1292	1082029038	real
1836	1328	1024916284	real
1836	8214	11444196575801	private_dummy
1837	1348	1018025225	real
1837	1350	1018025225	real
1837	1383	960912471	real
1837	8215	11444196575801	private_dummy
1838	1397	991687140	real
1838	1399	991687140	real
1838	1430	934574386	real
1838	8216	11444196575801	private_dummy
1839	1444	1044992326	real
1839	1445	1044992326	real
1839	1447	987879571	real
1839	1448	987879571	real
1839	8217	11444196575801	private_dummy
1840	1450	1130305272	real
1840	1451	1130305272	real
1840	1453	1073192518	real
1840	1454	1073192518	real
1840	8218	11444196575801	private_dummy
1841	1456	1269745858	real
1841	1457	1269745858	real
1841	1459	1212633104	real
1841	1460	1212633104	real
1841	8219	11444196575801	private_dummy
1842	1462	1533123464	real
1842	1463	1533123464	real
1842	1465	1476010710	real
1842	1466	1476010710	real
1842	8220	11444196575801	private_dummy
1843	1252	1073192518	real
1843	1254	1073192518	real
1843	1468	1073192518	real
1843	1469	1073192518	real
1843	8221	11444196575801	private_dummy
1844	155	1639569710	real
1844	156	1639569710	real
1844	522	1639569710	real
1844	8222	11444196575801	private_dummy
1845	752	1314620714	real
1845	753	1371733469	real
1845	1089	1314620714	real
1845	8223	11444196575801	private_dummy
1846	1299	1024916284	real
1846	1301	1082029038	real
1846	8224	11444196575801	private_dummy
1847	1357	960912471	real
1847	1359	1018025225	real
1847	8225	11444196575801	private_dummy
1848	1406	934574386	real
1848	1408	991687140	real
1848	8226	11444196575801	private_dummy
1849	1447	943287091	real
1849	1449	1000399846	real
1849	8227	11444196575801	private_dummy
1850	3820	1314620714	real
1850	8228	11444196575801	private_dummy
1851	3822	829174495	real
1851	8229	11444196575801	private_dummy
1852	3824	592645728	real
1852	8230	11444196575801	private_dummy
1853	3826	484134439	real
1853	8231	11444196575801	private_dummy
1854	3828	435322258	real
1854	8232	11444196575801	private_dummy
1855	3729	407325249	real
1855	8233	11444196575801	private_dummy
1856	3731	293103002	real
1856	8234	11444196575801	private_dummy
1857	152	1639569710	real
1857	153	1639569710	real
1857	8235	11444196575801	private_dummy
1858	749	1371733469	real
1858	750	1371733469	real
1858	8236	11444196575801	private_dummy
1859	1296	1082029038	real
1859	1298	1082029038	real
1859	1330	1024916284	real
1859	8237	11444196575801	private_dummy
1860	1354	1018025225	real
1860	1356	1018025225	real
1860	1385	960912471	real
1860	8238	11444196575801	private_dummy
1861	1403	991687140	real
1861	1405	991687140	real
1861	1432	934574386	real
1861	8239	11444196575801	private_dummy
1862	1444	1000399846	real
1862	1446	1000399846	real
1862	1472	943287091	real
1862	8240	11444196575801	private_dummy
1863	1484	1130305272	real
1863	1485	1130305272	real
1863	1487	1073192518	real
1863	1488	1073192518	real
1863	8241	11444196575801	private_dummy
1864	1490	1269745858	real
1864	1491	1269745858	real
1864	1493	1212633104	real
1864	1494	1212633104	real
1864	8242	11444196575801	private_dummy
1865	1496	1533123464	real
1865	1497	1533123464	real
1865	1499	1476010710	real
1865	1500	1476010710	real
1865	8243	11444196575801	private_dummy
1866	1257	1073192518	real
1866	1259	1073192518	real
1866	1502	1073192518	real
1866	1503	1073192518	real
1866	8244	11444196575801	private_dummy
1867	161	1639569710	real
1867	162	1639569710	real
1867	524	1639569710	real
1867	8245	11444196575801	private_dummy
1868	758	1314620714	real
1868	759	1371733469	real
1868	1091	1314620714	real
1868	8246	11444196575801	private_dummy
1869	1305	1024916284	real
1869	1307	1082029038	real
1869	8247	11444196575801	private_dummy
1870	1363	960912471	real
1870	1365	1018025225	real
1870	8248	11444196575801	private_dummy
1871	1412	934574386	real
1871	1414	991687140	real
1871	8249	11444196575801	private_dummy
1872	1453	943287091	real
1872	1455	1000399846	real
1872	8250	11444196575801	private_dummy
1873	1487	987879571	real
1873	1489	1044992326	real
1873	8251	11444196575801	private_dummy
1874	3830	1314620714	real
1874	8252	11444196575801	private_dummy
1875	3832	829174495	real
1875	8253	11444196575801	private_dummy
1876	3834	592645728	real
1876	8254	11444196575801	private_dummy
1877	3836	484134439	real
1877	8255	11444196575801	private_dummy
1878	3838	435322258	real
1878	8256	11444196575801	private_dummy
1879	3840	435322258	real
1879	8257	11444196575801	private_dummy
1880	3737	507960342	real
1880	8258	11444196575801	private_dummy
1881	158	1639569710	real
1881	159	1639569710	real
1881	8259	11444196575801	private_dummy
1882	755	1371733469	real
1882	756	1371733469	real
1882	8260	11444196575801	private_dummy
1883	1302	1082029038	real
1883	1304	1082029038	real
1883	1332	1024916284	real
1883	8261	11444196575801	private_dummy
1884	1360	1018025225	real
1884	1362	1018025225	real
1884	1387	960912471	real
1884	8262	11444196575801	private_dummy
1885	1409	991687140	real
1885	1411	991687140	real
1885	1434	934574386	real
1885	8263	11444196575801	private_dummy
1886	1450	1000399846	real
1886	1452	1000399846	real
1886	1474	943287091	real
1886	8264	11444196575801	private_dummy
1887	1484	1044992326	real
1887	1486	1044992326	real
1887	1506	987879571	real
1887	8265	11444196575801	private_dummy
1888	1516	1269745858	real
1888	1517	1269745858	real
1888	1519	1212633104	real
1888	1520	1212633104	real
1888	8266	11444196575801	private_dummy
1889	1522	1533123464	real
1889	1523	1533123464	real
1889	1525	1476010710	real
1889	1526	1476010710	real
1889	8267	11444196575801	private_dummy
1890	1262	1073192518	real
1890	1264	1073192518	real
1890	1528	1073192518	real
1890	1529	1073192518	real
1890	8268	11444196575801	private_dummy
1891	167	1639569710	real
1891	168	1639569710	real
1891	526	1639569710	real
1891	8269	11444196575801	private_dummy
1892	764	1314620714	real
1892	765	1371733469	real
1892	1093	1314620714	real
1892	8270	11444196575801	private_dummy
1893	1311	1024916284	real
1893	1313	1082029038	real
1893	8271	11444196575801	private_dummy
1894	1369	960912471	real
1894	1371	1018025225	real
1894	8272	11444196575801	private_dummy
1895	1418	934574386	real
1895	1420	991687140	real
1895	8273	11444196575801	private_dummy
1896	1459	943287091	real
1896	1461	1000399846	real
1896	8274	11444196575801	private_dummy
1897	1493	987879571	real
1897	1495	1044992326	real
1897	8275	11444196575801	private_dummy
1898	1519	1073192518	real
1898	1521	1130305272	real
1898	8276	11444196575801	private_dummy
1899	3842	1314620714	real
1899	8277	11444196575801	private_dummy
1900	3844	829174495	real
1900	8278	11444196575801	private_dummy
1901	3846	592645728	real
1901	8279	11444196575801	private_dummy
1902	3848	484134439	real
1902	8280	11444196575801	private_dummy
1903	3850	435322258	real
1903	8281	11444196575801	private_dummy
1904	3852	435322258	real
1904	8282	11444196575801	private_dummy
1905	3854	484134439	real
1905	8283	11444196575801	private_dummy
1906	164	1639569710	real
1906	165	1639569710	real
1906	8284	11444196575801	private_dummy
1907	761	1371733469	real
1907	762	1371733469	real
1907	8285	11444196575801	private_dummy
1908	1308	1082029038	real
1908	1310	1082029038	real
1908	1334	1024916284	real
1908	8286	11444196575801	private_dummy
1909	1366	1018025225	real
1909	1368	1018025225	real
1909	1389	960912471	real
1909	8287	11444196575801	private_dummy
1910	1415	991687140	real
1910	1417	991687140	real
1910	1436	934574386	real
1910	8288	11444196575801	private_dummy
1911	1456	1000399846	real
1911	1458	1000399846	real
1911	1476	943287091	real
1911	8289	11444196575801	private_dummy
1912	1490	1044992326	real
1912	1492	1044992326	real
1912	1508	987879571	real
1912	8290	11444196575801	private_dummy
1913	1516	1130305272	real
1913	1518	1130305272	real
1913	1532	1073192518	real
1913	8291	11444196575801	private_dummy
1914	1540	1533123464	real
1914	1541	1533123464	real
1914	1543	1476010710	real
1914	1544	1476010710	real
1914	8292	11444196575801	private_dummy
1915	1266	1073192518	real
1915	1268	1073192518	real
1915	1546	1073192518	real
1915	1547	1073192518	real
1915	8293	11444196575801	private_dummy
1916	173	1639569710	real
1916	174	1639569710	real
1916	528	1639569710	real
1916	8294	11444196575801	private_dummy
1917	770	1314620714	real
1917	771	1371733469	real
1917	1095	1314620714	real
1917	8295	11444196575801	private_dummy
1918	1317	1024916284	real
1918	1319	1082029038	real
1918	8296	11444196575801	private_dummy
1919	1375	960912471	real
1919	1377	1018025225	real
1919	8297	11444196575801	private_dummy
1920	1424	934574386	real
1920	1426	991687140	real
1920	8298	11444196575801	private_dummy
1921	1465	943287091	real
1921	1467	1000399846	real
1921	8299	11444196575801	private_dummy
1922	1499	987879571	real
1922	1501	1044992326	real
1922	8300	11444196575801	private_dummy
1923	1525	1073192518	real
1923	1527	1130305272	real
1923	8301	11444196575801	private_dummy
1924	1543	1212633104	real
1924	1545	1269745858	real
1924	8302	11444196575801	private_dummy
1925	3856	1314620714	real
1925	8303	11444196575801	private_dummy
1926	3858	829174495	real
1926	8304	11444196575801	private_dummy
1927	3860	592645728	real
1927	8305	11444196575801	private_dummy
1928	3862	484134439	real
1928	8306	11444196575801	private_dummy
1929	3864	435322258	real
1929	8307	11444196575801	private_dummy
1930	3866	435322258	real
1930	8308	11444196575801	private_dummy
1931	3868	484134439	real
1931	8309	11444196575801	private_dummy
1932	170	1639569710	real
1932	171	1639569710	real
1932	8310	11444196575801	private_dummy
1933	767	1371733469	real
1933	768	1371733469	real
1933	8311	11444196575801	private_dummy
1934	1314	1082029038	real
1934	1316	1082029038	real
1934	1336	1024916284	real
1934	8312	11444196575801	private_dummy
1935	1372	1018025225	real
1935	1374	1018025225	real
1935	1391	960912471	real
1935	8313	11444196575801	private_dummy
1936	1421	991687140	real
1936	1423	991687140	real
1936	1438	934574386	real
1936	8314	11444196575801	private_dummy
1937	1462	1000399846	real
1937	1464	1000399846	real
1937	1478	943287091	real
1937	8315	11444196575801	private_dummy
1938	1496	1044992326	real
1938	1498	1044992326	real
1938	1510	987879571	real
1938	8316	11444196575801	private_dummy
1939	1522	1130305272	real
1939	1524	1130305272	real
1939	1534	1073192518	real
1939	8317	11444196575801	private_dummy
1940	1540	1269745858	real
1940	1542	1269745858	real
1940	1550	1212633104	real
1940	8318	11444196575801	private_dummy
1941	1270	1073192518	real
1941	1272	1073192518	real
1941	1556	1073192518	real
1941	1557	1073192518	real
1941	8319	11444196575801	private_dummy
1942	773	1314620714	real
1942	774	1371733469	real
1942	8320	11444196575801	private_dummy
1943	1320	1024916284	real
1943	1322	1082029038	real
1943	1338	1024916284	real
1943	8321	11444196575801	private_dummy
1944	1468	943287091	real
1944	1470	1000399846	real
1944	1480	943287091	real
1944	8322	11444196575801	private_dummy
1945	1502	987879571	real
1945	1504	1044992326	real
1945	1512	987879571	real
1945	8323	11444196575801	private_dummy
1946	1528	1073192518	real
1946	1530	1130305272	real
1946	1536	1073192518	real
1946	8324	11444196575801	private_dummy
1947	1546	1212633104	real
1947	1548	1269745858	real
1947	1552	1212633104	real
1947	8325	11444196575801	private_dummy
1948	1556	1476010710	real
1948	1558	1533123464	real
1948	1560	1476010710	real
1948	8326	11444196575801	private_dummy
1949	125	1639569710	real
1949	126	1639569710	real
1949	512	1639569710	real
1949	8327	11444196575801	private_dummy
1950	722	1314620714	real
1950	723	1314620714	real
1950	8328	11444196575801	private_dummy
1951	1238	1024916284	real
1951	1239	1024916284	real
1951	8329	11444196575801	private_dummy
1952	1242	960912471	real
1952	1243	960912471	real
1952	1245	960912471	real
1952	8330	11444196575801	private_dummy
1953	1247	934574386	real
1953	1248	934574386	real
1953	1250	934574386	real
1953	8331	11444196575801	private_dummy
1954	1252	943287091	real
1954	1253	943287091	real
1954	1255	943287091	real
1954	8332	11444196575801	private_dummy
1955	1257	987879571	real
1955	1258	987879571	real
1955	1260	987879571	real
1955	8333	11444196575801	private_dummy
1956	1262	1073192518	real
1956	1263	1073192518	real
1956	8334	11444196575801	private_dummy
1957	1266	1212633104	real
1957	1267	1212633104	real
1957	8335	11444196575801	private_dummy
1958	1270	1476010710	real
1958	1271	1476010710	real
1958	1273	1476010710	real
1958	8336	11444196575801	private_dummy
1959	3778	1212633104	real
1959	8337	11444196575801	private_dummy
1960	3778	1212633104	real
1960	8338	11444196575801	private_dummy
1961	3779	535532974	real
1961	8339	11444196575801	private_dummy
1962	3779	592645728	real
1962	8340	11444196575801	private_dummy
1963	3780	323952310	real
1963	8341	11444196575801	private_dummy
1964	3780	381065064	real
1964	8342	11444196575801	private_dummy
1965	3781	350212495	real
1965	8343	11444196575801	private_dummy
1966	3781	407325249	real
1966	8344	11444196575801	private_dummy
1967	3782	680767834	real
1967	8345	11444196575801	private_dummy
1968	3782	737880589	real
1968	8346	11444196575801	private_dummy
1969	1681	1212633104	real
1969	8347	11444196575801	private_dummy
1970	1673	1073192518	real
1970	8348	11444196575801	private_dummy
1971	1662	987879571	real
1971	8349	11444196575801	private_dummy
1972	1647	943287091	real
1972	8350	11444196575801	private_dummy
1973	1627	934574386	real
1973	8351	11444196575801	private_dummy
1974	1603	960912471	real
1974	8352	11444196575801	private_dummy
1975	1575	1024916284	real
1975	8353	11444196575801	private_dummy
1976	1671	1073192518	real
1976	8354	11444196575801	private_dummy
1977	1660	987879571	real
1977	8355	11444196575801	private_dummy
1978	1645	943287091	real
1978	8356	11444196575801	private_dummy
1979	1625	934574386	real
1979	8357	11444196575801	private_dummy
1980	1601	960912471	real
1980	8358	11444196575801	private_dummy
1981	1573	1024916284	real
1981	8359	11444196575801	private_dummy
1982	1269	1134625683	real
1982	8360	11444196575801	private_dummy
1983	1658	987879571	real
1983	8361	11444196575801	private_dummy
1984	1643	943287091	real
1984	8362	11444196575801	private_dummy
1985	1623	934574386	real
1985	8363	11444196575801	private_dummy
1986	1599	960912471	real
1986	8364	11444196575801	private_dummy
1987	1571	1024916284	real
1987	8365	11444196575801	private_dummy
1988	1265	1134625683	real
1988	8366	11444196575801	private_dummy
1989	1641	943287091	real
1989	8367	11444196575801	private_dummy
1990	1621	934574386	real
1990	8368	11444196575801	private_dummy
1991	1597	960912471	real
1991	8369	11444196575801	private_dummy
1992	1569	1024916284	real
1992	8370	11444196575801	private_dummy
1993	1619	934574386	real
1993	8371	11444196575801	private_dummy
1994	1595	960912471	real
1994	8372	11444196575801	private_dummy
1995	1567	1024916284	real
1995	8373	11444196575801	private_dummy
1996	1593	960912471	real
1996	8374	11444196575801	private_dummy
1997	1565	1024916284	real
1997	8375	11444196575801	private_dummy
1998	1251	1134625683	real
1998	8376	11444196575801	private_dummy
1999	1563	1024916284	real
1999	8377	11444196575801	private_dummy
2000	1246	1134625683	real
2000	8378	11444196575801	private_dummy
2001	1241	1134625683	real
2001	8379	11444196575801	private_dummy
2002	1079	1134625683	real
2002	8380	11444196575801	private_dummy
2003	511	1134625683	real
2003	8381	11444196575801	private_dummy
2004	3915	646256547	real
2004	8382	11444196575801	private_dummy
2005	3913	646256547	real
2005	8383	11444196575801	private_dummy
2006	3918	1040108784	real
2006	8384	11444196575801	private_dummy
2007	3918	1040108784	real
2007	8385	11444196575801	private_dummy
2008	3912	449324806	real
2008	8386	11444196575801	private_dummy
2009	3910	679876228	real
2009	3911	679876228	real
2009	8387	11444196575801	private_dummy
2010	3900	217297508	real
2010	3901	388628017	real
2010	8388	11444196575801	private_dummy
2011	3903	700851062	real
2011	3904	700851062	real
2011	8389	11444196575801	private_dummy
2012	3925	428227305	real
2012	8390	11444196575801	private_dummy
2013	3901	388628017	real
2013	8391	11444196575801	private_dummy
2014	3914	714849118	real
2014	8392	11444196575801	private_dummy
2015	3927	428227305	real
2015	8393	11444196575801	private_dummy
2016	3900	471995666	real
2016	8394	11444196575801	private_dummy
2017	3907	403820517	real
2017	3908	403820517	real
2017	8395	11444196575801	private_dummy
2018	3929	934574386	real
2018	8396	11444196575801	private_dummy
2019	3904	356658277	real
2019	8397	11444196575801	private_dummy
2020	3908	232485516	real
2020	8398	11444196575801	private_dummy
2021	3931	553590018	real
2021	8399	11444196575801	private_dummy
2022	3903	485993722	real
2022	8400	11444196575801	private_dummy
2023	3907	356658277	real
2023	8401	11444196575801	private_dummy
2024	3933	553590018	real
2024	8402	11444196575801	private_dummy
2025	3920	921841024	real
2025	8403	11444196575801	private_dummy
2026	3920	921841024	real
2026	8404	11444196575801	private_dummy
2027	3918	1046013786	real
2027	3919	606657260	real
2027	3924	449324806	real
2027	8405	11444196575801	private_dummy
2028	3928	378219287	real
2028	8406	11444196575801	private_dummy
2029	3930	378219287	real
2029	8407	11444196575801	private_dummy
2030	3918	1059889174	real
2030	3919	872181572	real
2030	3926	714849118	real
2030	8408	11444196575801	private_dummy
2031	3928	575151027	real
2031	8409	11444196575801	private_dummy
2032	3930	378219287	real
2032	8410	11444196575801	private_dummy
2033	3917	559958527	real
2033	8411	11444196575801	private_dummy
2034	3917	559958527	real
2034	8412	11444196575801	private_dummy
2035	3916	559958527	real
2035	8413	11444196575801	private_dummy
2036	3932	513990731	real
2036	8414	11444196575801	private_dummy
2037	3934	482484498	real
2037	8415	11444196575801	private_dummy
2038	3916	814656685	real
2038	8416	11444196575801	private_dummy
2039	3932	606657260	real
2039	8417	11444196575801	private_dummy
2040	3934	585559758	real
2040	8418	11444196575801	private_dummy
2041	3879	737880589	real
2041	8419	11444196575801	private_dummy
2042	3902	592645728	real
2042	8420	11444196575801	private_dummy
2043	3902	706867976	real
2043	8421	11444196575801	private_dummy
2044	3870	602099362	real
2044	3871	659212116	real
2044	8422	11444196575801	private_dummy
2045	3872	428876476	real
2045	3873	428876476	real
2045	8423	11444196575801	private_dummy
2046	3874	451428472	real
2046	3875	451428472	real
2046	8424	11444196575801	private_dummy
2047	3876	844744762	real
2047	3877	844744762	real
2047	8425	11444196575801	private_dummy
2048	3878	886287249	real
2048	8426	11444196575801	private_dummy
2049	3941	798790363	real
2049	8427	11444196575801	private_dummy
2050	3941	706867976	real
2050	8428	11444196575801	private_dummy
2051	3871	659212116	real
2051	8429	11444196575801	private_dummy
2052	3886	174178318	real
2052	8430	11444196575801	private_dummy
2053	3887	510400509	real
2053	8431	11444196575801	private_dummy
2054	3905	435322258	real
2054	8432	11444196575801	private_dummy
2055	3905	392212052	real
2055	8433	11444196575801	private_dummy
2056	3870	844744762	real
2056	8434	11444196575801	private_dummy
2057	3880	271544022	real
2057	3881	328656777	real
2057	8435	11444196575801	private_dummy
2058	3882	174178318	real
2058	8436	11444196575801	private_dummy
2059	3883	486401362	real
2059	3884	486401362	real
2059	8437	11444196575801	private_dummy
2060	3885	586628814	real
2060	8438	11444196575801	private_dummy
2061	3944	435322258	real
2061	8439	11444196575801	private_dummy
2062	3944	392212052	real
2062	8440	11444196575801	private_dummy
2063	3873	428876476	real
2063	8441	11444196575801	private_dummy
2064	3881	328656777	real
2064	8442	11444196575801	private_dummy
2065	3893	510400509	real
2065	8443	11444196575801	private_dummy
2066	3906	484134439	real
2066	8444	11444196575801	private_dummy
2067	3906	392212052	real
2067	8445	11444196575801	private_dummy
2068	3872	486401362	real
2068	8446	11444196575801	private_dummy
2069	3880	486401362	real
2069	8447	11444196575801	private_dummy
2070	3888	245283838	real
2070	3889	302396592	real
2070	8448	11444196575801	private_dummy
2071	3890	417808791	real
2071	3891	417808791	real
2071	8449	11444196575801	private_dummy
2072	3892	486530011	real
2072	8450	11444196575801	private_dummy
2073	3947	277989805	real
2073	8451	11444196575801	private_dummy
2074	3947	495287312	real
2074	8452	11444196575801	private_dummy
2075	3875	451428472	real
2075	8453	11444196575801	private_dummy
2076	3889	302396592	real
2076	8454	11444196575801	private_dummy
2077	3897	737880589	real
2077	8455	11444196575801	private_dummy
2078	3909	592645728	real
2078	8456	11444196575801	private_dummy
2079	3909	809943236	real
2079	8457	11444196575801	private_dummy
2080	3874	417808791	real
2080	8458	11444196575801	private_dummy
2081	3882	189370818	real
2081	3886	189370818	real
2081	8459	11444196575801	private_dummy
2082	3888	417808791	real
2082	8460	11444196575801	private_dummy
2083	3894	535532974	real
2083	3895	535532974	real
2083	8461	11444196575801	private_dummy
2084	3896	586628814	real
2084	8462	11444196575801	private_dummy
2085	3950	671314201	real
2085	8463	11444196575801	private_dummy
2086	3950	671314201	real
2086	8464	11444196575801	private_dummy
2087	3877	844744762	real
2087	8465	11444196575801	private_dummy
2088	3884	486401362	real
2088	8466	11444196575801	private_dummy
2089	3891	417808791	real
2089	8467	11444196575801	private_dummy
2090	3895	535532974	real
2090	8468	11444196575801	private_dummy
2091	3899	998844456	real
2091	8469	11444196575801	private_dummy
2092	3952	671314201	real
2092	8470	11444196575801	private_dummy
2093	3952	614201447	real
2093	8471	11444196575801	private_dummy
2094	3876	693393268	real
2094	8472	11444196575801	private_dummy
2095	3883	348353212	real
2095	8473	11444196575801	private_dummy
2096	3890	299541031	real
2096	8474	11444196575801	private_dummy
2097	3894	456864501	real
2097	8475	11444196575801	private_dummy
2098	3898	1055957210	real
2098	8476	11444196575801	private_dummy
2099	3954	592645728	real
2099	8477	11444196575801	private_dummy
2100	3954	614201447	real
2100	8478	11444196575801	private_dummy
2101	3922	370656334	real
2101	8479	11444196575801	private_dummy
2102	3922	473731594	real
2102	8480	11444196575801	private_dummy
2103	3940	829174495	real
2103	8481	11444196575801	private_dummy
2104	3942	592645728	real
2104	8482	11444196575801	private_dummy
2105	3943	484134439	real
2105	8483	11444196575801	private_dummy
2106	3945	435322258	real
2106	8484	11444196575801	private_dummy
2107	3923	370656334	real
2107	8485	11444196575801	private_dummy
2108	3923	473731594	real
2108	8486	11444196575801	private_dummy
2109	3946	435322258	real
2109	8487	11444196575801	private_dummy
2110	3948	484134439	real
2110	8488	11444196575801	private_dummy
2111	3949	592645728	real
2111	8489	11444196575801	private_dummy
2112	3953	456864501	real
2112	8490	11444196575801	private_dummy
2113	3955	513977256	real
2113	8491	11444196575801	private_dummy
2114	3951	886287249	real
2114	8492	11444196575801	private_dummy
2115	3953	513977256	real
2115	8493	11444196575801	private_dummy
2116	3955	571090010	real
2116	8494	11444196575801	private_dummy
2117	3920	1000509497	real
2117	3921	964955722	real
2117	8495	11444196575801	private_dummy
2118	3920	978953778	real
2118	3921	886287249	real
2118	8496	11444196575801	private_dummy
2119	1273	1134625683	real
2119	1274	1134625683	real
2119	8497	11444196575801	private_dummy
2120	1680	1269745858	real
2120	1683	1212633104	real
2120	8498	11444196575801	private_dummy
2121	1672	1130305272	real
2121	1677	1073192518	real
2121	8499	11444196575801	private_dummy
2122	1661	1044992326	real
2122	1667	987879571	real
2122	8500	11444196575801	private_dummy
2123	1646	1000399846	real
2123	1654	943287091	real
2123	8501	11444196575801	private_dummy
2124	1626	991687140	real
2124	1637	934574386	real
2124	8502	11444196575801	private_dummy
2125	1602	1018025225	real
2125	1615	960912471	real
2125	8503	11444196575801	private_dummy
2126	1574	1082029038	real
2126	1589	1024916284	real
2126	8504	11444196575801	private_dummy
2127	789	1371733469	real
2127	790	1314620714	real
2127	1112	1314620714	real
2127	8505	11444196575801	private_dummy
2128	191	1639569710	real
2128	192	1639569710	real
2128	545	1639569710	real
2128	8506	11444196575801	private_dummy
2129	1271	1134625683	real
2129	1272	1134625683	real
2129	8507	11444196575801	private_dummy
2130	3957	901857516	real
2130	8508	11444196575801	private_dummy
2131	3959	737880589	real
2131	8509	11444196575801	private_dummy
2132	3961	646589376	real
2132	8510	11444196575801	private_dummy
2133	3963	604256990	real
2133	8511	11444196575801	private_dummy
2134	3965	604256990	real
2134	8512	11444196575801	private_dummy
2135	3967	646589376	real
2135	8513	11444196575801	private_dummy
2136	3969	659212116	real
2136	8514	11444196575801	private_dummy
2137	1683	1476010710	real
2137	1684	1476010710	real
2137	8515	11444196575801	private_dummy
2138	1680	1533123464	real
2138	8516	11444196575801	private_dummy
2139	1670	1130305272	real
2139	1675	1073192518	real
2139	8517	11444196575801	private_dummy
2140	1659	1044992326	real
2140	1665	987879571	real
2140	8518	11444196575801	private_dummy
2141	1644	1000399846	real
2141	1652	943287091	real
2141	8519	11444196575801	private_dummy
2142	1624	991687140	real
2142	1635	934574386	real
2142	8520	11444196575801	private_dummy
2143	1600	1018025225	real
2143	1613	960912471	real
2143	8521	11444196575801	private_dummy
2144	1572	1082029038	real
2144	1587	1024916284	real
2144	8522	11444196575801	private_dummy
2145	787	1371733469	real
2145	788	1314620714	real
2145	1110	1314620714	real
2145	8523	11444196575801	private_dummy
2146	189	1639569710	real
2146	190	1639569710	real
2146	543	1639569710	real
2146	8524	11444196575801	private_dummy
2147	1267	1134625683	real
2147	1268	1134625683	real
2147	1682	1134625683	real
2147	8525	11444196575801	private_dummy
2148	3972	1037638743	real
2148	8526	11444196575801	private_dummy
2149	3974	737880589	real
2149	8527	11444196575801	private_dummy
2150	3976	586628814	real
2150	8528	11444196575801	private_dummy
2151	3978	510400509	real
2151	8529	11444196575801	private_dummy
2152	3980	486530011	real
2152	8530	11444196575801	private_dummy
2153	3982	510400509	real
2153	8531	11444196575801	private_dummy
2154	3984	507960342	real
2154	8532	11444196575801	private_dummy
2155	1677	1476010710	real
2155	1678	1476010710	real
2155	8533	11444196575801	private_dummy
2156	1675	1212633104	real
2156	1676	1212633104	real
2156	8534	11444196575801	private_dummy
2157	1672	1533123464	real
2157	8535	11444196575801	private_dummy
2158	1670	1269745858	real
2158	8536	11444196575801	private_dummy
2159	1657	1044992326	real
2159	1663	987879571	real
2159	8537	11444196575801	private_dummy
2160	1642	1000399846	real
2160	1650	943287091	real
2160	8538	11444196575801	private_dummy
2161	1622	991687140	real
2161	1633	934574386	real
2161	8539	11444196575801	private_dummy
2162	1598	1018025225	real
2162	1611	960912471	real
2162	8540	11444196575801	private_dummy
2163	1570	1082029038	real
2163	1585	1024916284	real
2163	8541	11444196575801	private_dummy
2164	785	1371733469	real
2164	786	1314620714	real
2164	1108	1314620714	real
2164	8542	11444196575801	private_dummy
2165	187	1639569710	real
2165	188	1639569710	real
2165	541	1639569710	real
2165	8543	11444196575801	private_dummy
2166	1263	1134625683	real
2166	1264	1134625683	real
2166	1674	1134625683	real
2166	8544	11444196575801	private_dummy
2167	3987	1212633104	real
2167	8545	11444196575801	private_dummy
2168	3989	933622378	real
2168	8546	11444196575801	private_dummy
2169	3991	646589376	real
2169	8547	11444196575801	private_dummy
2170	3993	510400509	real
2170	8548	11444196575801	private_dummy
2171	3995	452634092	real
2171	8549	11444196575801	private_dummy
2172	3997	452634092	real
2172	8550	11444196575801	private_dummy
2173	3999	431732036	real
2173	8551	11444196575801	private_dummy
2174	1667	1476010710	real
2174	1668	1476010710	real
2174	8552	11444196575801	private_dummy
2175	1665	1212633104	real
2175	1666	1212633104	real
2175	8553	11444196575801	private_dummy
2176	1663	1073192518	real
2176	1664	1073192518	real
2176	8554	11444196575801	private_dummy
2177	1260	1134625683	real
2177	1261	1134625683	real
2177	8555	11444196575801	private_dummy
2178	1661	1533123464	real
2178	8556	11444196575801	private_dummy
2179	1659	1269745858	real
2179	8557	11444196575801	private_dummy
2180	1657	1130305272	real
2180	8558	11444196575801	private_dummy
2181	1640	1000399846	real
2181	1648	943287091	real
2181	8559	11444196575801	private_dummy
2182	1620	991687140	real
2182	1631	934574386	real
2182	8560	11444196575801	private_dummy
2183	1596	1018025225	real
2183	1609	960912471	real
2183	8561	11444196575801	private_dummy
2184	1568	1082029038	real
2184	1583	1024916284	real
2184	8562	11444196575801	private_dummy
2185	783	1371733469	real
2185	784	1314620714	real
2185	1106	1314620714	real
2185	8563	11444196575801	private_dummy
2186	185	1639569710	real
2186	186	1639569710	real
2186	539	1639569710	real
2186	8564	11444196575801	private_dummy
2187	1258	1134625683	real
2187	1259	1134625683	real
2187	8565	11444196575801	private_dummy
2188	4002	1212633104	real
2188	8566	11444196575801	private_dummy
2189	4004	1073192518	real
2189	8567	11444196575801	private_dummy
2190	4006	876227084	real
2190	8568	11444196575801	private_dummy
2191	4008	604256990	real
2191	8569	11444196575801	private_dummy
2192	4010	486530011	real
2192	8570	11444196575801	private_dummy
2193	4012	452634092	real
2193	8571	11444196575801	private_dummy
2194	4014	407861538	real
2194	8572	11444196575801	private_dummy
2195	1654	1476010710	real
2195	1655	1476010710	real
2195	8573	11444196575801	private_dummy
2196	1652	1212633104	real
2196	1653	1212633104	real
2196	8574	11444196575801	private_dummy
2197	1650	1073192518	real
2197	1651	1073192518	real
2197	8575	11444196575801	private_dummy
2198	1648	987879571	real
2198	1649	987879571	real
2198	8576	11444196575801	private_dummy
2199	1255	1134625683	real
2199	1256	1134625683	real
2199	8577	11444196575801	private_dummy
2200	1646	1533123464	real
2200	8578	11444196575801	private_dummy
2201	1644	1269745858	real
2201	8579	11444196575801	private_dummy
2202	1642	1130305272	real
2202	8580	11444196575801	private_dummy
2203	1640	1044992326	real
2203	8581	11444196575801	private_dummy
2204	1618	991687140	real
2204	1629	934574386	real
2204	8582	11444196575801	private_dummy
2205	1594	1018025225	real
2205	1607	960912471	real
2205	8583	11444196575801	private_dummy
2206	1566	1082029038	real
2206	1581	1024916284	real
2206	8584	11444196575801	private_dummy
2207	781	1371733469	real
2207	782	1314620714	real
2207	1104	1314620714	real
2207	8585	11444196575801	private_dummy
2208	183	1639569710	real
2208	184	1639569710	real
2208	537	1639569710	real
2208	8586	11444196575801	private_dummy
2209	1253	1134625683	real
2209	1254	1134625683	real
2209	8587	11444196575801	private_dummy
2210	4017	1212633104	real
2210	8588	11444196575801	private_dummy
2211	4019	1073192518	real
2211	8589	11444196575801	private_dummy
2212	4021	987879571	real
2212	8590	11444196575801	private_dummy
2213	4023	857765196	real
2213	8591	11444196575801	private_dummy
2214	4025	604256990	real
2214	8592	11444196575801	private_dummy
2215	4027	510400509	real
2215	8593	11444196575801	private_dummy
2216	4029	431732036	real
2216	8594	11444196575801	private_dummy
2217	1637	1476010710	real
2217	1638	1476010710	real
2217	8595	11444196575801	private_dummy
2218	1635	1212633104	real
2218	1636	1212633104	real
2218	8596	11444196575801	private_dummy
2219	1633	1073192518	real
2219	1634	1073192518	real
2219	8597	11444196575801	private_dummy
2220	1631	987879571	real
2220	1632	987879571	real
2220	8598	11444196575801	private_dummy
2221	1629	943287091	real
2221	1630	943287091	real
2221	8599	11444196575801	private_dummy
2222	1626	1533123464	real
2222	8600	11444196575801	private_dummy
2223	1624	1269745858	real
2223	8601	11444196575801	private_dummy
2224	1622	1130305272	real
2224	8602	11444196575801	private_dummy
2225	1620	1044992326	real
2225	8603	11444196575801	private_dummy
2226	1618	1000399846	real
2226	8604	11444196575801	private_dummy
2227	1592	1018025225	real
2227	1605	960912471	real
2227	8605	11444196575801	private_dummy
2228	1564	1082029038	real
2228	1579	1024916284	real
2228	8606	11444196575801	private_dummy
2229	779	1371733469	real
2229	780	1314620714	real
2229	1102	1314620714	real
2229	8607	11444196575801	private_dummy
2230	181	1639569710	real
2230	182	1639569710	real
2230	535	1639569710	real
2230	8608	11444196575801	private_dummy
2231	1248	1134625683	real
2231	1249	1134625683	real
2231	1628	1134625683	real
2231	8609	11444196575801	private_dummy
2232	4032	1212633104	real
2232	8610	11444196575801	private_dummy
2233	4034	1073192518	real
2233	8611	11444196575801	private_dummy
2234	4036	987879571	real
2234	8612	11444196575801	private_dummy
2235	4038	943287091	real
2235	8613	11444196575801	private_dummy
2236	4040	876227084	real
2236	8614	11444196575801	private_dummy
2237	4042	646589376	real
2237	8615	11444196575801	private_dummy
2238	4044	507960342	real
2238	8616	11444196575801	private_dummy
2239	1615	1476010710	real
2239	1616	1476010710	real
2239	8617	11444196575801	private_dummy
2240	1613	1212633104	real
2240	1614	1212633104	real
2240	8618	11444196575801	private_dummy
2241	1611	1073192518	real
2241	1612	1073192518	real
2241	8619	11444196575801	private_dummy
2242	1609	987879571	real
2242	1610	987879571	real
2242	8620	11444196575801	private_dummy
2243	1607	943287091	real
2243	1608	943287091	real
2243	8621	11444196575801	private_dummy
2244	1605	934574386	real
2244	1606	934574386	real
2244	8622	11444196575801	private_dummy
2245	1602	1533123464	real
2245	8623	11444196575801	private_dummy
2246	1600	1269745858	real
2246	8624	11444196575801	private_dummy
2247	1598	1130305272	real
2247	8625	11444196575801	private_dummy
2248	1596	1044992326	real
2248	8626	11444196575801	private_dummy
2249	1594	1000399846	real
2249	8627	11444196575801	private_dummy
2250	1592	991687140	real
2250	8628	11444196575801	private_dummy
2251	1562	1082029038	real
2251	1577	1024916284	real
2251	8629	11444196575801	private_dummy
2252	777	1371733469	real
2252	778	1314620714	real
2252	1100	1314620714	real
2252	8630	11444196575801	private_dummy
2253	179	1639569710	real
2253	180	1639569710	real
2253	533	1639569710	real
2253	8631	11444196575801	private_dummy
2254	1243	1134625683	real
2254	1244	1134625683	real
2254	1604	1134625683	real
2254	8632	11444196575801	private_dummy
2255	4047	1212633104	real
2255	8633	11444196575801	private_dummy
2256	4049	1073192518	real
2256	8634	11444196575801	private_dummy
2257	4051	987879571	real
2257	8635	11444196575801	private_dummy
2258	4053	943287091	real
2258	8636	11444196575801	private_dummy
2259	4055	934574386	real
2259	8637	11444196575801	private_dummy
2260	4057	933622378	real
2260	8638	11444196575801	private_dummy
2261	4059	659212116	real
2261	8639	11444196575801	private_dummy
2262	1589	1476010710	real
2262	1590	1476010710	real
2262	8640	11444196575801	private_dummy
2263	1587	1212633104	real
2263	1588	1212633104	real
2263	8641	11444196575801	private_dummy
2264	1585	1073192518	real
2264	1586	1073192518	real
2264	8642	11444196575801	private_dummy
2265	1583	987879571	real
2265	1584	987879571	real
2265	8643	11444196575801	private_dummy
2266	1581	943287091	real
2266	1582	943287091	real
2266	8644	11444196575801	private_dummy
2267	1579	934574386	real
2267	1580	934574386	real
2267	8645	11444196575801	private_dummy
2268	1577	960912471	real
2268	1578	960912471	real
2268	8646	11444196575801	private_dummy
2269	1574	1533123464	real
2269	8647	11444196575801	private_dummy
2270	1572	1269745858	real
2270	8648	11444196575801	private_dummy
2271	1570	1130305272	real
2271	8649	11444196575801	private_dummy
2272	1568	1044992326	real
2272	8650	11444196575801	private_dummy
2273	1566	1000399846	real
2273	8651	11444196575801	private_dummy
2274	1564	991687140	real
2274	8652	11444196575801	private_dummy
2275	1562	1018025225	real
2275	8653	11444196575801	private_dummy
2276	775	1371733469	real
2276	776	1314620714	real
2276	1098	1314620714	real
2276	8654	11444196575801	private_dummy
2277	177	1639569710	real
2277	178	1639569710	real
2277	531	1639569710	real
2277	8655	11444196575801	private_dummy
2278	1239	1134625683	real
2278	1240	1134625683	real
2278	1576	1134625683	real
2278	8656	11444196575801	private_dummy
2279	4062	1212633104	real
2279	8657	11444196575801	private_dummy
2280	4064	1073192518	real
2280	8658	11444196575801	private_dummy
2281	4066	987879571	real
2281	8659	11444196575801	private_dummy
2282	4068	943287091	real
2282	8660	11444196575801	private_dummy
2283	4070	934574386	real
2283	8661	11444196575801	private_dummy
2284	4072	960912471	real
2284	8662	11444196575801	private_dummy
2285	4074	1073192518	real
2285	8663	11444196575801	private_dummy
2286	721	1134625683	real
2286	723	1134625683	real
2286	791	1134625683	real
2286	8664	11444196575801	private_dummy
2287	3243	1212633104	real
2287	3245	1442553350	real
2287	8665	11444196575801	private_dummy
2288	3241	1073192518	real
2288	8666	11444196575801	private_dummy
2289	3239	987879571	real
2289	8667	11444196575801	private_dummy
2290	3237	943287091	real
2290	8668	11444196575801	private_dummy
2291	3235	934574386	real
2291	8669	11444196575801	private_dummy
2292	3233	960912471	real
2292	8670	11444196575801	private_dummy
2293	3231	1024916284	real
2293	8671	11444196575801	private_dummy
2294	124	1134625683	real
2294	126	1134625683	real
2294	193	1134625683	real
2294	8672	11444196575801	private_dummy
2295	2786	1212633104	real
2295	2788	1442553350	real
2295	8673	11444196575801	private_dummy
2296	2784	1073192518	real
2296	8674	11444196575801	private_dummy
2297	2782	987879571	real
2297	8675	11444196575801	private_dummy
2298	2780	943287091	real
2298	8676	11444196575801	private_dummy
2299	2778	934574386	real
2299	8677	11444196575801	private_dummy
2300	2776	960912471	real
2300	8678	11444196575801	private_dummy
2301	2774	1024916284	real
2301	8679	11444196575801	private_dummy
2302	1682	1212633104	real
2302	8680	11444196575801	private_dummy
2303	1674	1073192518	real
2303	8681	11444196575801	private_dummy
2304	1628	934574386	real
2304	8682	11444196575801	private_dummy
2305	1604	960912471	real
2305	8683	11444196575801	private_dummy
2306	1576	1024916284	real
2306	8684	11444196575801	private_dummy
2307	791	1314620714	real
2307	792	1314620714	real
2307	8685	11444196575801	private_dummy
2308	193	1639569710	real
2308	194	1639569710	real
2308	8686	11444196575801	private_dummy
2309	3935	685312257	real
2309	8687	11444196575801	private_dummy
2310	3935	685312257	real
2310	8688	11444196575801	private_dummy
2311	3936	370656334	real
2311	8689	11444196575801	private_dummy
2312	3936	370656334	real
2312	8690	11444196575801	private_dummy
2313	3937	370656334	real
2313	8691	11444196575801	private_dummy
2314	3937	370656334	real
2314	8692	11444196575801	private_dummy
2315	3938	685312257	real
2315	8693	11444196575801	private_dummy
2316	3938	685312257	real
2316	8694	11444196575801	private_dummy
2317	3939	1055957210	real
2317	8695	11444196575801	private_dummy
2318	3939	998844456	real
2318	8696	11444196575801	private_dummy
2319	241	1639569710	real
2319	8697	11444196575801	private_dummy
2320	1113	987879571	real
2320	1128	987879571	real
2320	8698	11444196575801	private_dummy
2321	1561	987879571	real
2321	1576	987879571	real
2321	8699	11444196575801	private_dummy
2322	1759	991687140	real
2322	8700	11444196575801	private_dummy
2323	1761	1000399846	real
2323	8701	11444196575801	private_dummy
2324	1763	1044992326	real
2324	8702	11444196575801	private_dummy
2325	1765	1130305272	real
2325	8703	11444196575801	private_dummy
2326	1767	1269745858	real
2326	8704	11444196575801	private_dummy
2327	1769	1533123464	real
2327	8705	11444196575801	private_dummy
2328	1758	1018025225	real
2328	1772	960912471	real
2328	8706	11444196575801	private_dummy
2329	1807	1000399846	real
2329	8707	11444196575801	private_dummy
2330	1809	1044992326	real
2330	8708	11444196575801	private_dummy
2331	1811	1130305272	real
2331	8709	11444196575801	private_dummy
2332	1813	1269745858	real
2332	8710	11444196575801	private_dummy
2333	1815	1533123464	real
2333	8711	11444196575801	private_dummy
2334	1806	991687140	real
2334	1818	934574386	real
2334	8712	11444196575801	private_dummy
2335	1848	1044992326	real
2335	8713	11444196575801	private_dummy
2336	1850	1130305272	real
2336	8714	11444196575801	private_dummy
2337	1852	1269745858	real
2337	8715	11444196575801	private_dummy
2338	1854	1533123464	real
2338	8716	11444196575801	private_dummy
2339	1700	987879571	real
2339	1856	987879571	real
2339	8717	11444196575801	private_dummy
2340	1881	1130305272	real
2340	8718	11444196575801	private_dummy
2341	1883	1269745858	real
2341	8719	11444196575801	private_dummy
2342	1885	1533123464	real
2342	8720	11444196575801	private_dummy
2343	1705	987879571	real
2343	1887	987879571	real
2343	8721	11444196575801	private_dummy
2344	1906	1269745858	real
2344	8722	11444196575801	private_dummy
2345	1908	1533123464	real
2345	8723	11444196575801	private_dummy
2346	1709	987879571	real
2346	1910	987879571	real
2346	8724	11444196575801	private_dummy
2347	1923	1533123464	real
2347	8725	11444196575801	private_dummy
2348	1713	987879571	real
2348	1925	987879571	real
2348	8726	11444196575801	private_dummy
2349	1718	987879571	real
2349	1932	987879571	real
2349	8727	11444196575801	private_dummy
2350	4157	842644711	real
2350	8728	11444196575801	private_dummy
2351	4155	428227305	real
2351	8729	11444196575801	private_dummy
2352	4160	657324232	real
2352	8730	11444196575801	private_dummy
2353	4160	664222044	real
2353	8731	11444196575801	private_dummy
2354	4154	232485516	real
2354	8732	11444196575801	private_dummy
2355	4152	407325249	real
2355	4153	407325249	real
2355	8733	11444196575801	private_dummy
2356	4142	195741789	real
2356	4143	334370824	real
2356	8734	11444196575801	private_dummy
2357	4145	450439947	real
2357	4146	371771474	real
2357	8735	11444196575801	private_dummy
2358	4167	428227305	real
2358	8736	11444196575801	private_dummy
2359	4143	174182810	real
2359	8737	11444196575801	private_dummy
2360	4156	631064047	real
2360	8738	11444196575801	private_dummy
2361	4169	152627091	real
2361	8739	11444196575801	private_dummy
2362	4142	263991748	real
2362	8740	11444196575801	private_dummy
2363	4149	249998983	real
2363	4150	421329493	real
2363	8741	11444196575801	private_dummy
2364	4171	519694099	real
2364	8742	11444196575801	private_dummy
2365	4146	529516060	real
2365	8743	11444196575801	private_dummy
2366	4150	421329493	real
2366	8744	11444196575801	private_dummy
2367	4173	492435012	real
2367	8745	11444196575801	private_dummy
2368	4145	263991748	real
2368	8746	11444196575801	private_dummy
2369	4149	485993722	real
2369	8747	11444196575801	private_dummy
2370	4175	934574386	real
2370	8748	11444196575801	private_dummy
2371	4162	624622757	real
2371	8749	11444196575801	private_dummy
2372	4162	545954284	real
2372	8750	11444196575801	private_dummy
2373	4160	545954284	real
2373	4161	292446078	real
2373	4166	232485516	real
2373	8751	11444196575801	private_dummy
2374	4170	323952310	real
2374	8752	11444196575801	private_dummy
2375	4172	95514337	real
2375	8753	11444196575801	private_dummy
2376	4160	603067038	real
2376	4161	603067038	real
2376	4168	407325249	real
2376	8754	11444196575801	private_dummy
2377	4170	576806853	real
2377	8755	11444196575801	private_dummy
2378	4172	209739846	real
2378	8756	11444196575801	private_dummy
2379	4159	231291072	real
2379	8757	11444196575801	private_dummy
2380	4159	505701334	real
2380	8758	11444196575801	private_dummy
2381	4158	345513320	real
2381	8759	11444196575801	private_dummy
2382	4174	388628017	real
2382	8760	11444196575801	private_dummy
2383	4176	309959545	real
2383	8761	11444196575801	private_dummy
2384	4158	573951293	real
2384	8762	11444196575801	private_dummy
2385	4174	585559758	real
2385	8763	11444196575801	private_dummy
2386	4176	309959545	real
2386	8764	11444196575801	private_dummy
2387	4085	680767834	real
2387	8765	11444196575801	private_dummy
2388	4144	781164983	real
2388	8766	11444196575801	private_dummy
2389	4144	472403306	real
2389	8767	11444196575801	private_dummy
2390	4076	456864501	real
2390	4077	513977256	real
2390	8768	11444196575801	private_dummy
2391	4078	417808791	real
2391	4079	417808791	real
2391	8769	11444196575801	private_dummy
2392	4080	486401362	real
2392	4081	486401362	real
2392	8770	11444196575801	private_dummy
2393	4082	844744762	real
2393	4083	844744762	real
2393	8771	11444196575801	private_dummy
2394	4084	773434363	real
2394	8772	11444196575801	private_dummy
2395	4183	919213134	real
2395	8773	11444196575801	private_dummy
2396	4183	472403306	real
2396	8774	11444196575801	private_dummy
2397	4077	592645728	real
2397	8775	11444196575801	private_dummy
2398	4098	189370818	real
2398	8776	11444196575801	private_dummy
2399	4104	757959324	real
2399	8777	11444196575801	private_dummy
2400	4147	553590018	real
2400	8778	11444196575801	private_dummy
2401	4147	263991748	real
2401	8779	11444196575801	private_dummy
2402	4076	998844456	real
2402	8780	11444196575801	private_dummy
2403	4086	220877050	real
2403	4087	277989805	real
2403	8781	11444196575801	private_dummy
2404	4088	220877050	real
2404	8782	11444196575801	private_dummy
2405	4089	535532974	real
2405	4090	535532974	real
2405	8783	11444196575801	private_dummy
2406	4091	680767834	real
2406	8784	11444196575801	private_dummy
2407	4186	585096250	real
2407	8785	11444196575801	private_dummy
2408	4186	263991748	real
2408	8786	11444196575801	private_dummy
2409	4079	417808791	real
2409	8787	11444196575801	private_dummy
2410	4087	163767557	real
2410	8788	11444196575801	private_dummy
2411	4126	460928780	real
2411	8789	11444196575801	private_dummy
2412	4148	622182589	real
2412	8790	11444196575801	private_dummy
2413	4148	138629035	real
2413	8791	11444196575801	private_dummy
2414	4078	451428472	real
2414	8792	11444196575801	private_dummy
2415	4086	312799437	real
2415	8793	11444196575801	private_dummy
2416	4109	271544022	real
2416	4112	328656777	real
2416	8794	11444196575801	private_dummy
2417	4115	428876476	real
2417	4117	428876476	real
2417	8795	11444196575801	private_dummy
2418	4118	543101984	real
2418	8796	11444196575801	private_dummy
2419	4189	407325249	real
2419	8797	11444196575801	private_dummy
2420	4189	277258070	real
2420	8798	11444196575801	private_dummy
2421	4081	486401362	real
2421	8799	11444196575801	private_dummy
2422	4112	328656777	real
2422	8800	11444196575801	private_dummy
2423	4138	492435012	real
2423	8801	11444196575801	private_dummy
2424	4151	696923519	real
2424	8802	11444196575801	private_dummy
2425	4151	566856339	real
2425	8803	11444196575801	private_dummy
2426	4080	428876476	real
2426	8804	11444196575801	private_dummy
2427	4088	35549283	real
2427	4098	35549283	real
2427	8805	11444196575801	private_dummy
2428	4109	428876476	real
2428	8806	11444196575801	private_dummy
2429	4131	602099362	real
2429	4133	659212116	real
2429	8807	11444196575801	private_dummy
2430	4134	445736280	real
2430	8808	11444196575801	private_dummy
2431	4192	604256990	real
2431	8809	11444196575801	private_dummy
2432	4192	371114550	real
2432	8810	11444196575801	private_dummy
2433	4083	844744762	real
2433	8811	11444196575801	private_dummy
2434	4090	312799437	real
2434	8812	11444196575801	private_dummy
2435	4117	428876476	real
2435	8813	11444196575801	private_dummy
2436	4133	659212116	real
2436	8814	11444196575801	private_dummy
2437	4141	757959324	real
2437	8815	11444196575801	private_dummy
2438	4194	604256990	real
2438	8816	11444196575801	private_dummy
2439	4194	371114550	real
2439	8817	11444196575801	private_dummy
2440	4082	602099362	real
2440	8818	11444196575801	private_dummy
2441	4089	106654803	real
2441	8819	11444196575801	private_dummy
2442	4115	271544022	real
2442	8820	11444196575801	private_dummy
2443	4131	602099362	real
2443	8821	11444196575801	private_dummy
2444	4140	619911174	real
2444	8822	11444196575801	private_dummy
2445	4196	696923519	real
2445	8823	11444196575801	private_dummy
2446	4196	463781079	real
2446	8824	11444196575801	private_dummy
2447	4164	671314201	real
2447	8825	11444196575801	private_dummy
2448	4164	763980730	real
2448	8826	11444196575801	private_dummy
2449	4182	529516060	real
2449	8827	11444196575801	private_dummy
2450	4184	450847587	real
2450	8828	11444196575801	private_dummy
2451	4185	586628814	real
2451	8829	11444196575801	private_dummy
2452	4187	381065064	real
2452	8830	11444196575801	private_dummy
2453	4165	117073316	real
2453	8831	11444196575801	private_dummy
2454	4165	255702351	real
2454	8832	11444196575801	private_dummy
2455	4188	274405770	real
2455	8833	11444196575801	private_dummy
2456	4190	255702351	real
2456	8834	11444196575801	private_dummy
2457	4191	314005057	real
2457	8835	11444196575801	private_dummy
2458	4195	235336584	real
2458	8836	11444196575801	private_dummy
2459	4197	235336584	real
2459	8837	11444196575801	private_dummy
2460	4193	649029544	real
2460	8838	11444196575801	private_dummy
2461	4195	314005057	real
2461	8839	11444196575801	private_dummy
2462	4197	235336584	real
2462	8840	11444196575801	private_dummy
2463	4162	545954284	real
2463	4163	431732036	real
2463	8841	11444196575801	private_dummy
2464	4162	545954284	real
2464	4163	431732036	real
2464	8842	11444196575801	private_dummy
2465	546	987879571	real
2465	547	987879571	real
2465	562	987879571	real
2465	8843	11444196575801	private_dummy
2466	3189	1055957210	real
2466	3191	1144079316	real
2466	8844	11444196575801	private_dummy
2467	3187	685312257	real
2467	8845	11444196575801	private_dummy
2468	3185	462578720	real
2468	8846	11444196575801	private_dummy
2469	3183	370656334	real
2469	8847	11444196575801	private_dummy
2470	3181	342661020	real
2470	8848	11444196575801	private_dummy
2471	3179	370656334	real
2471	8849	11444196575801	private_dummy
2472	3177	462578720	real
2472	8850	11444196575801	private_dummy
2473	195	987879571	real
2473	196	987879571	real
2473	240	987879571	real
2473	8851	11444196575801	private_dummy
2474	3646	1055957210	real
2474	3648	1144079316	real
2474	8852	11444196575801	private_dummy
2475	3644	571090010	real
2475	8853	11444196575801	private_dummy
2476	3642	348356473	real
2476	8854	11444196575801	private_dummy
2477	3640	256434086	real
2477	8855	11444196575801	private_dummy
2478	3638	228438773	real
2478	8856	11444196575801	private_dummy
2479	3636	256434086	real
2479	8857	11444196575801	private_dummy
2480	3634	348356473	real
2480	8858	11444196575801	private_dummy
2481	793	987879571	real
2481	794	987879571	real
2481	838	987879571	real
2481	839	987879571	real
2481	8859	11444196575801	private_dummy
2482	4073	1314620714	real
2482	4075	1459855575	real
2482	8860	11444196575801	private_dummy
2483	4071	763980730	real
2483	8861	11444196575801	private_dummy
2484	4069	541247193	real
2484	8862	11444196575801	private_dummy
2485	4067	449324806	real
2485	8863	11444196575801	private_dummy
2486	4065	421329493	real
2486	8864	11444196575801	private_dummy
2487	4063	449324806	real
2487	8865	11444196575801	private_dummy
2488	4061	541247193	real
2488	8866	11444196575801	private_dummy
2489	1275	987879571	real
2489	1276	987879571	real
2489	1320	987879571	real
2489	1321	987879571	real
2489	8867	11444196575801	private_dummy
2490	202	1639569710	real
2490	203	1639569710	real
2490	549	1639569710	real
2490	8868	11444196575801	private_dummy
2491	800	1314620714	real
2491	801	1371733469	real
2491	1115	1314620714	real
2491	8869	11444196575801	private_dummy
2492	1282	1134625683	real
2492	1283	1191738437	real
2492	1563	1134625683	real
2492	8870	11444196575801	private_dummy
2493	1689	987879571	real
2493	1690	987879571	real
2493	1771	987879571	real
2493	8871	11444196575801	private_dummy
2494	4199	1314620714	real
2494	8872	11444196575801	private_dummy
2495	4201	1134625683	real
2495	8873	11444196575801	private_dummy
2496	4093	587209699	real
2496	8874	11444196575801	private_dummy
2497	4095	381065064	real
2497	8875	11444196575801	private_dummy
2498	4097	309959545	real
2498	8876	11444196575801	private_dummy
2499	4100	309959545	real
2499	8877	11444196575801	private_dummy
2500	4102	381065064	real
2500	8878	11444196575801	private_dummy
2501	199	1639569710	real
2501	200	1639569710	real
2501	8879	11444196575801	private_dummy
2502	797	1371733469	real
2502	798	1371733469	real
2502	8880	11444196575801	private_dummy
2503	1279	1191738437	real
2503	1280	1191738437	real
2503	8881	11444196575801	private_dummy
2504	1722	991687140	real
2504	1723	991687140	real
2504	1725	934574386	real
2504	1726	934574386	real
2504	8882	11444196575801	private_dummy
2505	1728	1000399846	real
2505	1729	1000399846	real
2505	1731	943287091	real
2505	1732	943287091	real
2505	8883	11444196575801	private_dummy
2506	1734	1044992326	real
2506	1735	1044992326	real
2506	1737	987879571	real
2506	1738	987879571	real
2506	8884	11444196575801	private_dummy
2507	1740	1130305272	real
2507	1741	1130305272	real
2507	1743	1073192518	real
2507	1744	1073192518	real
2507	8885	11444196575801	private_dummy
2508	1746	1269745858	real
2508	1747	1269745858	real
2508	1749	1212633104	real
2508	1750	1212633104	real
2508	8886	11444196575801	private_dummy
2509	1752	1533123464	real
2509	1753	1533123464	real
2509	1755	1476010710	real
2509	1756	1476010710	real
2509	8887	11444196575801	private_dummy
2510	1686	987879571	real
2510	1688	987879571	real
2510	8888	11444196575801	private_dummy
2511	208	1639569710	real
2511	209	1639569710	real
2511	551	1639569710	real
2511	8889	11444196575801	private_dummy
2512	806	1314620714	real
2512	807	1371733469	real
2512	1117	1314620714	real
2512	8890	11444196575801	private_dummy
2513	1288	1134625683	real
2513	1289	1191738437	real
2513	1565	1134625683	real
2513	8891	11444196575801	private_dummy
2514	1725	960912471	real
2514	1727	1018025225	real
2514	8892	11444196575801	private_dummy
2515	1694	987879571	real
2515	1695	987879571	real
2515	1817	987879571	real
2515	8893	11444196575801	private_dummy
2516	4203	1314620714	real
2516	8894	11444196575801	private_dummy
2517	4205	1134625683	real
2517	8895	11444196575801	private_dummy
2518	4207	731274763	real
2518	8896	11444196575801	private_dummy
2519	4106	381065064	real
2519	8897	11444196575801	private_dummy
2520	4108	195737297	real
2520	8898	11444196575801	private_dummy
2521	4111	152627091	real
2521	8899	11444196575801	private_dummy
2522	4114	195737297	real
2522	8900	11444196575801	private_dummy
2523	205	1639569710	real
2523	206	1639569710	real
2523	8901	11444196575801	private_dummy
2524	803	1371733469	real
2524	804	1371733469	real
2524	8902	11444196575801	private_dummy
2525	1285	1191738437	real
2525	1286	1191738437	real
2525	8903	11444196575801	private_dummy
2526	1722	1018025225	real
2526	1724	1018025225	real
2526	1760	960912471	real
2526	8904	11444196575801	private_dummy
2527	1776	1000399846	real
2527	1777	1000399846	real
2527	1779	943287091	real
2527	1780	943287091	real
2527	8905	11444196575801	private_dummy
2528	1782	1044992326	real
2528	1783	1044992326	real
2528	1785	987879571	real
2528	1786	987879571	real
2528	8906	11444196575801	private_dummy
2529	1788	1130305272	real
2529	1789	1130305272	real
2529	1791	1073192518	real
2529	1792	1073192518	real
2529	8907	11444196575801	private_dummy
2530	1794	1269745858	real
2530	1795	1269745858	real
2530	1797	1212633104	real
2530	1798	1212633104	real
2530	8908	11444196575801	private_dummy
2531	1800	1533123464	real
2531	1801	1533123464	real
2531	1803	1476010710	real
2531	1804	1476010710	real
2531	8909	11444196575801	private_dummy
2532	1691	987879571	real
2532	1693	987879571	real
2532	8910	11444196575801	private_dummy
2533	214	1639569710	real
2533	215	1639569710	real
2533	553	1639569710	real
2533	8911	11444196575801	private_dummy
2534	812	1314620714	real
2534	813	1371733469	real
2534	1119	1314620714	real
2534	8912	11444196575801	private_dummy
2535	1294	1134625683	real
2535	1295	1191738437	real
2535	1567	1134625683	real
2535	8913	11444196575801	private_dummy
2536	1731	960912471	real
2536	1733	1018025225	real
2536	8914	11444196575801	private_dummy
2537	1779	934574386	real
2537	1781	991687140	real
2537	8915	11444196575801	private_dummy
2538	4209	1314620714	real
2538	8916	11444196575801	private_dummy
2539	4211	1134625683	real
2539	8917	11444196575801	private_dummy
2540	4213	731274763	real
2540	8918	11444196575801	private_dummy
2541	4215	508541226	real
2541	8919	11444196575801	private_dummy
2542	4120	334366332	real
2542	8920	11444196575801	private_dummy
2543	4122	177033878	real
2543	8921	11444196575801	private_dummy
2544	4124	177033878	real
2544	8922	11444196575801	private_dummy
2545	211	1639569710	real
2545	212	1639569710	real
2545	8923	11444196575801	private_dummy
2546	809	1371733469	real
2546	810	1371733469	real
2546	8924	11444196575801	private_dummy
2547	1291	1191738437	real
2547	1292	1191738437	real
2547	8925	11444196575801	private_dummy
2548	1728	1018025225	real
2548	1730	1018025225	real
2548	1762	960912471	real
2548	8926	11444196575801	private_dummy
2549	1776	991687140	real
2549	1778	991687140	real
2549	1808	934574386	real
2549	8927	11444196575801	private_dummy
2550	1822	1044992326	real
2550	1823	1044992326	real
2550	1825	987879571	real
2550	1826	987879571	real
2550	8928	11444196575801	private_dummy
2551	1828	1130305272	real
2551	1829	1130305272	real
2551	1831	1073192518	real
2551	1832	1073192518	real
2551	8929	11444196575801	private_dummy
2552	1834	1269745858	real
2552	1835	1269745858	real
2552	1837	1212633104	real
2552	1838	1212633104	real
2552	8930	11444196575801	private_dummy
2553	1840	1533123464	real
2553	1841	1533123464	real
2553	1843	1476010710	real
2553	1844	1476010710	real
2553	8931	11444196575801	private_dummy
2554	1696	987879571	real
2554	1698	987879571	real
2554	1846	987879571	real
2554	8932	11444196575801	private_dummy
2555	220	1639569710	real
2555	221	1639569710	real
2555	555	1639569710	real
2555	8933	11444196575801	private_dummy
2556	818	1314620714	real
2556	819	1371733469	real
2556	1121	1314620714	real
2556	8934	11444196575801	private_dummy
2557	1300	1134625683	real
2557	1301	1191738437	real
2557	1569	1134625683	real
2557	8935	11444196575801	private_dummy
2558	1737	960912471	real
2558	1739	1018025225	real
2558	8936	11444196575801	private_dummy
2559	1785	934574386	real
2559	1787	991687140	real
2559	8937	11444196575801	private_dummy
2560	1825	943287091	real
2560	1827	1000399846	real
2560	8938	11444196575801	private_dummy
2561	4217	1314620714	real
2561	8939	11444196575801	private_dummy
2562	4219	1134625683	real
2562	8940	11444196575801	private_dummy
2563	4221	731274763	real
2563	8941	11444196575801	private_dummy
2564	4223	508541226	real
2564	8942	11444196575801	private_dummy
2565	4225	416618839	real
2565	8943	11444196575801	private_dummy
2566	4128	349558832	real
2566	8944	11444196575801	private_dummy
2567	4130	235336584	real
2567	8945	11444196575801	private_dummy
2568	217	1639569710	real
2568	218	1639569710	real
2568	8946	11444196575801	private_dummy
2569	815	1371733469	real
2569	816	1371733469	real
2569	8947	11444196575801	private_dummy
2570	1297	1191738437	real
2570	1298	1191738437	real
2570	8948	11444196575801	private_dummy
2571	1734	1018025225	real
2571	1736	1018025225	real
2571	1764	960912471	real
2571	8949	11444196575801	private_dummy
2572	1782	991687140	real
2572	1784	991687140	real
2572	1810	934574386	real
2572	8950	11444196575801	private_dummy
2573	1822	1000399846	real
2573	1824	1000399846	real
2573	1849	943287091	real
2573	8951	11444196575801	private_dummy
2574	1861	1130305272	real
2574	1862	1130305272	real
2574	1864	1073192518	real
2574	1865	1073192518	real
2574	8952	11444196575801	private_dummy
2575	1867	1269745858	real
2575	1868	1269745858	real
2575	1870	1212633104	real
2575	1871	1212633104	real
2575	8953	11444196575801	private_dummy
2576	1873	1533123464	real
2576	1874	1533123464	real
2576	1876	1476010710	real
2576	1877	1476010710	real
2576	8954	11444196575801	private_dummy
2577	1701	987879571	real
2577	1703	987879571	real
2577	1879	987879571	real
2577	8955	11444196575801	private_dummy
2578	226	1639569710	real
2578	227	1639569710	real
2578	557	1639569710	real
2578	8956	11444196575801	private_dummy
2579	824	1314620714	real
2579	825	1371733469	real
2579	1123	1314620714	real
2579	8957	11444196575801	private_dummy
2580	1306	1134625683	real
2580	1307	1191738437	real
2580	1571	1134625683	real
2580	8958	11444196575801	private_dummy
2581	1743	960912471	real
2581	1745	1018025225	real
2581	8959	11444196575801	private_dummy
2582	1791	934574386	real
2582	1793	991687140	real
2582	8960	11444196575801	private_dummy
2583	1831	943287091	real
2583	1833	1000399846	real
2583	8961	11444196575801	private_dummy
2584	1864	987879571	real
2584	1866	1044992326	real
2584	8962	11444196575801	private_dummy
2585	4227	1314620714	real
2585	8963	11444196575801	private_dummy
2586	4229	1134625683	real
2586	8964	11444196575801	private_dummy
2587	4231	731274763	real
2587	8965	11444196575801	private_dummy
2588	4233	508541226	real
2588	8966	11444196575801	private_dummy
2589	4235	416618839	real
2589	8967	11444196575801	private_dummy
2590	4237	388623526	real
2590	8968	11444196575801	private_dummy
2591	4136	431732036	real
2591	8969	11444196575801	private_dummy
2592	223	1639569710	real
2592	224	1639569710	real
2592	8970	11444196575801	private_dummy
2593	821	1371733469	real
2593	822	1371733469	real
2593	8971	11444196575801	private_dummy
2594	1303	1191738437	real
2594	1304	1191738437	real
2594	8972	11444196575801	private_dummy
2595	1740	1018025225	real
2595	1742	1018025225	real
2595	1766	960912471	real
2595	8973	11444196575801	private_dummy
2596	1788	991687140	real
2596	1790	991687140	real
2596	1812	934574386	real
2596	8974	11444196575801	private_dummy
2597	1828	1000399846	real
2597	1830	1000399846	real
2597	1851	943287091	real
2597	8975	11444196575801	private_dummy
2598	1861	1044992326	real
2598	1863	1044992326	real
2598	1882	987879571	real
2598	8976	11444196575801	private_dummy
2599	1892	1269745858	real
2599	1893	1269745858	real
2599	1895	1212633104	real
2599	1896	1212633104	real
2599	8977	11444196575801	private_dummy
2600	1898	1533123464	real
2600	1899	1533123464	real
2600	1901	1476010710	real
2600	1902	1476010710	real
2600	8978	11444196575801	private_dummy
2601	1706	987879571	real
2601	1708	987879571	real
2601	1904	987879571	real
2601	8979	11444196575801	private_dummy
2602	232	1639569710	real
2602	233	1639569710	real
2602	559	1639569710	real
2602	8980	11444196575801	private_dummy
2603	830	1314620714	real
2603	831	1371733469	real
2603	1125	1314620714	real
2603	8981	11444196575801	private_dummy
2604	1312	1134625683	real
2604	1313	1191738437	real
2604	1573	1134625683	real
2604	8982	11444196575801	private_dummy
2605	1749	960912471	real
2605	1751	1018025225	real
2605	8983	11444196575801	private_dummy
2606	1797	934574386	real
2606	1799	991687140	real
2606	8984	11444196575801	private_dummy
2607	1837	943287091	real
2607	1839	1000399846	real
2607	8985	11444196575801	private_dummy
2608	1870	987879571	real
2608	1872	1044992326	real
2608	8986	11444196575801	private_dummy
2609	1895	1073192518	real
2609	1897	1130305272	real
2609	8987	11444196575801	private_dummy
2610	4239	1314620714	real
2610	8988	11444196575801	private_dummy
2611	4241	1134625683	real
2611	8989	11444196575801	private_dummy
2612	4243	731274763	real
2612	8990	11444196575801	private_dummy
2613	4245	508541226	real
2613	8991	11444196575801	private_dummy
2614	4247	416618839	real
2614	8992	11444196575801	private_dummy
2615	4249	388623526	real
2615	8993	11444196575801	private_dummy
2616	4251	416618839	real
2616	8994	11444196575801	private_dummy
2617	229	1639569710	real
2617	230	1639569710	real
2617	8995	11444196575801	private_dummy
2618	827	1371733469	real
2618	828	1371733469	real
2618	8996	11444196575801	private_dummy
2619	1309	1191738437	real
2619	1310	1191738437	real
2619	8997	11444196575801	private_dummy
2620	1746	1018025225	real
2620	1748	1018025225	real
2620	1768	960912471	real
2620	8998	11444196575801	private_dummy
2621	1794	991687140	real
2621	1796	991687140	real
2621	1814	934574386	real
2621	8999	11444196575801	private_dummy
2622	1834	1000399846	real
2622	1836	1000399846	real
2622	1853	943287091	real
2622	9000	11444196575801	private_dummy
2623	1867	1044992326	real
2623	1869	1044992326	real
2623	1884	987879571	real
2623	9001	11444196575801	private_dummy
2624	1892	1130305272	real
2624	1894	1130305272	real
2624	1907	1073192518	real
2624	9002	11444196575801	private_dummy
2625	1915	1533123464	real
2625	1916	1533123464	real
2625	1918	1476010710	real
2625	1919	1476010710	real
2625	9003	11444196575801	private_dummy
2626	1710	987879571	real
2626	1712	987879571	real
2626	1921	987879571	real
2626	9004	11444196575801	private_dummy
2627	238	1639569710	real
2627	239	1639569710	real
2627	561	1639569710	real
2627	9005	11444196575801	private_dummy
2628	836	1314620714	real
2628	837	1371733469	real
2628	1127	1314620714	real
2628	9006	11444196575801	private_dummy
2629	1318	1134625683	real
2629	1319	1191738437	real
2629	1575	1134625683	real
2629	9007	11444196575801	private_dummy
2630	1755	960912471	real
2630	1757	1018025225	real
2630	9008	11444196575801	private_dummy
2631	1803	934574386	real
2631	1805	991687140	real
2631	9009	11444196575801	private_dummy
2632	1843	943287091	real
2632	1845	1000399846	real
2632	9010	11444196575801	private_dummy
2633	1876	987879571	real
2633	1878	1044992326	real
2633	9011	11444196575801	private_dummy
2634	1901	1073192518	real
2634	1903	1130305272	real
2634	9012	11444196575801	private_dummy
2635	1918	1212633104	real
2635	1920	1269745858	real
2635	9013	11444196575801	private_dummy
2636	4253	1314620714	real
2636	9014	11444196575801	private_dummy
2637	4255	1134625683	real
2637	9015	11444196575801	private_dummy
2638	4257	731274763	real
2638	9016	11444196575801	private_dummy
2639	4259	508541226	real
2639	9017	11444196575801	private_dummy
2640	4261	416618839	real
2640	9018	11444196575801	private_dummy
2641	4263	388623526	real
2641	9019	11444196575801	private_dummy
2642	4265	416618839	real
2642	9020	11444196575801	private_dummy
2643	235	1639569710	real
2643	236	1639569710	real
2643	9021	11444196575801	private_dummy
2644	833	1371733469	real
2644	834	1371733469	real
2644	9022	11444196575801	private_dummy
2645	1315	1191738437	real
2645	1316	1191738437	real
2645	9023	11444196575801	private_dummy
2646	1752	1018025225	real
2646	1754	1018025225	real
2646	1770	960912471	real
2646	9024	11444196575801	private_dummy
2647	1800	991687140	real
2647	1802	991687140	real
2647	1816	934574386	real
2647	9025	11444196575801	private_dummy
2648	1840	1000399846	real
2648	1842	1000399846	real
2648	1855	943287091	real
2648	9026	11444196575801	private_dummy
2649	1873	1044992326	real
2649	1875	1044992326	real
2649	1886	987879571	real
2649	9027	11444196575801	private_dummy
2650	1898	1130305272	real
2650	1900	1130305272	real
2650	1909	1073192518	real
2650	9028	11444196575801	private_dummy
2651	1915	1269745858	real
2651	1917	1269745858	real
2651	1924	1212633104	real
2651	9029	11444196575801	private_dummy
2652	1714	987879571	real
2652	1716	987879571	real
2652	1930	987879571	real
2652	9030	11444196575801	private_dummy
2653	839	1314620714	real
2653	840	1371733469	real
2653	9031	11444196575801	private_dummy
2654	1321	1134625683	real
2654	1322	1191738437	real
2654	9032	11444196575801	private_dummy
2655	1846	943287091	real
2655	1847	1000399846	real
2655	1857	943287091	real
2655	9033	11444196575801	private_dummy
2656	1879	987879571	real
2656	1880	1044992326	real
2656	1888	987879571	real
2656	9034	11444196575801	private_dummy
2657	1904	1073192518	real
2657	1905	1130305272	real
2657	1911	1073192518	real
2657	9035	11444196575801	private_dummy
2658	1921	1212633104	real
2658	1922	1269745858	real
2658	1926	1212633104	real
2658	9036	11444196575801	private_dummy
2659	1930	1476010710	real
2659	1931	1533123464	real
2659	9037	11444196575801	private_dummy
2660	196	1639569710	real
2660	197	1639569710	real
2660	547	1639569710	real
2660	9038	11444196575801	private_dummy
2661	794	1314620714	real
2661	795	1314620714	real
2661	9039	11444196575801	private_dummy
2662	1276	1134625683	real
2662	1277	1134625683	real
2662	9040	11444196575801	private_dummy
2663	1686	960912471	real
2663	1687	960912471	real
2663	1689	960912471	real
2663	9041	11444196575801	private_dummy
2664	1691	934574386	real
2664	1692	934574386	real
2664	1694	934574386	real
2664	9042	11444196575801	private_dummy
2665	1696	943287091	real
2665	1697	943287091	real
2665	1699	943287091	real
2665	9043	11444196575801	private_dummy
2666	1701	987879571	real
2666	1702	987879571	real
2666	1704	987879571	real
2666	9044	11444196575801	private_dummy
2667	1706	1073192518	real
2667	1707	1073192518	real
2667	9045	11444196575801	private_dummy
2668	1710	1212633104	real
2668	1711	1212633104	real
2668	9046	11444196575801	private_dummy
2669	1714	1476010710	real
2669	1715	1476010710	real
2669	1717	1476010710	real
2669	9047	11444196575801	private_dummy
2670	4177	901857516	real
2670	9048	11444196575801	private_dummy
2671	4177	901857516	real
2671	9049	11444196575801	private_dummy
2672	4178	535532974	real
2672	9050	11444196575801	private_dummy
2673	4178	535532974	real
2673	9051	11444196575801	private_dummy
2674	4179	323952310	real
2674	9052	11444196575801	private_dummy
2675	4179	381065064	real
2675	9053	11444196575801	private_dummy
2676	4180	292446078	real
2676	9054	11444196575801	private_dummy
2677	4180	349558832	real
2677	9055	11444196575801	private_dummy
2678	4181	589476622	real
2678	9056	11444196575801	private_dummy
2679	4181	646589376	real
2679	9057	11444196575801	private_dummy
2680	2029	1212633104	real
2680	9058	11444196575801	private_dummy
2681	2020	1073192518	real
2681	9059	11444196575801	private_dummy
2682	2008	987879571	real
2682	9060	11444196575801	private_dummy
2683	1992	943287091	real
2683	9061	11444196575801	private_dummy
2684	1971	934574386	real
2684	9062	11444196575801	private_dummy
2685	1946	960912471	real
2685	9063	11444196575801	private_dummy
2686	2035	1476010710	real
2686	9064	11444196575801	private_dummy
2687	2018	1073192518	real
2687	9065	11444196575801	private_dummy
2688	2006	987879571	real
2688	9066	11444196575801	private_dummy
2689	1990	943287091	real
2689	9067	11444196575801	private_dummy
2690	1969	934574386	real
2690	9068	11444196575801	private_dummy
2691	1944	960912471	real
2691	9069	11444196575801	private_dummy
2692	1713	1024916284	real
2692	9070	11444196575801	private_dummy
2693	2004	987879571	real
2693	9071	11444196575801	private_dummy
2694	1988	943287091	real
2694	9072	11444196575801	private_dummy
2695	1967	934574386	real
2695	9073	11444196575801	private_dummy
2696	1942	960912471	real
2696	9074	11444196575801	private_dummy
2697	1709	1024916284	real
2697	9075	11444196575801	private_dummy
2698	1986	943287091	real
2698	9076	11444196575801	private_dummy
2699	1965	934574386	real
2699	9077	11444196575801	private_dummy
2700	1940	960912471	real
2700	9078	11444196575801	private_dummy
2701	1963	934574386	real
2701	9079	11444196575801	private_dummy
2702	1938	960912471	real
2702	9080	11444196575801	private_dummy
2703	1936	960912471	real
2703	9081	11444196575801	private_dummy
2704	1695	1024916284	real
2704	9082	11444196575801	private_dummy
2705	1690	1024916284	real
2705	9083	11444196575801	private_dummy
2706	1561	1024916284	real
2706	9084	11444196575801	private_dummy
2707	1113	1024916284	real
2707	9085	11444196575801	private_dummy
2708	546	1024916284	real
2708	9086	11444196575801	private_dummy
2709	4312	618261233	real
2709	9087	11444196575801	private_dummy
2710	4310	435322258	real
2710	9088	11444196575801	private_dummy
2711	4315	799035594	real
2711	9089	11444196575801	private_dummy
2712	4315	792137782	real
2712	9090	11444196575801	private_dummy
2713	4309	232485516	real
2713	9091	11444196575801	private_dummy
2714	4307	407325249	real
2714	4308	407325249	real
2714	9092	11444196575801	private_dummy
2715	4297	0	real
2715	4298	171330510	real
2715	9093	11444196575801	private_dummy
2716	4300	562802912	real
2716	4301	562802912	real
2716	9094	11444196575801	private_dummy
2717	4322	171330510	real
2717	9095	11444196575801	private_dummy
2718	4298	171330510	real
2718	9096	11444196575801	private_dummy
2719	4311	757959324	real
2719	9097	11444196575801	private_dummy
2720	4324	210929797	real
2720	9098	11444196575801	private_dummy
2721	4297	450439947	real
2721	9099	11444196575801	private_dummy
2722	4304	254044495	real
2722	4305	428227305	real
2722	9100	11444196575801	private_dummy
2723	4326	934574386	real
2723	9101	11444196575801	private_dummy
2724	4301	309959545	real
2724	9102	11444196575801	private_dummy
2725	4305	292446078	real
2725	9103	11444196575801	private_dummy
2726	4328	368262251	real
2726	9104	11444196575801	private_dummy
2727	4300	485993722	real
2727	9105	11444196575801	private_dummy
2728	4304	242436030	real
2728	9106	11444196575801	private_dummy
2729	4330	519694099	real
2729	9107	11444196575801	private_dummy
2730	4317	680767834	real
2730	9108	11444196575801	private_dummy
2731	4317	680767834	real
2731	9109	11444196575801	private_dummy
2732	4315	799035594	real
2732	4316	389817969	real
2732	4321	232485516	real
2732	9110	11444196575801	private_dummy
2733	4325	421329493	real
2733	9111	11444196575801	private_dummy
2734	4327	192886229	real
2734	9112	11444196575801	private_dummy
2735	4315	814689778	real
2735	4316	641466892	real
2735	4323	484134439	real
2735	9113	11444196575801	private_dummy
2736	4325	618261233	real
2736	9114	11444196575801	private_dummy
2737	4327	192886229	real
2737	9115	11444196575801	private_dummy
2738	4314	309959545	real
2738	9116	11444196575801	private_dummy
2739	4314	309959545	real
2739	9117	11444196575801	private_dummy
2740	4313	309959545	real
2740	9118	11444196575801	private_dummy
2741	4329	402620783	real
2741	9119	11444196575801	private_dummy
2742	4331	371114550	real
2742	9120	11444196575801	private_dummy
2743	4313	760399492	real
2743	9121	11444196575801	private_dummy
2744	4329	576806853	real
2744	9122	11444196575801	private_dummy
2745	4331	531302564	real
2745	9123	11444196575801	private_dummy
2746	4276	646589376	real
2746	9124	11444196575801	private_dummy
2747	4299	369912191	real
2747	9125	11444196575801	private_dummy
2748	4299	448580664	real
2748	9126	11444196575801	private_dummy
2749	4267	602099362	real
2749	4268	659212116	real
2749	9127	11444196575801	private_dummy
2750	4269	428876476	real
2750	4270	428876476	real
2750	9128	11444196575801	private_dummy
2751	4271	312799437	real
2751	4272	312799437	real
2751	9129	11444196575801	private_dummy
2752	4273	844744762	real
2752	4274	844744762	real
2752	9130	11444196575801	private_dummy
2753	4275	788387517	real
2753	9131	11444196575801	private_dummy
2754	4338	576056826	real
2754	9132	11444196575801	private_dummy
2755	4338	448580664	real
2755	9133	11444196575801	private_dummy
2756	4268	659212116	real
2756	9134	11444196575801	private_dummy
2757	4283	35549283	real
2757	9135	11444196575801	private_dummy
2758	4284	452634092	real
2758	9136	11444196575801	private_dummy
2759	4302	249994491	real
2759	9137	11444196575801	private_dummy
2760	4302	171330510	real
2760	9138	11444196575801	private_dummy
2761	4267	844744762	real
2761	9139	11444196575801	private_dummy
2762	4277	271544022	real
2762	4278	328656777	real
2762	9140	11444196575801	private_dummy
2763	4279	35549283	real
2763	9141	11444196575801	private_dummy
2764	4280	486401362	real
2764	4281	486401362	real
2764	9142	11444196575801	private_dummy
2765	4282	510400509	real
2765	9143	11444196575801	private_dummy
2766	4341	249994491	real
2766	9144	11444196575801	private_dummy
2767	4341	171330510	real
2767	9145	11444196575801	private_dummy
2768	4270	428876476	real
2768	9146	11444196575801	private_dummy
2769	4278	328656777	real
2769	9147	11444196575801	private_dummy
2770	4290	510400509	real
2770	9148	11444196575801	private_dummy
2771	4303	369912191	real
2771	9149	11444196575801	private_dummy
2772	4303	242436030	real
2772	9150	11444196575801	private_dummy
2773	4269	486401362	real
2773	9151	11444196575801	private_dummy
2774	4277	486401362	real
2774	9152	11444196575801	private_dummy
2775	4285	106654803	real
2775	4286	163767557	real
2775	9153	11444196575801	private_dummy
2776	4287	417808791	real
2776	4288	417808791	real
2776	9154	11444196575801	private_dummy
2777	4289	452634092	real
2777	9155	11444196575801	private_dummy
2778	4344	163767557	real
2778	9156	11444196575801	private_dummy
2779	4344	335102559	real
2779	9157	11444196575801	private_dummy
2780	4272	535532974	real
2780	9158	11444196575801	private_dummy
2781	4286	277989805	real
2781	9159	11444196575801	private_dummy
2782	4294	886287249	real
2782	9160	11444196575801	private_dummy
2783	4306	867055990	real
2783	9161	11444196575801	private_dummy
2784	4306	1005685025	real
2784	9162	11444196575801	private_dummy
2785	4271	417808791	real
2785	9163	11444196575801	private_dummy
2786	4279	189370818	real
2786	4283	189370818	real
2786	9164	11444196575801	private_dummy
2787	4285	417808791	real
2787	9165	11444196575801	private_dummy
2788	4291	535532974	real
2788	4292	592645728	real
2788	9166	11444196575801	private_dummy
2789	4293	646589376	real
2789	9167	11444196575801	private_dummy
2790	4347	671314201	real
2790	9168	11444196575801	private_dummy
2791	4347	614201447	real
2791	9169	11444196575801	private_dummy
2792	4274	844744762	real
2792	9170	11444196575801	private_dummy
2793	4281	486401362	real
2793	9171	11444196575801	private_dummy
2794	4288	417808791	real
2794	9172	11444196575801	private_dummy
2795	4292	513977256	real
2795	9173	11444196575801	private_dummy
2796	4296	829174495	real
2796	9174	11444196575801	private_dummy
2797	4349	513977256	real
2797	9175	11444196575801	private_dummy
2798	4349	535532974	real
2798	9176	11444196575801	private_dummy
2799	4273	693393268	real
2799	9177	11444196575801	private_dummy
2800	4280	348353212	real
2800	9178	11444196575801	private_dummy
2801	4287	299541031	real
2801	9179	11444196575801	private_dummy
2802	4291	456864501	real
2802	9180	11444196575801	private_dummy
2803	4295	750506022	real
2803	9181	11444196575801	private_dummy
2804	4351	592645728	real
2804	9182	11444196575801	private_dummy
2805	4351	614201447	real
2805	9183	11444196575801	private_dummy
2806	4319	342661020	real
2806	9184	11444196575801	private_dummy
2807	4319	445736280	real
2807	9185	11444196575801	private_dummy
2808	4337	592645728	real
2808	9186	11444196575801	private_dummy
2809	4339	369912191	real
2809	9187	11444196575801	private_dummy
2810	4340	277989805	real
2810	9188	11444196575801	private_dummy
2811	4342	249994491	real
2811	9189	11444196575801	private_dummy
2812	4320	185323276	real
2812	9190	11444196575801	private_dummy
2813	4320	277989805	real
2813	9191	11444196575801	private_dummy
2814	4343	277989805	real
2814	9192	11444196575801	private_dummy
2815	4345	369912191	real
2815	9193	11444196575801	private_dummy
2816	4346	649758483	real
2816	9194	11444196575801	private_dummy
2817	4350	456864501	real
2817	9195	11444196575801	private_dummy
2818	4352	456864501	real
2818	9196	11444196575801	private_dummy
2819	4348	1024916284	real
2819	9197	11444196575801	private_dummy
2820	4350	535532974	real
2820	9198	11444196575801	private_dummy
2821	4352	456864501	real
2821	9199	11444196575801	private_dummy
2822	4317	737880589	real
2822	4318	737880589	real
2822	9200	11444196575801	private_dummy
2823	4317	737880589	real
2823	4318	737880589	real
2823	9201	11444196575801	private_dummy
2824	1717	1024916284	real
2824	1718	1024916284	real
2824	9202	11444196575801	private_dummy
2825	2028	1269745858	real
2825	2031	1212633104	real
2825	9203	11444196575801	private_dummy
2826	2019	1130305272	real
2826	2024	1073192518	real
2826	9204	11444196575801	private_dummy
2827	2007	1044992326	real
2827	2013	987879571	real
2827	9205	11444196575801	private_dummy
2828	1991	1000399846	real
2828	1999	943287091	real
2828	9206	11444196575801	private_dummy
2829	1970	991687140	real
2829	1981	934574386	real
2829	9207	11444196575801	private_dummy
2830	1945	1018025225	real
2830	1958	960912471	real
2830	9208	11444196575801	private_dummy
2831	1335	1191738437	real
2831	1336	1134625683	real
2831	1590	1134625683	real
2831	9209	11444196575801	private_dummy
2832	853	1371733469	real
2832	854	1314620714	real
2832	1142	1314620714	real
2832	9210	11444196575801	private_dummy
2833	254	1639569710	real
2833	255	1639569710	real
2833	576	1639569710	real
2833	9211	11444196575801	private_dummy
2834	1715	1024916284	real
2834	1716	1024916284	real
2834	9212	11444196575801	private_dummy
2835	4354	901857516	real
2835	9213	11444196575801	private_dummy
2836	4356	737880589	real
2836	9214	11444196575801	private_dummy
2837	4358	646589376	real
2837	9215	11444196575801	private_dummy
2838	4360	604256990	real
2838	9216	11444196575801	private_dummy
2839	4362	604256990	real
2839	9217	11444196575801	private_dummy
2840	4364	507960342	real
2840	9218	11444196575801	private_dummy
2841	4366	513977256	real
2841	9219	11444196575801	private_dummy
2842	2031	1476010710	real
2842	2032	1476010710	real
2842	9220	11444196575801	private_dummy
2843	2028	1533123464	real
2843	9221	11444196575801	private_dummy
2844	2017	1130305272	real
2844	2022	1073192518	real
2844	9222	11444196575801	private_dummy
2845	2005	1044992326	real
2845	2011	987879571	real
2845	9223	11444196575801	private_dummy
2846	1989	1000399846	real
2846	1997	943287091	real
2846	9224	11444196575801	private_dummy
2847	1968	991687140	real
2847	1979	934574386	real
2847	9225	11444196575801	private_dummy
2848	1943	1018025225	real
2848	1956	960912471	real
2848	9226	11444196575801	private_dummy
2849	1333	1191738437	real
2849	1334	1134625683	real
2849	1588	1134625683	real
2849	9227	11444196575801	private_dummy
2850	851	1371733469	real
2850	852	1314620714	real
2850	1140	1314620714	real
2850	9228	11444196575801	private_dummy
2851	252	1639569710	real
2851	253	1639569710	real
2851	574	1639569710	real
2851	9229	11444196575801	private_dummy
2852	1711	1024916284	real
2852	1712	1024916284	real
2852	2030	1024916284	real
2852	9230	11444196575801	private_dummy
2853	4369	1037638743	real
2853	9231	11444196575801	private_dummy
2854	4371	737880589	real
2854	9232	11444196575801	private_dummy
2855	4373	586628814	real
2855	9233	11444196575801	private_dummy
2856	4375	510400509	real
2856	9234	11444196575801	private_dummy
2857	4377	486530011	real
2857	9235	11444196575801	private_dummy
2858	4379	371771474	real
2858	9236	11444196575801	private_dummy
2859	4381	369912191	real
2859	9237	11444196575801	private_dummy
2860	2024	1476010710	real
2860	2025	1476010710	real
2860	9238	11444196575801	private_dummy
2861	2022	1212633104	real
2861	2023	1212633104	real
2861	9239	11444196575801	private_dummy
2862	2019	1533123464	real
2862	9240	11444196575801	private_dummy
2863	2017	1269745858	real
2863	9241	11444196575801	private_dummy
2864	2003	1044992326	real
2864	2009	987879571	real
2864	9242	11444196575801	private_dummy
2865	1987	1000399846	real
2865	1995	943287091	real
2865	9243	11444196575801	private_dummy
2866	1966	991687140	real
2866	1977	934574386	real
2866	9244	11444196575801	private_dummy
2867	1941	1018025225	real
2867	1954	960912471	real
2867	9245	11444196575801	private_dummy
2868	1331	1191738437	real
2868	1332	1134625683	real
2868	1586	1134625683	real
2868	9246	11444196575801	private_dummy
2869	849	1371733469	real
2869	850	1314620714	real
2869	1138	1314620714	real
2869	9247	11444196575801	private_dummy
2870	250	1639569710	real
2870	251	1639569710	real
2870	572	1639569710	real
2870	9248	11444196575801	private_dummy
2871	1707	1024916284	real
2871	1708	1024916284	real
2871	2021	1024916284	real
2871	9249	11444196575801	private_dummy
2872	4384	1212633104	real
2872	9250	11444196575801	private_dummy
2873	4386	933622378	real
2873	9251	11444196575801	private_dummy
2874	4388	646589376	real
2874	9252	11444196575801	private_dummy
2875	4390	510400509	real
2875	9253	11444196575801	private_dummy
2876	4392	452634092	real
2876	9254	11444196575801	private_dummy
2877	4394	314005057	real
2877	9255	11444196575801	private_dummy
2878	4396	302396592	real
2878	9256	11444196575801	private_dummy
2879	2013	1476010710	real
2879	2014	1476010710	real
2879	9257	11444196575801	private_dummy
2880	2011	1212633104	real
2880	2012	1212633104	real
2880	9258	11444196575801	private_dummy
2881	2009	1073192518	real
2881	2010	1073192518	real
2881	9259	11444196575801	private_dummy
2882	1704	1024916284	real
2882	1705	1024916284	real
2882	9260	11444196575801	private_dummy
2883	2007	1533123464	real
2883	9261	11444196575801	private_dummy
2884	2005	1269745858	real
2884	9262	11444196575801	private_dummy
2885	2003	1130305272	real
2885	9263	11444196575801	private_dummy
2886	1985	1000399846	real
2886	1993	943287091	real
2886	9264	11444196575801	private_dummy
2887	1964	991687140	real
2887	1975	934574386	real
2887	9265	11444196575801	private_dummy
2888	1939	1018025225	real
2888	1952	960912471	real
2888	9266	11444196575801	private_dummy
2889	1329	1191738437	real
2889	1330	1134625683	real
2889	1584	1134625683	real
2889	9267	11444196575801	private_dummy
2890	847	1371733469	real
2890	848	1314620714	real
2890	1136	1314620714	real
2890	9268	11444196575801	private_dummy
2891	248	1639569710	real
2891	249	1639569710	real
2891	570	1639569710	real
2891	9269	11444196575801	private_dummy
2892	1702	1024916284	real
2892	1703	1024916284	real
2892	9270	11444196575801	private_dummy
2893	4399	1212633104	real
2893	9271	11444196575801	private_dummy
2894	4401	1073192518	real
2894	9272	11444196575801	private_dummy
2895	4403	876227084	real
2895	9273	11444196575801	private_dummy
2896	4405	604256990	real
2896	9274	11444196575801	private_dummy
2897	4407	486530011	real
2897	9275	11444196575801	private_dummy
2898	4409	314005057	real
2898	9276	11444196575801	private_dummy
2899	4411	289593778	real
2899	9277	11444196575801	private_dummy
2900	1999	1476010710	real
2900	2000	1476010710	real
2900	9278	11444196575801	private_dummy
2901	1997	1212633104	real
2901	1998	1212633104	real
2901	9279	11444196575801	private_dummy
2902	1995	1073192518	real
2902	1996	1073192518	real
2902	9280	11444196575801	private_dummy
2903	1993	987879571	real
2903	1994	987879571	real
2903	9281	11444196575801	private_dummy
2904	1699	1024916284	real
2904	1700	1024916284	real
2904	9282	11444196575801	private_dummy
2905	1991	1533123464	real
2905	9283	11444196575801	private_dummy
2906	1989	1269745858	real
2906	9284	11444196575801	private_dummy
2907	1987	1130305272	real
2907	9285	11444196575801	private_dummy
2908	1985	1044992326	real
2908	9286	11444196575801	private_dummy
2909	1962	991687140	real
2909	1973	934574386	real
2909	9287	11444196575801	private_dummy
2910	1937	1018025225	real
2910	1950	960912471	real
2910	9288	11444196575801	private_dummy
2911	1327	1191738437	real
2911	1328	1134625683	real
2911	1582	1134625683	real
2911	9289	11444196575801	private_dummy
2912	845	1371733469	real
2912	846	1314620714	real
2912	1134	1314620714	real
2912	9290	11444196575801	private_dummy
2913	246	1639569710	real
2913	247	1639569710	real
2913	568	1639569710	real
2913	9291	11444196575801	private_dummy
2914	1697	1024916284	real
2914	1698	1024916284	real
2914	9292	11444196575801	private_dummy
2915	4414	1212633104	real
2915	9293	11444196575801	private_dummy
2916	4416	1073192518	real
2916	9294	11444196575801	private_dummy
2917	4418	987879571	real
2917	9295	11444196575801	private_dummy
2918	4420	857765196	real
2918	9296	11444196575801	private_dummy
2919	4422	604256990	real
2919	9297	11444196575801	private_dummy
2920	4424	371771474	real
2920	9298	11444196575801	private_dummy
2921	4426	328656777	real
2921	9299	11444196575801	private_dummy
2922	1981	1476010710	real
2922	1982	1476010710	real
2922	9300	11444196575801	private_dummy
2923	1979	1212633104	real
2923	1980	1212633104	real
2923	9301	11444196575801	private_dummy
2924	1977	1073192518	real
2924	1978	1073192518	real
2924	9302	11444196575801	private_dummy
2925	1975	987879571	real
2925	1976	987879571	real
2925	9303	11444196575801	private_dummy
2926	1973	943287091	real
2926	1974	943287091	real
2926	9304	11444196575801	private_dummy
2927	1970	1533123464	real
2927	9305	11444196575801	private_dummy
2928	1968	1269745858	real
2928	9306	11444196575801	private_dummy
2929	1966	1130305272	real
2929	9307	11444196575801	private_dummy
2930	1964	1044992326	real
2930	9308	11444196575801	private_dummy
2931	1962	1000399846	real
2931	9309	11444196575801	private_dummy
2932	1935	1018025225	real
2932	1948	960912471	real
2932	9310	11444196575801	private_dummy
2933	1325	1191738437	real
2933	1326	1134625683	real
2933	1580	1134625683	real
2933	9311	11444196575801	private_dummy
2934	843	1371733469	real
2934	844	1314620714	real
2934	1132	1314620714	real
2934	9312	11444196575801	private_dummy
2935	244	1639569710	real
2935	245	1639569710	real
2935	566	1639569710	real
2935	9313	11444196575801	private_dummy
2936	1692	1024916284	real
2936	1693	1024916284	real
2936	1972	1024916284	real
2936	9314	11444196575801	private_dummy
2937	4429	1212633104	real
2937	9315	11444196575801	private_dummy
2938	4431	1073192518	real
2938	9316	11444196575801	private_dummy
2939	4433	987879571	real
2939	9317	11444196575801	private_dummy
2940	4435	943287091	real
2940	9318	11444196575801	private_dummy
2941	4437	876227084	real
2941	9319	11444196575801	private_dummy
2942	4439	507960342	real
2942	9320	11444196575801	private_dummy
2943	4441	429291869	real
2943	9321	11444196575801	private_dummy
2944	1958	1476010710	real
2944	1959	1476010710	real
2944	9322	11444196575801	private_dummy
2945	1956	1212633104	real
2945	1957	1212633104	real
2945	9323	11444196575801	private_dummy
2946	1954	1073192518	real
2946	1955	1073192518	real
2946	9324	11444196575801	private_dummy
2947	1952	987879571	real
2947	1953	987879571	real
2947	9325	11444196575801	private_dummy
2948	1950	943287091	real
2948	1951	943287091	real
2948	9326	11444196575801	private_dummy
2949	1948	934574386	real
2949	1949	934574386	real
2949	9327	11444196575801	private_dummy
2950	1945	1533123464	real
2950	9328	11444196575801	private_dummy
2951	1943	1269745858	real
2951	9329	11444196575801	private_dummy
2952	1941	1130305272	real
2952	9330	11444196575801	private_dummy
2953	1939	1044992326	real
2953	9331	11444196575801	private_dummy
2954	1937	1000399846	real
2954	9332	11444196575801	private_dummy
2955	1935	991687140	real
2955	9333	11444196575801	private_dummy
2956	1323	1191738437	real
2956	1324	1134625683	real
2956	1578	1134625683	real
2956	9334	11444196575801	private_dummy
2957	841	1371733469	real
2957	842	1314620714	real
2957	1130	1314620714	real
2957	9335	11444196575801	private_dummy
2958	242	1639569710	real
2958	243	1639569710	real
2958	564	1639569710	real
2958	9336	11444196575801	private_dummy
2959	1687	1024916284	real
2959	1688	1024916284	real
2959	1947	1024916284	real
2959	9337	11444196575801	private_dummy
2960	4444	1212633104	real
2960	9338	11444196575801	private_dummy
2961	4446	1073192518	real
2961	9339	11444196575801	private_dummy
2962	4448	987879571	real
2962	9340	11444196575801	private_dummy
2963	4450	943287091	real
2963	9341	11444196575801	private_dummy
2964	4452	934574386	real
2964	9342	11444196575801	private_dummy
2965	4454	909215590	real
2965	9343	11444196575801	private_dummy
2966	4456	773434363	real
2966	9344	11444196575801	private_dummy
2967	1275	1024916284	real
2967	1277	1024916284	real
2967	1337	1024916284	real
2967	9345	11444196575801	private_dummy
2968	3687	1212633104	real
2968	3690	1427490443	real
2968	9346	11444196575801	private_dummy
2969	3685	1073192518	real
2969	9347	11444196575801	private_dummy
2970	3682	987879571	real
2970	9348	11444196575801	private_dummy
2971	3679	943287091	real
2971	9349	11444196575801	private_dummy
2972	3676	934574386	real
2972	9350	11444196575801	private_dummy
2973	3674	960912471	real
2973	9351	11444196575801	private_dummy
2974	3799	921841024	real
2974	9352	11444196575801	private_dummy
2975	793	1024916284	real
2975	795	1024916284	real
2975	855	1024916284	real
2975	9353	11444196575801	private_dummy
2976	3260	1212633104	real
2976	3263	1427490443	real
2976	9354	11444196575801	private_dummy
2977	3258	1073192518	real
2977	9355	11444196575801	private_dummy
2978	3255	987879571	real
2978	9356	11444196575801	private_dummy
2979	3252	943287091	real
2979	9357	11444196575801	private_dummy
2980	3249	934574386	real
2980	9358	11444196575801	private_dummy
2981	3247	960912471	real
2981	9359	11444196575801	private_dummy
2982	3372	886287249	real
2982	9360	11444196575801	private_dummy
2983	195	1024916284	real
2983	197	1024916284	real
2983	256	1024916284	real
2983	9361	11444196575801	private_dummy
2984	2803	1212633104	real
2984	2806	1427490443	real
2984	9362	11444196575801	private_dummy
2985	2801	1073192518	real
2985	9363	11444196575801	private_dummy
2986	2798	987879571	real
2986	9364	11444196575801	private_dummy
2987	2795	943287091	real
2987	9365	11444196575801	private_dummy
2988	2792	934574386	real
2988	9366	11444196575801	private_dummy
2989	2790	960912471	real
2989	9367	11444196575801	private_dummy
2990	2915	886287249	real
2990	9368	11444196575801	private_dummy
2991	2030	1212633104	real
2991	9369	11444196575801	private_dummy
2992	2021	1073192518	real
2992	9370	11444196575801	private_dummy
2993	1972	934574386	real
2993	9371	11444196575801	private_dummy
2994	1947	960912471	real
2994	9372	11444196575801	private_dummy
2995	1337	1134625683	real
2995	1338	1134625683	real
2995	9373	11444196575801	private_dummy
2996	855	1314620714	real
2996	856	1314620714	real
2996	9374	11444196575801	private_dummy
2997	256	1639569710	real
2997	257	1639569710	real
2997	9375	11444196575801	private_dummy
2998	4332	619911174	real
2998	9376	11444196575801	private_dummy
2999	4332	619911174	real
2999	9377	11444196575801	private_dummy
3000	4333	342661020	real
3000	9378	11444196575801	private_dummy
3001	4333	342661020	real
3001	9379	11444196575801	private_dummy
3002	4334	413766540	real
3002	9380	11444196575801	private_dummy
3003	4334	413766540	real
3003	9381	11444196575801	private_dummy
3004	4335	535532974	real
3004	9382	11444196575801	private_dummy
3005	4335	535532974	real
3005	9383	11444196575801	private_dummy
3006	4336	807618777	real
3006	9384	11444196575801	private_dummy
3007	4336	750506022	real
3007	9385	11444196575801	private_dummy
3008	297	1639569710	real
3008	9386	11444196575801	private_dummy
3009	1143	943287091	real
3009	1156	943287091	real
3009	9387	11444196575801	private_dummy
3010	1591	943287091	real
3010	1604	943287091	real
3010	9388	11444196575801	private_dummy
3011	1758	1082029038	real
3011	9389	11444196575801	private_dummy
3012	2098	1000399846	real
3012	9390	11444196575801	private_dummy
3013	2100	1044992326	real
3013	9391	11444196575801	private_dummy
3014	2102	1130305272	real
3014	9392	11444196575801	private_dummy
3015	2104	1269745858	real
3015	9393	11444196575801	private_dummy
3016	2106	1533123464	real
3016	9394	11444196575801	private_dummy
3017	2097	991687140	real
3017	2109	934574386	real
3017	9395	11444196575801	private_dummy
3018	2139	1044992326	real
3018	9396	11444196575801	private_dummy
3019	2141	1130305272	real
3019	9397	11444196575801	private_dummy
3020	2143	1269745858	real
3020	9398	11444196575801	private_dummy
3021	2145	1533123464	real
3021	9399	11444196575801	private_dummy
3022	2045	943287091	real
3022	2147	943287091	real
3022	9400	11444196575801	private_dummy
3023	2172	1130305272	real
3023	9401	11444196575801	private_dummy
3024	2174	1269745858	real
3024	9402	11444196575801	private_dummy
3025	2176	1533123464	real
3025	9403	11444196575801	private_dummy
3026	2050	943287091	real
3026	2178	943287091	real
3026	9404	11444196575801	private_dummy
3027	2197	1269745858	real
3027	9405	11444196575801	private_dummy
3028	2199	1533123464	real
3028	9406	11444196575801	private_dummy
3029	2054	943287091	real
3029	2201	943287091	real
3029	9407	11444196575801	private_dummy
3030	2214	1533123464	real
3030	9408	11444196575801	private_dummy
3031	2058	943287091	real
3031	2216	943287091	real
3031	9409	11444196575801	private_dummy
3032	2063	943287091	real
3032	2223	943287091	real
3032	9410	11444196575801	private_dummy
3033	4528	1230320093	real
3033	9411	11444196575801	private_dummy
3034	4526	522083785	real
3034	9412	11444196575801	private_dummy
3035	4531	646256547	real
3035	9413	11444196575801	private_dummy
3036	4531	640351545	real
3036	9414	11444196575801	private_dummy
3037	4525	232485516	real
3037	9415	11444196575801	private_dummy
3038	4523	289598270	real
3038	4524	289598270	real
3038	9416	11444196575801	private_dummy
3039	4513	217297508	real
3039	4514	217297508	real
3039	9417	11444196575801	private_dummy
3040	4516	311153988	real
3040	4517	311153988	real
3040	9418	11444196575801	private_dummy
3041	4538	428227305	real
3041	9419	11444196575801	private_dummy
3042	4514	217297508	real
3042	9420	11444196575801	private_dummy
3043	4527	677762780	real
3043	9421	11444196575801	private_dummy
3044	4540	428227305	real
3044	9422	11444196575801	private_dummy
3045	4513	342660221	real
3045	9423	11444196575801	private_dummy
3046	4520	435326750	real
3046	4521	606657260	real
3046	9424	11444196575801	private_dummy
3047	4542	553590018	real
3047	9425	11444196575801	private_dummy
3048	4517	608184533	real
3048	9426	11444196575801	private_dummy
3049	4521	606657260	real
3049	9427	11444196575801	private_dummy
3050	4544	677762780	real
3050	9428	11444196575801	private_dummy
3051	4516	393327193	real
3051	9429	11444196575801	private_dummy
3052	4520	485993722	real
3052	9430	11444196575801	private_dummy
3053	4546	934574386	real
3053	9431	11444196575801	private_dummy
3054	4533	600752258	real
3054	9432	11444196575801	private_dummy
3055	4533	522083785	real
3055	9433	11444196575801	private_dummy
3056	4531	522083785	real
3056	4532	522083785	real
3056	4537	232485516	real
3056	9434	11444196575801	private_dummy
3057	4541	553590018	real
3057	9435	11444196575801	private_dummy
3058	4543	325152045	real
3058	9436	11444196575801	private_dummy
3059	4531	614750314	real
3059	4532	693418787	real
3059	4539	325152045	real
3059	9437	11444196575801	private_dummy
3060	4541	724925020	real
3060	9438	11444196575801	private_dummy
3061	4543	496487047	real
3061	9439	11444196575801	private_dummy
3062	4530	460928780	real
3062	9440	11444196575801	private_dummy
3063	4530	678226287	real
3063	9441	11444196575801	private_dummy
3064	4529	678226287	real
3064	9442	11444196575801	private_dummy
3065	4545	482484498	real
3065	9443	11444196575801	private_dummy
3066	4547	585559758	real
3066	9444	11444196575801	private_dummy
3067	4529	803589001	real
3067	9445	11444196575801	private_dummy
3068	4545	679416239	real
3068	9446	11444196575801	private_dummy
3069	4547	482484498	real
3069	9447	11444196575801	private_dummy
3070	4467	589476622	real
3070	9448	11444196575801	private_dummy
3071	4515	738832597	real
3071	9449	11444196575801	private_dummy
3072	4515	336214439	real
3072	9450	11444196575801	private_dummy
3073	4458	693393268	real
3073	4459	750506022	real
3073	9451	11444196575801	private_dummy
3074	4460	417808791	real
3074	4461	417808791	real
3074	9452	11444196575801	private_dummy
3075	4462	486401362	real
3075	4463	486401362	real
3075	9453	11444196575801	private_dummy
3076	4464	844744762	real
3076	4465	844744762	real
3076	9454	11444196575801	private_dummy
3077	4466	700846570	real
3077	9455	11444196575801	private_dummy
3078	4554	876880747	real
3078	9456	11444196575801	private_dummy
3079	4554	336214439	real
3079	9457	11444196575801	private_dummy
3080	4459	750506022	real
3080	9458	11444196575801	private_dummy
3081	4474	174178318	real
3081	9459	11444196575801	private_dummy
3082	4475	589476622	real
3082	9460	11444196575801	private_dummy
3083	4518	564657703	real
3083	9461	11444196575801	private_dummy
3084	4518	336214439	real
3084	9462	11444196575801	private_dummy
3085	4458	998844456	real
3085	9463	11444196575801	private_dummy
3086	4468	220877050	real
3086	4469	220877050	real
3086	9464	11444196575801	private_dummy
3087	4470	220877050	real
3087	9465	11444196575801	private_dummy
3088	4471	535532974	real
3088	4472	535532974	real
3088	9466	11444196575801	private_dummy
3089	4473	529516060	real
3089	9467	11444196575801	private_dummy
3090	4557	611356435	real
3090	9468	11444196575801	private_dummy
3091	4557	393327193	real
3091	9469	11444196575801	private_dummy
3092	4461	417808791	real
3092	9470	11444196575801	private_dummy
3093	4469	220877050	real
3093	9471	11444196575801	private_dummy
3094	4497	532034300	real
3094	9472	11444196575801	private_dummy
3095	4519	622182589	real
3095	9473	11444196575801	private_dummy
3096	4519	232485516	real
3096	9474	11444196575801	private_dummy
3097	4460	451428472	real
3097	9475	11444196575801	private_dummy
3098	4468	312799437	real
3098	9476	11444196575801	private_dummy
3099	4480	271544022	real
3099	4483	328656777	real
3099	9477	11444196575801	private_dummy
3100	4486	428876476	real
3100	4488	428876476	real
3100	9478	11444196575801	private_dummy
3101	4489	728429752	real
3101	9479	11444196575801	private_dummy
3102	4560	407325249	real
3102	9480	11444196575801	private_dummy
3103	4560	371114550	real
3103	9481	11444196575801	private_dummy
3104	4463	486401362	real
3104	9482	11444196575801	private_dummy
3105	4483	328656777	real
3105	9483	11444196575801	private_dummy
3106	4509	492435012	real
3106	9484	11444196575801	private_dummy
3107	4522	603067038	real
3107	9485	11444196575801	private_dummy
3108	4522	566856339	real
3108	9486	11444196575801	private_dummy
3109	4462	428876476	real
3109	9487	11444196575801	private_dummy
3110	4470	192881737	real
3110	4474	192881737	real
3110	9488	11444196575801	private_dummy
3111	4480	428876476	real
3111	9489	11444196575801	private_dummy
3112	4502	602099362	real
3112	4504	659212116	real
3112	9490	11444196575801	private_dummy
3113	4505	473731594	real
3113	9491	11444196575801	private_dummy
3114	4563	510400509	real
3114	9492	11444196575801	private_dummy
3115	4563	371114550	real
3115	9493	11444196575801	private_dummy
3116	4465	844744762	real
3116	9494	11444196575801	private_dummy
3117	4472	535532974	real
3117	9495	11444196575801	private_dummy
3118	4488	428876476	real
3118	9496	11444196575801	private_dummy
3119	4504	659212116	real
3119	9497	11444196575801	private_dummy
3120	4512	728429752	real
3120	9498	11444196575801	private_dummy
3121	4565	510400509	real
3121	9499	11444196575801	private_dummy
3122	4565	371114550	real
3122	9500	11444196575801	private_dummy
3123	4464	602099362	real
3123	9501	11444196575801	private_dummy
3124	4471	312799437	real
3124	9502	11444196575801	private_dummy
3125	4486	271544022	real
3125	9503	11444196575801	private_dummy
3126	4502	602099362	real
3126	9504	11444196575801	private_dummy
3127	4511	599094307	real
3127	9505	11444196575801	private_dummy
3128	4567	603067038	real
3128	9506	11444196575801	private_dummy
3129	4567	463781079	real
3129	9507	11444196575801	private_dummy
3130	4535	909215590	real
3130	9508	11444196575801	private_dummy
3131	4535	1012290850	real
3131	9509	11444196575801	private_dummy
3132	4553	453287755	real
3132	9510	11444196575801	private_dummy
3133	4555	350212495	real
3133	9511	11444196575801	private_dummy
3134	4556	314658720	real
3134	9512	11444196575801	private_dummy
3135	4558	510400509	real
3135	9513	11444196575801	private_dummy
3136	4536	210929797	real
3136	9514	11444196575801	private_dummy
3137	4536	349558832	real
3137	9515	11444196575801	private_dummy
3138	4559	368262251	real
3138	9516	11444196575801	private_dummy
3139	4561	289598270	real
3139	9517	11444196575801	private_dummy
3140	4562	314005057	real
3140	9518	11444196575801	private_dummy
3141	4566	235336584	real
3141	9519	11444196575801	private_dummy
3142	4568	235336584	real
3142	9520	11444196575801	private_dummy
3143	4564	625159045	real
3143	9521	11444196575801	private_dummy
3144	4566	314005057	real
3144	9522	11444196575801	private_dummy
3145	4568	235336584	real
3145	9523	11444196575801	private_dummy
3146	4533	522083785	real
3146	4534	407861538	real
3146	9524	11444196575801	private_dummy
3147	4533	522083785	real
3147	4534	407861538	real
3147	9525	11444196575801	private_dummy
3148	577	943287091	real
3148	578	943287091	real
3148	591	943287091	real
3148	9526	11444196575801	private_dummy
3149	3174	1055957210	real
3149	3176	1134625683	real
3149	9527	11444196575801	private_dummy
3150	3172	921841024	real
3150	9528	11444196575801	private_dummy
3151	3170	619911174	real
3151	9529	11444196575801	private_dummy
3152	3168	413766540	real
3152	9530	11444196575801	private_dummy
3153	3166	342661020	real
3153	9531	11444196575801	private_dummy
3154	3164	342661020	real
3154	9532	11444196575801	private_dummy
3155	3162	413766540	real
3155	9533	11444196575801	private_dummy
3156	258	943287091	real
3156	259	943287091	real
3156	9534	11444196575801	private_dummy
3157	3631	1055957210	real
3157	3633	1134625683	real
3157	9535	11444196575801	private_dummy
3158	3629	807618777	real
3158	9536	11444196575801	private_dummy
3159	3627	462578720	real
3159	9537	11444196575801	private_dummy
3160	3625	256434086	real
3160	9538	11444196575801	private_dummy
3161	3623	185328567	real
3161	9539	11444196575801	private_dummy
3162	3621	185328567	real
3162	9540	11444196575801	private_dummy
3163	3619	256434086	real
3163	9541	11444196575801	private_dummy
3164	857	943287091	real
3164	858	943287091	real
3164	896	943287091	real
3164	9542	11444196575801	private_dummy
3165	4058	1314620714	real
3165	4060	1371733469	real
3165	9543	11444196575801	private_dummy
3166	4056	921841024	real
3166	9544	11444196575801	private_dummy
3167	4054	462578720	real
3167	9545	11444196575801	private_dummy
3168	4052	256434086	real
3168	9546	11444196575801	private_dummy
3169	4050	185328567	real
3169	9547	11444196575801	private_dummy
3170	4048	185328567	real
3170	9548	11444196575801	private_dummy
3171	4046	256434086	real
3171	9549	11444196575801	private_dummy
3172	1339	943287091	real
3172	1340	943287091	real
3172	1378	943287091	real
3172	9550	11444196575801	private_dummy
3173	1933	943287091	real
3173	1934	943287091	real
3173	1947	943287091	real
3173	9551	11444196575801	private_dummy
3174	4455	1314620714	real
3174	4457	1450401941	real
3174	9552	11444196575801	private_dummy
3175	4453	1134625683	real
3175	9553	11444196575801	private_dummy
3176	4451	698579647	real
3176	9554	11444196575801	private_dummy
3177	4449	492435012	real
3177	9555	11444196575801	private_dummy
3178	4447	421329493	real
3178	9556	11444196575801	private_dummy
3179	4445	421329493	real
3179	9557	11444196575801	private_dummy
3180	4443	492435012	real
3180	9558	11444196575801	private_dummy
3181	1719	943287091	real
3181	1720	943287091	real
3181	9559	11444196575801	private_dummy
3182	265	1639569710	real
3182	266	1639569710	real
3182	580	1639569710	real
3182	9560	11444196575801	private_dummy
3183	864	1314620714	real
3183	865	1371733469	real
3183	1145	1314620714	real
3183	9561	11444196575801	private_dummy
3184	1346	1134625683	real
3184	1347	1191738437	real
3184	1593	1134625683	real
3184	9562	11444196575801	private_dummy
3185	1726	1024916284	real
3185	1727	1082029038	real
3185	1936	1024916284	real
3185	9563	11444196575801	private_dummy
3186	2039	943287091	real
3186	2040	943287091	real
3186	2108	943287091	real
3186	9564	11444196575801	private_dummy
3187	4570	1314620714	real
3187	9565	11444196575801	private_dummy
3188	4572	1134625683	real
3188	9566	11444196575801	private_dummy
3189	4574	1024916284	real
3189	9567	11444196575801	private_dummy
3190	4477	553590018	real
3190	9568	11444196575801	private_dummy
3191	4479	368262251	real
3191	9569	11444196575801	private_dummy
3192	4482	325152045	real
3192	9570	11444196575801	private_dummy
3193	4485	368262251	real
3193	9571	11444196575801	private_dummy
3194	262	1639569710	real
3194	263	1639569710	real
3194	9572	11444196575801	private_dummy
3195	861	1371733469	real
3195	862	1371733469	real
3195	9573	11444196575801	private_dummy
3196	1343	1191738437	real
3196	1344	1191738437	real
3196	9574	11444196575801	private_dummy
3197	1723	1082029038	real
3197	1724	1082029038	real
3197	9575	11444196575801	private_dummy
3198	2067	1000399846	real
3198	2068	1000399846	real
3198	2070	943287091	real
3198	2071	943287091	real
3198	9576	11444196575801	private_dummy
3199	2073	1044992326	real
3199	2074	1044992326	real
3199	2076	987879571	real
3199	2077	987879571	real
3199	9577	11444196575801	private_dummy
3200	2079	1130305272	real
3200	2080	1130305272	real
3200	2082	1073192518	real
3200	2083	1073192518	real
3200	9578	11444196575801	private_dummy
3201	2085	1269745858	real
3201	2086	1269745858	real
3201	2088	1212633104	real
3201	2089	1212633104	real
3201	9579	11444196575801	private_dummy
3202	2091	1533123464	real
3202	2092	1533123464	real
3202	2094	1476010710	real
3202	2095	1476010710	real
3202	9580	11444196575801	private_dummy
3203	2036	943287091	real
3203	2038	943287091	real
3203	9581	11444196575801	private_dummy
3204	271	1639569710	real
3204	272	1639569710	real
3204	582	1639569710	real
3204	9582	11444196575801	private_dummy
3205	870	1314620714	real
3205	871	1371733469	real
3205	1147	1314620714	real
3205	9583	11444196575801	private_dummy
3206	1352	1134625683	real
3206	1353	1191738437	real
3206	1595	1134625683	real
3206	9584	11444196575801	private_dummy
3207	1732	1024916284	real
3207	1733	1082029038	real
3207	1938	1024916284	real
3207	9585	11444196575801	private_dummy
3208	2070	934574386	real
3208	2072	991687140	real
3208	9586	11444196575801	private_dummy
3209	4576	1314620714	real
3209	9587	11444196575801	private_dummy
3210	4578	1134625683	real
3210	9588	11444196575801	private_dummy
3211	4580	1024916284	real
3211	9589	11444196575801	private_dummy
3212	4582	681066180	real
3212	9590	11444196575801	private_dummy
3213	4491	368262251	real
3213	9591	11444196575801	private_dummy
3214	4493	210929797	real
3214	9592	11444196575801	private_dummy
3215	4495	210929797	real
3215	9593	11444196575801	private_dummy
3216	268	1639569710	real
3216	269	1639569710	real
3216	9594	11444196575801	private_dummy
3217	867	1371733469	real
3217	868	1371733469	real
3217	9595	11444196575801	private_dummy
3218	1349	1191738437	real
3218	1350	1191738437	real
3218	9596	11444196575801	private_dummy
3219	1729	1082029038	real
3219	1730	1082029038	real
3219	9597	11444196575801	private_dummy
3220	2067	991687140	real
3220	2069	991687140	real
3220	2099	934574386	real
3220	9598	11444196575801	private_dummy
3221	2113	1044992326	real
3221	2114	1044992326	real
3221	2116	987879571	real
3221	2117	987879571	real
3221	9599	11444196575801	private_dummy
3222	2119	1130305272	real
3222	2120	1130305272	real
3222	2122	1073192518	real
3222	2123	1073192518	real
3222	9600	11444196575801	private_dummy
3223	2125	1269745858	real
3223	2126	1269745858	real
3223	2128	1212633104	real
3223	2129	1212633104	real
3223	9601	11444196575801	private_dummy
3224	2131	1533123464	real
3224	2132	1533123464	real
3224	2134	1476010710	real
3224	2135	1476010710	real
3224	9602	11444196575801	private_dummy
3225	2041	943287091	real
3225	2043	943287091	real
3225	2137	943287091	real
3225	9603	11444196575801	private_dummy
3226	277	1639569710	real
3226	278	1639569710	real
3226	584	1639569710	real
3226	9604	11444196575801	private_dummy
3227	876	1314620714	real
3227	877	1371733469	real
3227	1149	1314620714	real
3227	9605	11444196575801	private_dummy
3228	1358	1134625683	real
3228	1359	1191738437	real
3228	1597	1134625683	real
3228	9606	11444196575801	private_dummy
3229	1738	1024916284	real
3229	1739	1082029038	real
3229	1940	1024916284	real
3229	9607	11444196575801	private_dummy
3230	2076	934574386	real
3230	2078	991687140	real
3230	9608	11444196575801	private_dummy
3231	2116	943287091	real
3231	2118	1000399846	real
3231	9609	11444196575801	private_dummy
3232	4584	1314620714	real
3232	9610	11444196575801	private_dummy
3233	4586	1134625683	real
3233	9611	11444196575801	private_dummy
3234	4588	1024916284	real
3234	9612	11444196575801	private_dummy
3235	4590	681066180	real
3235	9613	11444196575801	private_dummy
3236	4592	474921545	real
3236	9614	11444196575801	private_dummy
3237	4499	349558832	real
3237	9615	11444196575801	private_dummy
3238	4501	235336584	real
3238	9616	11444196575801	private_dummy
3239	274	1639569710	real
3239	275	1639569710	real
3239	9617	11444196575801	private_dummy
3240	873	1371733469	real
3240	874	1371733469	real
3240	9618	11444196575801	private_dummy
3241	1355	1191738437	real
3241	1356	1191738437	real
3241	9619	11444196575801	private_dummy
3242	1735	1082029038	real
3242	1736	1082029038	real
3242	9620	11444196575801	private_dummy
3243	2073	991687140	real
3243	2075	991687140	real
3243	2101	934574386	real
3243	9621	11444196575801	private_dummy
3244	2113	1000399846	real
3244	2115	1000399846	real
3244	2140	943287091	real
3244	9622	11444196575801	private_dummy
3245	2152	1130305272	real
3245	2153	1130305272	real
3245	2155	1073192518	real
3245	2156	1073192518	real
3245	9623	11444196575801	private_dummy
3246	2158	1269745858	real
3246	2159	1269745858	real
3246	2161	1212633104	real
3246	2162	1212633104	real
3246	9624	11444196575801	private_dummy
3247	2164	1533123464	real
3247	2165	1533123464	real
3247	2167	1476010710	real
3247	2168	1476010710	real
3247	9625	11444196575801	private_dummy
3248	2046	943287091	real
3248	2048	943287091	real
3248	2170	943287091	real
3248	9626	11444196575801	private_dummy
3249	283	1639569710	real
3249	284	1639569710	real
3249	586	1639569710	real
3249	9627	11444196575801	private_dummy
3250	882	1314620714	real
3250	883	1371733469	real
3250	1151	1314620714	real
3250	9628	11444196575801	private_dummy
3251	1364	1134625683	real
3251	1365	1191738437	real
3251	1599	1134625683	real
3251	9629	11444196575801	private_dummy
3252	1744	1024916284	real
3252	1745	1082029038	real
3252	1942	1024916284	real
3252	9630	11444196575801	private_dummy
3253	2082	934574386	real
3253	2084	991687140	real
3253	9631	11444196575801	private_dummy
3254	2122	943287091	real
3254	2124	1000399846	real
3254	9632	11444196575801	private_dummy
3255	2155	987879571	real
3255	2157	1044992326	real
3255	9633	11444196575801	private_dummy
3256	4594	1314620714	real
3256	9634	11444196575801	private_dummy
3257	4596	1134625683	real
3257	9635	11444196575801	private_dummy
3258	4598	1024916284	real
3258	9636	11444196575801	private_dummy
3259	4600	681066180	real
3259	9637	11444196575801	private_dummy
3260	4602	474921545	real
3260	9638	11444196575801	private_dummy
3261	4604	403816026	real
3261	9639	11444196575801	private_dummy
3262	4507	407861538	real
3262	9640	11444196575801	private_dummy
3263	280	1639569710	real
3263	281	1639569710	real
3263	9641	11444196575801	private_dummy
3264	879	1371733469	real
3264	880	1371733469	real
3264	9642	11444196575801	private_dummy
3265	1361	1191738437	real
3265	1362	1191738437	real
3265	9643	11444196575801	private_dummy
3266	1741	1082029038	real
3266	1742	1082029038	real
3266	9644	11444196575801	private_dummy
3267	2079	991687140	real
3267	2081	991687140	real
3267	2103	934574386	real
3267	9645	11444196575801	private_dummy
3268	2119	1000399846	real
3268	2121	1000399846	real
3268	2142	943287091	real
3268	9646	11444196575801	private_dummy
3269	2152	1044992326	real
3269	2154	1044992326	real
3269	2173	987879571	real
3269	9647	11444196575801	private_dummy
3270	2183	1269745858	real
3270	2184	1269745858	real
3270	2186	1212633104	real
3270	2187	1212633104	real
3270	9648	11444196575801	private_dummy
3271	2189	1533123464	real
3271	2190	1533123464	real
3271	2192	1476010710	real
3271	2193	1476010710	real
3271	9649	11444196575801	private_dummy
3272	2051	943287091	real
3272	2053	943287091	real
3272	2195	943287091	real
3272	9650	11444196575801	private_dummy
3273	289	1639569710	real
3273	290	1639569710	real
3273	588	1639569710	real
3273	9651	11444196575801	private_dummy
3274	888	1314620714	real
3274	889	1371733469	real
3274	1153	1314620714	real
3274	9652	11444196575801	private_dummy
3275	1370	1134625683	real
3275	1371	1191738437	real
3275	1601	1134625683	real
3275	9653	11444196575801	private_dummy
3276	1750	1024916284	real
3276	1751	1082029038	real
3276	1944	1024916284	real
3276	9654	11444196575801	private_dummy
3277	2088	934574386	real
3277	2090	991687140	real
3277	9655	11444196575801	private_dummy
3278	2128	943287091	real
3278	2130	1000399846	real
3278	9656	11444196575801	private_dummy
3279	2161	987879571	real
3279	2163	1044992326	real
3279	9657	11444196575801	private_dummy
3280	2186	1073192518	real
3280	2188	1130305272	real
3280	9658	11444196575801	private_dummy
3281	4606	1314620714	real
3281	9659	11444196575801	private_dummy
3282	4608	1134625683	real
3282	9660	11444196575801	private_dummy
3283	4610	1024916284	real
3283	9661	11444196575801	private_dummy
3284	4612	681066180	real
3284	9662	11444196575801	private_dummy
3285	4614	474921545	real
3285	9663	11444196575801	private_dummy
3286	4616	403816026	real
3286	9664	11444196575801	private_dummy
3287	4618	403816026	real
3287	9665	11444196575801	private_dummy
3288	286	1639569710	real
3288	287	1639569710	real
3288	9666	11444196575801	private_dummy
3289	885	1371733469	real
3289	886	1371733469	real
3289	9667	11444196575801	private_dummy
3290	1367	1191738437	real
3290	1368	1191738437	real
3290	9668	11444196575801	private_dummy
3291	1747	1082029038	real
3291	1748	1082029038	real
3291	9669	11444196575801	private_dummy
3292	2085	991687140	real
3292	2087	991687140	real
3292	2105	934574386	real
3292	9670	11444196575801	private_dummy
3293	2125	1000399846	real
3293	2127	1000399846	real
3293	2144	943287091	real
3293	9671	11444196575801	private_dummy
3294	2158	1044992326	real
3294	2160	1044992326	real
3294	2175	987879571	real
3294	9672	11444196575801	private_dummy
3295	2183	1130305272	real
3295	2185	1130305272	real
3295	2198	1073192518	real
3295	9673	11444196575801	private_dummy
3296	2206	1533123464	real
3296	2207	1533123464	real
3296	2209	1476010710	real
3296	2210	1476010710	real
3296	9674	11444196575801	private_dummy
3297	2055	943287091	real
3297	2057	943287091	real
3297	2212	943287091	real
3297	9675	11444196575801	private_dummy
3298	295	1639569710	real
3298	296	1639569710	real
3298	590	1639569710	real
3298	9676	11444196575801	private_dummy
3299	894	1314620714	real
3299	895	1371733469	real
3299	1155	1314620714	real
3299	9677	11444196575801	private_dummy
3300	1376	1134625683	real
3300	1377	1191738437	real
3300	1603	1134625683	real
3300	9678	11444196575801	private_dummy
3301	1756	1024916284	real
3301	1757	1082029038	real
3301	1946	1024916284	real
3301	9679	11444196575801	private_dummy
3302	2094	934574386	real
3302	2096	991687140	real
3302	9680	11444196575801	private_dummy
3303	2134	943287091	real
3303	2136	1000399846	real
3303	9681	11444196575801	private_dummy
3304	2167	987879571	real
3304	2169	1044992326	real
3304	9682	11444196575801	private_dummy
3305	2192	1073192518	real
3305	2194	1130305272	real
3305	9683	11444196575801	private_dummy
3306	2209	1212633104	real
3306	2211	1269745858	real
3306	9684	11444196575801	private_dummy
3307	4620	1314620714	real
3307	9685	11444196575801	private_dummy
3308	4622	1134625683	real
3308	9686	11444196575801	private_dummy
3309	4624	1024916284	real
3309	9687	11444196575801	private_dummy
3310	4626	681066180	real
3310	9688	11444196575801	private_dummy
3311	4628	474921545	real
3311	9689	11444196575801	private_dummy
3312	4630	403816026	real
3312	9690	11444196575801	private_dummy
3313	4632	403816026	real
3313	9691	11444196575801	private_dummy
3314	292	1639569710	real
3314	293	1639569710	real
3314	9692	11444196575801	private_dummy
3315	891	1371733469	real
3315	892	1371733469	real
3315	9693	11444196575801	private_dummy
3316	1373	1191738437	real
3316	1374	1191738437	real
3316	9694	11444196575801	private_dummy
3317	1753	1082029038	real
3317	1754	1082029038	real
3317	9695	11444196575801	private_dummy
3318	2091	991687140	real
3318	2093	991687140	real
3318	2107	934574386	real
3318	9696	11444196575801	private_dummy
3319	2131	1000399846	real
3319	2133	1000399846	real
3319	2146	943287091	real
3319	9697	11444196575801	private_dummy
3320	2164	1044992326	real
3320	2166	1044992326	real
3320	2177	987879571	real
3320	9698	11444196575801	private_dummy
3321	2189	1130305272	real
3321	2191	1130305272	real
3321	2200	1073192518	real
3321	9699	11444196575801	private_dummy
3322	2206	1269745858	real
3322	2208	1269745858	real
3322	2215	1212633104	real
3322	9700	11444196575801	private_dummy
3323	2059	943287091	real
3323	2061	943287091	real
3323	2221	943287091	real
3323	9701	11444196575801	private_dummy
3324	896	1314620714	real
3324	897	1371733469	real
3324	9702	11444196575801	private_dummy
3325	1378	1134625683	real
3325	1379	1191738437	real
3325	9703	11444196575801	private_dummy
3326	2137	943287091	real
3326	2138	1000399846	real
3326	2148	943287091	real
3326	9704	11444196575801	private_dummy
3327	2170	987879571	real
3327	2171	1044992326	real
3327	2179	987879571	real
3327	9705	11444196575801	private_dummy
3328	2195	1073192518	real
3328	2196	1130305272	real
3328	2202	1073192518	real
3328	9706	11444196575801	private_dummy
3329	2212	1212633104	real
3329	2213	1269745858	real
3329	2217	1212633104	real
3329	9707	11444196575801	private_dummy
3330	2221	1476010710	real
3330	2222	1533123464	real
3330	9708	11444196575801	private_dummy
3331	259	1639569710	real
3331	260	1639569710	real
3331	578	1639569710	real
3331	9709	11444196575801	private_dummy
3332	858	1314620714	real
3332	859	1314620714	real
3332	9710	11444196575801	private_dummy
3333	1340	1134625683	real
3333	1341	1134625683	real
3333	9711	11444196575801	private_dummy
3334	1720	1024916284	real
3334	1721	1024916284	real
3334	1934	1024916284	real
3334	9712	11444196575801	private_dummy
3335	2036	934574386	real
3335	2037	934574386	real
3335	2039	934574386	real
3335	9713	11444196575801	private_dummy
3336	2041	943287091	real
3336	2042	943287091	real
3336	2044	943287091	real
3336	9714	11444196575801	private_dummy
3337	2046	987879571	real
3337	2047	987879571	real
3337	2049	987879571	real
3337	9715	11444196575801	private_dummy
3338	2051	1073192518	real
3338	2052	1073192518	real
3338	9716	11444196575801	private_dummy
3339	2055	1212633104	real
3339	2056	1212633104	real
3339	9717	11444196575801	private_dummy
3340	2059	1476010710	real
3340	2060	1476010710	real
3340	2062	1476010710	real
3340	9718	11444196575801	private_dummy
3341	4548	737880589	real
3341	9719	11444196575801	private_dummy
3342	4548	737880589	real
3342	9720	11444196575801	private_dummy
3343	4549	737880589	real
3343	9721	11444196575801	private_dummy
3344	4549	737880589	real
3344	9722	11444196575801	private_dummy
3345	4550	417808791	real
3345	9723	11444196575801	private_dummy
3346	4550	474921545	real
3346	9724	11444196575801	private_dummy
3347	4551	292446078	real
3347	9725	11444196575801	private_dummy
3348	4551	349558832	real
3348	9726	11444196575801	private_dummy
3349	4552	547144236	real
3349	9727	11444196575801	private_dummy
3350	4552	604256990	real
3350	9728	11444196575801	private_dummy
3351	2293	1212633104	real
3351	9729	11444196575801	private_dummy
3352	2284	1073192518	real
3352	9730	11444196575801	private_dummy
3353	2272	987879571	real
3353	9731	11444196575801	private_dummy
3354	2256	943287091	real
3354	9732	11444196575801	private_dummy
3355	2235	934574386	real
3355	9733	11444196575801	private_dummy
3356	2299	1476010710	real
3356	9734	11444196575801	private_dummy
3357	2282	1073192518	real
3357	9735	11444196575801	private_dummy
3358	2270	987879571	real
3358	9736	11444196575801	private_dummy
3359	2254	943287091	real
3359	9737	11444196575801	private_dummy
3360	2233	934574386	real
3360	9738	11444196575801	private_dummy
3361	2058	960912471	real
3361	9739	11444196575801	private_dummy
3362	2268	987879571	real
3362	9740	11444196575801	private_dummy
3363	2252	943287091	real
3363	9741	11444196575801	private_dummy
3364	2231	934574386	real
3364	9742	11444196575801	private_dummy
3365	2054	960912471	real
3365	9743	11444196575801	private_dummy
3366	2250	943287091	real
3366	9744	11444196575801	private_dummy
3367	2229	934574386	real
3367	9745	11444196575801	private_dummy
3368	2227	934574386	real
3368	9746	11444196575801	private_dummy
3369	2040	960912471	real
3369	9747	11444196575801	private_dummy
3370	1933	960912471	real
3370	9748	11444196575801	private_dummy
3371	1591	960912471	real
3371	9749	11444196575801	private_dummy
3372	1143	960912471	real
3372	9750	11444196575801	private_dummy
3373	577	960912471	real
3373	9751	11444196575801	private_dummy
3374	4679	646256547	real
3374	9752	11444196575801	private_dummy
3375	4677	356658277	real
3375	9753	11444196575801	private_dummy
3376	4682	647783820	real
3376	9754	11444196575801	private_dummy
3377	4682	622182589	real
3377	9755	11444196575801	private_dummy
3378	4676	138629035	real
3378	9756	11444196575801	private_dummy
3379	4674	289598270	real
3379	4675	289598270	real
3379	9757	11444196575801	private_dummy
3380	4664	78668473	real
3380	4665	249998983	real
3380	9758	11444196575801	private_dummy
3381	4667	435326750	real
3381	4668	435326750	real
3381	9759	11444196575801	private_dummy
3382	4689	92666529	real
3382	9760	11444196575801	private_dummy
3383	4665	407331436	real
3383	9761	11444196575801	private_dummy
3384	4678	943287091	real
3384	9762	11444196575801	private_dummy
3385	4691	446930723	real
3385	9763	11444196575801	private_dummy
3386	4664	471995666	real
3386	9764	11444196575801	private_dummy
3387	4671	311153988	real
3387	4672	600752258	real
3387	9765	11444196575801	private_dummy
3388	4693	934574386	real
3388	9766	11444196575801	private_dummy
3389	4668	325152045	real
3389	9767	11444196575801	private_dummy
3390	4672	522083785	real
3390	9768	11444196575801	private_dummy
3391	4695	325152045	real
3391	9769	11444196575801	private_dummy
3392	4667	485993722	real
3392	9770	11444196575801	private_dummy
3393	4671	356658277	real
3393	9771	11444196575801	private_dummy
3394	4697	553590018	real
3394	9772	11444196575801	private_dummy
3395	4684	529516060	real
3395	9773	11444196575801	private_dummy
3396	4684	529516060	real
3396	9774	11444196575801	private_dummy
3397	4682	632591320	real
3397	4683	295961488	real
3397	4688	138629035	real
3397	9775	11444196575801	private_dummy
3398	4692	606657260	real
3398	9776	11444196575801	private_dummy
3399	4694	192886229	real
3399	9777	11444196575801	private_dummy
3400	4682	653688822	real
3400	4683	513990731	real
3400	4690	356658277	real
3400	9778	11444196575801	private_dummy
3401	4692	803589001	real
3401	9779	11444196575801	private_dummy
3402	4694	192886229	real
3402	9780	11444196575801	private_dummy
3403	4681	249998983	real
3403	9781	11444196575801	private_dummy
3404	4681	249998983	real
3404	9782	11444196575801	private_dummy
3405	4680	407331436	real
3405	9783	11444196575801	private_dummy
3406	4696	435326750	real
3406	9784	11444196575801	private_dummy
3407	4698	414229248	real
3407	9785	11444196575801	private_dummy
3408	4680	643326175	real
3408	9786	11444196575801	private_dummy
3409	4696	632258491	real
3409	9787	11444196575801	private_dummy
3410	4698	414229248	real
3410	9788	11444196575801	private_dummy
3411	4643	604256990	real
3411	9789	11444196575801	private_dummy
3412	4666	407325249	real
3412	9790	11444196575801	private_dummy
3413	4666	299545523	real
3413	9791	11444196575801	private_dummy
3414	4634	602099362	real
3414	4635	659212116	real
3414	9792	11444196575801	private_dummy
3415	4636	428876476	real
3415	4637	428876476	real
3415	9793	11444196575801	private_dummy
3416	4638	535532974	real
3416	4639	535532974	real
3416	9794	11444196575801	private_dummy
3417	4640	844744762	real
3417	4641	844744762	real
3417	9795	11444196575801	private_dummy
3418	4642	738178934	real
3418	9796	11444196575801	private_dummy
3419	4705	622182589	real
3419	9797	11444196575801	private_dummy
3420	4705	299545523	real
3420	9798	11444196575801	private_dummy
3421	4635	659212116	real
3421	9799	11444196575801	private_dummy
3422	4650	192881737	real
3422	9800	11444196575801	private_dummy
3423	4651	452634092	real
3423	9801	11444196575801	private_dummy
3424	4669	309959545	real
3424	9802	11444196575801	private_dummy
3425	4669	71107550	real
3425	9803	11444196575801	private_dummy
3426	4634	844744762	real
3426	9804	11444196575801	private_dummy
3427	4644	271544022	real
3427	4645	328656777	real
3427	9805	11444196575801	private_dummy
3428	4646	220877050	real
3428	9806	11444196575801	private_dummy
3429	4647	486401362	real
3429	4648	486401362	real
3429	9807	11444196575801	private_dummy
3430	4649	486530011	real
3430	9808	11444196575801	private_dummy
3431	4708	325152045	real
3431	9809	11444196575801	private_dummy
3432	4708	71107550	real
3432	9810	11444196575801	private_dummy
3433	4637	428876476	real
3433	9811	11444196575801	private_dummy
3434	4645	328656777	real
3434	9812	11444196575801	private_dummy
3435	4657	604256990	real
3435	9813	11444196575801	private_dummy
3436	4670	484134439	real
3436	9814	11444196575801	private_dummy
3437	4670	299545523	real
3437	9815	11444196575801	private_dummy
3438	4636	486401362	real
3438	9816	11444196575801	private_dummy
3439	4644	486401362	real
3439	9817	11444196575801	private_dummy
3440	4652	220877050	real
3440	4653	220877050	real
3440	9818	11444196575801	private_dummy
3441	4654	417808791	real
3441	4655	417808791	real
3441	9819	11444196575801	private_dummy
3442	4656	486530011	real
3442	9820	11444196575801	private_dummy
3443	4711	356658277	real
3443	9821	11444196575801	private_dummy
3444	4711	356658277	real
3444	9822	11444196575801	private_dummy
3445	4639	535532974	real
3445	9823	11444196575801	private_dummy
3446	4653	220877050	real
3446	9824	11444196575801	private_dummy
3447	4661	592645728	real
3447	9825	11444196575801	private_dummy
3448	4673	867055990	real
3448	9826	11444196575801	private_dummy
3449	4673	902609765	real
3449	9827	11444196575801	private_dummy
3450	4638	451428472	real
3450	9828	11444196575801	private_dummy
3451	4646	174178318	real
3451	4650	174178318	real
3451	9829	11444196575801	private_dummy
3452	4652	245283838	real
3452	9830	11444196575801	private_dummy
3453	4658	693393268	real
3453	4659	750506022	real
3453	9831	11444196575801	private_dummy
3454	4660	788387517	real
3454	9832	11444196575801	private_dummy
3455	4714	592645728	real
3455	9833	11444196575801	private_dummy
3456	4714	706867976	real
3456	9834	11444196575801	private_dummy
3457	4641	844744762	real
3457	9835	11444196575801	private_dummy
3458	4648	486401362	real
3458	9836	11444196575801	private_dummy
3459	4655	417808791	real
3459	9837	11444196575801	private_dummy
3460	4659	750506022	real
3460	9838	11444196575801	private_dummy
3461	4663	731274763	real
3461	9839	11444196575801	private_dummy
3462	4716	592645728	real
3462	9840	11444196575801	private_dummy
3463	4716	706867976	real
3463	9841	11444196575801	private_dummy
3464	4640	693393268	real
3464	9842	11444196575801	private_dummy
3465	4647	348353212	real
3465	9843	11444196575801	private_dummy
3466	4654	299541031	real
3466	9844	11444196575801	private_dummy
3467	4658	693393268	real
3467	9845	11444196575801	private_dummy
3468	4662	628199503	real
3468	9846	11444196575801	private_dummy
3469	4718	685312257	real
3469	9847	11444196575801	private_dummy
3470	4718	799534505	real
3470	9848	11444196575801	private_dummy
3471	4686	370656334	real
3471	9849	11444196575801	private_dummy
3472	4686	473731594	real
3472	9850	11444196575801	private_dummy
3473	4704	484134439	real
3473	9851	11444196575801	private_dummy
3474	4706	277989805	real
3474	9852	11444196575801	private_dummy
3475	4707	206884285	real
3475	9853	11444196575801	private_dummy
3476	4709	206884285	real
3476	9854	11444196575801	private_dummy
3477	4687	185323276	real
3477	9855	11444196575801	private_dummy
3478	4687	242436030	real
3478	9856	11444196575801	private_dummy
3479	4710	277989805	real
3479	9857	11444196575801	private_dummy
3480	4712	541247193	real
3480	9858	11444196575801	private_dummy
3481	4713	592645728	real
3481	9859	11444196575801	private_dummy
3482	4717	513977256	real
3482	9860	11444196575801	private_dummy
3483	4719	513977256	real
3483	9861	11444196575801	private_dummy
3484	4715	788387517	real
3484	9862	11444196575801	private_dummy
3485	4717	592645728	real
3485	9863	11444196575801	private_dummy
3486	4719	513977256	real
3486	9864	11444196575801	private_dummy
3487	4684	586628814	real
3487	4685	586628814	real
3487	9865	11444196575801	private_dummy
3488	4684	586628814	real
3488	4685	586628814	real
3488	9866	11444196575801	private_dummy
3489	2062	960912471	real
3489	2063	960912471	real
3489	9867	11444196575801	private_dummy
3490	2292	1269745858	real
3490	2295	1212633104	real
3490	9868	11444196575801	private_dummy
3491	2283	1130305272	real
3491	2288	1073192518	real
3491	9869	11444196575801	private_dummy
3492	2271	1044992326	real
3492	2277	987879571	real
3492	9870	11444196575801	private_dummy
3493	2255	1000399846	real
3493	2263	943287091	real
3493	9871	11444196575801	private_dummy
3494	2234	991687140	real
3494	2245	934574386	real
3494	9872	11444196575801	private_dummy
3495	1769	1082029038	real
3495	1770	1024916284	real
3495	1959	1024916284	real
3495	9873	11444196575801	private_dummy
3496	1390	1191738437	real
3496	1391	1134625683	real
3496	1616	1134625683	real
3496	9874	11444196575801	private_dummy
3497	908	1371733469	real
3497	909	1314620714	real
3497	1168	1314620714	real
3497	9875	11444196575801	private_dummy
3498	308	1639569710	real
3498	309	1639569710	real
3498	603	1639569710	real
3498	9876	11444196575801	private_dummy
3499	2060	960912471	real
3499	2061	960912471	real
3499	9877	11444196575801	private_dummy
3500	4721	901857516	real
3500	9878	11444196575801	private_dummy
3501	4723	737880589	real
3501	9879	11444196575801	private_dummy
3502	4725	646589376	real
3502	9880	11444196575801	private_dummy
3503	4727	604256990	real
3503	9881	11444196575801	private_dummy
3504	4729	431732036	real
3504	9882	11444196575801	private_dummy
3505	4731	369912191	real
3505	9883	11444196575801	private_dummy
3506	4733	369912191	real
3506	9884	11444196575801	private_dummy
3507	2295	1476010710	real
3507	2296	1476010710	real
3507	9885	11444196575801	private_dummy
3508	2292	1533123464	real
3508	9886	11444196575801	private_dummy
3509	2281	1130305272	real
3509	2286	1073192518	real
3509	9887	11444196575801	private_dummy
3510	2269	1044992326	real
3510	2275	987879571	real
3510	9888	11444196575801	private_dummy
3511	2253	1000399846	real
3511	2261	943287091	real
3511	9889	11444196575801	private_dummy
3512	2232	991687140	real
3512	2243	934574386	real
3512	9890	11444196575801	private_dummy
3513	1767	1082029038	real
3513	1768	1024916284	real
3513	1957	1024916284	real
3513	9891	11444196575801	private_dummy
3514	1388	1191738437	real
3514	1389	1134625683	real
3514	1614	1134625683	real
3514	9892	11444196575801	private_dummy
3515	906	1371733469	real
3515	907	1314620714	real
3515	1166	1314620714	real
3515	9893	11444196575801	private_dummy
3516	306	1639569710	real
3516	307	1639569710	real
3516	601	1639569710	real
3516	9894	11444196575801	private_dummy
3517	2056	960912471	real
3517	2057	960912471	real
3517	2294	960912471	real
3517	9895	11444196575801	private_dummy
3518	4736	1037638743	real
3518	9896	11444196575801	private_dummy
3519	4738	737880589	real
3519	9897	11444196575801	private_dummy
3520	4740	586628814	real
3520	9898	11444196575801	private_dummy
3521	4742	510400509	real
3521	9899	11444196575801	private_dummy
3522	4744	314005057	real
3522	9900	11444196575801	private_dummy
3523	4746	242436030	real
3523	9901	11444196575801	private_dummy
3524	4748	242436030	real
3524	9902	11444196575801	private_dummy
3525	2288	1476010710	real
3525	2289	1476010710	real
3525	9903	11444196575801	private_dummy
3526	2286	1212633104	real
3526	2287	1212633104	real
3526	9904	11444196575801	private_dummy
3527	2283	1533123464	real
3527	9905	11444196575801	private_dummy
3528	2281	1269745858	real
3528	9906	11444196575801	private_dummy
3529	2267	1044992326	real
3529	2273	987879571	real
3529	9907	11444196575801	private_dummy
3530	2251	1000399846	real
3530	2259	943287091	real
3530	9908	11444196575801	private_dummy
3531	2230	991687140	real
3531	2241	934574386	real
3531	9909	11444196575801	private_dummy
3532	1765	1082029038	real
3532	1766	1024916284	real
3532	1955	1024916284	real
3532	9910	11444196575801	private_dummy
3533	1386	1191738437	real
3533	1387	1134625683	real
3533	1612	1134625683	real
3533	9911	11444196575801	private_dummy
3534	904	1371733469	real
3534	905	1314620714	real
3534	1164	1314620714	real
3534	9912	11444196575801	private_dummy
3535	304	1639569710	real
3535	305	1639569710	real
3535	599	1639569710	real
3535	9913	11444196575801	private_dummy
3536	2052	960912471	real
3536	2053	960912471	real
3536	2285	960912471	real
3536	9914	11444196575801	private_dummy
3537	4751	1212633104	real
3537	9915	11444196575801	private_dummy
3538	4753	933622378	real
3538	9916	11444196575801	private_dummy
3539	4755	646589376	real
3539	9917	11444196575801	private_dummy
3540	4757	510400509	real
3540	9918	11444196575801	private_dummy
3541	4759	280109138	real
3541	9919	11444196575801	private_dummy
3542	4761	195737297	real
3542	9920	11444196575801	private_dummy
3543	4763	195737297	real
3543	9921	11444196575801	private_dummy
3544	2277	1476010710	real
3544	2278	1476010710	real
3544	9922	11444196575801	private_dummy
3545	2275	1212633104	real
3545	2276	1212633104	real
3545	9923	11444196575801	private_dummy
3546	2273	1073192518	real
3546	2274	1073192518	real
3546	9924	11444196575801	private_dummy
3547	2049	960912471	real
3547	2050	960912471	real
3547	9925	11444196575801	private_dummy
3548	2271	1533123464	real
3548	9926	11444196575801	private_dummy
3549	2269	1269745858	real
3549	9927	11444196575801	private_dummy
3550	2267	1130305272	real
3550	9928	11444196575801	private_dummy
3551	2249	1000399846	real
3551	2257	943287091	real
3551	9929	11444196575801	private_dummy
3552	2228	991687140	real
3552	2239	934574386	real
3552	9930	11444196575801	private_dummy
3553	1763	1082029038	real
3553	1764	1024916284	real
3553	1953	1024916284	real
3553	9931	11444196575801	private_dummy
3554	1384	1191738437	real
3554	1385	1134625683	real
3554	1610	1134625683	real
3554	9932	11444196575801	private_dummy
3555	902	1371733469	real
3555	903	1314620714	real
3555	1162	1314620714	real
3555	9933	11444196575801	private_dummy
3556	302	1639569710	real
3556	303	1639569710	real
3556	597	1639569710	real
3556	9934	11444196575801	private_dummy
3557	2047	960912471	real
3557	2048	960912471	real
3557	9935	11444196575801	private_dummy
3558	4766	1212633104	real
3558	9936	11444196575801	private_dummy
3559	4768	1073192518	real
3559	9937	11444196575801	private_dummy
3560	4770	876227084	real
3560	9938	11444196575801	private_dummy
3561	4772	604256990	real
3561	9939	11444196575801	private_dummy
3562	4774	314005057	real
3562	9940	11444196575801	private_dummy
3563	4776	210929797	real
3563	9941	11444196575801	private_dummy
3564	4778	210929797	real
3564	9942	11444196575801	private_dummy
3565	2263	1476010710	real
3565	2264	1476010710	real
3565	9943	11444196575801	private_dummy
3566	2261	1212633104	real
3566	2262	1212633104	real
3566	9944	11444196575801	private_dummy
3567	2259	1073192518	real
3567	2260	1073192518	real
3567	9945	11444196575801	private_dummy
3568	2257	987879571	real
3568	2258	987879571	real
3568	9946	11444196575801	private_dummy
3569	2044	960912471	real
3569	2045	960912471	real
3569	9947	11444196575801	private_dummy
3570	2255	1533123464	real
3570	9948	11444196575801	private_dummy
3571	2253	1269745858	real
3571	9949	11444196575801	private_dummy
3572	2251	1130305272	real
3572	9950	11444196575801	private_dummy
3573	2249	1044992326	real
3573	9951	11444196575801	private_dummy
3574	2226	991687140	real
3574	2237	934574386	real
3574	9952	11444196575801	private_dummy
3575	1761	1082029038	real
3575	1762	1024916284	real
3575	1951	1024916284	real
3575	9953	11444196575801	private_dummy
3576	1382	1191738437	real
3576	1383	1134625683	real
3576	1608	1134625683	real
3576	9954	11444196575801	private_dummy
3577	900	1371733469	real
3577	901	1314620714	real
3577	1160	1314620714	real
3577	9955	11444196575801	private_dummy
3578	300	1639569710	real
3578	301	1639569710	real
3578	595	1639569710	real
3578	9956	11444196575801	private_dummy
3579	2042	960912471	real
3579	2043	960912471	real
3579	9957	11444196575801	private_dummy
3580	4781	1212633104	real
3580	9958	11444196575801	private_dummy
3581	4783	1073192518	real
3581	9959	11444196575801	private_dummy
3582	4785	987879571	real
3582	9960	11444196575801	private_dummy
3583	4787	857765196	real
3583	9961	11444196575801	private_dummy
3584	4789	431732036	real
3584	9962	11444196575801	private_dummy
3585	4791	293103002	real
3585	9963	11444196575801	private_dummy
3586	4793	293103002	real
3586	9964	11444196575801	private_dummy
3587	2245	1476010710	real
3587	2246	1476010710	real
3587	9965	11444196575801	private_dummy
3588	2243	1212633104	real
3588	2244	1212633104	real
3588	9966	11444196575801	private_dummy
3589	2241	1073192518	real
3589	2242	1073192518	real
3589	9967	11444196575801	private_dummy
3590	2239	987879571	real
3590	2240	987879571	real
3590	9968	11444196575801	private_dummy
3591	2237	943287091	real
3591	2238	943287091	real
3591	9969	11444196575801	private_dummy
3592	2234	1533123464	real
3592	9970	11444196575801	private_dummy
3593	2232	1269745858	real
3593	9971	11444196575801	private_dummy
3594	2230	1130305272	real
3594	9972	11444196575801	private_dummy
3595	2228	1044992326	real
3595	9973	11444196575801	private_dummy
3596	2226	1000399846	real
3596	9974	11444196575801	private_dummy
3597	1759	1082029038	real
3597	1760	1024916284	real
3597	1949	1024916284	real
3597	9975	11444196575801	private_dummy
3598	1380	1191738437	real
3598	1381	1134625683	real
3598	1606	1134625683	real
3598	9976	11444196575801	private_dummy
3599	898	1371733469	real
3599	899	1314620714	real
3599	1158	1314620714	real
3599	9977	11444196575801	private_dummy
3600	298	1639569710	real
3600	299	1639569710	real
3600	593	1639569710	real
3600	9978	11444196575801	private_dummy
3601	2037	960912471	real
3601	2038	960912471	real
3601	2236	960912471	real
3601	9979	11444196575801	private_dummy
3602	4796	1212633104	real
3602	9980	11444196575801	private_dummy
3603	4798	1073192518	real
3603	9981	11444196575801	private_dummy
3604	4800	987879571	real
3604	9982	11444196575801	private_dummy
3605	4802	943287091	real
3605	9983	11444196575801	private_dummy
3606	4804	817924378	real
3606	9984	11444196575801	private_dummy
3607	4806	622182589	real
3607	9985	11444196575801	private_dummy
3608	4808	622182589	real
3608	9986	11444196575801	private_dummy
3609	1719	960912471	real
3609	1721	960912471	real
3609	1771	960912471	real
3609	9987	11444196575801	private_dummy
3610	4101	1212633104	real
3610	4103	1409028556	real
3610	9988	11444196575801	private_dummy
3611	4099	1073192518	real
3611	9989	11444196575801	private_dummy
3612	4096	987879571	real
3612	9990	11444196575801	private_dummy
3613	4094	943287091	real
3613	9991	11444196575801	private_dummy
3614	4092	934574386	real
3614	9992	11444196575801	private_dummy
3615	4200	763980730	real
3615	9993	11444196575801	private_dummy
3616	4198	628199503	real
3616	9994	11444196575801	private_dummy
3617	1339	960912471	real
3617	1341	960912471	real
3617	1392	960912471	real
3617	9995	11444196575801	private_dummy
3618	3702	1212633104	real
3618	3704	1409028556	real
3618	9996	11444196575801	private_dummy
3619	3700	1073192518	real
3619	9997	11444196575801	private_dummy
3620	3697	987879571	real
3620	9998	11444196575801	private_dummy
3621	3695	943287091	real
3621	9999	11444196575801	private_dummy
3622	3693	934574386	real
3622	10000	11444196575801	private_dummy
3623	3803	788387517	real
3623	10001	11444196575801	private_dummy
3624	3801	571090010	real
3624	10002	11444196575801	private_dummy
3625	857	960912471	real
3625	859	960912471	real
3625	910	960912471	real
3625	10003	11444196575801	private_dummy
3626	3275	1212633104	real
3626	3277	1409028556	real
3626	10004	11444196575801	private_dummy
3627	3273	1073192518	real
3627	10005	11444196575801	private_dummy
3628	3270	987879571	real
3628	10006	11444196575801	private_dummy
3629	3268	943287091	real
3629	10007	11444196575801	private_dummy
3630	3266	934574386	real
3630	10008	11444196575801	private_dummy
3631	3376	788387517	real
3631	10009	11444196575801	private_dummy
3632	3374	649758483	real
3632	10010	11444196575801	private_dummy
3633	258	960912471	real
3633	260	960912471	real
3633	310	960912471	real
3633	10011	11444196575801	private_dummy
3634	2818	1212633104	real
3634	2820	1409028556	real
3634	10012	11444196575801	private_dummy
3635	2816	1073192518	real
3635	10013	11444196575801	private_dummy
3636	2813	987879571	real
3636	10014	11444196575801	private_dummy
3637	2811	943287091	real
3637	10015	11444196575801	private_dummy
3638	2809	934574386	real
3638	10016	11444196575801	private_dummy
3639	2919	788387517	real
3639	10017	11444196575801	private_dummy
3640	2917	649758483	real
3640	10018	11444196575801	private_dummy
3641	2294	1212633104	real
3641	10019	11444196575801	private_dummy
3642	2285	1073192518	real
3642	10020	11444196575801	private_dummy
3643	2236	934574386	real
3643	10021	11444196575801	private_dummy
3644	1771	1024916284	real
3644	1772	1024916284	real
3644	10022	11444196575801	private_dummy
3645	1392	1134625683	real
3645	1393	1134625683	real
3645	10023	11444196575801	private_dummy
3646	910	1314620714	real
3646	911	1314620714	real
3646	10024	11444196575801	private_dummy
3647	310	1639569710	real
3647	311	1639569710	real
3647	10025	11444196575801	private_dummy
3648	4699	599094307	real
3648	10026	11444196575801	private_dummy
3649	4699	599094307	real
3649	10027	11444196575801	private_dummy
3650	4700	370656334	real
3650	10028	11444196575801	private_dummy
3651	4700	370656334	real
3651	10029	11444196575801	private_dummy
3652	4701	599094307	real
3652	10030	11444196575801	private_dummy
3653	4701	599094307	real
3653	10031	11444196575801	private_dummy
3654	4702	592645728	real
3654	10032	11444196575801	private_dummy
3655	4702	535532974	real
3655	10033	11444196575801	private_dummy
3656	4703	685312257	real
3656	10034	11444196575801	private_dummy
3657	4703	628199503	real
3657	10035	11444196575801	private_dummy
3658	345	1639569710	real
3658	10036	11444196575801	private_dummy
3659	1169	934574386	real
3659	1180	934574386	real
3659	10037	11444196575801	private_dummy
3660	1617	934574386	real
3660	1628	934574386	real
3660	10038	11444196575801	private_dummy
3661	1806	1082029038	real
3661	10039	11444196575801	private_dummy
3662	2097	1018025225	real
3662	10040	11444196575801	private_dummy
3663	2353	1044992326	real
3663	10041	11444196575801	private_dummy
3664	2355	1130305272	real
3664	10042	11444196575801	private_dummy
3665	2357	1269745858	real
3665	10043	11444196575801	private_dummy
3666	2359	1533123464	real
3666	10044	11444196575801	private_dummy
3667	2304	934574386	real
3667	10045	11444196575801	private_dummy
3668	2386	1130305272	real
3668	10046	11444196575801	private_dummy
3669	2388	1269745858	real
3669	10047	11444196575801	private_dummy
3670	2390	1533123464	real
3670	10048	11444196575801	private_dummy
3671	2309	934574386	real
3671	10049	11444196575801	private_dummy
3672	2411	1269745858	real
3672	10050	11444196575801	private_dummy
3673	2413	1533123464	real
3673	10051	11444196575801	private_dummy
3674	2313	934574386	real
3674	10052	11444196575801	private_dummy
3675	2428	1533123464	real
3675	10053	11444196575801	private_dummy
3676	2317	934574386	real
3676	10054	11444196575801	private_dummy
3677	2322	934574386	real
3677	10055	11444196575801	private_dummy
3678	4871	819114330	real
3678	10056	11444196575801	private_dummy
3679	4869	349558832	real
3679	10057	11444196575801	private_dummy
3680	4874	545954284	real
3680	10058	11444196575801	private_dummy
3681	4874	603067038	real
3681	10059	11444196575801	private_dummy
3682	4868	138629035	real
3682	10060	11444196575801	private_dummy
3683	4866	255702351	real
3683	4867	255702351	real
3683	10061	11444196575801	private_dummy
3684	4856	0	real
3684	4857	138629035	real
3684	10062	11444196575801	private_dummy
3685	4859	295961488	real
3685	4860	295961488	real
3685	10063	11444196575801	private_dummy
3686	4881	117073316	real
3686	10064	11444196575801	private_dummy
3687	4857	334370824	real
3687	10065	11444196575801	private_dummy
3688	4870	805238941	real
3688	10066	11444196575801	private_dummy
3689	4883	428227305	real
3689	10067	11444196575801	private_dummy
3690	4856	263991748	real
3690	10068	11444196575801	private_dummy
3691	4863	232485516	real
3691	4864	389817969	real
3691	10069	11444196575801	private_dummy
3692	4885	671316997	real
3692	10070	11444196575801	private_dummy
3693	4860	393327193	real
3693	10071	11444196575801	private_dummy
3694	4864	389817969	real
3694	10072	11444196575801	private_dummy
3695	4887	429417256	real
3695	10073	11444196575801	private_dummy
3696	4859	393327193	real
3696	10074	11444196575801	private_dummy
3697	4863	210929797	real
3697	10075	11444196575801	private_dummy
3698	4889	604256990	real
3698	10076	11444196575801	private_dummy
3699	4876	624622757	real
3699	10077	11444196575801	private_dummy
3700	4876	545954284	real
3700	10078	11444196575801	private_dummy
3701	4874	624622757	real
3701	4875	428227305	real
3701	4880	138629035	real
3701	10079	11444196575801	private_dummy
3702	4884	553590018	real
3702	10080	11444196575801	private_dummy
3703	4886	232485516	real
3703	10081	11444196575801	private_dummy
3704	4874	657324232	real
3704	4875	678226287	real
3704	4882	309959545	real
3704	10082	11444196575801	private_dummy
3705	4884	803589001	real
3705	10083	11444196575801	private_dummy
3706	4886	311153988	real
3706	10084	11444196575801	private_dummy
3707	4873	349558832	real
3707	10085	11444196575801	private_dummy
3708	4873	428227305	real
3708	10086	11444196575801	private_dummy
3709	4872	623969094	real
3709	10087	11444196575801	private_dummy
3710	4888	314005057	real
3710	10088	11444196575801	private_dummy
3711	4890	531302564	real
3711	10089	11444196575801	private_dummy
3712	4872	692219053	real
3712	10090	11444196575801	private_dummy
3713	4888	568046291	real
3713	10091	11444196575801	private_dummy
3714	4890	371114550	real
3714	10092	11444196575801	private_dummy
3715	4819	547144236	real
3715	10093	11444196575801	private_dummy
3716	4858	681066180	real
3716	10094	11444196575801	private_dummy
3717	4858	278448021	real
3717	10095	11444196575801	private_dummy
3718	4810	693393268	real
3718	4811	750506022	real
3718	10096	11444196575801	private_dummy
3719	4812	245283838	real
3719	4813	245283838	real
3719	10097	11444196575801	private_dummy
3720	4814	486401362	real
3720	4815	486401362	real
3720	10098	11444196575801	private_dummy
3721	4816	844744762	real
3721	4817	844744762	real
3721	10099	11444196575801	private_dummy
3722	4818	671316997	real
3722	10100	11444196575801	private_dummy
3723	4897	819114330	real
3723	10101	11444196575801	private_dummy
3724	4897	278448021	real
3724	10102	11444196575801	private_dummy
3725	4811	750506022	real
3725	10103	11444196575801	private_dummy
3726	4826	174178318	real
3726	10104	11444196575801	private_dummy
3727	4827	453287755	real
3727	10105	11444196575801	private_dummy
3728	4861	506891285	real
3728	10106	11444196575801	private_dummy
3729	4861	139818987	real
3729	10107	11444196575801	private_dummy
3730	4810	998844456	real
3730	10108	11444196575801	private_dummy
3731	4820	106654803	real
3731	4821	163767557	real
3731	10109	11444196575801	private_dummy
3732	4822	220877050	real
3732	10110	11444196575801	private_dummy
3733	4823	535532974	real
3733	4824	535532974	real
3733	10111	11444196575801	private_dummy
3734	4825	453287755	real
3734	10112	11444196575801	private_dummy
3735	4900	553590018	real
3735	10113	11444196575801	private_dummy
3736	4900	139818987	real
3736	10114	11444196575801	private_dummy
3737	4813	417808791	real
3737	10115	11444196575801	private_dummy
3738	4821	277989805	real
3738	10116	11444196575801	private_dummy
3739	4840	738178934	real
3739	10117	11444196575801	private_dummy
3740	4862	622182589	real
3740	10118	11444196575801	private_dummy
3741	4862	232485516	real
3741	10119	11444196575801	private_dummy
3742	4812	535532974	real
3742	10120	11444196575801	private_dummy
3743	4820	535532974	real
3743	10121	11444196575801	private_dummy
3744	4828	189370818	real
3744	4829	246483572	real
3744	10122	11444196575801	private_dummy
3745	4830	417808791	real
3745	4831	417808791	real
3745	10123	11444196575801	private_dummy
3746	4832	547144236	real
3746	10124	11444196575801	private_dummy
3747	4903	325152045	real
3747	10125	11444196575801	private_dummy
3748	4903	371114550	real
3748	10126	11444196575801	private_dummy
3749	4815	486401362	real
3749	10127	11444196575801	private_dummy
3750	4829	132261325	real
3750	10128	11444196575801	private_dummy
3751	4852	541247193	real
3751	10129	11444196575801	private_dummy
3752	4865	464438004	real
3752	10130	11444196575801	private_dummy
3753	4865	543106476	real
3753	10131	11444196575801	private_dummy
3754	4814	428876476	real
3754	10132	11444196575801	private_dummy
3755	4822	192881737	real
3755	4826	192881737	real
3755	10133	11444196575801	private_dummy
3756	4828	232481024	real
3756	10134	11444196575801	private_dummy
3757	4845	602099362	real
3757	4847	659212116	real
3757	10135	11444196575801	private_dummy
3758	4848	565653980	real
3758	10136	11444196575801	private_dummy
3759	4906	371771474	real
3759	10137	11444196575801	private_dummy
3760	4906	371771474	real
3760	10138	11444196575801	private_dummy
3761	4817	844744762	real
3761	10139	11444196575801	private_dummy
3762	4824	535532974	real
3762	10140	11444196575801	private_dummy
3763	4831	232481024	real
3763	10141	11444196575801	private_dummy
3764	4847	659212116	real
3764	10142	11444196575801	private_dummy
3765	4855	738178934	real
3765	10143	11444196575801	private_dummy
3766	4908	371771474	real
3766	10144	11444196575801	private_dummy
3767	4908	371771474	real
3767	10145	11444196575801	private_dummy
3768	4816	602099362	real
3768	10146	11444196575801	private_dummy
3769	4823	312799437	real
3769	10147	11444196575801	private_dummy
3770	4830	75148570	real
3770	10148	11444196575801	private_dummy
3771	4845	602099362	real
3771	10149	11444196575801	private_dummy
3772	4854	619911174	real
3772	10150	11444196575801	private_dummy
3773	4910	464438004	real
3773	10151	11444196575801	private_dummy
3774	4910	464438004	real
3774	10152	11444196575801	private_dummy
3775	4878	622182589	real
3775	10153	11444196575801	private_dummy
3776	4878	725257849	real
3776	10154	11444196575801	private_dummy
3777	4896	429417256	real
3777	10155	11444196575801	private_dummy
3778	4898	311149497	real
3778	10156	11444196575801	private_dummy
3779	4899	232485516	real
3779	10157	11444196575801	private_dummy
3780	4901	256892303	real
3780	10158	11444196575801	private_dummy
3781	4879	153817043	real
3781	10159	11444196575801	private_dummy
3782	4879	292446078	real
3782	10160	11444196575801	private_dummy
3783	4902	486530011	real
3783	10161	11444196575801	private_dummy
3784	4904	407325249	real
3784	10162	11444196575801	private_dummy
3785	4905	371771474	real
3785	10163	11444196575801	private_dummy
3786	4909	293103002	real
3786	10164	11444196575801	private_dummy
3787	4911	293103002	real
3787	10165	11444196575801	private_dummy
3788	4907	649029544	real
3788	10166	11444196575801	private_dummy
3789	4909	371771474	real
3789	10167	11444196575801	private_dummy
3790	4911	293103002	real
3790	10168	11444196575801	private_dummy
3791	4876	545954284	real
3791	4877	431732036	real
3791	10169	11444196575801	private_dummy
3792	4876	545954284	real
3792	4877	431732036	real
3792	10170	11444196575801	private_dummy
3793	604	934574386	real
3793	605	934574386	real
3793	616	934574386	real
3793	10171	11444196575801	private_dummy
3794	3159	1055957210	real
3794	3161	1194586245	real
3794	10172	11444196575801	private_dummy
3795	3157	921841024	real
3795	10173	11444196575801	private_dummy
3796	3155	842644711	real
3796	10174	11444196575801	private_dummy
3797	3153	599094307	real
3797	10175	11444196575801	private_dummy
3798	3151	413766540	real
3798	10176	11444196575801	private_dummy
3799	3149	370656334	real
3799	10177	11444196575801	private_dummy
3800	3147	413766540	real
3800	10178	11444196575801	private_dummy
3801	312	934574386	real
3801	313	934574386	real
3801	10179	11444196575801	private_dummy
3802	3616	1055957210	real
3802	3618	1194586245	real
3802	10180	11444196575801	private_dummy
3803	3614	807618777	real
3803	10181	11444196575801	private_dummy
3804	3612	685312257	real
3804	10182	11444196575801	private_dummy
3805	3610	413766540	real
3805	10183	11444196575801	private_dummy
3806	3608	228438773	real
3806	10184	11444196575801	private_dummy
3807	3606	185328567	real
3807	10185	11444196575801	private_dummy
3808	3604	228438773	real
3808	10186	11444196575801	private_dummy
3809	912	934574386	real
3809	913	934574386	real
3809	945	934574386	real
3809	10187	11444196575801	private_dummy
3810	4043	1314620714	real
3810	4045	1407287244	real
3810	10188	11444196575801	private_dummy
3811	4041	921841024	real
3811	10189	11444196575801	private_dummy
3812	4039	685312257	real
3812	10190	11444196575801	private_dummy
3813	4037	370656334	real
3813	10191	11444196575801	private_dummy
3814	4035	185328567	real
3814	10192	11444196575801	private_dummy
3815	4033	142218361	real
3815	10193	11444196575801	private_dummy
3816	4031	185328567	real
3816	10194	11444196575801	private_dummy
3817	1394	934574386	real
3817	1395	934574386	real
3817	1427	934574386	real
3817	10195	11444196575801	private_dummy
3818	1960	934574386	real
3818	1961	934574386	real
3818	1972	934574386	real
3818	10196	11444196575801	private_dummy
3819	4440	1314620714	real
3819	4442	1450401941	real
3819	10197	11444196575801	private_dummy
3820	4438	1134625683	real
3820	10198	11444196575801	private_dummy
3821	4436	842644711	real
3821	10199	11444196575801	private_dummy
3822	4434	413766540	real
3822	10200	11444196575801	private_dummy
3823	4432	228438773	real
3823	10201	11444196575801	private_dummy
3824	4430	185328567	real
3824	10202	11444196575801	private_dummy
3825	4428	228438773	real
3825	10203	11444196575801	private_dummy
3826	1773	934574386	real
3826	1774	934574386	real
3826	10204	11444196575801	private_dummy
3827	2224	934574386	real
3827	2225	934574386	real
3827	2236	934574386	real
3827	10205	11444196575801	private_dummy
3828	4807	1314620714	real
3828	4809	1510362503	real
3828	10206	11444196575801	private_dummy
3829	4805	1134625683	real
3829	10207	11444196575801	private_dummy
3830	4803	1024916284	real
3830	10208	11444196575801	private_dummy
3831	4801	677762780	real
3831	10209	11444196575801	private_dummy
3832	4799	492435012	real
3832	10210	11444196575801	private_dummy
3833	4797	449324806	real
3833	10211	11444196575801	private_dummy
3834	4795	492435012	real
3834	10212	11444196575801	private_dummy
3835	2064	934574386	real
3835	2065	934574386	real
3835	10213	11444196575801	private_dummy
3836	319	1639569710	real
3836	320	1639569710	real
3836	607	1639569710	real
3836	10214	11444196575801	private_dummy
3837	919	1314620714	real
3837	920	1371733469	real
3837	1171	1314620714	real
3837	10215	11444196575801	private_dummy
3838	1401	1134625683	real
3838	1402	1191738437	real
3838	1619	1134625683	real
3838	10216	11444196575801	private_dummy
3839	1780	1024916284	real
3839	1781	1082029038	real
3839	1963	1024916284	real
3839	10217	11444196575801	private_dummy
3840	2071	960912471	real
3840	2072	1018025225	real
3840	2227	960912471	real
3840	10218	11444196575801	private_dummy
3841	4913	1314620714	real
3841	10219	11444196575801	private_dummy
3842	4915	1134625683	real
3842	10220	11444196575801	private_dummy
3843	4917	1024916284	real
3843	10221	11444196575801	private_dummy
3844	4919	960912471	real
3844	10222	11444196575801	private_dummy
3845	4834	564657703	real
3845	10223	11444196575801	private_dummy
3846	4836	407325249	real
3846	10224	11444196575801	private_dummy
3847	4838	407325249	real
3847	10225	11444196575801	private_dummy
3848	316	1639569710	real
3848	317	1639569710	real
3848	10226	11444196575801	private_dummy
3849	916	1371733469	real
3849	917	1371733469	real
3849	10227	11444196575801	private_dummy
3850	1398	1191738437	real
3850	1399	1191738437	real
3850	10228	11444196575801	private_dummy
3851	1777	1082029038	real
3851	1778	1082029038	real
3851	10229	11444196575801	private_dummy
3852	2068	1018025225	real
3852	2069	1018025225	real
3852	10230	11444196575801	private_dummy
3853	2326	1044992326	real
3853	2327	1044992326	real
3853	2329	987879571	real
3853	2330	987879571	real
3853	10231	11444196575801	private_dummy
3854	2332	1130305272	real
3854	2333	1130305272	real
3854	2335	1073192518	real
3854	2336	1073192518	real
3854	10232	11444196575801	private_dummy
3855	2338	1269745858	real
3855	2339	1269745858	real
3855	2341	1212633104	real
3855	2342	1212633104	real
3855	10233	11444196575801	private_dummy
3856	2344	1533123464	real
3856	2345	1533123464	real
3856	2347	1476010710	real
3856	2348	1476010710	real
3856	10234	11444196575801	private_dummy
3857	2300	934574386	real
3857	2302	934574386	real
3857	2350	934574386	real
3857	2351	934574386	real
3857	10235	11444196575801	private_dummy
3858	325	1639569710	real
3858	326	1639569710	real
3858	609	1639569710	real
3858	10236	11444196575801	private_dummy
3859	925	1314620714	real
3859	926	1371733469	real
3859	1173	1314620714	real
3859	10237	11444196575801	private_dummy
3860	1407	1134625683	real
3860	1408	1191738437	real
3860	1621	1134625683	real
3860	10238	11444196575801	private_dummy
3861	1786	1024916284	real
3861	1787	1082029038	real
3861	1965	1024916284	real
3861	10239	11444196575801	private_dummy
3862	2077	960912471	real
3862	2078	1018025225	real
3862	2229	960912471	real
3862	10240	11444196575801	private_dummy
3863	2329	943287091	real
3863	2331	1000399846	real
3863	10241	11444196575801	private_dummy
3864	4921	1314620714	real
3864	10242	11444196575801	private_dummy
3865	4923	1134625683	real
3865	10243	11444196575801	private_dummy
3866	4925	1024916284	real
3866	10244	11444196575801	private_dummy
3867	4927	960912471	real
3867	10245	11444196575801	private_dummy
3868	4929	671316997	real
3868	10246	11444196575801	private_dummy
3869	4842	407325249	real
3869	10247	11444196575801	private_dummy
3870	4844	293103002	real
3870	10248	11444196575801	private_dummy
3871	322	1639569710	real
3871	323	1639569710	real
3871	10249	11444196575801	private_dummy
3872	922	1371733469	real
3872	923	1371733469	real
3872	10250	11444196575801	private_dummy
3873	1404	1191738437	real
3873	1405	1191738437	real
3873	10251	11444196575801	private_dummy
3874	1783	1082029038	real
3874	1784	1082029038	real
3874	10252	11444196575801	private_dummy
3875	2074	1018025225	real
3875	2075	1018025225	real
3875	10253	11444196575801	private_dummy
3876	2326	1000399846	real
3876	2328	1000399846	real
3876	2354	943287091	real
3876	10254	11444196575801	private_dummy
3877	2365	1130305272	real
3877	2366	1130305272	real
3877	2368	1073192518	real
3877	2369	1073192518	real
3877	10255	11444196575801	private_dummy
3878	2371	1269745858	real
3878	2372	1269745858	real
3878	2374	1212633104	real
3878	2375	1212633104	real
3878	10256	11444196575801	private_dummy
3879	2377	1533123464	real
3879	2378	1533123464	real
3879	2380	1476010710	real
3879	2381	1476010710	real
3879	10257	11444196575801	private_dummy
3880	2305	934574386	real
3880	2307	934574386	real
3880	2383	934574386	real
3880	2384	934574386	real
3880	10258	11444196575801	private_dummy
3881	331	1639569710	real
3881	332	1639569710	real
3881	611	1639569710	real
3881	10259	11444196575801	private_dummy
3882	931	1314620714	real
3882	932	1371733469	real
3882	1175	1314620714	real
3882	10260	11444196575801	private_dummy
3883	1413	1134625683	real
3883	1414	1191738437	real
3883	1623	1134625683	real
3883	10261	11444196575801	private_dummy
3884	1792	1024916284	real
3884	1793	1082029038	real
3884	1967	1024916284	real
3884	10262	11444196575801	private_dummy
3885	2083	960912471	real
3885	2084	1018025225	real
3885	2231	960912471	real
3885	10263	11444196575801	private_dummy
3886	2335	943287091	real
3886	2337	1000399846	real
3886	10264	11444196575801	private_dummy
3887	2368	987879571	real
3887	2370	1044992326	real
3887	10265	11444196575801	private_dummy
3888	4931	1314620714	real
3888	10266	11444196575801	private_dummy
3889	4933	1134625683	real
3889	10267	11444196575801	private_dummy
3890	4935	1024916284	real
3890	10268	11444196575801	private_dummy
3891	4937	960912471	real
3891	10269	11444196575801	private_dummy
3892	4939	671316997	real
3892	10270	11444196575801	private_dummy
3893	4941	485989230	real
3893	10271	11444196575801	private_dummy
3894	4850	431732036	real
3894	10272	11444196575801	private_dummy
3895	328	1639569710	real
3895	329	1639569710	real
3895	10273	11444196575801	private_dummy
3896	928	1371733469	real
3896	929	1371733469	real
3896	10274	11444196575801	private_dummy
3897	1410	1191738437	real
3897	1411	1191738437	real
3897	10275	11444196575801	private_dummy
3898	1789	1082029038	real
3898	1790	1082029038	real
3898	10276	11444196575801	private_dummy
3899	2080	1018025225	real
3899	2081	1018025225	real
3899	10277	11444196575801	private_dummy
3900	2332	1000399846	real
3900	2334	1000399846	real
3900	2356	943287091	real
3900	10278	11444196575801	private_dummy
3901	2365	1044992326	real
3901	2367	1044992326	real
3901	2387	987879571	real
3901	10279	11444196575801	private_dummy
3902	2396	1269745858	real
3902	2397	1269745858	real
3902	2399	1212633104	real
3902	2400	1212633104	real
3902	10280	11444196575801	private_dummy
3903	2402	1533123464	real
3903	2403	1533123464	real
3903	2405	1476010710	real
3903	2406	1476010710	real
3903	10281	11444196575801	private_dummy
3904	2310	934574386	real
3904	2312	934574386	real
3904	2408	934574386	real
3904	2409	934574386	real
3904	10282	11444196575801	private_dummy
3905	337	1639569710	real
3905	338	1639569710	real
3905	613	1639569710	real
3905	10283	11444196575801	private_dummy
3906	937	1314620714	real
3906	938	1371733469	real
3906	1177	1314620714	real
3906	10284	11444196575801	private_dummy
3907	1419	1134625683	real
3907	1420	1191738437	real
3907	1625	1134625683	real
3907	10285	11444196575801	private_dummy
3908	1798	1024916284	real
3908	1799	1082029038	real
3908	1969	1024916284	real
3908	10286	11444196575801	private_dummy
3909	2089	960912471	real
3909	2090	1018025225	real
3909	2233	960912471	real
3909	10287	11444196575801	private_dummy
3910	2341	943287091	real
3910	2343	1000399846	real
3910	10288	11444196575801	private_dummy
3911	2374	987879571	real
3911	2376	1044992326	real
3911	10289	11444196575801	private_dummy
3912	2399	1073192518	real
3912	2401	1130305272	real
3912	10290	11444196575801	private_dummy
3913	4943	1314620714	real
3913	10291	11444196575801	private_dummy
3914	4945	1134625683	real
3914	10292	11444196575801	private_dummy
3915	4947	1024916284	real
3915	10293	11444196575801	private_dummy
3916	4949	960912471	real
3916	10294	11444196575801	private_dummy
3917	4951	671316997	real
3917	10295	11444196575801	private_dummy
3918	4953	485989230	real
3918	10296	11444196575801	private_dummy
3919	4955	442879024	real
3919	10297	11444196575801	private_dummy
3920	334	1639569710	real
3920	335	1639569710	real
3920	10298	11444196575801	private_dummy
3921	934	1371733469	real
3921	935	1371733469	real
3921	10299	11444196575801	private_dummy
3922	1416	1191738437	real
3922	1417	1191738437	real
3922	10300	11444196575801	private_dummy
3923	1795	1082029038	real
3923	1796	1082029038	real
3923	10301	11444196575801	private_dummy
3924	2086	1018025225	real
3924	2087	1018025225	real
3924	10302	11444196575801	private_dummy
3925	2338	1000399846	real
3925	2340	1000399846	real
3925	2358	943287091	real
3925	10303	11444196575801	private_dummy
3926	2371	1044992326	real
3926	2373	1044992326	real
3926	2389	987879571	real
3926	10304	11444196575801	private_dummy
3927	2396	1130305272	real
3927	2398	1130305272	real
3927	2412	1073192518	real
3927	10305	11444196575801	private_dummy
3928	2419	1533123464	real
3928	2420	1533123464	real
3928	2422	1476010710	real
3928	2423	1476010710	real
3928	10306	11444196575801	private_dummy
3929	2314	934574386	real
3929	2316	934574386	real
3929	2425	934574386	real
3929	2426	934574386	real
3929	10307	11444196575801	private_dummy
3930	343	1639569710	real
3930	344	1639569710	real
3930	615	1639569710	real
3930	10308	11444196575801	private_dummy
3931	943	1314620714	real
3931	944	1371733469	real
3931	1179	1314620714	real
3931	10309	11444196575801	private_dummy
3932	1425	1134625683	real
3932	1426	1191738437	real
3932	1627	1134625683	real
3932	10310	11444196575801	private_dummy
3933	1804	1024916284	real
3933	1805	1082029038	real
3933	1971	1024916284	real
3933	10311	11444196575801	private_dummy
3934	2095	960912471	real
3934	2096	1018025225	real
3934	2235	960912471	real
3934	10312	11444196575801	private_dummy
3935	2347	943287091	real
3935	2349	1000399846	real
3935	10313	11444196575801	private_dummy
3936	2380	987879571	real
3936	2382	1044992326	real
3936	10314	11444196575801	private_dummy
3937	2405	1073192518	real
3937	2407	1130305272	real
3937	10315	11444196575801	private_dummy
3938	2422	1212633104	real
3938	2424	1269745858	real
3938	10316	11444196575801	private_dummy
3939	4957	1314620714	real
3939	10317	11444196575801	private_dummy
3940	4959	1134625683	real
3940	10318	11444196575801	private_dummy
3941	4961	1024916284	real
3941	10319	11444196575801	private_dummy
3942	4963	960912471	real
3942	10320	11444196575801	private_dummy
3943	4965	671316997	real
3943	10321	11444196575801	private_dummy
3944	4967	485989230	real
3944	10322	11444196575801	private_dummy
3945	4969	442879024	real
3945	10323	11444196575801	private_dummy
3946	340	1639569710	real
3946	341	1639569710	real
3946	10324	11444196575801	private_dummy
3947	940	1371733469	real
3947	941	1371733469	real
3947	10325	11444196575801	private_dummy
3948	1422	1191738437	real
3948	1423	1191738437	real
3948	10326	11444196575801	private_dummy
3949	1801	1082029038	real
3949	1802	1082029038	real
3949	10327	11444196575801	private_dummy
3950	2092	1018025225	real
3950	2093	1018025225	real
3950	10328	11444196575801	private_dummy
3951	2344	1000399846	real
3951	2346	1000399846	real
3951	2360	943287091	real
3951	10329	11444196575801	private_dummy
3952	2377	1044992326	real
3952	2379	1044992326	real
3952	2391	987879571	real
3952	10330	11444196575801	private_dummy
3953	2402	1130305272	real
3953	2404	1130305272	real
3953	2414	1073192518	real
3953	10331	11444196575801	private_dummy
3954	2419	1269745858	real
3954	2421	1269745858	real
3954	2429	1212633104	real
3954	10332	11444196575801	private_dummy
3955	2318	934574386	real
3955	2320	934574386	real
3955	2434	934574386	real
3955	2435	934574386	real
3955	10333	11444196575801	private_dummy
3956	945	1314620714	real
3956	946	1371733469	real
3956	10334	11444196575801	private_dummy
3957	1427	1134625683	real
3957	1428	1191738437	real
3957	10335	11444196575801	private_dummy
3958	2350	943287091	real
3958	2352	1000399846	real
3958	2361	943287091	real
3958	10336	11444196575801	private_dummy
3959	2383	987879571	real
3959	2385	1044992326	real
3959	2392	987879571	real
3959	10337	11444196575801	private_dummy
3960	2408	1073192518	real
3960	2410	1130305272	real
3960	2415	1073192518	real
3960	10338	11444196575801	private_dummy
3961	2425	1212633104	real
3961	2427	1269745858	real
3961	2430	1212633104	real
3961	10339	11444196575801	private_dummy
3962	2434	1476010710	real
3962	2436	1533123464	real
3962	2437	1476010710	real
3962	10340	11444196575801	private_dummy
3963	313	1639569710	real
3963	314	1639569710	real
3963	605	1639569710	real
3963	10341	11444196575801	private_dummy
3964	913	1314620714	real
3964	914	1314620714	real
3964	10342	11444196575801	private_dummy
3965	1395	1134625683	real
3965	1396	1134625683	real
3965	10343	11444196575801	private_dummy
3966	1774	1024916284	real
3966	1775	1024916284	real
3966	1961	1024916284	real
3966	10344	11444196575801	private_dummy
3967	2065	960912471	real
3967	2066	960912471	real
3967	2225	960912471	real
3967	10345	11444196575801	private_dummy
3968	2300	943287091	real
3968	2301	943287091	real
3968	2303	943287091	real
3968	10346	11444196575801	private_dummy
3969	2305	987879571	real
3969	2306	987879571	real
3969	2308	987879571	real
3969	10347	11444196575801	private_dummy
3970	2310	1073192518	real
3970	2311	1073192518	real
3970	10348	11444196575801	private_dummy
3971	2314	1212633104	real
3971	2315	1212633104	real
3971	10349	11444196575801	private_dummy
3972	2318	1476010710	real
3972	2319	1476010710	real
3972	2321	1476010710	real
3972	10350	11444196575801	private_dummy
3973	4891	646589376	real
3973	10351	11444196575801	private_dummy
3974	4891	646589376	real
3974	10352	11444196575801	private_dummy
3975	4892	507960342	real
3975	10353	11444196575801	private_dummy
3976	4892	507960342	real
3976	10354	11444196575801	private_dummy
3977	4893	417808791	real
3977	10355	11444196575801	private_dummy
3978	4893	417808791	real
3978	10356	11444196575801	private_dummy
3979	4894	350212495	real
3979	10357	11444196575801	private_dummy
3980	4894	407325249	real
3980	10358	11444196575801	private_dummy
3981	4895	547144236	real
3981	10359	11444196575801	private_dummy
3982	4895	604256990	real
3982	10360	11444196575801	private_dummy
3983	2484	1212633104	real
3983	10361	11444196575801	private_dummy
3984	2475	1073192518	real
3984	10362	11444196575801	private_dummy
3985	2463	987879571	real
3985	10363	11444196575801	private_dummy
3986	2447	943287091	real
3986	10364	11444196575801	private_dummy
3987	2473	1073192518	real
3987	10365	11444196575801	private_dummy
3988	2461	987879571	real
3988	10366	11444196575801	private_dummy
3989	2445	943287091	real
3989	10367	11444196575801	private_dummy
3990	2317	934574386	real
3990	10368	11444196575801	private_dummy
3991	2459	987879571	real
3991	10369	11444196575801	private_dummy
3992	2443	943287091	real
3992	10370	11444196575801	private_dummy
3993	2313	934574386	real
3993	10371	11444196575801	private_dummy
3994	2441	943287091	real
3994	10372	11444196575801	private_dummy
3995	2224	934574386	real
3995	10373	11444196575801	private_dummy
3996	1960	934574386	real
3996	10374	11444196575801	private_dummy
3997	1617	934574386	real
3997	10375	11444196575801	private_dummy
3998	1169	934574386	real
3998	10376	11444196575801	private_dummy
3999	604	934574386	real
3999	10377	11444196575801	private_dummy
4000	5016	738178934	real
4000	10378	11444196575801	private_dummy
4001	5014	381065064	real
4001	10379	11444196575801	private_dummy
4002	5019	571555515	real
4002	10380	11444196575801	private_dummy
4003	5019	510400509	real
4003	10381	11444196575801	private_dummy
4004	5013	138629035	real
4004	10382	11444196575801	private_dummy
4005	5011	255702351	real
4005	5012	255702351	real
4005	10383	11444196575801	private_dummy
4006	5001	0	real
4006	5002	138629035	real
4006	10384	11444196575801	private_dummy
4007	5004	388628017	real
4007	5005	388628017	real
4007	10385	11444196575801	private_dummy
4008	5026	117073316	real
4008	10386	11444196575801	private_dummy
4009	5002	353074243	real
4009	10387	11444196575801	private_dummy
4010	5015	681066180	real
4010	10388	11444196575801	private_dummy
4011	5028	446930723	real
4011	10389	11444196575801	private_dummy
4012	5001	196931741	real
4012	10390	11444196575801	private_dummy
4013	5008	139818987	real
4013	5009	486530011	real
4013	10391	11444196575801	private_dummy
4014	5030	604256990	real
4014	10392	11444196575801	private_dummy
4015	5005	407325249	real
4015	10393	11444196575801	private_dummy
4016	5009	407861538	real
4016	10394	11444196575801	private_dummy
4017	5032	368262251	real
4017	10395	11444196575801	private_dummy
4018	5004	485993722	real
4018	10396	11444196575801	private_dummy
4019	5008	185323276	real
4019	10397	11444196575801	private_dummy
4020	5034	671316997	real
4020	10398	11444196575801	private_dummy
4021	5021	453287755	real
4021	10399	11444196575801	private_dummy
4022	5021	453287755	real
4022	10400	11444196575801	private_dummy
4023	5019	531956228	real
4023	5020	295961488	real
4023	5025	138629035	real
4023	10401	11444196575801	private_dummy
4024	5029	389817969	real
4024	10402	11444196575801	private_dummy
4025	5031	157332454	real
4025	10403	11444196575801	private_dummy
4026	5019	564657703	real
4026	5020	467291998	real
4026	5027	309959545	real
4026	10404	11444196575801	private_dummy
4027	5029	561148479	real
4027	10405	11444196575801	private_dummy
4028	5031	157332454	real
4028	10406	11444196575801	private_dummy
4029	5018	309959545	real
4029	10407	11444196575801	private_dummy
4030	5018	309959545	real
4030	10408	11444196575801	private_dummy
4031	5017	524404753	real
4031	10409	11444196575801	private_dummy
4032	5033	438177819	real
4032	10410	11444196575801	private_dummy
4033	5035	531302564	real
4033	10411	11444196575801	private_dummy
4034	5017	506891285	real
4034	10412	11444196575801	private_dummy
4035	5033	692219053	real
4035	10413	11444196575801	private_dummy
4036	5035	335560775	real
4036	10414	11444196575801	private_dummy
4037	4980	604256990	real
4037	10415	11444196575801	private_dummy
4038	5003	564657703	real
4038	10416	11444196575801	private_dummy
4039	5003	271550209	real
4039	10417	11444196575801	private_dummy
4040	4971	602099362	real
4040	4972	659212116	real
4040	10418	11444196575801	private_dummy
4041	4973	232481024	real
4041	4974	232481024	real
4041	10419	11444196575801	private_dummy
4042	4975	535532974	real
4042	4976	535532974	real
4042	10420	11444196575801	private_dummy
4043	4977	844744762	real
4043	4978	844744762	real
4043	10421	11444196575801	private_dummy
4044	4979	728429752	real
4044	10422	11444196575801	private_dummy
4045	5042	779515043	real
4045	10423	11444196575801	private_dummy
4046	5042	271550209	real
4046	10424	11444196575801	private_dummy
4047	4972	659212116	real
4047	10425	11444196575801	private_dummy
4048	4987	192881737	real
4048	10426	11444196575801	private_dummy
4049	4988	510400509	real
4049	10427	11444196575801	private_dummy
4050	5006	467291998	real
4050	10428	11444196575801	private_dummy
4051	5006	114217756	real
4051	10429	11444196575801	private_dummy
4052	4971	844744762	real
4052	10430	11444196575801	private_dummy
4053	4981	75148570	real
4053	4982	132261325	real
4053	10431	11444196575801	private_dummy
4054	4983	220877050	real
4054	10432	11444196575801	private_dummy
4055	4984	486401362	real
4055	4985	486401362	real
4055	10433	11444196575801	private_dummy
4056	4986	510400509	real
4056	10434	11444196575801	private_dummy
4057	5045	482484498	real
4057	10435	11444196575801	private_dummy
4058	5045	114217756	real
4058	10436	11444196575801	private_dummy
4059	4974	417808791	real
4059	10437	11444196575801	private_dummy
4060	4982	246483572	real
4060	10438	11444196575801	private_dummy
4061	4994	738178934	real
4061	10439	11444196575801	private_dummy
4062	5007	671314201	real
4062	10440	11444196575801	private_dummy
4063	5007	263991748	real
4063	10441	11444196575801	private_dummy
4064	4973	486401362	real
4064	10442	11444196575801	private_dummy
4065	4981	486401362	real
4065	10443	11444196575801	private_dummy
4066	4989	220877050	real
4066	4990	277989805	real
4066	10444	11444196575801	private_dummy
4067	4991	417808791	real
4067	4992	417808791	real
4067	10445	11444196575801	private_dummy
4068	4993	604256990	real
4068	10446	11444196575801	private_dummy
4069	5048	263991748	real
4069	10447	11444196575801	private_dummy
4070	5048	402620783	real
4070	10448	11444196575801	private_dummy
4071	4976	535532974	real
4071	10449	11444196575801	private_dummy
4072	4990	163767557	real
4072	10450	11444196575801	private_dummy
4073	4998	484134439	real
4073	10451	11444196575801	private_dummy
4074	5010	565653980	real
4074	10452	11444196575801	private_dummy
4075	5010	701435207	real
4075	10453	11444196575801	private_dummy
4076	4975	451428472	real
4076	10454	11444196575801	private_dummy
4077	4983	174178318	real
4077	4987	174178318	real
4077	10455	11444196575801	private_dummy
4078	4989	245283838	real
4078	10456	11444196575801	private_dummy
4079	4995	693393268	real
4079	4996	750506022	real
4079	10457	11444196575801	private_dummy
4080	4997	508541226	real
4080	10458	11444196575801	private_dummy
4081	5051	369912191	real
4081	10459	11444196575801	private_dummy
4082	5051	427024946	real
4082	10460	11444196575801	private_dummy
4083	4978	844744762	real
4083	10461	11444196575801	private_dummy
4084	4985	486401362	real
4084	10462	11444196575801	private_dummy
4085	4992	245283838	real
4085	10463	11444196575801	private_dummy
4086	4996	750506022	real
4086	10464	11444196575801	private_dummy
4087	5000	681066180	real
4087	10465	11444196575801	private_dummy
4088	5053	369912191	real
4088	10466	11444196575801	private_dummy
4089	5053	427024946	real
4089	10467	11444196575801	private_dummy
4090	4977	693393268	real
4090	10468	11444196575801	private_dummy
4091	4984	348353212	real
4091	10469	11444196575801	private_dummy
4092	4991	142208578	real
4092	10470	11444196575801	private_dummy
4093	4995	693393268	real
4093	10471	11444196575801	private_dummy
4094	4999	562798420	real
4094	10472	11444196575801	private_dummy
4095	5055	462578720	real
4095	10473	11444196575801	private_dummy
4096	5055	519691475	real
4096	10474	11444196575801	private_dummy
4097	5023	462578720	real
4097	10475	11444196575801	private_dummy
4098	5023	565653980	real
4098	10476	11444196575801	private_dummy
4099	5041	435322258	real
4099	10477	11444196575801	private_dummy
4100	5043	249994491	real
4100	10478	11444196575801	private_dummy
4101	5044	206884285	real
4101	10479	11444196575801	private_dummy
4102	5046	249994491	real
4102	10480	11444196575801	private_dummy
4103	5024	185323276	real
4103	10481	11444196575801	private_dummy
4104	5024	323952310	real
4104	10482	11444196575801	private_dummy
4105	5047	492435012	real
4105	10483	11444196575801	private_dummy
4106	5049	448580664	real
4106	10484	11444196575801	private_dummy
4107	5050	448580664	real
4107	10485	11444196575801	private_dummy
4108	5054	369912191	real
4108	10486	11444196575801	private_dummy
4109	5056	369912191	real
4109	10487	11444196575801	private_dummy
4110	5052	679876228	real
4110	10488	11444196575801	private_dummy
4111	5054	448580664	real
4111	10489	11444196575801	private_dummy
4112	5056	369912191	real
4112	10490	11444196575801	private_dummy
4113	5021	510400509	real
4113	5022	510400509	real
4113	10491	11444196575801	private_dummy
4114	5021	510400509	real
4114	5022	510400509	real
4114	10492	11444196575801	private_dummy
4115	2321	934574386	real
4115	2322	934574386	real
4115	10493	11444196575801	private_dummy
4116	2483	1269745858	real
4116	2486	1212633104	real
4116	10494	11444196575801	private_dummy
4117	2474	1130305272	real
4117	2479	1073192518	real
4117	10495	11444196575801	private_dummy
4118	2462	1044992326	real
4118	2468	987879571	real
4118	10496	11444196575801	private_dummy
4119	2446	1000399846	real
4119	2454	943287091	real
4119	10497	11444196575801	private_dummy
4120	2106	1018025225	real
4120	2107	960912471	real
4120	2246	960912471	real
4120	10498	11444196575801	private_dummy
4121	1815	1082029038	real
4121	1816	1024916284	real
4121	1982	1024916284	real
4121	10499	11444196575801	private_dummy
4122	1437	1191738437	real
4122	1438	1134625683	real
4122	1638	1134625683	real
4122	10500	11444196575801	private_dummy
4123	955	1371733469	real
4123	956	1314620714	real
4123	1190	1314620714	real
4123	10501	11444196575801	private_dummy
4124	354	1639569710	real
4124	355	1639569710	real
4124	626	1639569710	real
4124	10502	11444196575801	private_dummy
4125	2319	934574386	real
4125	2320	934574386	real
4125	10503	11444196575801	private_dummy
4126	5058	901857516	real
4126	10504	11444196575801	private_dummy
4127	5060	737880589	real
4127	10505	11444196575801	private_dummy
4128	5062	646589376	real
4128	10506	11444196575801	private_dummy
4129	5064	407861538	real
4129	10507	11444196575801	private_dummy
4130	5066	302396592	real
4130	10508	11444196575801	private_dummy
4131	5068	242436030	real
4131	10509	11444196575801	private_dummy
4132	5070	302396592	real
4132	10510	11444196575801	private_dummy
4133	2486	1476010710	real
4133	2487	1476010710	real
4133	10511	11444196575801	private_dummy
4134	2483	1533123464	real
4134	10512	11444196575801	private_dummy
4135	2472	1130305272	real
4135	2477	1073192518	real
4135	10513	11444196575801	private_dummy
4136	2460	1044992326	real
4136	2466	987879571	real
4136	10514	11444196575801	private_dummy
4137	2444	1000399846	real
4137	2452	943287091	real
4137	10515	11444196575801	private_dummy
4138	2104	1018025225	real
4138	2105	960912471	real
4138	2244	960912471	real
4138	10516	11444196575801	private_dummy
4139	1813	1082029038	real
4139	1814	1024916284	real
4139	1980	1024916284	real
4139	10517	11444196575801	private_dummy
4140	1435	1191738437	real
4140	1436	1134625683	real
4140	1636	1134625683	real
4140	10518	11444196575801	private_dummy
4141	953	1371733469	real
4141	954	1314620714	real
4141	1188	1314620714	real
4141	10519	11444196575801	private_dummy
4142	352	1639569710	real
4142	353	1639569710	real
4142	624	1639569710	real
4142	10520	11444196575801	private_dummy
4143	2315	934574386	real
4143	2316	934574386	real
4143	2485	934574386	real
4143	10521	11444196575801	private_dummy
4144	5073	1037638743	real
4144	10522	11444196575801	private_dummy
4145	5075	737880589	real
4145	10523	11444196575801	private_dummy
4146	5077	586628814	real
4146	10524	11444196575801	private_dummy
4147	5079	314005057	real
4147	10525	11444196575801	private_dummy
4148	5081	195737297	real
4148	10526	11444196575801	private_dummy
4149	5083	135776735	real
4149	10527	11444196575801	private_dummy
4150	5085	195737297	real
4150	10528	11444196575801	private_dummy
4151	2479	1476010710	real
4151	2480	1476010710	real
4151	10529	11444196575801	private_dummy
4152	2477	1212633104	real
4152	2478	1212633104	real
4152	10530	11444196575801	private_dummy
4153	2474	1533123464	real
4153	10531	11444196575801	private_dummy
4154	2472	1269745858	real
4154	10532	11444196575801	private_dummy
4155	2458	1044992326	real
4155	2464	987879571	real
4155	10533	11444196575801	private_dummy
4156	2442	1000399846	real
4156	2450	943287091	real
4156	10534	11444196575801	private_dummy
4157	2102	1018025225	real
4157	2103	960912471	real
4157	2242	960912471	real
4157	10535	11444196575801	private_dummy
4158	1811	1082029038	real
4158	1812	1024916284	real
4158	1978	1024916284	real
4158	10536	11444196575801	private_dummy
4159	1433	1191738437	real
4159	1434	1134625683	real
4159	1634	1134625683	real
4159	10537	11444196575801	private_dummy
4160	951	1371733469	real
4160	952	1314620714	real
4160	1186	1314620714	real
4160	10538	11444196575801	private_dummy
4161	350	1639569710	real
4161	351	1639569710	real
4161	622	1639569710	real
4161	10539	11444196575801	private_dummy
4162	2311	934574386	real
4162	2312	934574386	real
4162	2476	934574386	real
4162	10540	11444196575801	private_dummy
4163	5088	1212633104	real
4163	10541	11444196575801	private_dummy
4164	5090	933622378	real
4164	10542	11444196575801	private_dummy
4165	5092	646589376	real
4165	10543	11444196575801	private_dummy
4166	5094	314005057	real
4166	10544	11444196575801	private_dummy
4167	5096	177033878	real
4167	10545	11444196575801	private_dummy
4168	5098	117073316	real
4168	10546	11444196575801	private_dummy
4169	5100	177033878	real
4169	10547	11444196575801	private_dummy
4170	2468	1476010710	real
4170	2469	1476010710	real
4170	10548	11444196575801	private_dummy
4171	2466	1212633104	real
4171	2467	1212633104	real
4171	10549	11444196575801	private_dummy
4172	2464	1073192518	real
4172	2465	1073192518	real
4172	10550	11444196575801	private_dummy
4173	2308	934574386	real
4173	2309	934574386	real
4173	10551	11444196575801	private_dummy
4174	2462	1533123464	real
4174	10552	11444196575801	private_dummy
4175	2460	1269745858	real
4175	10553	11444196575801	private_dummy
4176	2458	1130305272	real
4176	10554	11444196575801	private_dummy
4177	2440	1000399846	real
4177	2448	943287091	real
4177	10555	11444196575801	private_dummy
4178	2100	1018025225	real
4178	2101	960912471	real
4178	2240	960912471	real
4178	10556	11444196575801	private_dummy
4179	1809	1082029038	real
4179	1810	1024916284	real
4179	1976	1024916284	real
4179	10557	11444196575801	private_dummy
4180	1431	1191738437	real
4180	1432	1134625683	real
4180	1632	1134625683	real
4180	10558	11444196575801	private_dummy
4181	949	1371733469	real
4181	950	1314620714	real
4181	1184	1314620714	real
4181	10559	11444196575801	private_dummy
4182	348	1639569710	real
4182	349	1639569710	real
4182	620	1639569710	real
4182	10560	11444196575801	private_dummy
4183	2306	934574386	real
4183	2307	934574386	real
4183	10561	11444196575801	private_dummy
4184	5103	1212633104	real
4184	10562	11444196575801	private_dummy
4185	5105	1073192518	real
4185	10563	11444196575801	private_dummy
4186	5107	876227084	real
4186	10564	11444196575801	private_dummy
4187	5109	407861538	real
4187	10565	11444196575801	private_dummy
4188	5111	235336584	real
4188	10566	11444196575801	private_dummy
4189	5113	175376022	real
4189	10567	11444196575801	private_dummy
4190	5115	235336584	real
4190	10568	11444196575801	private_dummy
4191	2454	1476010710	real
4191	2455	1476010710	real
4191	10569	11444196575801	private_dummy
4192	2452	1212633104	real
4192	2453	1212633104	real
4192	10570	11444196575801	private_dummy
4193	2450	1073192518	real
4193	2451	1073192518	real
4193	10571	11444196575801	private_dummy
4194	2448	987879571	real
4194	2449	987879571	real
4194	10572	11444196575801	private_dummy
4195	2303	934574386	real
4195	2304	934574386	real
4195	10573	11444196575801	private_dummy
4196	2446	1533123464	real
4196	10574	11444196575801	private_dummy
4197	2444	1269745858	real
4197	10575	11444196575801	private_dummy
4198	2442	1130305272	real
4198	10576	11444196575801	private_dummy
4199	2440	1044992326	real
4199	10577	11444196575801	private_dummy
4200	2098	1018025225	real
4200	2099	960912471	real
4200	2238	960912471	real
4200	10578	11444196575801	private_dummy
4201	1807	1082029038	real
4201	1808	1024916284	real
4201	1974	1024916284	real
4201	10579	11444196575801	private_dummy
4202	1429	1191738437	real
4202	1430	1134625683	real
4202	1630	1134625683	real
4202	10580	11444196575801	private_dummy
4203	947	1371733469	real
4203	948	1314620714	real
4203	1182	1314620714	real
4203	10581	11444196575801	private_dummy
4204	346	1639569710	real
4204	347	1639569710	real
4204	618	1639569710	real
4204	10582	11444196575801	private_dummy
4205	2301	934574386	real
4205	2302	934574386	real
4205	10583	11444196575801	private_dummy
4206	5118	1212633104	real
4206	10584	11444196575801	private_dummy
4207	5120	1073192518	real
4207	10585	11444196575801	private_dummy
4208	5122	987879571	real
4208	10586	11444196575801	private_dummy
4209	5124	775591992	real
4209	10587	11444196575801	private_dummy
4210	5126	545954284	real
4210	10588	11444196575801	private_dummy
4211	5128	485993722	real
4211	10589	11444196575801	private_dummy
4212	5130	545954284	real
4212	10590	11444196575801	private_dummy
4213	2064	934574386	real
4213	2066	934574386	real
4213	2108	934574386	real
4213	10591	11444196575801	private_dummy
4214	4484	1212633104	real
4214	4487	1385158057	real
4214	10592	11444196575801	private_dummy
4215	4481	1073192518	real
4215	10593	11444196575801	private_dummy
4216	4478	987879571	real
4216	10594	11444196575801	private_dummy
4217	4476	943287091	real
4217	10595	11444196575801	private_dummy
4218	4573	679876228	real
4218	10596	11444196575801	private_dummy
4219	4571	484134439	real
4219	10597	11444196575801	private_dummy
4220	4569	484134439	real
4220	10598	11444196575801	private_dummy
4221	1773	934574386	real
4221	1775	934574386	real
4221	1817	934574386	real
4221	10599	11444196575801	private_dummy
4222	4113	1212633104	real
4222	4116	1385158057	real
4222	10600	11444196575801	private_dummy
4223	4110	1073192518	real
4223	10601	11444196575801	private_dummy
4224	4107	987879571	real
4224	10602	11444196575801	private_dummy
4225	4105	943287091	real
4225	10603	11444196575801	private_dummy
4226	4206	738178934	real
4226	10604	11444196575801	private_dummy
4227	4204	427024946	real
4227	10605	11444196575801	private_dummy
4228	4202	369912191	real
4228	10606	11444196575801	private_dummy
4229	1394	934574386	real
4229	1396	934574386	real
4229	1439	934574386	real
4229	10607	11444196575801	private_dummy
4230	3714	1212633104	real
4230	3717	1385158057	real
4230	10608	11444196575801	private_dummy
4231	3711	1073192518	real
4231	10609	11444196575801	private_dummy
4232	3708	987879571	real
4232	10610	11444196575801	private_dummy
4233	3706	943287091	real
4233	10611	11444196575801	private_dummy
4234	3809	738178934	real
4234	10612	11444196575801	private_dummy
4235	3807	565653980	real
4235	10613	11444196575801	private_dummy
4236	3805	462578720	real
4236	10614	11444196575801	private_dummy
4237	912	934574386	real
4237	914	934574386	real
4237	957	934574386	real
4237	10615	11444196575801	private_dummy
4238	3287	1212633104	real
4238	3290	1385158057	real
4238	10616	11444196575801	private_dummy
4239	3284	1073192518	real
4239	10617	11444196575801	private_dummy
4240	3281	987879571	real
4240	10618	11444196575801	private_dummy
4241	3279	943287091	real
4241	10619	11444196575801	private_dummy
4242	3382	738178934	real
4242	10620	11444196575801	private_dummy
4243	3380	565653980	real
4243	10621	11444196575801	private_dummy
4244	3378	541247193	real
4244	10622	11444196575801	private_dummy
4245	312	934574386	real
4245	314	934574386	real
4245	356	934574386	real
4245	10623	11444196575801	private_dummy
4246	2830	1212633104	real
4246	2833	1385158057	real
4246	10624	11444196575801	private_dummy
4247	2827	1073192518	real
4247	10625	11444196575801	private_dummy
4248	2824	987879571	real
4248	10626	11444196575801	private_dummy
4249	2822	943287091	real
4249	10627	11444196575801	private_dummy
4250	2925	738178934	real
4250	10628	11444196575801	private_dummy
4251	2923	565653980	real
4251	10629	11444196575801	private_dummy
4252	2921	541247193	real
4252	10630	11444196575801	private_dummy
4253	2485	1212633104	real
4253	10631	11444196575801	private_dummy
4254	2476	1073192518	real
4254	10632	11444196575801	private_dummy
4255	2108	960912471	real
4255	2109	960912471	real
4255	10633	11444196575801	private_dummy
4256	1817	1024916284	real
4256	1818	1024916284	real
4256	10634	11444196575801	private_dummy
4257	1439	1134625683	real
4257	1440	1134625683	real
4257	10635	11444196575801	private_dummy
4258	957	1314620714	real
4258	958	1314620714	real
4258	10636	11444196575801	private_dummy
4259	356	1639569710	real
4259	357	1639569710	real
4259	10637	11444196575801	private_dummy
4260	5036	619911174	real
4260	10638	11444196575801	private_dummy
4261	5036	619911174	real
4261	10639	11444196575801	private_dummy
4262	5037	462578720	real
4262	10640	11444196575801	private_dummy
4263	5037	462578720	real
4263	10641	11444196575801	private_dummy
4264	5038	417808791	real
4264	10642	11444196575801	private_dummy
4265	5038	417808791	real
4265	10643	11444196575801	private_dummy
4266	5039	448580664	real
4266	10644	11444196575801	private_dummy
4267	5039	391467910	real
4267	10645	11444196575801	private_dummy
4268	5040	619911174	real
4268	10646	11444196575801	private_dummy
4269	5040	562798420	real
4269	10647	11444196575801	private_dummy
4270	386	1639569710	real
4270	10648	11444196575801	private_dummy
4271	1191	960912471	real
4271	10649	11444196575801	private_dummy
4272	1639	960912471	real
4272	10650	11444196575801	private_dummy
4273	1847	1082029038	real
4273	10651	11444196575801	private_dummy
4274	2138	1018025225	real
4274	10652	11444196575801	private_dummy
4275	2438	960912471	real
4275	10653	11444196575801	private_dummy
4276	2532	1130305272	real
4276	10654	11444196575801	private_dummy
4277	2534	1269745858	real
4277	10655	11444196575801	private_dummy
4278	2536	1533123464	real
4278	10656	11444196575801	private_dummy
4279	2494	960912471	real
4279	10657	11444196575801	private_dummy
4280	2557	1269745858	real
4280	10658	11444196575801	private_dummy
4281	2559	1533123464	real
4281	10659	11444196575801	private_dummy
4282	2498	960912471	real
4282	10660	11444196575801	private_dummy
4283	2574	1533123464	real
4283	10661	11444196575801	private_dummy
4284	2502	960912471	real
4284	10662	11444196575801	private_dummy
4285	2507	960912471	real
4285	10663	11444196575801	private_dummy
4286	5186	682925463	real
4286	10664	11444196575801	private_dummy
4287	5184	325152045	real
4287	10665	11444196575801	private_dummy
4288	5189	622182589	real
4288	10666	11444196575801	private_dummy
4289	5189	714849118	real
4289	10667	11444196575801	private_dummy
4290	5183	138629035	real
4290	10668	11444196575801	private_dummy
4291	5181	289598270	real
4291	5182	289598270	real
4291	10669	11444196575801	private_dummy
4292	5171	78668473	real
4292	5172	249998983	real
4292	10670	11444196575801	private_dummy
4293	5174	342660221	real
4293	5175	342660221	real
4293	10671	11444196575801	private_dummy
4294	5196	92666529	real
4294	10672	11444196575801	private_dummy
4295	5172	388628017	real
4295	10673	11444196575801	private_dummy
4296	5185	1214420677	real
4296	10674	11444196575801	private_dummy
4297	5198	428227305	real
4297	10675	11444196575801	private_dummy
4298	5171	605917609	real
4298	10676	11444196575801	private_dummy
4299	5178	311153988	real
4299	5179	389817969	real
4299	10677	11444196575801	private_dummy
4300	5200	1206544480	real
4300	10678	11444196575801	private_dummy
4301	5175	311153988	real
4301	10679	11444196575801	private_dummy
4302	5179	389817969	real
4302	10680	11444196575801	private_dummy
4303	5202	335560775	real
4303	10681	11444196575801	private_dummy
4304	5174	393327193	real
4304	10682	11444196575801	private_dummy
4305	5178	289598270	real
4305	10683	11444196575801	private_dummy
4306	5204	486530011	real
4306	10684	11444196575801	private_dummy
4307	5191	700851062	real
4307	10685	11444196575801	private_dummy
4308	5191	622182589	real
4308	10686	11444196575801	private_dummy
4309	5189	725257849	real
4309	5190	428227305	real
4309	5195	138629035	real
4309	10687	11444196575801	private_dummy
4310	5199	775591992	real
4310	10688	11444196575801	private_dummy
4311	5201	232485516	real
4311	10689	11444196575801	private_dummy
4312	5189	746355351	real
4312	5190	724925020	real
4312	5197	356658277	real
4312	10690	11444196575801	private_dummy
4313	5199	1051192205	real
4313	10691	11444196575801	private_dummy
4314	5201	311153988	real
4314	10692	11444196575801	private_dummy
4315	5188	289598270	real
4315	10693	11444196575801	private_dummy
4316	5188	368266743	real
4316	10694	11444196575801	private_dummy
4317	5187	506895777	real
4317	10695	11444196575801	private_dummy
4318	5203	311153988	real
4318	10696	11444196575801	private_dummy
4319	5205	414229248	real
4319	10697	11444196575801	private_dummy
4320	5187	895515879	real
4320	10698	11444196575801	private_dummy
4321	5203	508085729	real
4321	10699	11444196575801	private_dummy
4322	5205	414229248	real
4322	10700	11444196575801	private_dummy
4323	5141	547144236	real
4323	10701	11444196575801	private_dummy
4324	5173	587209699	real
4324	10702	11444196575801	private_dummy
4325	5173	278448021	real
4325	10703	11444196575801	private_dummy
4326	5132	693393268	real
4326	5133	750506022	real
4326	10704	11444196575801	private_dummy
4327	5134	451428472	real
4327	5135	451428472	real
4327	10705	11444196575801	private_dummy
4328	5136	486401362	real
4328	5137	486401362	real
4328	10706	11444196575801	private_dummy
4329	5138	844744762	real
4329	5139	844744762	real
4329	10707	11444196575801	private_dummy
4330	5140	681066180	real
4330	10708	11444196575801	private_dummy
4331	5212	725257849	real
4331	10709	11444196575801	private_dummy
4332	5212	278448021	real
4332	10710	11444196575801	private_dummy
4333	5133	750506022	real
4333	10711	11444196575801	private_dummy
4334	5148	174178318	real
4334	10712	11444196575801	private_dummy
4335	5149	395521337	real
4335	10713	11444196575801	private_dummy
4336	5176	413034805	real
4336	10714	11444196575801	private_dummy
4337	5176	81516281	real
4337	10715	11444196575801	private_dummy
4338	5132	998844456	real
4338	10716	11444196575801	private_dummy
4339	5142	312799437	real
4339	5143	369912191	real
4339	10717	11444196575801	private_dummy
4340	5144	220877050	real
4340	10718	11444196575801	private_dummy
4341	5145	535532974	real
4341	5146	535532974	real
4341	10719	11444196575801	private_dummy
4342	5147	429417256	real
4342	10720	11444196575801	private_dummy
4343	5215	459733537	real
4343	10721	11444196575801	private_dummy
4344	5215	81516281	real
4344	10722	11444196575801	private_dummy
4345	5135	451428472	real
4345	10723	11444196575801	private_dummy
4346	5143	369912191	real
4346	10724	11444196575801	private_dummy
4347	5155	547144236	real
4347	10725	11444196575801	private_dummy
4348	5177	510400509	real
4348	10726	11444196575801	private_dummy
4349	5177	278448021	real
4349	10727	11444196575801	private_dummy
4350	5134	535532974	real
4350	10728	11444196575801	private_dummy
4351	5142	535532974	real
4351	10729	11444196575801	private_dummy
4352	5150	189370818	real
4352	5151	189370818	real
4352	10730	11444196575801	private_dummy
4353	5152	417808791	real
4353	5153	417808791	real
4353	10731	11444196575801	private_dummy
4354	5154	429417256	real
4354	10732	11444196575801	private_dummy
4355	5218	428227305	real
4355	10733	11444196575801	private_dummy
4356	5218	335560775	real
4356	10734	11444196575801	private_dummy
4357	5137	486401362	real
4357	10735	11444196575801	private_dummy
4358	5151	189370818	real
4358	10736	11444196575801	private_dummy
4359	5167	649758483	real
4359	10737	11444196575801	private_dummy
4360	5180	714849118	real
4360	10738	11444196575801	private_dummy
4361	5180	657736364	real
4361	10739	11444196575801	private_dummy
4362	5136	428876476	real
4362	10740	11444196575801	private_dummy
4363	5144	192881737	real
4363	5148	192881737	real
4363	10741	11444196575801	private_dummy
4364	5150	232481024	real
4364	10742	11444196575801	private_dummy
4365	5160	602099362	real
4365	5162	659212116	real
4365	10743	11444196575801	private_dummy
4366	5163	788387517	real
4366	10744	11444196575801	private_dummy
4367	5221	507960342	real
4367	10745	11444196575801	private_dummy
4368	5221	565069835	real
4368	10746	11444196575801	private_dummy
4369	5139	844744762	real
4369	10747	11444196575801	private_dummy
4370	5146	535532974	real
4370	10748	11444196575801	private_dummy
4371	5153	417808791	real
4371	10749	11444196575801	private_dummy
4372	5162	659212116	real
4372	10750	11444196575801	private_dummy
4373	5170	788387517	real
4373	10751	11444196575801	private_dummy
4374	5223	507960342	real
4374	10752	11444196575801	private_dummy
4375	5223	565069835	real
4375	10753	11444196575801	private_dummy
4376	5138	602099362	real
4376	10754	11444196575801	private_dummy
4377	5145	312799437	real
4377	10755	11444196575801	private_dummy
4378	5152	232481024	real
4378	10756	11444196575801	private_dummy
4379	5160	602099362	real
4379	10757	11444196575801	private_dummy
4380	5169	685312257	real
4380	10758	11444196575801	private_dummy
4381	5225	600626871	real
4381	10759	11444196575801	private_dummy
4382	5225	657736364	real
4382	10760	11444196575801	private_dummy
4383	5193	485993722	real
4383	10761	11444196575801	private_dummy
4384	5193	589068982	real
4384	10762	11444196575801	private_dummy
4385	5211	453287755	real
4385	10763	11444196575801	private_dummy
4386	5213	323952310	real
4386	10764	11444196575801	private_dummy
4387	5214	217293016	real
4387	10765	11444196575801	private_dummy
4388	5216	198589597	real
4388	10766	11444196575801	private_dummy
4389	5194	153817043	real
4389	10767	11444196575801	private_dummy
4390	5194	210929797	real
4390	10768	11444196575801	private_dummy
4391	5217	256892303	real
4391	10769	11444196575801	private_dummy
4392	5219	510400509	real
4392	10770	11444196575801	private_dummy
4393	5220	507960342	real
4393	10771	11444196575801	private_dummy
4394	5224	429291869	real
4394	10772	11444196575801	private_dummy
4395	5226	429291869	real
4395	10773	11444196575801	private_dummy
4396	5222	725257849	real
4396	10774	11444196575801	private_dummy
4397	5224	507960342	real
4397	10775	11444196575801	private_dummy
4398	5226	429291869	real
4398	10776	11444196575801	private_dummy
4399	5191	622182589	real
4399	5192	507960342	real
4399	10777	11444196575801	private_dummy
4400	5191	622182589	real
4400	5192	507960342	real
4400	10778	11444196575801	private_dummy
4401	627	960912471	real
4401	628	960912471	real
4401	10779	11444196575801	private_dummy
4402	3144	1055957210	real
4402	3146	1228482163	real
4402	10780	11444196575801	private_dummy
4403	3142	921841024	real
4403	10781	11444196575801	private_dummy
4404	3140	842644711	real
4404	10782	11444196575801	private_dummy
4405	3138	805238941	real
4405	10783	11444196575801	private_dummy
4406	3136	619911174	real
4406	10784	11444196575801	private_dummy
4407	3134	462578720	real
4407	10785	11444196575801	private_dummy
4408	3132	462578720	real
4408	10786	11444196575801	private_dummy
4409	358	960912471	real
4409	359	960912471	real
4409	385	960912471	real
4409	10787	11444196575801	private_dummy
4410	3601	1055957210	real
4410	3603	1228482163	real
4410	10788	11444196575801	private_dummy
4411	3599	807618777	real
4411	10789	11444196575801	private_dummy
4412	3597	685312257	real
4412	10790	11444196575801	private_dummy
4413	3595	619911174	real
4413	10791	11444196575801	private_dummy
4414	3593	413766540	real
4414	10792	11444196575801	private_dummy
4415	3591	256434086	real
4415	10793	11444196575801	private_dummy
4416	3589	256434086	real
4416	10794	11444196575801	private_dummy
4417	959	960912471	real
4417	960	960912471	real
4417	986	960912471	real
4417	987	960912471	real
4417	10795	11444196575801	private_dummy
4418	4028	1314620714	real
4418	4030	1425990662	real
4418	10796	11444196575801	private_dummy
4419	4026	921841024	real
4419	10797	11444196575801	private_dummy
4420	4024	685312257	real
4420	10798	11444196575801	private_dummy
4421	4022	576800968	real
4421	10799	11444196575801	private_dummy
4422	4020	342661020	real
4422	10800	11444196575801	private_dummy
4423	4018	185328567	real
4423	10801	11444196575801	private_dummy
4424	4016	185328567	real
4424	10802	11444196575801	private_dummy
4425	1441	960912471	real
4425	1442	960912471	real
4425	1468	960912471	real
4425	1469	960912471	real
4425	10803	11444196575801	private_dummy
4426	1983	960912471	real
4426	1984	960912471	real
4426	10804	11444196575801	private_dummy
4427	4425	1314620714	real
4427	4427	1450401941	real
4427	10805	11444196575801	private_dummy
4428	4423	1134625683	real
4428	10806	11444196575801	private_dummy
4429	4421	842644711	real
4429	10807	11444196575801	private_dummy
4430	4419	619911174	real
4430	10808	11444196575801	private_dummy
4431	4417	342661020	real
4431	10809	11444196575801	private_dummy
4432	4415	185328567	real
4432	10810	11444196575801	private_dummy
4433	4413	185328567	real
4433	10811	11444196575801	private_dummy
4434	1819	960912471	real
4434	1820	960912471	real
4434	1846	960912471	real
4434	10812	11444196575801	private_dummy
4435	2247	960912471	real
4435	2248	960912471	real
4435	10813	11444196575801	private_dummy
4436	4792	1314620714	real
4436	4794	1510362503	real
4436	10814	11444196575801	private_dummy
4437	4790	1134625683	real
4437	10815	11444196575801	private_dummy
4438	4788	1024916284	real
4438	10816	11444196575801	private_dummy
4439	4786	805238941	real
4439	10817	11444196575801	private_dummy
4440	4784	413766540	real
4440	10818	11444196575801	private_dummy
4441	4782	256434086	real
4441	10819	11444196575801	private_dummy
4442	4780	256434086	real
4442	10820	11444196575801	private_dummy
4443	2110	960912471	real
4443	2111	960912471	real
4443	2137	960912471	real
4443	10821	11444196575801	private_dummy
4444	5129	1314620714	real
4444	5131	1544258422	real
4444	10822	11444196575801	private_dummy
4445	5127	1134625683	real
4445	10823	11444196575801	private_dummy
4446	5125	1024916284	real
4446	10824	11444196575801	private_dummy
4447	5123	960912471	real
4447	10825	11444196575801	private_dummy
4448	5121	698579647	real
4448	10826	11444196575801	private_dummy
4449	5119	541247193	real
4449	10827	11444196575801	private_dummy
4450	5117	541247193	real
4450	10828	11444196575801	private_dummy
4451	2323	960912471	real
4451	2324	960912471	real
4451	2350	960912471	real
4451	2351	960912471	real
4451	10829	11444196575801	private_dummy
4452	365	1639569710	real
4452	366	1639569710	real
4452	630	1639569710	real
4452	10830	11444196575801	private_dummy
4453	966	1314620714	real
4453	967	1371733469	real
4453	1193	1314620714	real
4453	10831	11444196575801	private_dummy
4454	1448	1134625683	real
4454	1449	1191738437	real
4454	1641	1134625683	real
4454	10832	11444196575801	private_dummy
4455	1826	1024916284	real
4455	1827	1082029038	real
4455	1986	1024916284	real
4455	10833	11444196575801	private_dummy
4456	2117	960912471	real
4456	2118	1018025225	real
4456	2250	960912471	real
4456	10834	11444196575801	private_dummy
4457	2330	934574386	real
4457	2331	991687140	real
4457	2441	934574386	real
4457	10835	11444196575801	private_dummy
4458	5228	1314620714	real
4458	10836	11444196575801	private_dummy
4459	5230	1134625683	real
4459	10837	11444196575801	private_dummy
4460	5232	1024916284	real
4460	10838	11444196575801	private_dummy
4461	5234	960912471	real
4461	10839	11444196575801	private_dummy
4462	5236	934574386	real
4462	10840	11444196575801	private_dummy
4463	5157	622182589	real
4463	10841	11444196575801	private_dummy
4464	5159	507960342	real
4464	10842	11444196575801	private_dummy
4465	362	1639569710	real
4465	363	1639569710	real
4465	10843	11444196575801	private_dummy
4466	963	1371733469	real
4466	964	1371733469	real
4466	10844	11444196575801	private_dummy
4467	1445	1191738437	real
4467	1446	1191738437	real
4467	10845	11444196575801	private_dummy
4468	1823	1082029038	real
4468	1824	1082029038	real
4468	10846	11444196575801	private_dummy
4469	2114	1018025225	real
4469	2115	1018025225	real
4469	10847	11444196575801	private_dummy
4470	2327	991687140	real
4470	2328	991687140	real
4470	10848	11444196575801	private_dummy
4471	2511	1130305272	real
4471	2512	1130305272	real
4471	2514	1073192518	real
4471	2515	1073192518	real
4471	10849	11444196575801	private_dummy
4472	2517	1269745858	real
4472	2518	1269745858	real
4472	2520	1212633104	real
4472	2521	1212633104	real
4472	10850	11444196575801	private_dummy
4473	2523	1533123464	real
4473	2524	1533123464	real
4473	2526	1476010710	real
4473	2527	1476010710	real
4473	10851	11444196575801	private_dummy
4474	2490	960912471	real
4474	2492	960912471	real
4474	2529	960912471	real
4474	2530	960912471	real
4474	10852	11444196575801	private_dummy
4475	371	1639569710	real
4475	372	1639569710	real
4475	632	1639569710	real
4475	10853	11444196575801	private_dummy
4476	972	1314620714	real
4476	973	1371733469	real
4476	1195	1314620714	real
4476	10854	11444196575801	private_dummy
4477	1454	1134625683	real
4477	1455	1191738437	real
4477	1643	1134625683	real
4477	10855	11444196575801	private_dummy
4478	1832	1024916284	real
4478	1833	1082029038	real
4478	1988	1024916284	real
4478	10856	11444196575801	private_dummy
4479	2123	960912471	real
4479	2124	1018025225	real
4479	2252	960912471	real
4479	10857	11444196575801	private_dummy
4480	2336	934574386	real
4480	2337	991687140	real
4480	2443	934574386	real
4480	10858	11444196575801	private_dummy
4481	2514	987879571	real
4481	2516	1044992326	real
4481	10859	11444196575801	private_dummy
4482	5238	1314620714	real
4482	10860	11444196575801	private_dummy
4483	5240	1134625683	real
4483	10861	11444196575801	private_dummy
4484	5242	1024916284	real
4484	10862	11444196575801	private_dummy
4485	5244	960912471	real
4485	10863	11444196575801	private_dummy
4486	5246	934574386	real
4486	10864	11444196575801	private_dummy
4487	5248	700846570	real
4487	10865	11444196575801	private_dummy
4488	5165	507960342	real
4488	10866	11444196575801	private_dummy
4489	368	1639569710	real
4489	369	1639569710	real
4489	10867	11444196575801	private_dummy
4490	969	1371733469	real
4490	970	1371733469	real
4490	10868	11444196575801	private_dummy
4491	1451	1191738437	real
4491	1452	1191738437	real
4491	10869	11444196575801	private_dummy
4492	1829	1082029038	real
4492	1830	1082029038	real
4492	10870	11444196575801	private_dummy
4493	2120	1018025225	real
4493	2121	1018025225	real
4493	10871	11444196575801	private_dummy
4494	2333	991687140	real
4494	2334	991687140	real
4494	10872	11444196575801	private_dummy
4495	2511	1044992326	real
4495	2513	1044992326	real
4495	2533	987879571	real
4495	10873	11444196575801	private_dummy
4496	2542	1269745858	real
4496	2543	1269745858	real
4496	2545	1212633104	real
4496	2546	1212633104	real
4496	10874	11444196575801	private_dummy
4497	2548	1533123464	real
4497	2549	1533123464	real
4497	2551	1476010710	real
4497	2552	1476010710	real
4497	10875	11444196575801	private_dummy
4498	2495	960912471	real
4498	2497	960912471	real
4498	2554	960912471	real
4498	2555	960912471	real
4498	10876	11444196575801	private_dummy
4499	377	1639569710	real
4499	378	1639569710	real
4499	634	1639569710	real
4499	10877	11444196575801	private_dummy
4500	978	1314620714	real
4500	979	1371733469	real
4500	1197	1314620714	real
4500	10878	11444196575801	private_dummy
4501	1460	1134625683	real
4501	1461	1191738437	real
4501	1645	1134625683	real
4501	10879	11444196575801	private_dummy
4502	1838	1024916284	real
4502	1839	1082029038	real
4502	1990	1024916284	real
4502	10880	11444196575801	private_dummy
4503	2129	960912471	real
4503	2130	1018025225	real
4503	2254	960912471	real
4503	10881	11444196575801	private_dummy
4504	2342	934574386	real
4504	2343	991687140	real
4504	2445	934574386	real
4504	10882	11444196575801	private_dummy
4505	2520	987879571	real
4505	2522	1044992326	real
4505	10883	11444196575801	private_dummy
4506	2545	1073192518	real
4506	2547	1130305272	real
4506	10884	11444196575801	private_dummy
4507	5250	1314620714	real
4507	10885	11444196575801	private_dummy
4508	5252	1134625683	real
4508	10886	11444196575801	private_dummy
4509	5254	1024916284	real
4509	10887	11444196575801	private_dummy
4510	5256	960912471	real
4510	10888	11444196575801	private_dummy
4511	5258	934574386	real
4511	10889	11444196575801	private_dummy
4512	5260	700846570	real
4512	10890	11444196575801	private_dummy
4513	5262	543514116	real
4513	10891	11444196575801	private_dummy
4514	374	1639569710	real
4514	375	1639569710	real
4514	10892	11444196575801	private_dummy
4515	975	1371733469	real
4515	976	1371733469	real
4515	10893	11444196575801	private_dummy
4516	1457	1191738437	real
4516	1458	1191738437	real
4516	10894	11444196575801	private_dummy
4517	1835	1082029038	real
4517	1836	1082029038	real
4517	10895	11444196575801	private_dummy
4518	2126	1018025225	real
4518	2127	1018025225	real
4518	10896	11444196575801	private_dummy
4519	2339	991687140	real
4519	2340	991687140	real
4519	10897	11444196575801	private_dummy
4520	2517	1044992326	real
4520	2519	1044992326	real
4520	2535	987879571	real
4520	10898	11444196575801	private_dummy
4521	2542	1130305272	real
4521	2544	1130305272	real
4521	2558	1073192518	real
4521	10899	11444196575801	private_dummy
4522	2565	1533123464	real
4522	2566	1533123464	real
4522	2568	1476010710	real
4522	2569	1476010710	real
4522	10900	11444196575801	private_dummy
4523	2499	960912471	real
4523	2501	960912471	real
4523	2571	960912471	real
4523	2572	960912471	real
4523	10901	11444196575801	private_dummy
4524	383	1639569710	real
4524	384	1639569710	real
4524	636	1639569710	real
4524	10902	11444196575801	private_dummy
4525	984	1314620714	real
4525	985	1371733469	real
4525	1199	1314620714	real
4525	10903	11444196575801	private_dummy
4526	1466	1134625683	real
4526	1467	1191738437	real
4526	1647	1134625683	real
4526	10904	11444196575801	private_dummy
4527	1844	1024916284	real
4527	1845	1082029038	real
4527	1992	1024916284	real
4527	10905	11444196575801	private_dummy
4528	2135	960912471	real
4528	2136	1018025225	real
4528	2256	960912471	real
4528	10906	11444196575801	private_dummy
4529	2348	934574386	real
4529	2349	991687140	real
4529	2447	934574386	real
4529	10907	11444196575801	private_dummy
4530	2526	987879571	real
4530	2528	1044992326	real
4530	10908	11444196575801	private_dummy
4531	2551	1073192518	real
4531	2553	1130305272	real
4531	10909	11444196575801	private_dummy
4532	2568	1212633104	real
4532	2570	1269745858	real
4532	10910	11444196575801	private_dummy
4533	5264	1314620714	real
4533	10911	11444196575801	private_dummy
4534	5266	1134625683	real
4534	10912	11444196575801	private_dummy
4535	5268	1024916284	real
4535	10913	11444196575801	private_dummy
4536	5270	960912471	real
4536	10914	11444196575801	private_dummy
4537	5272	934574386	real
4537	10915	11444196575801	private_dummy
4538	5274	700846570	real
4538	10916	11444196575801	private_dummy
4539	5276	543514116	real
4539	10917	11444196575801	private_dummy
4540	380	1639569710	real
4540	381	1639569710	real
4540	10918	11444196575801	private_dummy
4541	981	1371733469	real
4541	982	1371733469	real
4541	10919	11444196575801	private_dummy
4542	1463	1191738437	real
4542	1464	1191738437	real
4542	10920	11444196575801	private_dummy
4543	1841	1082029038	real
4543	1842	1082029038	real
4543	10921	11444196575801	private_dummy
4544	2132	1018025225	real
4544	2133	1018025225	real
4544	10922	11444196575801	private_dummy
4545	2345	991687140	real
4545	2346	991687140	real
4545	10923	11444196575801	private_dummy
4546	2523	1044992326	real
4546	2525	1044992326	real
4546	2537	987879571	real
4546	10924	11444196575801	private_dummy
4547	2548	1130305272	real
4547	2550	1130305272	real
4547	2560	1073192518	real
4547	10925	11444196575801	private_dummy
4548	2565	1269745858	real
4548	2567	1269745858	real
4548	2575	1212633104	real
4548	10926	11444196575801	private_dummy
4549	2503	960912471	real
4549	2505	960912471	real
4549	2580	960912471	real
4549	2581	960912471	real
4549	10927	11444196575801	private_dummy
4550	987	1314620714	real
4550	988	1371733469	real
4550	10928	11444196575801	private_dummy
4551	1469	1134625683	real
4551	1470	1191738437	real
4551	10929	11444196575801	private_dummy
4552	2351	934574386	real
4552	2352	991687140	real
4552	10930	11444196575801	private_dummy
4553	2529	987879571	real
4553	2531	1044992326	real
4553	2538	987879571	real
4553	10931	11444196575801	private_dummy
4554	2554	1073192518	real
4554	2556	1130305272	real
4554	2561	1073192518	real
4554	10932	11444196575801	private_dummy
4555	2571	1212633104	real
4555	2573	1269745858	real
4555	2576	1212633104	real
4555	10933	11444196575801	private_dummy
4556	2580	1476010710	real
4556	2582	1533123464	real
4556	2583	1476010710	real
4556	10934	11444196575801	private_dummy
4557	359	1639569710	real
4557	360	1639569710	real
4557	628	1639569710	real
4557	10935	11444196575801	private_dummy
4558	960	1314620714	real
4558	961	1314620714	real
4558	10936	11444196575801	private_dummy
4559	1442	1134625683	real
4559	1443	1134625683	real
4559	10937	11444196575801	private_dummy
4560	1820	1024916284	real
4560	1821	1024916284	real
4560	1984	1024916284	real
4560	10938	11444196575801	private_dummy
4561	2111	960912471	real
4561	2112	960912471	real
4561	2248	960912471	real
4561	10939	11444196575801	private_dummy
4562	2324	934574386	real
4562	2325	934574386	real
4562	2439	934574386	real
4562	10940	11444196575801	private_dummy
4563	2490	987879571	real
4563	2491	987879571	real
4563	2493	987879571	real
4563	10941	11444196575801	private_dummy
4564	2495	1073192518	real
4564	2496	1073192518	real
4564	10942	11444196575801	private_dummy
4565	2499	1212633104	real
4565	2500	1212633104	real
4565	10943	11444196575801	private_dummy
4566	2503	1476010710	real
4566	2504	1476010710	real
4566	2506	1476010710	real
4566	10944	11444196575801	private_dummy
4567	5206	604256990	real
4567	10945	11444196575801	private_dummy
4568	5206	604256990	real
4568	10946	11444196575801	private_dummy
4569	5207	407325249	real
4569	10947	11444196575801	private_dummy
4570	5207	407325249	real
4570	10948	11444196575801	private_dummy
4571	5208	604256990	real
4571	10949	11444196575801	private_dummy
4572	5208	604256990	real
4572	10950	11444196575801	private_dummy
4573	5209	486401362	real
4573	10951	11444196575801	private_dummy
4574	5209	543514116	real
4574	10952	11444196575801	private_dummy
4575	5210	589476622	real
4575	10953	11444196575801	private_dummy
4576	5210	646589376	real
4576	10954	11444196575801	private_dummy
4577	2612	1212633104	real
4577	10955	11444196575801	private_dummy
4578	2603	1073192518	real
4578	10956	11444196575801	private_dummy
4579	2591	987879571	real
4579	10957	11444196575801	private_dummy
4580	2601	1073192518	real
4580	10958	11444196575801	private_dummy
4581	2589	987879571	real
4581	10959	11444196575801	private_dummy
4582	2502	943287091	real
4582	10960	11444196575801	private_dummy
4583	2587	987879571	real
4583	10961	11444196575801	private_dummy
4584	2498	943287091	real
4584	10962	11444196575801	private_dummy
4585	2361	934574386	real
4585	10963	11444196575801	private_dummy
4586	2247	943287091	real
4586	10964	11444196575801	private_dummy
4587	1983	943287091	real
4587	10965	11444196575801	private_dummy
4588	1639	943287091	real
4588	10966	11444196575801	private_dummy
4589	1191	943287091	real
4589	10967	11444196575801	private_dummy
4590	627	943287091	real
4590	10968	11444196575801	private_dummy
4591	5323	960912471	real
4591	10969	11444196575801	private_dummy
4592	5321	553590018	real
4592	10970	11444196575801	private_dummy
4593	5326	547685016	real
4593	10971	11444196575801	private_dummy
4594	5326	547685016	real
4594	10972	11444196575801	private_dummy
4595	5320	232485516	real
4595	10973	11444196575801	private_dummy
4596	5318	289598270	real
4596	5319	289598270	real
4596	10974	11444196575801	private_dummy
4597	5308	236000926	real
4597	5309	236000926	real
4597	10975	11444196575801	private_dummy
4598	5311	403820517	real
4598	5312	403820517	real
4598	10976	11444196575801	private_dummy
4599	5333	446930723	real
4599	10977	11444196575801	private_dummy
4600	5309	236000926	real
4600	10978	11444196575801	private_dummy
4601	5322	553590018	real
4601	10979	11444196575801	private_dummy
4602	5335	446930723	real
4602	10980	11444196575801	private_dummy
4603	5308	275600213	real
4603	10981	11444196575801	private_dummy
4604	5315	342660221	real
4604	5316	724925020	real
4604	10982	11444196575801	private_dummy
4605	5337	486530011	real
4605	10983	11444196575801	private_dummy
4606	5312	622182589	real
4606	10984	11444196575801	private_dummy
4607	5316	646256547	real
4607	10985	11444196575801	private_dummy
4608	5339	677762780	real
4608	10986	11444196575801	private_dummy
4609	5311	485993722	real
4609	10987	11444196575801	private_dummy
4610	5315	527249137	real
4610	10988	11444196575801	private_dummy
4611	5341	1206544480	real
4611	10989	11444196575801	private_dummy
4612	5328	429417256	real
4612	10990	11444196575801	private_dummy
4613	5328	429417256	real
4613	10991	11444196575801	private_dummy
4614	5326	429417256	real
4614	5327	389817969	real
4614	5332	232485516	real
4614	10992	11444196575801	private_dummy
4615	5336	389817969	real
4615	10993	11444196575801	private_dummy
4616	5338	295961488	real
4616	10994	11444196575801	private_dummy
4617	5326	522083785	real
4617	5327	482484498	real
4617	5334	325152045	real
4617	10995	11444196575801	private_dummy
4618	5336	482484498	real
4618	10996	11444196575801	private_dummy
4619	5338	388628017	real
4619	10997	11444196575801	private_dummy
4620	5325	421329493	real
4620	10998	11444196575801	private_dummy
4621	5325	578661946	real
4621	10999	11444196575801	private_dummy
4622	5324	578661946	real
4622	11000	11444196575801	private_dummy
4623	5340	606657260	real
4623	11001	11444196575801	private_dummy
4624	5342	585559758	real
4624	11002	11444196575801	private_dummy
4625	5324	618261233	real
4625	11003	11444196575801	private_dummy
4626	5340	803589001	real
4626	11004	11444196575801	private_dummy
4627	5342	446930723	real
4627	11005	11444196575801	private_dummy
4628	5287	646589376	real
4628	11006	11444196575801	private_dummy
4629	5310	635763222	real
4629	11007	11444196575801	private_dummy
4630	5310	299545523	real
4630	11008	11444196575801	private_dummy
4631	5278	602099362	real
4631	5279	659212116	real
4631	11009	11444196575801	private_dummy
4632	5280	417808791	real
4632	5281	417808791	real
4632	11010	11444196575801	private_dummy
4633	5282	535532974	real
4633	5283	535532974	real
4633	11011	11444196575801	private_dummy
4634	5284	844744762	real
4634	5285	844744762	real
4634	11012	11444196575801	private_dummy
4635	5286	757959324	real
4635	11013	11444196575801	private_dummy
4636	5349	850620562	real
4636	11014	11444196575801	private_dummy
4637	5349	299545523	real
4637	11015	11444196575801	private_dummy
4638	5279	659212116	real
4638	11016	11444196575801	private_dummy
4639	5294	192881737	real
4639	11017	11444196575801	private_dummy
4640	5295	646589376	real
4640	11018	11444196575801	private_dummy
4641	5313	538397518	real
4641	11019	11444196575801	private_dummy
4642	5313	299545523	real
4642	11020	11444196575801	private_dummy
4643	5278	844744762	real
4643	11021	11444196575801	private_dummy
4644	5288	189370818	real
4644	5289	189370818	real
4644	11022	11444196575801	private_dummy
4645	5290	220877050	real
4645	11023	11444196575801	private_dummy
4646	5291	486401362	real
4646	5292	486401362	real
4646	11024	11444196575801	private_dummy
4647	5293	586628814	real
4647	11025	11444196575801	private_dummy
4648	5352	553590018	real
4648	11026	11444196575801	private_dummy
4649	5352	356658277	real
4649	11027	11444196575801	private_dummy
4650	5281	417808791	real
4650	11028	11444196575801	private_dummy
4651	5289	189370818	real
4651	11029	11444196575801	private_dummy
4652	5301	474921545	real
4652	11030	11444196575801	private_dummy
4653	5314	671314201	real
4653	11031	11444196575801	private_dummy
4654	5314	263991748	real
4654	11032	11444196575801	private_dummy
4655	5280	428876476	real
4655	11033	11444196575801	private_dummy
4656	5288	271544022	real
4656	11034	11444196575801	private_dummy
4657	5296	312799437	real
4657	5297	369912191	real
4657	11035	11444196575801	private_dummy
4658	5298	451428472	real
4658	5299	451428472	real
4658	11036	11444196575801	private_dummy
4659	5300	728429752	real
4659	11037	11444196575801	private_dummy
4660	5355	391467910	real
4660	11038	11444196575801	private_dummy
4661	5355	402620783	real
4661	11039	11444196575801	private_dummy
4662	5283	535532974	real
4662	11040	11444196575801	private_dummy
4663	5297	369912191	real
4663	11041	11444196575801	private_dummy
4664	5305	435322258	real
4664	11042	11444196575801	private_dummy
4665	5317	679876228	real
4665	11043	11444196575801	private_dummy
4666	5317	691029101	real
4666	11044	11444196575801	private_dummy
4667	5282	451428472	real
4667	11045	11444196575801	private_dummy
4668	5290	174178318	real
4668	5294	174178318	real
4668	11046	11444196575801	private_dummy
4669	5296	451428472	real
4669	11047	11444196575801	private_dummy
4670	5302	693393268	real
4670	5303	750506022	real
4670	11048	11444196575801	private_dummy
4671	5304	416618839	real
4671	11049	11444196575801	private_dummy
4672	5358	484134439	real
4672	11050	11444196575801	private_dummy
4673	5358	392212052	real
4673	11051	11444196575801	private_dummy
4674	5285	844744762	real
4674	11052	11444196575801	private_dummy
4675	5292	486401362	real
4675	11053	11444196575801	private_dummy
4676	5299	451428472	real
4676	11054	11444196575801	private_dummy
4677	5303	750506022	real
4677	11055	11444196575801	private_dummy
4678	5307	671316997	real
4678	11056	11444196575801	private_dummy
4679	5360	484134439	real
4679	11057	11444196575801	private_dummy
4680	5360	392212052	real
4680	11058	11444196575801	private_dummy
4681	5284	693393268	real
4681	11059	11444196575801	private_dummy
4682	5291	348353212	real
4682	11060	11444196575801	private_dummy
4683	5298	348353212	real
4683	11061	11444196575801	private_dummy
4684	5302	693393268	real
4684	11062	11444196575801	private_dummy
4685	5306	541981553	real
4685	11063	11444196575801	private_dummy
4686	5362	576800968	real
4686	11064	11444196575801	private_dummy
4687	5362	484878581	real
4687	11065	11444196575801	private_dummy
4688	5330	685312257	real
4688	11066	11444196575801	private_dummy
4689	5330	788387517	real
4689	11067	11444196575801	private_dummy
4690	5348	435322258	real
4690	11068	11444196575801	private_dummy
4691	5350	277989805	real
4691	11069	11444196575801	private_dummy
4692	5351	277989805	real
4692	11070	11444196575801	private_dummy
4693	5353	492435012	real
4693	11071	11444196575801	private_dummy
4694	5331	242436030	real
4694	11072	11444196575801	private_dummy
4695	5331	381065064	real
4695	11073	11444196575801	private_dummy
4696	5354	381065064	real
4696	11074	11444196575801	private_dummy
4697	5356	321104502	real
4697	11075	11444196575801	private_dummy
4698	5357	381065064	real
4698	11076	11444196575801	private_dummy
4699	5361	302396592	real
4699	11077	11444196575801	private_dummy
4700	5363	302396592	real
4700	11078	11444196575801	private_dummy
4701	5359	631064047	real
4701	11079	11444196575801	private_dummy
4702	5361	381065064	real
4702	11080	11444196575801	private_dummy
4703	5363	302396592	real
4703	11081	11444196575801	private_dummy
4704	5328	486530011	real
4704	5329	486530011	real
4704	11082	11444196575801	private_dummy
4705	5328	486530011	real
4705	5329	486530011	real
4705	11083	11444196575801	private_dummy
4706	2506	943287091	real
4706	2507	943287091	real
4706	11084	11444196575801	private_dummy
4707	2611	1269745858	real
4707	2614	1212633104	real
4707	11085	11444196575801	private_dummy
4708	2602	1130305272	real
4708	2607	1073192518	real
4708	11086	11444196575801	private_dummy
4709	2590	1044992326	real
4709	2596	987879571	real
4709	11087	11444196575801	private_dummy
4710	2359	991687140	real
4710	2360	934574386	real
4710	2455	934574386	real
4710	11088	11444196575801	private_dummy
4711	2145	1018025225	real
4711	2146	960912471	real
4711	2264	960912471	real
4711	11089	11444196575801	private_dummy
4712	1854	1082029038	real
4712	1855	1024916284	real
4712	2000	1024916284	real
4712	11090	11444196575801	private_dummy
4713	1477	1191738437	real
4713	1478	1134625683	real
4713	1655	1134625683	real
4713	11091	11444196575801	private_dummy
4714	995	1371733469	real
4714	996	1314620714	real
4714	1207	1314620714	real
4714	11092	11444196575801	private_dummy
4715	393	1639569710	real
4715	394	1639569710	real
4715	644	1639569710	real
4715	11093	11444196575801	private_dummy
4716	2504	943287091	real
4716	2505	943287091	real
4716	11094	11444196575801	private_dummy
4717	5365	901857516	real
4717	11095	11444196575801	private_dummy
4718	5367	737880589	real
4718	11096	11444196575801	private_dummy
4719	5369	431732036	real
4719	11097	11444196575801	private_dummy
4720	5371	289593778	real
4720	11098	11444196575801	private_dummy
4721	5373	195737297	real
4721	11099	11444196575801	private_dummy
4722	5375	195737297	real
4722	11100	11444196575801	private_dummy
4723	5377	289593778	real
4723	11101	11444196575801	private_dummy
4724	2614	1476010710	real
4724	2615	1476010710	real
4724	11102	11444196575801	private_dummy
4725	2611	1533123464	real
4725	11103	11444196575801	private_dummy
4726	2600	1130305272	real
4726	2605	1073192518	real
4726	11104	11444196575801	private_dummy
4727	2588	1044992326	real
4727	2594	987879571	real
4727	11105	11444196575801	private_dummy
4728	2357	991687140	real
4728	2358	934574386	real
4728	2453	934574386	real
4728	11106	11444196575801	private_dummy
4729	2143	1018025225	real
4729	2144	960912471	real
4729	2262	960912471	real
4729	11107	11444196575801	private_dummy
4730	1852	1082029038	real
4730	1853	1024916284	real
4730	1998	1024916284	real
4730	11108	11444196575801	private_dummy
4731	1475	1191738437	real
4731	1476	1134625683	real
4731	1653	1134625683	real
4731	11109	11444196575801	private_dummy
4732	993	1371733469	real
4732	994	1314620714	real
4732	1205	1314620714	real
4732	11110	11444196575801	private_dummy
4733	391	1639569710	real
4733	392	1639569710	real
4733	642	1639569710	real
4733	11111	11444196575801	private_dummy
4734	2500	943287091	real
4734	2501	943287091	real
4734	2613	943287091	real
4734	11112	11444196575801	private_dummy
4735	5380	1037638743	real
4735	11113	11444196575801	private_dummy
4736	5382	737880589	real
4736	11114	11444196575801	private_dummy
4737	5384	371771474	real
4737	11115	11444196575801	private_dummy
4738	5386	210929797	real
4738	11116	11444196575801	private_dummy
4739	5388	117073316	real
4739	11117	11444196575801	private_dummy
4740	5390	117073316	real
4740	11118	11444196575801	private_dummy
4741	5392	210929797	real
4741	11119	11444196575801	private_dummy
4742	2607	1476010710	real
4742	2608	1476010710	real
4742	11120	11444196575801	private_dummy
4743	2605	1212633104	real
4743	2606	1212633104	real
4743	11121	11444196575801	private_dummy
4744	2602	1533123464	real
4744	11122	11444196575801	private_dummy
4745	2600	1269745858	real
4745	11123	11444196575801	private_dummy
4746	2586	1044992326	real
4746	2592	987879571	real
4746	11124	11444196575801	private_dummy
4747	2355	991687140	real
4747	2356	934574386	real
4747	2451	934574386	real
4747	11125	11444196575801	private_dummy
4748	2141	1018025225	real
4748	2142	960912471	real
4748	2260	960912471	real
4748	11126	11444196575801	private_dummy
4749	1850	1082029038	real
4749	1851	1024916284	real
4749	1996	1024916284	real
4749	11127	11444196575801	private_dummy
4750	1473	1191738437	real
4750	1474	1134625683	real
4750	1651	1134625683	real
4750	11128	11444196575801	private_dummy
4751	991	1371733469	real
4751	992	1314620714	real
4751	1203	1314620714	real
4751	11129	11444196575801	private_dummy
4752	389	1639569710	real
4752	390	1639569710	real
4752	640	1639569710	real
4752	11130	11444196575801	private_dummy
4753	2496	943287091	real
4753	2497	943287091	real
4753	2604	943287091	real
4753	11131	11444196575801	private_dummy
4754	5395	1212633104	real
4754	11132	11444196575801	private_dummy
4755	5397	933622378	real
4755	11133	11444196575801	private_dummy
4756	5399	431732036	real
4756	11134	11444196575801	private_dummy
4757	5401	235336584	real
4757	11135	11444196575801	private_dummy
4758	5403	141480104	real
4758	11136	11444196575801	private_dummy
4759	5405	141480104	real
4759	11137	11444196575801	private_dummy
4760	5407	235336584	real
4760	11138	11444196575801	private_dummy
4761	2596	1476010710	real
4761	2597	1476010710	real
4761	11139	11444196575801	private_dummy
4762	2594	1212633104	real
4762	2595	1212633104	real
4762	11140	11444196575801	private_dummy
4763	2592	1073192518	real
4763	2593	1073192518	real
4763	11141	11444196575801	private_dummy
4764	2493	943287091	real
4764	2494	943287091	real
4764	11142	11444196575801	private_dummy
4765	2590	1533123464	real
4765	11143	11444196575801	private_dummy
4766	2588	1269745858	real
4766	11144	11444196575801	private_dummy
4767	2586	1130305272	real
4767	11145	11444196575801	private_dummy
4768	2353	991687140	real
4768	2354	934574386	real
4768	2449	934574386	real
4768	11146	11444196575801	private_dummy
4769	2139	1018025225	real
4769	2140	960912471	real
4769	2258	960912471	real
4769	11147	11444196575801	private_dummy
4770	1848	1082029038	real
4770	1849	1024916284	real
4770	1994	1024916284	real
4770	11148	11444196575801	private_dummy
4771	1471	1191738437	real
4771	1472	1134625683	real
4771	1649	1134625683	real
4771	11149	11444196575801	private_dummy
4772	989	1371733469	real
4772	990	1314620714	real
4772	1201	1314620714	real
4772	11150	11444196575801	private_dummy
4773	387	1639569710	real
4773	388	1639569710	real
4773	638	1639569710	real
4773	11151	11444196575801	private_dummy
4774	2491	943287091	real
4774	2492	943287091	real
4774	11152	11444196575801	private_dummy
4775	5410	1212633104	real
4775	11153	11444196575801	private_dummy
4776	5412	1073192518	real
4776	11154	11444196575801	private_dummy
4777	5414	775591992	real
4777	11155	11444196575801	private_dummy
4778	5416	522083785	real
4778	11156	11444196575801	private_dummy
4779	5418	428227305	real
4779	11157	11444196575801	private_dummy
4780	5420	428227305	real
4780	11158	11444196575801	private_dummy
4781	5422	522083785	real
4781	11159	11444196575801	private_dummy
4782	2438	943287091	real
4782	2439	943287091	real
4782	11160	11444196575801	private_dummy
4783	2323	943287091	real
4783	2325	943287091	real
4783	11161	11444196575801	private_dummy
4784	4837	1212633104	real
4784	4839	1351262138	real
4784	11162	11444196575801	private_dummy
4785	4835	1073192518	real
4785	11163	11444196575801	private_dummy
4786	4833	987879571	real
4786	11164	11444196575801	private_dummy
4787	4918	646256547	real
4787	11165	11444196575801	private_dummy
4788	4916	416618839	real
4788	11166	11444196575801	private_dummy
4789	4914	356658277	real
4789	11167	11444196575801	private_dummy
4790	4912	416618839	real
4790	11168	11444196575801	private_dummy
4791	2110	943287091	real
4791	2112	943287091	real
4791	2147	943287091	real
4791	11169	11444196575801	private_dummy
4792	4494	1212633104	real
4792	4496	1351262138	real
4792	11170	11444196575801	private_dummy
4793	4492	1073192518	real
4793	11171	11444196575801	private_dummy
4794	4490	987879571	real
4794	11172	11444196575801	private_dummy
4795	4581	728429752	real
4795	11173	11444196575801	private_dummy
4796	4579	359509346	real
4796	11174	11444196575801	private_dummy
4797	4577	242436030	real
4797	11175	11444196575801	private_dummy
4798	4575	242436030	real
4798	11176	11444196575801	private_dummy
4799	1819	943287091	real
4799	1821	943287091	real
4799	1856	943287091	real
4799	11177	11444196575801	private_dummy
4800	4123	1212633104	real
4800	4125	1351262138	real
4800	11178	11444196575801	private_dummy
4801	4121	1073192518	real
4801	11179	11444196575801	private_dummy
4802	4119	987879571	real
4802	11180	11444196575801	private_dummy
4803	4214	728429752	real
4803	11181	11444196575801	private_dummy
4804	4212	532034300	real
4804	11182	11444196575801	private_dummy
4805	4210	335102559	real
4805	11183	11444196575801	private_dummy
4806	4208	302396592	real
4806	11184	11444196575801	private_dummy
4807	1441	943287091	real
4807	1443	943287091	real
4807	1479	943287091	real
4807	11185	11444196575801	private_dummy
4808	3724	1212633104	real
4808	3726	1351262138	real
4808	11186	11444196575801	private_dummy
4809	3722	1073192518	real
4809	11187	11444196575801	private_dummy
4810	3720	987879571	real
4810	11188	11444196575801	private_dummy
4811	3817	728429752	real
4811	11189	11444196575801	private_dummy
4812	3815	532034300	real
4812	11190	11444196575801	private_dummy
4813	3813	473731594	real
4813	11191	11444196575801	private_dummy
4814	3811	413766540	real
4814	11192	11444196575801	private_dummy
4815	959	943287091	real
4815	961	943287091	real
4815	997	943287091	real
4815	11193	11444196575801	private_dummy
4816	3297	1212633104	real
4816	3299	1351262138	real
4816	11194	11444196575801	private_dummy
4817	3295	1073192518	real
4817	11195	11444196575801	private_dummy
4818	3293	987879571	real
4818	11196	11444196575801	private_dummy
4819	3390	728429752	real
4819	11197	11444196575801	private_dummy
4820	3388	532034300	real
4820	11198	11444196575801	private_dummy
4821	3386	473731594	real
4821	11199	11444196575801	private_dummy
4822	3384	492435012	real
4822	11200	11444196575801	private_dummy
4823	358	943287091	real
4823	360	943287091	real
4823	395	943287091	real
4823	11201	11444196575801	private_dummy
4824	2840	1212633104	real
4824	2842	1351262138	real
4824	11202	11444196575801	private_dummy
4825	2838	1073192518	real
4825	11203	11444196575801	private_dummy
4826	2836	987879571	real
4826	11204	11444196575801	private_dummy
4827	2933	728429752	real
4827	11205	11444196575801	private_dummy
4828	2931	532034300	real
4828	11206	11444196575801	private_dummy
4829	2929	473731594	real
4829	11207	11444196575801	private_dummy
4830	2927	492435012	real
4830	11208	11444196575801	private_dummy
4831	2613	1212633104	real
4831	11209	11444196575801	private_dummy
4832	2604	1073192518	real
4832	11210	11444196575801	private_dummy
4833	2147	960912471	real
4833	2148	960912471	real
4833	11211	11444196575801	private_dummy
4834	1856	1024916284	real
4834	1857	1024916284	real
4834	11212	11444196575801	private_dummy
4835	1479	1134625683	real
4835	1480	1134625683	real
4835	11213	11444196575801	private_dummy
4836	997	1314620714	real
4836	998	1314620714	real
4836	11214	11444196575801	private_dummy
4837	395	1639569710	real
4837	396	1639569710	real
4837	11215	11444196575801	private_dummy
4838	5343	685312257	real
4838	11216	11444196575801	private_dummy
4839	5343	685312257	real
4839	11217	11444196575801	private_dummy
4840	5344	685312257	real
4840	11218	11444196575801	private_dummy
4841	5344	685312257	real
4841	11219	11444196575801	private_dummy
4842	5345	474921545	real
4842	11220	11444196575801	private_dummy
4843	5345	417808791	real
4843	11221	11444196575801	private_dummy
4844	5346	381065064	real
4844	11222	11444196575801	private_dummy
4845	5346	323952310	real
4845	11223	11444196575801	private_dummy
4846	5347	599094307	real
4846	11224	11444196575801	private_dummy
4847	5347	541981553	real
4847	11225	11444196575801	private_dummy
4848	419	1639569710	real
4848	11226	11444196575801	private_dummy
4849	1208	1024916284	real
4849	11227	11444196575801	private_dummy
4850	1656	1024916284	real
4850	11228	11444196575801	private_dummy
4851	1880	1082029038	real
4851	11229	11444196575801	private_dummy
4852	2171	1018025225	real
4852	11230	11444196575801	private_dummy
4853	2456	1024916284	real
4853	11231	11444196575801	private_dummy
4854	2584	1024916284	real
4854	11232	11444196575801	private_dummy
4855	2649	1269745858	real
4855	11233	11444196575801	private_dummy
4856	2651	1533123464	real
4856	11234	11444196575801	private_dummy
4857	2621	1024916284	real
4857	2653	1024916284	real
4857	11235	11444196575801	private_dummy
4858	2667	1533123464	real
4858	11236	11444196575801	private_dummy
4859	2625	1024916284	real
4859	2669	1024916284	real
4859	11237	11444196575801	private_dummy
4860	2630	1024916284	real
4860	2677	1024916284	real
4860	11238	11444196575801	private_dummy
4861	5473	625159045	real
4861	11239	11444196575801	private_dummy
4862	5471	403816026	real
4862	11240	11444196575801	private_dummy
4863	5476	773434363	real
4863	11241	11444196575801	private_dummy
4864	5476	884804311	real
4864	11242	11444196575801	private_dummy
4865	5470	232485516	real
4865	11243	11444196575801	private_dummy
4866	5468	407325249	real
4866	5469	407325249	real
4866	11244	11444196575801	private_dummy
4867	5458	0	real
4867	5459	171330510	real
4867	11245	11444196575801	private_dummy
4868	5461	470136382	real
4868	5462	470136382	real
4868	11246	11444196575801	private_dummy
4869	5483	171330510	real
4869	11247	11444196575801	private_dummy
4870	5459	171330510	real
4870	11248	11444196575801	private_dummy
4871	5472	819114330	real
4871	11249	11444196575801	private_dummy
4872	5485	210929797	real
4872	11250	11444196575801	private_dummy
4873	5458	584361891	real
4873	11251	11444196575801	private_dummy
4874	5465	275600213	real
4874	5466	335560775	real
4874	11252	11444196575801	private_dummy
4875	5487	1206544480	real
4875	11253	11444196575801	private_dummy
4876	5462	295961488	real
4876	11254	11444196575801	private_dummy
4877	5466	278448021	real
4877	11255	11444196575801	private_dummy
4878	5489	335560775	real
4878	11256	11444196575801	private_dummy
4879	5461	393327193	real
4879	11257	11444196575801	private_dummy
4880	5465	196931741	real
4880	11258	11444196575801	private_dummy
4881	5491	452634092	real
4881	11259	11444196575801	private_dummy
4882	5478	852102836	real
4882	11260	11444196575801	private_dummy
4883	5478	773434363	real
4883	11261	11444196575801	private_dummy
4884	5476	891702123	real
4884	5477	522083785	real
4884	5482	232485516	real
4884	11262	11444196575801	private_dummy
4885	5486	522083785	real
4885	11263	11444196575801	private_dummy
4886	5488	232485516	real
4886	11264	11444196575801	private_dummy
4887	5476	907356307	real
4887	5477	852401181	real
4887	5484	484134439	real
4887	11265	11444196575801	private_dummy
4888	5486	797683999	real
4888	11266	11444196575801	private_dummy
4889	5488	311153988	real
4889	11267	11444196575801	private_dummy
4890	5475	349558832	real
4890	11268	11444196575801	private_dummy
4891	5475	428227305	real
4891	11269	11444196575801	private_dummy
4892	5474	428227305	real
4892	11270	11444196575801	private_dummy
4893	5490	278448021	real
4893	11271	11444196575801	private_dummy
4894	5492	335560775	real
4894	11272	11444196575801	private_dummy
4895	5474	1012589195	real
4895	11273	11444196575801	private_dummy
4896	5490	452634092	real
4896	11274	11444196575801	private_dummy
4897	5492	531302564	real
4897	11275	11444196575801	private_dummy
4898	5433	589476622	real
4898	11276	11444196575801	private_dummy
4899	5460	438831482	real
4899	11277	11444196575801	private_dummy
4900	5460	393327193	real
4900	11278	11444196575801	private_dummy
4901	5424	693393268	real
4901	5425	750506022	real
4901	11279	11444196575801	private_dummy
4902	5426	451428472	real
4902	5427	451428472	real
4902	11280	11444196575801	private_dummy
4903	5428	271544022	real
4903	5429	271544022	real
4903	11281	11444196575801	private_dummy
4904	5430	844744762	real
4904	5431	844744762	real
4904	11282	11444196575801	private_dummy
4905	5432	731274763	real
4905	11283	11444196575801	private_dummy
4906	5499	568166926	real
4906	11284	11444196575801	private_dummy
4907	5499	393327193	real
4907	11285	11444196575801	private_dummy
4908	5425	750506022	real
4908	11286	11444196575801	private_dummy
4909	5440	16845864	real
4909	11287	11444196575801	private_dummy
4910	5441	395521337	real
4910	11288	11444196575801	private_dummy
4911	5463	274405770	real
4911	11289	11444196575801	private_dummy
4912	5463	157332454	real
4912	11290	11444196575801	private_dummy
4913	5424	998844456	real
4913	11291	11444196575801	private_dummy
4914	5434	312799437	real
4914	5435	369912191	real
4914	11292	11444196575801	private_dummy
4915	5436	35549283	real
4915	11293	11444196575801	private_dummy
4916	5437	535532974	real
4916	5438	535532974	real
4916	11294	11444196575801	private_dummy
4917	5439	453287755	real
4917	11295	11444196575801	private_dummy
4918	5502	293109189	real
4918	11296	11444196575801	private_dummy
4919	5502	157332454	real
4919	11297	11444196575801	private_dummy
4920	5427	451428472	real
4920	11298	11444196575801	private_dummy
4921	5435	369912191	real
4921	11299	11444196575801	private_dummy
4922	5447	453287755	real
4922	11300	11444196575801	private_dummy
4923	5464	371771474	real
4923	11301	11444196575801	private_dummy
4924	5464	196931741	real
4924	11302	11444196575801	private_dummy
4925	5426	535532974	real
4925	11303	11444196575801	private_dummy
4926	5434	535532974	real
4926	11304	11444196575801	private_dummy
4927	5442	75148570	real
4927	5443	132261325	real
4927	11305	11444196575801	private_dummy
4928	5444	417808791	real
4928	5445	417808791	real
4928	11306	11444196575801	private_dummy
4929	5446	395521337	real
4929	11307	11444196575801	private_dummy
4930	5505	175376022	real
4930	11308	11444196575801	private_dummy
4931	5505	289598270	real
4931	11309	11444196575801	private_dummy
4932	5429	486401362	real
4932	11310	11444196575801	private_dummy
4933	5443	246483572	real
4933	11311	11444196575801	private_dummy
4934	5454	886287249	real
4934	11312	11444196575801	private_dummy
4935	5467	714849118	real
4935	11313	11444196575801	private_dummy
4936	5467	760811624	real
4936	11314	11444196575801	private_dummy
4937	5428	417808791	real
4937	11315	11444196575801	private_dummy
4938	5436	220877050	real
4938	5440	220877050	real
4938	11316	11444196575801	private_dummy
4939	5442	417808791	real
4939	11317	11444196575801	private_dummy
4940	5448	486401362	real
4940	5449	543514116	real
4940	11318	11444196575801	private_dummy
4941	5450	589476622	real
4941	11319	11444196575801	private_dummy
4942	5508	622182589	real
4942	11320	11444196575801	private_dummy
4943	5508	472403306	real
4943	11321	11444196575801	private_dummy
4944	5431	844744762	real
4944	11322	11444196575801	private_dummy
4945	5438	535532974	real
4945	11323	11444196575801	private_dummy
4946	5445	417808791	real
4946	11324	11444196575801	private_dummy
4947	5449	429291869	real
4947	11325	11444196575801	private_dummy
4948	5457	886287249	real
4948	11326	11444196575801	private_dummy
4949	5510	429291869	real
4949	11327	11444196575801	private_dummy
4950	5510	393734833	real
4950	11328	11444196575801	private_dummy
4951	5430	602099362	real
4951	11329	11444196575801	private_dummy
4952	5437	312799437	real
4952	11330	11444196575801	private_dummy
4953	5444	232481024	real
4953	11331	11444196575801	private_dummy
4954	5448	372179115	real
4954	11332	11444196575801	private_dummy
4955	5456	807618777	real
4955	11333	11444196575801	private_dummy
4956	5512	507960342	real
4956	11334	11444196575801	private_dummy
4957	5512	472403306	real
4957	11335	11444196575801	private_dummy
4958	5480	428227305	real
4958	11336	11444196575801	private_dummy
4959	5480	531302564	real
4959	11337	11444196575801	private_dummy
4960	5498	529516060	real
4960	11338	11444196575801	private_dummy
4961	5500	391467910	real
4961	11339	11444196575801	private_dummy
4962	5501	263991748	real
4962	11340	11444196575801	private_dummy
4963	5503	217293016	real
4963	11341	11444196575801	private_dummy
4964	5481	153817043	real
4964	11342	11444196575801	private_dummy
4965	5481	246483572	real
4965	11343	11444196575801	private_dummy
4966	5504	232485516	real
4966	11344	11444196575801	private_dummy
4967	5506	314658720	real
4967	11345	11444196575801	private_dummy
4968	5507	586628814	real
4968	11346	11444196575801	private_dummy
4969	5511	372179115	real
4969	11347	11444196575801	private_dummy
4970	5513	372179115	real
4970	11348	11444196575801	private_dummy
4971	5509	876509623	real
4971	11349	11444196575801	private_dummy
4972	5511	450847587	real
4972	11350	11444196575801	private_dummy
4973	5513	372179115	real
4973	11351	11444196575801	private_dummy
4974	5478	773434363	real
4974	5479	659212116	real
4974	11352	11444196575801	private_dummy
4975	5478	773434363	real
4975	5479	659212116	real
4975	11353	11444196575801	private_dummy
4976	645	1024916284	real
4976	646	1024916284	real
4976	11354	11444196575801	private_dummy
4977	3129	1055957210	real
4977	3131	1252352662	real
4977	11355	11444196575801	private_dummy
4978	3127	921841024	real
4978	11356	11444196575801	private_dummy
4979	3125	842644711	real
4979	11357	11444196575801	private_dummy
4980	3123	805238941	real
4980	11358	11444196575801	private_dummy
4981	3121	805238941	real
4981	11359	11444196575801	private_dummy
4982	3119	685312257	real
4982	11360	11444196575801	private_dummy
4983	3117	571090010	real
4983	11361	11444196575801	private_dummy
4984	397	1024916284	real
4984	398	1024916284	real
4984	418	1024916284	real
4984	11362	11444196575801	private_dummy
4985	3586	1055957210	real
4985	3588	1252352662	real
4985	11363	11444196575801	private_dummy
4986	3584	807618777	real
4986	11364	11444196575801	private_dummy
4987	3582	685312257	real
4987	11365	11444196575801	private_dummy
4988	3580	619911174	real
4988	11366	11444196575801	private_dummy
4989	3578	599094307	real
4989	11367	11444196575801	private_dummy
4990	3576	462578720	real
4990	11368	11444196575801	private_dummy
4991	3574	348356473	real
4991	11369	11444196575801	private_dummy
4992	999	1024916284	real
4992	1000	1024916284	real
4992	1020	1024916284	real
4992	1021	1024916284	real
4992	11370	11444196575801	private_dummy
4993	4013	1314620714	real
4993	4015	1438793476	real
4993	11371	11444196575801	private_dummy
4994	4011	921841024	real
4994	11372	11444196575801	private_dummy
4995	4009	685312257	real
4995	11373	11444196575801	private_dummy
4996	4007	576800968	real
4996	11374	11444196575801	private_dummy
4997	4005	527988787	real
4997	11375	11444196575801	private_dummy
4998	4003	370656334	real
4998	11376	11444196575801	private_dummy
4999	4001	256434086	real
4999	11377	11444196575801	private_dummy
5000	1481	1024916284	real
5000	1482	1024916284	real
5000	1502	1024916284	real
5000	1503	1024916284	real
5000	11378	11444196575801	private_dummy
5001	2001	1024916284	real
5001	2002	1024916284	real
5001	11379	11444196575801	private_dummy
5002	4410	1314620714	real
5002	4412	1450401941	real
5002	11380	11444196575801	private_dummy
5003	4408	1134625683	real
5003	11381	11444196575801	private_dummy
5004	4406	842644711	real
5004	11382	11444196575801	private_dummy
5005	4404	619911174	real
5005	11383	11444196575801	private_dummy
5006	4402	527988787	real
5006	11384	11444196575801	private_dummy
5007	4400	342661020	real
5007	11385	11444196575801	private_dummy
5008	4398	228438773	real
5008	11386	11444196575801	private_dummy
5009	1858	1024916284	real
5009	1859	1024916284	real
5009	1879	1024916284	real
5009	11387	11444196575801	private_dummy
5010	2265	1024916284	real
5010	2266	1024916284	real
5010	11388	11444196575801	private_dummy
5011	4777	1314620714	real
5011	4779	1510362503	real
5011	11389	11444196575801	private_dummy
5012	4775	1134625683	real
5012	11390	11444196575801	private_dummy
5013	4773	1024916284	real
5013	11391	11444196575801	private_dummy
5014	4771	805238941	real
5014	11392	11444196575801	private_dummy
5015	4769	599094307	real
5015	11393	11444196575801	private_dummy
5016	4767	370656334	real
5016	11394	11444196575801	private_dummy
5017	4765	256434086	real
5017	11395	11444196575801	private_dummy
5018	2149	1024916284	real
5018	2150	1024916284	real
5018	2170	1024916284	real
5018	11396	11444196575801	private_dummy
5019	5114	1314620714	real
5019	5116	1544258422	real
5019	11397	11444196575801	private_dummy
5020	5112	1134625683	real
5020	11398	11444196575801	private_dummy
5021	5110	1024916284	real
5021	11399	11444196575801	private_dummy
5022	5108	960912471	real
5022	11400	11444196575801	private_dummy
5023	5106	805238941	real
5023	11401	11444196575801	private_dummy
5024	5104	462578720	real
5024	11402	11444196575801	private_dummy
5025	5102	348356473	real
5025	11403	11444196575801	private_dummy
5026	2362	1024916284	real
5026	2363	1024916284	real
5026	2383	1024916284	real
5026	2384	1024916284	real
5026	11404	11444196575801	private_dummy
5027	5421	1314620714	real
5027	5423	1568128921	real
5027	11405	11444196575801	private_dummy
5028	5419	1134625683	real
5028	11406	11444196575801	private_dummy
5029	5417	1024916284	real
5029	11407	11444196575801	private_dummy
5030	5415	960912471	real
5030	11408	11444196575801	private_dummy
5031	5413	934574386	real
5031	11409	11444196575801	private_dummy
5032	5411	763980730	real
5032	11410	11444196575801	private_dummy
5033	5409	649758483	real
5033	11411	11444196575801	private_dummy
5034	2508	1024916284	real
5034	2509	1024916284	real
5034	2529	1024916284	real
5034	2530	1024916284	real
5034	11412	11444196575801	private_dummy
5035	404	1639569710	real
5035	405	1639569710	real
5035	648	1639569710	real
5035	11413	11444196575801	private_dummy
5036	1006	1314620714	real
5036	1007	1371733469	real
5036	1210	1314620714	real
5036	11414	11444196575801	private_dummy
5037	1488	1134625683	real
5037	1489	1191738437	real
5037	1658	1134625683	real
5037	11415	11444196575801	private_dummy
5038	1865	1024916284	real
5038	1866	1082029038	real
5038	2004	1024916284	real
5038	11416	11444196575801	private_dummy
5039	2156	960912471	real
5039	2157	1018025225	real
5039	2268	960912471	real
5039	11417	11444196575801	private_dummy
5040	2369	934574386	real
5040	2370	991687140	real
5040	2459	934574386	real
5040	11418	11444196575801	private_dummy
5041	2515	943287091	real
5041	2516	1000399846	real
5041	2587	943287091	real
5041	11419	11444196575801	private_dummy
5042	5515	1314620714	real
5042	11420	11444196575801	private_dummy
5043	5517	1134625683	real
5043	11421	11444196575801	private_dummy
5044	5519	1024916284	real
5044	11422	11444196575801	private_dummy
5045	5521	960912471	real
5045	11423	11444196575801	private_dummy
5046	5523	934574386	real
5046	11424	11444196575801	private_dummy
5047	5525	943287091	real
5047	11425	11444196575801	private_dummy
5048	5452	737880589	real
5048	11426	11444196575801	private_dummy
5049	401	1639569710	real
5049	402	1639569710	real
5049	11427	11444196575801	private_dummy
5050	1003	1371733469	real
5050	1004	1371733469	real
5050	11428	11444196575801	private_dummy
5051	1485	1191738437	real
5051	1486	1191738437	real
5051	11429	11444196575801	private_dummy
5052	1862	1082029038	real
5052	1863	1082029038	real
5052	11430	11444196575801	private_dummy
5053	2153	1018025225	real
5053	2154	1018025225	real
5053	11431	11444196575801	private_dummy
5054	2366	991687140	real
5054	2367	991687140	real
5054	11432	11444196575801	private_dummy
5055	2512	1000399846	real
5055	2513	1000399846	real
5055	11433	11444196575801	private_dummy
5056	2634	1269745858	real
5056	2635	1269745858	real
5056	2637	1212633104	real
5056	2638	1212633104	real
5056	11434	11444196575801	private_dummy
5057	2640	1533123464	real
5057	2641	1533123464	real
5057	2643	1476010710	real
5057	2644	1476010710	real
5057	11435	11444196575801	private_dummy
5058	2618	1024916284	real
5058	2620	1024916284	real
5058	2646	1024916284	real
5058	2647	1024916284	real
5058	11436	11444196575801	private_dummy
5059	410	1639569710	real
5059	411	1639569710	real
5059	650	1639569710	real
5059	11437	11444196575801	private_dummy
5060	1012	1314620714	real
5060	1013	1371733469	real
5060	1212	1314620714	real
5060	11438	11444196575801	private_dummy
5061	1494	1134625683	real
5061	1495	1191738437	real
5061	1660	1134625683	real
5061	11439	11444196575801	private_dummy
5062	1871	1024916284	real
5062	1872	1082029038	real
5062	2006	1024916284	real
5062	11440	11444196575801	private_dummy
5063	2162	960912471	real
5063	2163	1018025225	real
5063	2270	960912471	real
5063	11441	11444196575801	private_dummy
5064	2375	934574386	real
5064	2376	991687140	real
5064	2461	934574386	real
5064	11442	11444196575801	private_dummy
5065	2521	943287091	real
5065	2522	1000399846	real
5065	2589	943287091	real
5065	11443	11444196575801	private_dummy
5066	2637	1073192518	real
5066	2639	1130305272	real
5066	11444	11444196575801	private_dummy
5067	5527	1314620714	real
5067	11445	11444196575801	private_dummy
5068	5529	1134625683	real
5068	11446	11444196575801	private_dummy
5069	5531	1024916284	real
5069	11447	11444196575801	private_dummy
5070	5533	960912471	real
5070	11448	11444196575801	private_dummy
5071	5535	934574386	real
5071	11449	11444196575801	private_dummy
5072	5537	943287091	real
5072	11450	11444196575801	private_dummy
5073	5539	773434363	real
5073	11451	11444196575801	private_dummy
5074	407	1639569710	real
5074	408	1639569710	real
5074	11452	11444196575801	private_dummy
5075	1009	1371733469	real
5075	1010	1371733469	real
5075	11453	11444196575801	private_dummy
5076	1491	1191738437	real
5076	1492	1191738437	real
5076	11454	11444196575801	private_dummy
5077	1868	1082029038	real
5077	1869	1082029038	real
5077	11455	11444196575801	private_dummy
5078	2159	1018025225	real
5078	2160	1018025225	real
5078	11456	11444196575801	private_dummy
5079	2372	991687140	real
5079	2373	991687140	real
5079	11457	11444196575801	private_dummy
5080	2518	1000399846	real
5080	2519	1000399846	real
5080	11458	11444196575801	private_dummy
5081	2634	1130305272	real
5081	2636	1130305272	real
5081	2650	1073192518	real
5081	11459	11444196575801	private_dummy
5082	2658	1533123464	real
5082	2659	1533123464	real
5082	2661	1476010710	real
5082	2662	1476010710	real
5082	11460	11444196575801	private_dummy
5083	2622	1024916284	real
5083	2624	1024916284	real
5083	2664	1024916284	real
5083	2665	1024916284	real
5083	11461	11444196575801	private_dummy
5084	416	1639569710	real
5084	417	1639569710	real
5084	652	1639569710	real
5084	11462	11444196575801	private_dummy
5085	1018	1314620714	real
5085	1019	1371733469	real
5085	1214	1314620714	real
5085	11463	11444196575801	private_dummy
5086	1500	1134625683	real
5086	1501	1191738437	real
5086	1662	1134625683	real
5086	11464	11444196575801	private_dummy
5087	1877	1024916284	real
5087	1878	1082029038	real
5087	2008	1024916284	real
5087	11465	11444196575801	private_dummy
5088	2168	960912471	real
5088	2169	1018025225	real
5088	2272	960912471	real
5088	11466	11444196575801	private_dummy
5089	2381	934574386	real
5089	2382	991687140	real
5089	2463	934574386	real
5089	11467	11444196575801	private_dummy
5090	2527	943287091	real
5090	2528	1000399846	real
5090	2591	943287091	real
5090	11468	11444196575801	private_dummy
5091	2643	1073192518	real
5091	2645	1130305272	real
5091	11469	11444196575801	private_dummy
5092	2661	1212633104	real
5092	2663	1269745858	real
5092	11470	11444196575801	private_dummy
5093	5541	1314620714	real
5093	11471	11444196575801	private_dummy
5094	5543	1134625683	real
5094	11472	11444196575801	private_dummy
5095	5545	1024916284	real
5095	11473	11444196575801	private_dummy
5096	5547	960912471	real
5096	11474	11444196575801	private_dummy
5097	5549	934574386	real
5097	11475	11444196575801	private_dummy
5098	5551	943287091	real
5098	11476	11444196575801	private_dummy
5099	5553	773434363	real
5099	11477	11444196575801	private_dummy
5100	413	1639569710	real
5100	414	1639569710	real
5100	11478	11444196575801	private_dummy
5101	1015	1371733469	real
5101	1016	1371733469	real
5101	11479	11444196575801	private_dummy
5102	1497	1191738437	real
5102	1498	1191738437	real
5102	11480	11444196575801	private_dummy
5103	1874	1082029038	real
5103	1875	1082029038	real
5103	11481	11444196575801	private_dummy
5104	2165	1018025225	real
5104	2166	1018025225	real
5104	11482	11444196575801	private_dummy
5105	2378	991687140	real
5105	2379	991687140	real
5105	11483	11444196575801	private_dummy
5106	2524	1000399846	real
5106	2525	1000399846	real
5106	11484	11444196575801	private_dummy
5107	2640	1130305272	real
5107	2642	1130305272	real
5107	2652	1073192518	real
5107	11485	11444196575801	private_dummy
5108	2658	1269745858	real
5108	2660	1269745858	real
5108	2668	1212633104	real
5108	11486	11444196575801	private_dummy
5109	2626	1024916284	real
5109	2628	1024916284	real
5109	2674	1024916284	real
5109	2675	1024916284	real
5109	11487	11444196575801	private_dummy
5110	1021	1314620714	real
5110	1022	1371733469	real
5110	11488	11444196575801	private_dummy
5111	1503	1134625683	real
5111	1504	1191738437	real
5111	11489	11444196575801	private_dummy
5112	2384	934574386	real
5112	2385	991687140	real
5112	11490	11444196575801	private_dummy
5113	2530	943287091	real
5113	2531	1000399846	real
5113	11491	11444196575801	private_dummy
5114	2646	1073192518	real
5114	2648	1130305272	real
5114	2654	1073192518	real
5114	11492	11444196575801	private_dummy
5115	2664	1212633104	real
5115	2666	1269745858	real
5115	2670	1212633104	real
5115	11493	11444196575801	private_dummy
5116	2674	1476010710	real
5116	2676	1533123464	real
5116	2678	1476010710	real
5116	11494	11444196575801	private_dummy
5117	398	1639569710	real
5117	399	1639569710	real
5117	646	1639569710	real
5117	11495	11444196575801	private_dummy
5118	1000	1314620714	real
5118	1001	1314620714	real
5118	11496	11444196575801	private_dummy
5119	1482	1134625683	real
5119	1483	1134625683	real
5119	11497	11444196575801	private_dummy
5120	1859	1024916284	real
5120	1860	1024916284	real
5120	2002	1024916284	real
5120	11498	11444196575801	private_dummy
5121	2150	960912471	real
5121	2151	960912471	real
5121	2266	960912471	real
5121	11499	11444196575801	private_dummy
5122	2363	934574386	real
5122	2364	934574386	real
5122	2457	934574386	real
5122	11500	11444196575801	private_dummy
5123	2509	943287091	real
5123	2510	943287091	real
5123	2585	943287091	real
5123	11501	11444196575801	private_dummy
5124	2618	1073192518	real
5124	2619	1073192518	real
5124	11502	11444196575801	private_dummy
5125	2622	1212633104	real
5125	2623	1212633104	real
5125	11503	11444196575801	private_dummy
5126	2626	1476010710	real
5126	2627	1476010710	real
5126	2629	1476010710	real
5126	11504	11444196575801	private_dummy
5127	5493	604256990	real
5127	11505	11444196575801	private_dummy
5128	5493	604256990	real
5128	11506	11444196575801	private_dummy
5129	5494	368262251	real
5129	11507	11444196575801	private_dummy
5130	5494	368262251	real
5130	11508	11444196575801	private_dummy
5131	5495	407861538	real
5131	11509	11444196575801	private_dummy
5132	5495	407861538	real
5132	11510	11444196575801	private_dummy
5133	5496	486401362	real
5133	11511	11444196575801	private_dummy
5134	5496	486401362	real
5134	11512	11444196575801	private_dummy
5135	5497	680767834	real
5135	11513	11444196575801	private_dummy
5136	5497	737880589	real
5136	11514	11444196575801	private_dummy
5137	2691	1212633104	real
5137	11515	11444196575801	private_dummy
5138	2683	1073192518	real
5138	11516	11444196575801	private_dummy
5139	2681	1073192518	real
5139	11517	11444196575801	private_dummy
5140	2625	987879571	real
5140	11518	11444196575801	private_dummy
5141	2621	987879571	real
5141	11519	11444196575801	private_dummy
5142	2538	943287091	real
5142	11520	11444196575801	private_dummy
5143	2392	934574386	real
5143	11521	11444196575801	private_dummy
5144	2265	987879571	real
5144	11522	11444196575801	private_dummy
5145	2001	987879571	real
5145	11523	11444196575801	private_dummy
5146	1656	987879571	real
5146	11524	11444196575801	private_dummy
5147	1208	987879571	real
5147	11525	11444196575801	private_dummy
5148	645	987879571	real
5148	11526	11444196575801	private_dummy
5149	5600	700846570	real
5149	11527	11444196575801	private_dummy
5150	5598	446930723	real
5150	11528	11444196575801	private_dummy
5151	5603	564657703	real
5151	11529	11444196575801	private_dummy
5152	5603	571555515	real
5152	11530	11444196575801	private_dummy
5153	5597	196931741	real
5153	11531	11444196575801	private_dummy
5154	5595	407325249	real
5154	5596	407325249	real
5154	11532	11444196575801	private_dummy
5155	5585	214445208	real
5155	5586	353074243	real
5155	11533	11444196575801	private_dummy
5156	5588	428884229	real
5156	5589	464438004	real
5156	11534	11444196575801	private_dummy
5157	5610	446930723	real
5157	11535	11444196575801	private_dummy
5158	5586	138629035	real
5158	11536	11444196575801	private_dummy
5159	5599	506891285	real
5159	11537	11444196575801	private_dummy
5160	5612	117073316	real
5160	11538	11444196575801	private_dummy
5161	5585	196931741	real
5161	11539	11444196575801	private_dummy
5162	5592	157332454	real
5162	5593	446930723	real
5162	11540	11444196575801	private_dummy
5163	5614	452634092	real
5163	11541	11444196575801	private_dummy
5164	5589	543514116	real
5164	11542	11444196575801	private_dummy
5165	5593	368262251	real
5165	11543	11444196575801	private_dummy
5166	5616	368262251	real
5166	11544	11444196575801	private_dummy
5167	5588	175376022	real
5167	11545	11444196575801	private_dummy
5168	5592	527249137	real
5168	11546	11444196575801	private_dummy
5169	5618	1206544480	real
5169	11547	11444196575801	private_dummy
5170	5605	453287755	real
5170	11548	11444196575801	private_dummy
5171	5605	453287755	real
5171	11549	11444196575801	private_dummy
5172	5603	453287755	real
5172	5604	278448021	real
5172	5609	196931741	real
5172	11550	11444196575801	private_dummy
5173	5613	278448021	real
5173	11551	11444196575801	private_dummy
5174	5615	81516281	real
5174	11552	11444196575801	private_dummy
5175	5603	510400509	real
5175	5604	510400509	real
5175	5611	407325249	real
5175	11553	11444196575801	private_dummy
5176	5613	452634092	real
5176	11554	11444196575801	private_dummy
5177	5615	117073316	real
5177	11555	11444196575801	private_dummy
5178	5602	309959545	real
5178	11556	11444196575801	private_dummy
5179	5602	524404753	real
5179	11557	11444196575801	private_dummy
5180	5601	309959545	real
5180	11558	11444196575801	private_dummy
5181	5617	421329493	real
5181	11559	11444196575801	private_dummy
5182	5619	274405770	real
5182	11560	11444196575801	private_dummy
5183	5601	506891285	real
5183	11561	11444196575801	private_dummy
5184	5617	618261233	real
5184	11562	11444196575801	private_dummy
5185	5619	274405770	real
5185	11563	11444196575801	private_dummy
5186	5564	737880589	real
5186	11564	11444196575801	private_dummy
5187	5587	684575403	real
5187	11565	11444196575801	private_dummy
5188	5587	391467910	real
5188	11566	11444196575801	private_dummy
5189	5555	372179115	real
5189	5556	429291869	real
5189	11567	11444196575801	private_dummy
5190	5557	417808791	real
5190	5558	417808791	real
5190	11568	11444196575801	private_dummy
5191	5559	535532974	real
5191	5560	535532974	real
5191	11569	11444196575801	private_dummy
5192	5561	844744762	real
5192	5562	844744762	real
5192	11570	11444196575801	private_dummy
5193	5563	830547118	real
5193	11571	11444196575801	private_dummy
5194	5626	899432743	real
5194	11572	11444196575801	private_dummy
5195	5626	391467910	real
5195	11573	11444196575801	private_dummy
5196	5556	543514116	real
5196	11574	11444196575801	private_dummy
5197	5571	220877050	real
5197	11575	11444196575801	private_dummy
5198	5572	757959324	real
5198	11576	11444196575801	private_dummy
5199	5590	553590018	real
5199	11577	11444196575801	private_dummy
5200	5590	232485516	real
5200	11578	11444196575801	private_dummy
5201	5555	844744762	real
5201	11579	11444196575801	private_dummy
5202	5565	189370818	real
5202	5566	246483572	real
5202	11580	11444196575801	private_dummy
5203	5567	220877050	real
5203	11581	11444196575801	private_dummy
5204	5568	486401362	real
5204	5569	486401362	real
5204	11582	11444196575801	private_dummy
5205	5570	737880589	real
5205	11583	11444196575801	private_dummy
5206	5629	522083785	real
5206	11584	11444196575801	private_dummy
5207	5629	232485516	real
5207	11585	11444196575801	private_dummy
5208	5558	417808791	real
5208	11586	11444196575801	private_dummy
5209	5566	132261325	real
5209	11587	11444196575801	private_dummy
5210	5578	403816026	real
5210	11588	11444196575801	private_dummy
5211	5591	749982674	real
5211	11589	11444196575801	private_dummy
5212	5591	157332454	real
5212	11590	11444196575801	private_dummy
5213	5557	428876476	real
5213	11591	11444196575801	private_dummy
5214	5565	271544022	real
5214	11592	11444196575801	private_dummy
5215	5573	312799437	real
5215	5574	369912191	real
5215	11593	11444196575801	private_dummy
5216	5575	451428472	real
5216	5576	451428472	real
5216	11594	11444196575801	private_dummy
5217	5577	485989230	real
5217	11595	11444196575801	private_dummy
5218	5632	470136382	real
5218	11596	11444196575801	private_dummy
5219	5632	295961488	real
5219	11597	11444196575801	private_dummy
5220	5560	535532974	real
5220	11598	11444196575801	private_dummy
5221	5574	369912191	real
5221	11599	11444196575801	private_dummy
5222	5582	435322258	real
5222	11600	11444196575801	private_dummy
5223	5594	837208681	real
5223	11601	11444196575801	private_dummy
5224	5594	663033787	real
5224	11602	11444196575801	private_dummy
5225	5559	451428472	real
5225	11603	11444196575801	private_dummy
5226	5567	16845864	real
5226	5571	16845864	real
5226	11604	11444196575801	private_dummy
5227	5573	451428472	real
5227	11605	11444196575801	private_dummy
5228	5579	693393268	real
5228	5580	750506022	real
5228	11606	11444196575801	private_dummy
5229	5581	388623526	real
5229	11607	11444196575801	private_dummy
5230	5635	641466892	real
5230	11608	11444196575801	private_dummy
5231	5635	364216739	real
5231	11609	11444196575801	private_dummy
5232	5562	844744762	real
5232	11610	11444196575801	private_dummy
5233	5569	271544022	real
5233	11611	11444196575801	private_dummy
5234	5576	451428472	real
5234	11612	11444196575801	private_dummy
5235	5580	750506022	real
5235	11613	11444196575801	private_dummy
5236	5584	700846570	real
5236	11614	11444196575801	private_dummy
5237	5637	641466892	real
5237	11615	11444196575801	private_dummy
5238	5637	364216739	real
5238	11616	11444196575801	private_dummy
5239	5561	693393268	real
5239	11617	11444196575801	private_dummy
5240	5568	142208578	real
5240	11618	11444196575801	private_dummy
5241	5575	348353212	real
5241	11619	11444196575801	private_dummy
5242	5579	693393268	real
5242	11620	11444196575801	private_dummy
5243	5583	562798420	real
5243	11621	11444196575801	private_dummy
5244	5639	734133422	real
5244	11622	11444196575801	private_dummy
5245	5639	456883268	real
5245	11623	11444196575801	private_dummy
5246	5607	450847587	real
5246	11624	11444196575801	private_dummy
5247	5607	543514116	real
5247	11625	11444196575801	private_dummy
5248	5625	484134439	real
5248	11626	11444196575801	private_dummy
5249	5627	369912191	real
5249	11627	11444196575801	private_dummy
5250	5628	541247193	real
5250	11628	11444196575801	private_dummy
5251	5630	368262251	real
5251	11629	11444196575801	private_dummy
5252	5608	135776735	real
5252	11630	11444196575801	private_dummy
5253	5608	274405770	real
5253	11631	11444196575801	private_dummy
5254	5631	274405770	real
5254	11632	11444196575801	private_dummy
5255	5633	274405770	real
5255	11633	11444196575801	private_dummy
5256	5634	368262251	real
5256	11634	11444196575801	private_dummy
5257	5638	289593778	real
5257	11635	11444196575801	private_dummy
5258	5640	289593778	real
5258	11636	11444196575801	private_dummy
5259	5636	631064047	real
5259	11637	11444196575801	private_dummy
5260	5638	368262251	real
5260	11638	11444196575801	private_dummy
5261	5640	289593778	real
5261	11639	11444196575801	private_dummy
5262	5605	510400509	real
5262	5606	510400509	real
5262	11640	11444196575801	private_dummy
5263	5605	510400509	real
5263	5606	510400509	real
5263	11641	11444196575801	private_dummy
5264	2629	987879571	real
5264	2630	987879571	real
5264	11642	11444196575801	private_dummy
5265	2690	1269745858	real
5265	2693	1212633104	real
5265	11643	11444196575801	private_dummy
5266	2682	1130305272	real
5266	2687	1073192518	real
5266	11644	11444196575801	private_dummy
5267	2536	1000399846	real
5267	2537	943287091	real
5267	2597	943287091	real
5267	11645	11444196575801	private_dummy
5268	2390	991687140	real
5268	2391	934574386	real
5268	2469	934574386	real
5268	11646	11444196575801	private_dummy
5269	2176	1018025225	real
5269	2177	960912471	real
5269	2278	960912471	real
5269	11647	11444196575801	private_dummy
5270	1885	1082029038	real
5270	1886	1024916284	real
5270	2014	1024916284	real
5270	11648	11444196575801	private_dummy
5271	1509	1191738437	real
5271	1510	1134625683	real
5271	1668	1134625683	real
5271	11649	11444196575801	private_dummy
5272	1027	1371733469	real
5272	1028	1314620714	real
5272	1220	1314620714	real
5272	11650	11444196575801	private_dummy
5273	424	1639569710	real
5273	425	1639569710	real
5273	658	1639569710	real
5273	11651	11444196575801	private_dummy
5274	2627	987879571	real
5274	2628	987879571	real
5274	11652	11444196575801	private_dummy
5275	5642	901857516	real
5275	11653	11444196575801	private_dummy
5276	5644	507960342	real
5276	11654	11444196575801	private_dummy
5277	5646	328656777	real
5277	11655	11444196575801	private_dummy
5278	5648	210929797	real
5278	11656	11444196575801	private_dummy
5279	5650	177033878	real
5279	11657	11444196575801	private_dummy
5280	5652	210929797	real
5280	11658	11444196575801	private_dummy
5281	5654	328656777	real
5281	11659	11444196575801	private_dummy
5282	2693	1476010710	real
5282	2694	1476010710	real
5282	11660	11444196575801	private_dummy
5283	2690	1533123464	real
5283	11661	11444196575801	private_dummy
5284	2680	1130305272	real
5284	2685	1073192518	real
5284	11662	11444196575801	private_dummy
5285	2534	1000399846	real
5285	2535	943287091	real
5285	2595	943287091	real
5285	11663	11444196575801	private_dummy
5286	2388	991687140	real
5286	2389	934574386	real
5286	2467	934574386	real
5286	11664	11444196575801	private_dummy
5287	2174	1018025225	real
5287	2175	960912471	real
5287	2276	960912471	real
5287	11665	11444196575801	private_dummy
5288	1883	1082029038	real
5288	1884	1024916284	real
5288	2012	1024916284	real
5288	11666	11444196575801	private_dummy
5289	1507	1191738437	real
5289	1508	1134625683	real
5289	1666	1134625683	real
5289	11667	11444196575801	private_dummy
5290	1025	1371733469	real
5290	1026	1314620714	real
5290	1218	1314620714	real
5290	11668	11444196575801	private_dummy
5291	422	1639569710	real
5291	423	1639569710	real
5291	656	1639569710	real
5291	11669	11444196575801	private_dummy
5292	2623	987879571	real
5292	2624	987879571	real
5292	2692	987879571	real
5292	11670	11444196575801	private_dummy
5293	5657	1037638743	real
5293	11671	11444196575801	private_dummy
5294	5659	507960342	real
5294	11672	11444196575801	private_dummy
5295	5661	293103002	real
5295	11673	11444196575801	private_dummy
5296	5663	175376022	real
5296	11674	11444196575801	private_dummy
5297	5665	141480104	real
5297	11675	11444196575801	private_dummy
5298	5667	175376022	real
5298	11676	11444196575801	private_dummy
5299	5669	293103002	real
5299	11677	11444196575801	private_dummy
5300	2687	1476010710	real
5300	2688	1476010710	real
5300	11678	11444196575801	private_dummy
5301	2685	1212633104	real
5301	2686	1212633104	real
5301	11679	11444196575801	private_dummy
5302	2682	1533123464	real
5302	11680	11444196575801	private_dummy
5303	2680	1269745858	real
5303	11681	11444196575801	private_dummy
5304	2532	1000399846	real
5304	2533	943287091	real
5304	2593	943287091	real
5304	11682	11444196575801	private_dummy
5305	2386	991687140	real
5305	2387	934574386	real
5305	2465	934574386	real
5305	11683	11444196575801	private_dummy
5306	2172	1018025225	real
5306	2173	960912471	real
5306	2274	960912471	real
5306	11684	11444196575801	private_dummy
5307	1881	1082029038	real
5307	1882	1024916284	real
5307	2010	1024916284	real
5307	11685	11444196575801	private_dummy
5308	1505	1191738437	real
5308	1506	1134625683	real
5308	1664	1134625683	real
5308	11686	11444196575801	private_dummy
5309	1023	1371733469	real
5309	1024	1314620714	real
5309	1216	1314620714	real
5309	11687	11444196575801	private_dummy
5310	420	1639569710	real
5310	421	1639569710	real
5310	654	1639569710	real
5310	11688	11444196575801	private_dummy
5311	2619	987879571	real
5311	2620	987879571	real
5311	2684	987879571	real
5311	11689	11444196575801	private_dummy
5312	5672	1212633104	real
5312	11690	11444196575801	private_dummy
5313	5674	817924378	real
5313	11691	11444196575801	private_dummy
5314	5676	545954284	real
5314	11692	11444196575801	private_dummy
5315	5678	428227305	real
5315	11693	11444196575801	private_dummy
5316	5680	394331386	real
5316	11694	11444196575801	private_dummy
5317	5682	428227305	real
5317	11695	11444196575801	private_dummy
5318	5684	545954284	real
5318	11696	11444196575801	private_dummy
5319	2584	987879571	real
5319	2585	987879571	real
5319	11697	11444196575801	private_dummy
5320	2508	987879571	real
5320	2510	987879571	real
5320	11698	11444196575801	private_dummy
5321	5158	1212633104	real
5321	5161	1291301576	real
5321	11699	11444196575801	private_dummy
5322	5156	1073192518	real
5322	11700	11444196575801	private_dummy
5323	5235	657324232	real
5323	11701	11444196575801	private_dummy
5324	5233	403816026	real
5324	11702	11444196575801	private_dummy
5325	5231	309959545	real
5325	11703	11444196575801	private_dummy
5326	5229	309959545	real
5326	11704	11444196575801	private_dummy
5327	5227	403816026	real
5327	11705	11444196575801	private_dummy
5328	2456	987879571	real
5328	2457	987879571	real
5328	11706	11444196575801	private_dummy
5329	2362	987879571	real
5329	2364	987879571	real
5329	11707	11444196575801	private_dummy
5330	4843	1212633104	real
5330	4846	1291301576	real
5330	11708	11444196575801	private_dummy
5331	4841	1073192518	real
5331	11709	11444196575801	private_dummy
5332	4928	757959324	real
5332	11710	11444196575801	private_dummy
5333	4926	346706532	real
5333	11711	11444196575801	private_dummy
5334	4924	195737297	real
5334	11712	11444196575801	private_dummy
5335	4922	135776735	real
5335	11713	11444196575801	private_dummy
5336	4920	195737297	real
5336	11714	11444196575801	private_dummy
5337	2149	987879571	real
5337	2151	987879571	real
5337	2178	987879571	real
5337	11715	11444196575801	private_dummy
5338	4500	1212633104	real
5338	4503	1291301576	real
5338	11716	11444196575801	private_dummy
5339	4498	1073192518	real
5339	11717	11444196575801	private_dummy
5340	4591	757959324	real
5340	11718	11444196575801	private_dummy
5341	4589	543101984	real
5341	11719	11444196575801	private_dummy
5342	4587	288403826	real
5342	11720	11444196575801	private_dummy
5343	4585	195737297	real
5343	11721	11444196575801	private_dummy
5344	4583	195737297	real
5344	11722	11444196575801	private_dummy
5345	1858	987879571	real
5345	1860	987879571	real
5345	1887	987879571	real
5345	11723	11444196575801	private_dummy
5346	4129	1212633104	real
5346	4132	1291301576	real
5346	11724	11444196575801	private_dummy
5347	4127	1073192518	real
5347	11725	11444196575801	private_dummy
5348	4224	757959324	real
5348	11726	11444196575801	private_dummy
5349	4222	543101984	real
5349	11727	11444196575801	private_dummy
5350	4220	460928780	real
5350	11728	11444196575801	private_dummy
5351	4218	307107245	real
5351	11729	11444196575801	private_dummy
5352	4216	289593778	real
5352	11730	11444196575801	private_dummy
5353	1481	987879571	real
5353	1483	987879571	real
5353	1511	987879571	real
5353	11731	11444196575801	private_dummy
5354	3730	1212633104	real
5354	3733	1291301576	real
5354	11732	11444196575801	private_dummy
5355	3728	1073192518	real
5355	11733	11444196575801	private_dummy
5356	3827	757959324	real
5356	11734	11444196575801	private_dummy
5357	3825	543101984	real
5357	11735	11444196575801	private_dummy
5358	3823	460928780	real
5358	11736	11444196575801	private_dummy
5359	3821	445736280	real
5359	11737	11444196575801	private_dummy
5360	3819	413766540	real
5360	11738	11444196575801	private_dummy
5361	999	987879571	real
5361	1001	987879571	real
5361	1029	987879571	real
5361	11739	11444196575801	private_dummy
5362	3303	1212633104	real
5362	3306	1291301576	real
5362	11740	11444196575801	private_dummy
5363	3301	1073192518	real
5363	11741	11444196575801	private_dummy
5364	3400	757959324	real
5364	11742	11444196575801	private_dummy
5365	3398	543101984	real
5365	11743	11444196575801	private_dummy
5366	3396	460928780	real
5366	11744	11444196575801	private_dummy
5367	3394	445736280	real
5367	11745	11444196575801	private_dummy
5368	3392	492435012	real
5368	11746	11444196575801	private_dummy
5369	397	987879571	real
5369	399	987879571	real
5369	426	987879571	real
5369	11747	11444196575801	private_dummy
5370	2846	1212633104	real
5370	2849	1291301576	real
5370	11748	11444196575801	private_dummy
5371	2844	1073192518	real
5371	11749	11444196575801	private_dummy
5372	2943	757959324	real
5372	11750	11444196575801	private_dummy
5373	2941	543101984	real
5373	11751	11444196575801	private_dummy
5374	2939	460928780	real
5374	11752	11444196575801	private_dummy
5375	2937	445736280	real
5375	11753	11444196575801	private_dummy
5376	2935	492435012	real
5376	11754	11444196575801	private_dummy
5377	2692	1212633104	real
5377	11755	11444196575801	private_dummy
5378	2684	1073192518	real
5378	11756	11444196575801	private_dummy
5379	2178	960912471	real
5379	2179	960912471	real
5379	11757	11444196575801	private_dummy
5380	1887	1024916284	real
5380	1888	1024916284	real
5380	11758	11444196575801	private_dummy
5381	1511	1134625683	real
5381	1512	1134625683	real
5381	11759	11444196575801	private_dummy
5382	1029	1314620714	real
5382	1030	1314620714	real
5382	11760	11444196575801	private_dummy
5383	426	1639569710	real
5383	427	1639569710	real
5383	11761	11444196575801	private_dummy
5384	5620	807618777	real
5384	11762	11444196575801	private_dummy
5385	5620	807618777	real
5385	11763	11444196575801	private_dummy
5386	5621	486401362	real
5386	11764	11444196575801	private_dummy
5387	5621	486401362	real
5387	11765	11444196575801	private_dummy
5388	5622	368262251	real
5388	11766	11444196575801	private_dummy
5389	5622	311149497	real
5389	11767	11444196575801	private_dummy
5390	5623	368262251	real
5390	11768	11444196575801	private_dummy
5391	5623	311149497	real
5391	11769	11444196575801	private_dummy
5392	5624	619911174	real
5392	11770	11444196575801	private_dummy
5393	5624	562798420	real
5393	11771	11444196575801	private_dummy
5394	444	1639569710	real
5394	11772	11444196575801	private_dummy
5395	1221	1134625683	real
5395	1226	1134625683	real
5395	11773	11444196575801	private_dummy
5396	1669	1134625683	real
5396	1674	1134625683	real
5396	11774	11444196575801	private_dummy
5397	1905	1082029038	real
5397	11775	11444196575801	private_dummy
5398	2196	1018025225	real
5398	11776	11444196575801	private_dummy
5399	2470	1134625683	real
5399	2476	1134625683	real
5399	11777	11444196575801	private_dummy
5400	2598	1134625683	real
5400	2604	1134625683	real
5400	11778	11444196575801	private_dummy
5401	2679	1134625683	real
5401	2684	1134625683	real
5401	11779	11444196575801	private_dummy
5402	2717	1533123464	real
5402	11780	11444196575801	private_dummy
5403	2699	1134625683	real
5403	2719	1134625683	real
5403	11781	11444196575801	private_dummy
5404	2704	1134625683	real
5404	2727	1134625683	real
5404	11782	11444196575801	private_dummy
5405	5732	625159045	real
5405	11783	11444196575801	private_dummy
5406	5730	625159045	real
5406	11784	11444196575801	private_dummy
5407	5735	1176267777	real
5407	11785	11444196575801	private_dummy
5408	5735	1294535537	real
5408	11786	11444196575801	private_dummy
5409	5729	459733537	real
5409	11787	11444196575801	private_dummy
5410	5727	698579647	real
5410	5728	698579647	real
5410	11788	11444196575801	private_dummy
5411	5717	236000926	real
5411	5718	407331436	real
5411	11789	11444196575801	private_dummy
5412	5720	608184533	real
5412	5721	608184533	real
5412	11790	11444196575801	private_dummy
5413	5742	446930723	real
5413	11791	11444196575801	private_dummy
5414	5718	407331436	real
5414	11792	11444196575801	private_dummy
5415	5731	725257849	real
5415	11793	11444196575801	private_dummy
5416	5744	446930723	real
5416	11794	11444196575801	private_dummy
5417	5717	605917609	real
5417	11795	11444196575801	private_dummy
5418	5724	311153988	real
5418	5725	311153988	real
5418	11796	11444196575801	private_dummy
5419	5746	1206544480	real
5419	11797	11444196575801	private_dummy
5420	5721	342660221	real
5420	11798	11444196575801	private_dummy
5421	5725	218487459	real
5421	11799	11444196575801	private_dummy
5422	5748	429417256	real
5422	11800	11444196575801	private_dummy
5423	5720	393327193	real
5423	11801	11444196575801	private_dummy
5424	5724	196931741	real
5424	11802	11444196575801	private_dummy
5425	5750	486530011	real
5425	11803	11444196575801	private_dummy
5426	5737	1254936250	real
5426	11804	11444196575801	private_dummy
5427	5737	1176267777	real
5427	11805	11444196575801	private_dummy
5428	5735	1300440539	real
5428	5736	749331807	real
5428	5741	459733537	real
5428	11806	11444196575801	private_dummy
5429	5745	428227305	real
5429	11807	11444196575801	private_dummy
5430	5747	428227305	real
5430	11808	11444196575801	private_dummy
5431	5735	1314315928	real
5431	5736	1093524591	real
5431	5743	725257849	real
5431	11809	11444196575801	private_dummy
5432	5745	703827518	real
5432	11810	11444196575801	private_dummy
5433	5747	506895777	real
5433	11811	11444196575801	private_dummy
5434	5734	618261233	real
5434	11812	11444196575801	private_dummy
5435	5734	696929706	real
5435	11813	11444196575801	private_dummy
5436	5733	696929706	real
5436	11814	11444196575801	private_dummy
5437	5749	389817969	real
5437	11815	11444196575801	private_dummy
5438	5751	446930723	real
5438	11816	11444196575801	private_dummy
5439	5733	1066846389	real
5439	11817	11444196575801	private_dummy
5440	5749	482484498	real
5440	11818	11444196575801	private_dummy
5441	5751	585559758	real
5441	11819	11444196575801	private_dummy
5442	5695	680767834	real
5442	11820	11444196575801	private_dummy
5443	5719	575020349	real
5443	11821	11444196575801	private_dummy
5444	5719	565069835	real
5444	11822	11444196575801	private_dummy
5445	5686	693393268	real
5445	5687	750506022	real
5445	11823	11444196575801	private_dummy
5446	5688	451428472	real
5446	5689	451428472	real
5446	11824	11444196575801	private_dummy
5447	5690	428876476	real
5447	5691	428876476	real
5447	11825	11444196575801	private_dummy
5448	5692	844744762	real
5448	5693	844744762	real
5448	11826	11444196575801	private_dummy
5449	5694	829174495	real
5449	11827	11444196575801	private_dummy
5450	5758	704355794	real
5450	11828	11444196575801	private_dummy
5451	5758	565069835	real
5451	11829	11444196575801	private_dummy
5452	5687	750506022	real
5452	11830	11444196575801	private_dummy
5453	5702	174178318	real
5453	11831	11444196575801	private_dummy
5454	5703	453287755	real
5454	11832	11444196575801	private_dummy
5455	5722	381065064	real
5455	11833	11444196575801	private_dummy
5456	5722	299545523	real
5456	11834	11444196575801	private_dummy
5457	5686	998844456	real
5457	11835	11444196575801	private_dummy
5458	5696	312799437	real
5458	5697	369912191	real
5458	11836	11444196575801	private_dummy
5459	5698	192881737	real
5459	11837	11444196575801	private_dummy
5460	5699	535532974	real
5460	5700	535532974	real
5460	11838	11444196575801	private_dummy
5461	5701	529516060	real
5461	11839	11444196575801	private_dummy
5462	5761	399768483	real
5462	11840	11444196575801	private_dummy
5463	5761	299545523	real
5463	11841	11444196575801	private_dummy
5464	5689	451428472	real
5464	11842	11444196575801	private_dummy
5465	5697	369912191	real
5465	11843	11444196575801	private_dummy
5466	5709	453287755	real
5466	11844	11444196575801	private_dummy
5467	5723	407325249	real
5467	11845	11444196575801	private_dummy
5468	5723	268039290	real
5468	11846	11444196575801	private_dummy
5469	5688	535532974	real
5469	11847	11444196575801	private_dummy
5470	5696	535532974	real
5470	11848	11444196575801	private_dummy
5471	5704	232481024	real
5471	5705	289593778	real
5471	11849	11444196575801	private_dummy
5472	5706	417808791	real
5472	5707	417808791	real
5472	11850	11444196575801	private_dummy
5473	5708	429417256	real
5473	11851	11444196575801	private_dummy
5474	5764	210929797	real
5474	11852	11444196575801	private_dummy
5475	5764	371114550	real
5475	11853	11444196575801	private_dummy
5476	5691	428876476	real
5476	11854	11444196575801	private_dummy
5477	5705	289593778	real
5477	11855	11444196575801	private_dummy
5478	5713	680767834	real
5478	11856	11444196575801	private_dummy
5479	5726	507960342	real
5479	11857	11444196575801	private_dummy
5480	5726	668145095	real
5480	11858	11444196575801	private_dummy
5481	5690	417808791	real
5481	11859	11444196575801	private_dummy
5482	5698	220877050	real
5482	5702	220877050	real
5482	11860	11444196575801	private_dummy
5483	5704	417808791	real
5483	11861	11444196575801	private_dummy
5484	5710	486401362	real
5484	5711	486401362	real
5484	11862	11444196575801	private_dummy
5485	5712	529516060	real
5485	11863	11444196575801	private_dummy
5486	5767	622182589	real
5486	11864	11444196575801	private_dummy
5487	5767	529516060	real
5487	11865	11444196575801	private_dummy
5488	5693	844744762	real
5488	11866	11444196575801	private_dummy
5489	5700	535532974	real
5489	11867	11444196575801	private_dummy
5490	5707	417808791	real
5490	11868	11444196575801	private_dummy
5491	5711	486401362	real
5491	11869	11444196575801	private_dummy
5492	5716	1055957210	real
5492	11870	11444196575801	private_dummy
5493	5769	622182589	real
5493	11871	11444196575801	private_dummy
5494	5769	472403306	real
5494	11872	11444196575801	private_dummy
5495	5692	602099362	real
5495	11873	11444196575801	private_dummy
5496	5699	312799437	real
5496	11874	11444196575801	private_dummy
5497	5706	232481024	real
5497	11875	11444196575801	private_dummy
5498	5710	372179115	real
5498	11876	11444196575801	private_dummy
5499	5715	1055957210	real
5499	11877	11444196575801	private_dummy
5500	5771	507960342	real
5500	11878	11444196575801	private_dummy
5501	5771	472403306	real
5501	11879	11444196575801	private_dummy
5502	5739	428227305	real
5502	11880	11444196575801	private_dummy
5503	5739	531302564	real
5503	11881	11444196575801	private_dummy
5504	5757	680767834	real
5504	11882	11444196575801	private_dummy
5505	5759	535532974	real
5505	11883	11444196575801	private_dummy
5506	5760	391467910	real
5506	11884	11444196575801	private_dummy
5507	5762	323952310	real
5507	11885	11444196575801	private_dummy
5508	5740	349558832	real
5508	11886	11444196575801	private_dummy
5509	5740	452634092	real
5509	11887	11444196575801	private_dummy
5510	5763	311149497	real
5510	11888	11444196575801	private_dummy
5511	5765	350212495	real
5511	11889	11444196575801	private_dummy
5512	5766	450847587	real
5512	11890	11444196575801	private_dummy
5513	5770	372179115	real
5513	11891	11444196575801	private_dummy
5514	5772	450847587	real
5514	11892	11444196575801	private_dummy
5515	5768	737880589	real
5515	11893	11444196575801	private_dummy
5516	5770	429291869	real
5516	11894	11444196575801	private_dummy
5517	5772	507960342	real
5517	11895	11444196575801	private_dummy
5518	5737	1254936250	real
5518	5738	1037638743	real
5518	11896	11444196575801	private_dummy
5519	5737	1176267777	real
5519	5738	958970270	real
5519	11897	11444196575801	private_dummy
5520	659	1134625683	real
5520	660	1134625683	real
5520	665	1134625683	real
5520	11898	11444196575801	private_dummy
5521	3114	1055957210	real
5521	3116	1270814550	real
5521	11899	11444196575801	private_dummy
5522	3112	921841024	real
5522	11900	11444196575801	private_dummy
5523	3110	842644711	real
5523	11901	11444196575801	private_dummy
5524	3108	805238941	real
5524	11902	11444196575801	private_dummy
5525	3106	805238941	real
5525	11903	11444196575801	private_dummy
5526	3104	842644711	real
5526	11904	11444196575801	private_dummy
5527	3102	807618777	real
5527	11905	11444196575801	private_dummy
5528	428	1134625683	real
5528	429	1134625683	real
5528	443	1134625683	real
5528	11906	11444196575801	private_dummy
5529	3571	1055957210	real
5529	3573	1270814550	real
5529	11907	11444196575801	private_dummy
5530	3569	807618777	real
5530	11908	11444196575801	private_dummy
5531	3567	685312257	real
5531	11909	11444196575801	private_dummy
5532	3565	619911174	real
5532	11910	11444196575801	private_dummy
5533	3563	599094307	real
5533	11911	11444196575801	private_dummy
5534	3561	619911174	real
5534	11912	11444196575801	private_dummy
5535	3559	571090010	real
5535	11913	11444196575801	private_dummy
5536	1031	1134625683	real
5536	1032	1134625683	real
5536	1046	1134625683	real
5536	1047	1134625683	real
5536	11914	11444196575801	private_dummy
5537	3998	1314620714	real
5537	4000	1448542658	real
5537	11915	11444196575801	private_dummy
5538	3996	921841024	real
5538	11916	11444196575801	private_dummy
5539	3994	685312257	real
5539	11917	11444196575801	private_dummy
5540	3992	576800968	real
5540	11918	11444196575801	private_dummy
5541	3990	527988787	real
5541	11919	11444196575801	private_dummy
5542	3988	527988787	real
5542	11920	11444196575801	private_dummy
5543	3986	462578720	real
5543	11921	11444196575801	private_dummy
5544	1513	1134625683	real
5544	1514	1134625683	real
5544	1528	1134625683	real
5544	1529	1134625683	real
5544	11922	11444196575801	private_dummy
5545	2015	1134625683	real
5545	2016	1134625683	real
5545	2021	1134625683	real
5545	11923	11444196575801	private_dummy
5546	4395	1314620714	real
5546	4397	1450401941	real
5546	11924	11444196575801	private_dummy
5547	4393	1134625683	real
5547	11925	11444196575801	private_dummy
5548	4391	842644711	real
5548	11926	11444196575801	private_dummy
5549	4389	619911174	real
5549	11927	11444196575801	private_dummy
5550	4387	527988787	real
5550	11928	11444196575801	private_dummy
5551	4385	499993474	real
5551	11929	11444196575801	private_dummy
5552	4383	413766540	real
5552	11930	11444196575801	private_dummy
5553	1889	1134625683	real
5553	1890	1134625683	real
5553	1904	1134625683	real
5553	11931	11444196575801	private_dummy
5554	2279	1134625683	real
5554	2280	1134625683	real
5554	2285	1134625683	real
5554	11932	11444196575801	private_dummy
5555	4762	1314620714	real
5555	4764	1510362503	real
5555	11933	11444196575801	private_dummy
5556	4760	1134625683	real
5556	11934	11444196575801	private_dummy
5557	4758	1024916284	real
5557	11935	11444196575801	private_dummy
5558	4756	805238941	real
5558	11936	11444196575801	private_dummy
5559	4754	599094307	real
5559	11937	11444196575801	private_dummy
5560	4752	527988787	real
5560	11938	11444196575801	private_dummy
5561	4750	413766540	real
5561	11939	11444196575801	private_dummy
5562	2180	1134625683	real
5562	2181	1134625683	real
5562	2195	1134625683	real
5562	11940	11444196575801	private_dummy
5563	5099	1314620714	real
5563	5101	1544258422	real
5563	11941	11444196575801	private_dummy
5564	5097	1134625683	real
5564	11942	11444196575801	private_dummy
5565	5095	1024916284	real
5565	11943	11444196575801	private_dummy
5566	5093	960912471	real
5566	11944	11444196575801	private_dummy
5567	5091	805238941	real
5567	11945	11444196575801	private_dummy
5568	5089	619911174	real
5568	11946	11444196575801	private_dummy
5569	5087	462578720	real
5569	11947	11444196575801	private_dummy
5570	2393	1134625683	real
5570	2394	1134625683	real
5570	2408	1134625683	real
5570	2409	1134625683	real
5570	11948	11444196575801	private_dummy
5571	5406	1314620714	real
5571	5408	1568128921	real
5571	11949	11444196575801	private_dummy
5572	5404	1134625683	real
5572	11950	11444196575801	private_dummy
5573	5402	1024916284	real
5573	11951	11444196575801	private_dummy
5574	5400	960912471	real
5574	11952	11444196575801	private_dummy
5575	5398	934574386	real
5575	11953	11444196575801	private_dummy
5576	5396	842644711	real
5576	11954	11444196575801	private_dummy
5577	5394	571090010	real
5577	11955	11444196575801	private_dummy
5578	2539	1134625683	real
5578	2540	1134625683	real
5578	2554	1134625683	real
5578	2555	1134625683	real
5578	11956	11444196575801	private_dummy
5579	5683	1314620714	real
5579	5685	1586590809	real
5579	11957	11444196575801	private_dummy
5580	5681	1134625683	real
5580	11958	11444196575801	private_dummy
5581	5679	1024916284	real
5581	11959	11444196575801	private_dummy
5582	5677	960912471	real
5582	11960	11444196575801	private_dummy
5583	5675	934574386	real
5583	11961	11444196575801	private_dummy
5584	5673	943287091	real
5584	11962	11444196575801	private_dummy
5585	5671	886287249	real
5585	11963	11444196575801	private_dummy
5586	2631	1134625683	real
5586	2632	1134625683	real
5586	2646	1134625683	real
5586	2647	1134625683	real
5586	11964	11444196575801	private_dummy
5587	435	1639569710	real
5587	436	1639569710	real
5587	662	1639569710	real
5587	11965	11444196575801	private_dummy
5588	1038	1314620714	real
5588	1039	1371733469	real
5588	1223	1314620714	real
5588	11966	11444196575801	private_dummy
5589	1520	1134625683	real
5589	1521	1191738437	real
5589	1671	1134625683	real
5589	11967	11444196575801	private_dummy
5590	1896	1024916284	real
5590	1897	1082029038	real
5590	2018	1024916284	real
5590	11968	11444196575801	private_dummy
5591	2187	960912471	real
5591	2188	1018025225	real
5591	2282	960912471	real
5591	11969	11444196575801	private_dummy
5592	2400	934574386	real
5592	2401	991687140	real
5592	2473	934574386	real
5592	11970	11444196575801	private_dummy
5593	2546	943287091	real
5593	2547	1000399846	real
5593	2601	943287091	real
5593	11971	11444196575801	private_dummy
5594	2638	987879571	real
5594	2639	1044992326	real
5594	2681	987879571	real
5594	11972	11444196575801	private_dummy
5595	5774	1314620714	real
5595	11973	11444196575801	private_dummy
5596	5776	1134625683	real
5596	11974	11444196575801	private_dummy
5597	5778	1024916284	real
5597	11975	11444196575801	private_dummy
5598	5780	960912471	real
5598	11976	11444196575801	private_dummy
5599	5782	934574386	real
5599	11977	11444196575801	private_dummy
5600	5784	943287091	real
5600	11978	11444196575801	private_dummy
5601	5786	987879571	real
5601	11979	11444196575801	private_dummy
5602	432	1639569710	real
5602	433	1639569710	real
5602	11980	11444196575801	private_dummy
5603	1035	1371733469	real
5603	1036	1371733469	real
5603	11981	11444196575801	private_dummy
5604	1517	1191738437	real
5604	1518	1191738437	real
5604	11982	11444196575801	private_dummy
5605	1893	1082029038	real
5605	1894	1082029038	real
5605	11983	11444196575801	private_dummy
5606	2184	1018025225	real
5606	2185	1018025225	real
5606	11984	11444196575801	private_dummy
5607	2397	991687140	real
5607	2398	991687140	real
5607	11985	11444196575801	private_dummy
5608	2543	1000399846	real
5608	2544	1000399846	real
5608	11986	11444196575801	private_dummy
5609	2635	1044992326	real
5609	2636	1044992326	real
5609	11987	11444196575801	private_dummy
5610	2708	1533123464	real
5610	2709	1533123464	real
5610	2711	1476010710	real
5610	2712	1476010710	real
5610	11988	11444196575801	private_dummy
5611	2696	1134625683	real
5611	2698	1134625683	real
5611	2714	1134625683	real
5611	2715	1134625683	real
5611	11989	11444196575801	private_dummy
5612	441	1639569710	real
5612	442	1639569710	real
5612	664	1639569710	real
5612	11990	11444196575801	private_dummy
5613	1044	1314620714	real
5613	1045	1371733469	real
5613	1225	1314620714	real
5613	11991	11444196575801	private_dummy
5614	1526	1134625683	real
5614	1527	1191738437	real
5614	1673	1134625683	real
5614	11992	11444196575801	private_dummy
5615	1902	1024916284	real
5615	1903	1082029038	real
5615	2020	1024916284	real
5615	11993	11444196575801	private_dummy
5616	2193	960912471	real
5616	2194	1018025225	real
5616	2284	960912471	real
5616	11994	11444196575801	private_dummy
5617	2406	934574386	real
5617	2407	991687140	real
5617	2475	934574386	real
5617	11995	11444196575801	private_dummy
5618	2552	943287091	real
5618	2553	1000399846	real
5618	2603	943287091	real
5618	11996	11444196575801	private_dummy
5619	2644	987879571	real
5619	2645	1044992326	real
5619	2683	987879571	real
5619	11997	11444196575801	private_dummy
5620	2711	1212633104	real
5620	2713	1269745858	real
5620	11998	11444196575801	private_dummy
5621	5788	1314620714	real
5621	11999	11444196575801	private_dummy
5622	5790	1134625683	real
5622	12000	11444196575801	private_dummy
5623	5792	1024916284	real
5623	12001	11444196575801	private_dummy
5624	5794	960912471	real
5624	12002	11444196575801	private_dummy
5625	5796	934574386	real
5625	12003	11444196575801	private_dummy
5626	5798	943287091	real
5626	12004	11444196575801	private_dummy
5627	5800	987879571	real
5627	12005	11444196575801	private_dummy
5628	438	1639569710	real
5628	439	1639569710	real
5628	12006	11444196575801	private_dummy
5629	1041	1371733469	real
5629	1042	1371733469	real
5629	12007	11444196575801	private_dummy
5630	1523	1191738437	real
5630	1524	1191738437	real
5630	12008	11444196575801	private_dummy
5631	1899	1082029038	real
5631	1900	1082029038	real
5631	12009	11444196575801	private_dummy
5632	2190	1018025225	real
5632	2191	1018025225	real
5632	12010	11444196575801	private_dummy
5633	2403	991687140	real
5633	2404	991687140	real
5633	12011	11444196575801	private_dummy
5634	2549	1000399846	real
5634	2550	1000399846	real
5634	12012	11444196575801	private_dummy
5635	2641	1044992326	real
5635	2642	1044992326	real
5635	12013	11444196575801	private_dummy
5636	2708	1269745858	real
5636	2710	1269745858	real
5636	2718	1212633104	real
5636	12014	11444196575801	private_dummy
5637	2700	1134625683	real
5637	2702	1134625683	real
5637	2724	1134625683	real
5637	2725	1134625683	real
5637	12015	11444196575801	private_dummy
5638	1047	1314620714	real
5638	1048	1371733469	real
5638	12016	11444196575801	private_dummy
5639	1529	1134625683	real
5639	1530	1191738437	real
5639	12017	11444196575801	private_dummy
5640	2409	934574386	real
5640	2410	991687140	real
5640	12018	11444196575801	private_dummy
5641	2555	943287091	real
5641	2556	1000399846	real
5641	12019	11444196575801	private_dummy
5642	2647	987879571	real
5642	2648	1044992326	real
5642	12020	11444196575801	private_dummy
5643	2714	1212633104	real
5643	2716	1269745858	real
5643	2720	1212633104	real
5643	12021	11444196575801	private_dummy
5644	2724	1476010710	real
5644	2726	1533123464	real
5644	2728	1476010710	real
5644	12022	11444196575801	private_dummy
5645	429	1639569710	real
5645	430	1639569710	real
5645	660	1639569710	real
5645	12023	11444196575801	private_dummy
5646	1032	1314620714	real
5646	1033	1314620714	real
5646	12024	11444196575801	private_dummy
5647	1514	1134625683	real
5647	1515	1134625683	real
5647	12025	11444196575801	private_dummy
5648	1890	1024916284	real
5648	1891	1024916284	real
5648	2016	1024916284	real
5648	12026	11444196575801	private_dummy
5649	2181	960912471	real
5649	2182	960912471	real
5649	2280	960912471	real
5649	12027	11444196575801	private_dummy
5650	2394	934574386	real
5650	2395	934574386	real
5650	2471	934574386	real
5650	12028	11444196575801	private_dummy
5651	2540	943287091	real
5651	2541	943287091	real
5651	2599	943287091	real
5651	12029	11444196575801	private_dummy
5652	2632	987879571	real
5652	2633	987879571	real
5652	12030	11444196575801	private_dummy
5653	2696	1212633104	real
5653	2697	1212633104	real
5653	12031	11444196575801	private_dummy
5654	2700	1476010710	real
5654	2701	1476010710	real
5654	2703	1476010710	real
5654	12032	11444196575801	private_dummy
5655	5752	646589376	real
5655	12033	11444196575801	private_dummy
5656	5752	646589376	real
5656	12034	11444196575801	private_dummy
5657	5753	381065064	real
5657	12035	11444196575801	private_dummy
5658	5753	381065064	real
5658	12036	11444196575801	private_dummy
5659	5754	349558832	real
5659	12037	11444196575801	private_dummy
5660	5754	349558832	real
5660	12038	11444196575801	private_dummy
5661	5755	646589376	real
5661	12039	11444196575801	private_dummy
5662	5755	646589376	real
5662	12040	11444196575801	private_dummy
5663	5756	844744762	real
5663	12041	11444196575801	private_dummy
5664	5756	901857516	real
5664	12042	11444196575801	private_dummy
5665	2731	1212633104	real
5665	12043	11444196575801	private_dummy
5666	2699	1073192518	real
5666	12044	11444196575801	private_dummy
5667	2679	1073192518	real
5667	12045	11444196575801	private_dummy
5668	2561	943287091	real
5668	12046	11444196575801	private_dummy
5669	2415	934574386	real
5669	12047	11444196575801	private_dummy
5670	2279	1073192518	real
5670	12048	11444196575801	private_dummy
5671	2015	1073192518	real
5671	12049	11444196575801	private_dummy
5672	1669	1073192518	real
5672	12050	11444196575801	private_dummy
5673	1221	1073192518	real
5673	12051	11444196575801	private_dummy
5674	659	1073192518	real
5674	12052	11444196575801	private_dummy
5675	5847	622182589	real
5675	12053	11444196575801	private_dummy
5676	5845	428227305	real
5676	12054	11444196575801	private_dummy
5677	5850	622182589	real
5677	12055	11444196575801	private_dummy
5678	5850	647783820	real
5678	12056	11444196575801	private_dummy
5679	5844	428227305	real
5679	12057	11444196575801	private_dummy
5680	5842	698579647	real
5680	5843	698579647	real
5680	12058	11444196575801	private_dummy
5681	5832	236000926	real
5681	5833	407331436	real
5681	12059	11444196575801	private_dummy
5682	5835	700851062	real
5682	5836	700851062	real
5682	12060	11444196575801	private_dummy
5683	5857	446930723	real
5683	12061	11444196575801	private_dummy
5684	5833	249998983	real
5684	12062	11444196575801	private_dummy
5685	5846	522083785	real
5685	12063	11444196575801	private_dummy
5686	5859	92666529	real
5686	12064	11444196575801	private_dummy
5687	5832	275600213	real
5687	12065	11444196575801	private_dummy
5688	5839	114222248	real
5688	5840	403820517	real
5688	12066	11444196575801	private_dummy
5689	5861	486530011	real
5689	12067	11444196575801	private_dummy
5690	5836	622182589	real
5690	12068	11444196575801	private_dummy
5691	5840	325152045	real
5691	12069	11444196575801	private_dummy
5692	5863	325152045	real
5692	12070	11444196575801	private_dummy
5693	5835	289598270	real
5693	12071	11444196575801	private_dummy
5694	5839	527249137	real
5694	12072	11444196575801	private_dummy
5695	5865	1206544480	real
5695	12073	11444196575801	private_dummy
5696	5852	529516060	real
5696	12074	11444196575801	private_dummy
5697	5852	529516060	real
5697	12075	11444196575801	private_dummy
5698	5850	622182589	real
5698	5851	311153988	real
5698	5856	428227305	real
5698	12076	11444196575801	private_dummy
5699	5860	311153988	real
5699	12077	11444196575801	private_dummy
5700	5862	114222248	real
5700	12078	11444196575801	private_dummy
5701	5850	667564210	real
5701	5851	608184533	real
5701	5858	622182589	real
5701	12079	11444196575801	private_dummy
5702	5860	508085729	real
5702	12080	11444196575801	private_dummy
5703	5862	114222248	real
5703	12081	11444196575801	private_dummy
5704	5849	407331436	real
5704	12082	11444196575801	private_dummy
5705	5849	407331436	real
5705	12083	11444196575801	private_dummy
5706	5848	249998983	real
5706	12084	11444196575801	private_dummy
5707	5864	378219287	real
5707	12085	11444196575801	private_dummy
5708	5866	249998983	real
5708	12086	11444196575801	private_dummy
5709	5848	446930723	real
5709	12087	11444196575801	private_dummy
5710	5864	575151027	real
5710	12088	11444196575801	private_dummy
5711	5866	249998983	real
5711	12089	11444196575801	private_dummy
5712	5811	901857516	real
5712	12090	11444196575801	private_dummy
5713	5834	721981173	real
5713	12091	11444196575801	private_dummy
5714	5834	614201447	real
5714	12092	11444196575801	private_dummy
5715	5802	486401362	real
5715	5803	486401362	real
5715	12093	11444196575801	private_dummy
5716	5804	417808791	real
5716	5805	417808791	real
5716	12094	11444196575801	private_dummy
5717	5806	535532974	real
5717	5807	535532974	real
5717	12095	11444196575801	private_dummy
5718	5808	844744762	real
5718	5809	844744762	real
5718	12096	11444196575801	private_dummy
5719	5810	958970270	real
5719	12097	11444196575801	private_dummy
5720	5873	936838513	real
5720	12098	11444196575801	private_dummy
5721	5873	671314201	real
5721	12099	11444196575801	private_dummy
5722	5803	486401362	real
5722	12100	11444196575801	private_dummy
5723	5818	220877050	real
5723	12101	11444196575801	private_dummy
5724	5819	543514116	real
5724	12102	11444196575801	private_dummy
5725	5837	553590018	real
5725	12103	11444196575801	private_dummy
5726	5837	232485516	real
5726	12104	11444196575801	private_dummy
5727	5802	602099362	real
5727	12105	11444196575801	private_dummy
5728	5812	232481024	real
5728	5813	289593778	real
5728	12106	11444196575801	private_dummy
5729	5814	192881737	real
5729	12107	11444196575801	private_dummy
5730	5815	428876476	real
5730	5816	428876476	real
5730	12108	11444196575801	private_dummy
5731	5817	830547118	real
5731	12109	11444196575801	private_dummy
5732	5876	506891285	real
5732	12110	11444196575801	private_dummy
5733	5876	232485516	real
5733	12111	11444196575801	private_dummy
5734	5805	417808791	real
5734	12112	11444196575801	private_dummy
5735	5813	289593778	real
5735	12113	11444196575801	private_dummy
5736	5825	403816026	real
5736	12114	11444196575801	private_dummy
5737	5838	774389461	real
5737	12115	11444196575801	private_dummy
5738	5838	138629035	real
5738	12116	11444196575801	private_dummy
5739	5804	428876476	real
5739	12117	11444196575801	private_dummy
5740	5812	428876476	real
5740	12118	11444196575801	private_dummy
5741	5820	312799437	real
5741	5821	369912191	real
5741	12119	11444196575801	private_dummy
5742	5822	451428472	real
5742	5823	451428472	real
5742	12120	11444196575801	private_dummy
5743	5824	442879024	real
5743	12121	11444196575801	private_dummy
5744	5879	494543170	real
5744	12122	11444196575801	private_dummy
5745	5879	277258070	real
5745	12123	11444196575801	private_dummy
5746	5807	535532974	real
5746	12124	11444196575801	private_dummy
5747	5821	369912191	real
5747	12125	11444196575801	private_dummy
5748	5829	484134439	real
5748	12126	11444196575801	private_dummy
5749	5841	908314201	real
5749	12127	11444196575801	private_dummy
5750	5841	691029101	real
5750	12128	11444196575801	private_dummy
5751	5806	451428472	real
5751	12129	11444196575801	private_dummy
5752	5814	174178318	real
5752	5818	174178318	real
5752	12130	11444196575801	private_dummy
5753	5820	451428472	real
5753	12131	11444196575801	private_dummy
5754	5826	693393268	real
5754	5827	750506022	real
5754	12132	11444196575801	private_dummy
5755	5828	416618839	real
5755	12133	11444196575801	private_dummy
5756	5882	712572412	real
5756	12134	11444196575801	private_dummy
5757	5882	392212052	real
5757	12135	11444196575801	private_dummy
5758	5809	844744762	real
5758	12136	11444196575801	private_dummy
5759	5816	428876476	real
5759	12137	11444196575801	private_dummy
5760	5823	451428472	real
5760	12138	11444196575801	private_dummy
5761	5827	750506022	real
5761	12139	11444196575801	private_dummy
5762	5831	773434363	real
5762	12140	11444196575801	private_dummy
5763	5884	712572412	real
5763	12141	11444196575801	private_dummy
5764	5884	392212052	real
5764	12142	11444196575801	private_dummy
5765	5808	693393268	real
5765	12143	11444196575801	private_dummy
5766	5815	299541031	real
5766	12144	11444196575801	private_dummy
5767	5822	348353212	real
5767	12145	11444196575801	private_dummy
5768	5826	693393268	real
5768	12146	11444196575801	private_dummy
5769	5830	628199503	real
5769	12147	11444196575801	private_dummy
5770	5886	805238941	real
5770	12148	11444196575801	private_dummy
5771	5886	484878581	real
5771	12149	11444196575801	private_dummy
5772	5854	450847587	real
5772	12150	11444196575801	private_dummy
5773	5854	507960342	real
5773	12151	11444196575801	private_dummy
5774	5872	592645728	real
5774	12152	11444196575801	private_dummy
5775	5874	649758483	real
5775	12153	11444196575801	private_dummy
5776	5875	407325249	real
5776	12154	11444196575801	private_dummy
5777	5877	289598270	real
5777	12155	11444196575801	private_dummy
5778	5855	117073316	real
5778	12156	11444196575801	private_dummy
5779	5855	255702351	real
5779	12157	11444196575801	private_dummy
5780	5878	255702351	real
5780	12158	11444196575801	private_dummy
5781	5880	289598270	real
5781	12159	11444196575801	private_dummy
5782	5881	407325249	real
5782	12160	11444196575801	private_dummy
5783	5885	328656777	real
5783	12161	11444196575801	private_dummy
5784	5887	328656777	real
5784	12162	11444196575801	private_dummy
5785	5883	679876228	real
5785	12163	11444196575801	private_dummy
5786	5885	407325249	real
5786	12164	11444196575801	private_dummy
5787	5887	328656777	real
5787	12165	11444196575801	private_dummy
5788	5852	586628814	real
5788	5853	586628814	real
5788	12166	11444196575801	private_dummy
5789	5852	586628814	real
5789	5853	586628814	real
5789	12167	11444196575801	private_dummy
5790	2703	1073192518	real
5790	2704	1073192518	real
5790	12168	11444196575801	private_dummy
5791	2730	1269745858	real
5791	2733	1212633104	real
5791	12169	11444196575801	private_dummy
5792	2651	1044992326	real
5792	2652	987879571	real
5792	2688	987879571	real
5792	12170	11444196575801	private_dummy
5793	2559	1000399846	real
5793	2560	943287091	real
5793	2608	943287091	real
5793	12171	11444196575801	private_dummy
5794	2413	991687140	real
5794	2414	934574386	real
5794	2480	934574386	real
5794	12172	11444196575801	private_dummy
5795	2199	1018025225	real
5795	2200	960912471	real
5795	2289	960912471	real
5795	12173	11444196575801	private_dummy
5796	1908	1082029038	real
5796	1909	1024916284	real
5796	2025	1024916284	real
5796	12174	11444196575801	private_dummy
5797	1533	1191738437	real
5797	1534	1134625683	real
5797	1678	1134625683	real
5797	12175	11444196575801	private_dummy
5798	1051	1371733469	real
5798	1052	1314620714	real
5798	1230	1314620714	real
5798	12176	11444196575801	private_dummy
5799	447	1639569710	real
5799	448	1639569710	real
5799	669	1639569710	real
5799	12177	11444196575801	private_dummy
5800	2701	1073192518	real
5800	2702	1073192518	real
5800	12178	11444196575801	private_dummy
5801	5889	659212116	real
5801	12179	11444196575801	private_dummy
5802	5891	429291869	real
5802	12180	11444196575801	private_dummy
5803	5893	293103002	real
5803	12181	11444196575801	private_dummy
5804	5895	235336584	real
5804	12182	11444196575801	private_dummy
5805	5897	235336584	real
5805	12183	11444196575801	private_dummy
5806	5899	293103002	real
5806	12184	11444196575801	private_dummy
5807	5901	429291869	real
5807	12185	11444196575801	private_dummy
5808	2733	1476010710	real
5808	2734	1476010710	real
5808	12186	11444196575801	private_dummy
5809	2730	1533123464	real
5809	12187	11444196575801	private_dummy
5810	2649	1044992326	real
5810	2650	987879571	real
5810	2686	987879571	real
5810	12188	11444196575801	private_dummy
5811	2557	1000399846	real
5811	2558	943287091	real
5811	2606	943287091	real
5811	12189	11444196575801	private_dummy
5812	2411	991687140	real
5812	2412	934574386	real
5812	2478	934574386	real
5812	12190	11444196575801	private_dummy
5813	2197	1018025225	real
5813	2198	960912471	real
5813	2287	960912471	real
5813	12191	11444196575801	private_dummy
5814	1906	1082029038	real
5814	1907	1024916284	real
5814	2023	1024916284	real
5814	12192	11444196575801	private_dummy
5815	1531	1191738437	real
5815	1532	1134625683	real
5815	1676	1134625683	real
5815	12193	11444196575801	private_dummy
5816	1049	1371733469	real
5816	1050	1314620714	real
5816	1228	1314620714	real
5816	12194	11444196575801	private_dummy
5817	445	1639569710	real
5817	446	1639569710	real
5817	667	1639569710	real
5817	12195	11444196575801	private_dummy
5818	2697	1073192518	real
5818	2698	1073192518	real
5818	2732	1073192518	real
5818	12196	11444196575801	private_dummy
5819	5904	909215590	real
5819	12197	11444196575801	private_dummy
5820	5906	622182589	real
5820	12198	11444196575801	private_dummy
5821	5908	485993722	real
5821	12199	11444196575801	private_dummy
5822	5910	428227305	real
5822	12200	11444196575801	private_dummy
5823	5912	428227305	real
5823	12201	11444196575801	private_dummy
5824	5914	485993722	real
5824	12202	11444196575801	private_dummy
5825	5916	622182589	real
5825	12203	11444196575801	private_dummy
5826	2631	1073192518	real
5826	2633	1073192518	real
5826	2653	1073192518	real
5826	12204	11444196575801	private_dummy
5827	5451	1212633104	real
5827	5453	1155520349	real
5827	12205	11444196575801	private_dummy
5828	5524	714849118	real
5828	12206	11444196575801	private_dummy
5829	5522	442879024	real
5829	12207	11444196575801	private_dummy
5830	5520	325152045	real
5830	12208	11444196575801	private_dummy
5831	5518	291256126	real
5831	12209	11444196575801	private_dummy
5832	5516	325152045	real
5832	12210	11444196575801	private_dummy
5833	5514	442879024	real
5833	12211	11444196575801	private_dummy
5834	2598	1073192518	real
5834	2599	1073192518	real
5834	12212	11444196575801	private_dummy
5835	2539	1073192518	real
5835	2541	1073192518	real
5835	12213	11444196575801	private_dummy
5836	5164	1212633104	real
5836	5166	1212633104	real
5836	12214	11444196575801	private_dummy
5837	5247	830547118	real
5837	12215	11444196575801	private_dummy
5838	5245	385769531	real
5838	12216	11444196575801	private_dummy
5839	5243	210929797	real
5839	12217	11444196575801	private_dummy
5840	5241	117073316	real
5840	12218	11444196575801	private_dummy
5841	5239	117073316	real
5841	12219	11444196575801	private_dummy
5842	5237	210929797	real
5842	12220	11444196575801	private_dummy
5843	2470	1073192518	real
5843	2471	1073192518	real
5843	12221	11444196575801	private_dummy
5844	2393	1073192518	real
5844	2395	1073192518	real
5844	12222	11444196575801	private_dummy
5845	4849	1212633104	real
5845	4851	1248186878	real
5845	12223	11444196575801	private_dummy
5846	4940	830547118	real
5846	12224	11444196575801	private_dummy
5847	4938	600626871	real
5847	12225	11444196575801	private_dummy
5848	4936	303596326	real
5848	12226	11444196575801	private_dummy
5849	4934	177033878	real
5849	12227	11444196575801	private_dummy
5850	4932	117073316	real
5850	12228	11444196575801	private_dummy
5851	4930	177033878	real
5851	12229	11444196575801	private_dummy
5852	2180	1073192518	real
5852	2182	1073192518	real
5852	2201	1073192518	real
5852	12230	11444196575801	private_dummy
5853	4506	1212633104	real
5853	4508	1266890297	real
5853	12231	11444196575801	private_dummy
5854	4603	830547118	real
5854	12232	11444196575801	private_dummy
5855	4601	600626871	real
5855	12233	11444196575801	private_dummy
5856	4599	499991778	real
5856	12234	11444196575801	private_dummy
5857	4597	288403826	real
5857	12235	11444196575801	private_dummy
5858	4595	210929797	real
5858	12236	11444196575801	private_dummy
5859	4593	210929797	real
5859	12237	11444196575801	private_dummy
5860	1889	1073192518	real
5860	1891	1073192518	real
5860	1910	1073192518	real
5860	12238	11444196575801	private_dummy
5861	4135	1212633104	real
5861	4137	1279693111	real
5861	12239	11444196575801	private_dummy
5862	4236	830547118	real
5862	12240	11444196575801	private_dummy
5863	4234	600626871	real
5863	12241	11444196575801	private_dummy
5864	4232	499991778	real
5864	12242	11444196575801	private_dummy
5865	4230	460928780	real
5865	12243	11444196575801	private_dummy
5866	4228	335102559	real
5866	12244	11444196575801	private_dummy
5867	4226	328656777	real
5867	12245	11444196575801	private_dummy
5868	1513	1073192518	real
5868	1515	1073192518	real
5868	1535	1073192518	real
5868	12246	11444196575801	private_dummy
5869	3736	1212633104	real
5869	3738	1289442293	real
5869	12247	11444196575801	private_dummy
5870	3839	830547118	real
5870	12248	11444196575801	private_dummy
5871	3837	600626871	real
5871	12249	11444196575801	private_dummy
5872	3835	499991778	real
5872	12250	11444196575801	private_dummy
5873	3833	460928780	real
5873	12251	11444196575801	private_dummy
5874	3831	473731594	real
5874	12252	11444196575801	private_dummy
5875	3829	462578720	real
5875	12253	11444196575801	private_dummy
5876	1031	1073192518	real
5876	1033	1073192518	real
5876	1053	1073192518	real
5876	12254	11444196575801	private_dummy
5877	3309	1212633104	real
5877	3311	1297318490	real
5877	12255	11444196575801	private_dummy
5878	3412	830547118	real
5878	12256	11444196575801	private_dummy
5879	3410	600626871	real
5879	12257	11444196575801	private_dummy
5880	3408	499991778	real
5880	12258	11444196575801	private_dummy
5881	3406	460928780	real
5881	12259	11444196575801	private_dummy
5882	3404	473731594	real
5882	12260	11444196575801	private_dummy
5883	3402	541247193	real
5883	12261	11444196575801	private_dummy
5884	428	1073192518	real
5884	430	1073192518	real
5884	449	1073192518	real
5884	12262	11444196575801	private_dummy
5885	2852	1212633104	real
5885	2854	1300755210	real
5885	12263	11444196575801	private_dummy
5886	2955	830547118	real
5886	12264	11444196575801	private_dummy
5887	2953	600626871	real
5887	12265	11444196575801	private_dummy
5888	2951	499991778	real
5888	12266	11444196575801	private_dummy
5889	2949	460928780	real
5889	12267	11444196575801	private_dummy
5890	2947	473731594	real
5890	12268	11444196575801	private_dummy
5891	2945	541247193	real
5891	12269	11444196575801	private_dummy
5892	2732	1212633104	real
5892	12270	11444196575801	private_dummy
5893	2653	987879571	real
5893	2654	987879571	real
5893	12271	11444196575801	private_dummy
5894	2201	960912471	real
5894	2202	960912471	real
5894	12272	11444196575801	private_dummy
5895	1910	1024916284	real
5895	1911	1024916284	real
5895	12273	11444196575801	private_dummy
5896	1535	1134625683	real
5896	1536	1134625683	real
5896	12274	11444196575801	private_dummy
5897	1053	1314620714	real
5897	1054	1314620714	real
5897	12275	11444196575801	private_dummy
5898	449	1639569710	real
5898	450	1639569710	real
5898	12276	11444196575801	private_dummy
5899	5867	1055957210	real
5899	12277	11444196575801	private_dummy
5900	5867	1055957210	real
5900	12278	11444196575801	private_dummy
5901	5868	543514116	real
5901	12279	11444196575801	private_dummy
5902	5868	486401362	real
5902	12280	11444196575801	private_dummy
5903	5869	349558832	real
5903	12281	11444196575801	private_dummy
5904	5869	292446078	real
5904	12282	11444196575801	private_dummy
5905	5870	407325249	real
5905	12283	11444196575801	private_dummy
5906	5870	350212495	real
5906	12284	11444196575801	private_dummy
5907	5871	685312257	real
5907	12285	11444196575801	private_dummy
5908	5871	628199503	real
5908	12286	11444196575801	private_dummy
5909	461	1639569710	real
5909	12287	11444196575801	private_dummy
5910	1231	1314620714	real
5910	1234	1314620714	real
5910	12288	11444196575801	private_dummy
5911	1679	1314620714	real
5911	1682	1314620714	real
5911	12289	11444196575801	private_dummy
5912	1922	1082029038	real
5912	12290	11444196575801	private_dummy
5913	2213	1018025225	real
5913	12291	11444196575801	private_dummy
5914	2481	1314620714	real
5914	2485	1314620714	real
5914	12292	11444196575801	private_dummy
5915	2609	1314620714	real
5915	2613	1314620714	real
5915	12293	11444196575801	private_dummy
5916	2689	1314620714	real
5916	2692	1314620714	real
5916	12294	11444196575801	private_dummy
5917	2729	1314620714	real
5917	2732	1314620714	real
5917	12295	11444196575801	private_dummy
5918	2740	1314620714	real
5918	12296	11444196575801	private_dummy
5919	5963	682925463	real
5919	12297	11444196575801	private_dummy
5920	5961	486530011	real
5920	12298	11444196575801	private_dummy
5921	5966	980525989	real
5921	12299	11444196575801	private_dummy
5922	5966	1098793748	real
5922	12300	11444196575801	private_dummy
5923	5960	321104502	real
5923	12301	11444196575801	private_dummy
5924	5958	698579647	real
5924	5959	698579647	real
5924	12302	11444196575801	private_dummy
5925	5948	236000926	real
5925	5949	407331436	real
5925	12303	11444196575801	private_dummy
5926	5951	529516060	real
5926	5952	529516060	real
5926	12304	11444196575801	private_dummy
5927	5973	446930723	real
5927	12305	11444196575801	private_dummy
5928	5949	407331436	real
5928	12306	11444196575801	private_dummy
5929	5962	725257849	real
5929	12307	11444196575801	private_dummy
5930	5975	446930723	real
5930	12308	11444196575801	private_dummy
5931	5948	605917609	real
5931	12309	11444196575801	private_dummy
5932	5955	232485516	real
5932	5956	371114550	real
5932	12310	11444196575801	private_dummy
5933	5977	1206544480	real
5933	12311	11444196575801	private_dummy
5934	5952	448580664	real
5934	12312	11444196575801	private_dummy
5935	5956	335560775	real
5935	12313	11444196575801	private_dummy
5936	5979	429417256	real
5936	12314	11444196575801	private_dummy
5937	5951	118263268	real
5937	12315	11444196575801	private_dummy
5938	5955	118263268	real
5938	12316	11444196575801	private_dummy
5939	5981	604256990	real
5939	12317	11444196575801	private_dummy
5940	5968	1037638743	real
5940	12318	11444196575801	private_dummy
5941	5968	980525989	real
5941	12319	11444196575801	private_dummy
5942	5966	1104698750	real
5942	5967	553590018	real
5942	5972	321104502	real
5942	12320	11444196575801	private_dummy
5943	5976	428227305	real
5943	12321	11444196575801	private_dummy
5944	5978	289598270	real
5944	12322	11444196575801	private_dummy
5945	5966	1118574139	real
5945	5967	897782802	real
5945	5974	586628814	real
5945	12323	11444196575801	private_dummy
5946	5976	703827518	real
5946	12324	11444196575801	private_dummy
5947	5978	368266743	real
5947	12325	11444196575801	private_dummy
5948	5965	618261233	real
5948	12326	11444196575801	private_dummy
5949	5965	696929706	real
5949	12327	11444196575801	private_dummy
5950	5964	696929706	real
5950	12328	11444196575801	private_dummy
5951	5980	389817969	real
5951	12329	11444196575801	private_dummy
5952	5982	368262251	real
5952	12330	11444196575801	private_dummy
5953	5964	1066846389	real
5953	12331	11444196575801	private_dummy
5954	5980	561148479	real
5954	12332	11444196575801	private_dummy
5955	5982	368262251	real
5955	12333	11444196575801	private_dummy
5956	5927	844744762	real
5956	12334	11444196575801	private_dummy
5957	5950	496351876	real
5957	12335	11444196575801	private_dummy
5958	5950	486401362	real
5958	12336	11444196575801	private_dummy
5959	5918	693393268	real
5959	5919	750506022	real
5959	12337	11444196575801	private_dummy
5960	5920	451428472	real
5960	5921	451428472	real
5960	12338	11444196575801	private_dummy
5961	5922	428876476	real
5961	5923	428876476	real
5961	12339	11444196575801	private_dummy
5962	5924	602099362	real
5962	5925	602099362	real
5962	12340	11444196575801	private_dummy
5963	5926	998844456	real
5963	12341	11444196575801	private_dummy
5964	5989	625687321	real
5964	12342	11444196575801	private_dummy
5965	5989	486401362	real
5965	12343	11444196575801	private_dummy
5966	5919	750506022	real
5966	12344	11444196575801	private_dummy
5967	5934	174178318	real
5967	12345	11444196575801	private_dummy
5968	5935	589476622	real
5968	12346	11444196575801	private_dummy
5969	5953	302396592	real
5969	12347	11444196575801	private_dummy
5970	5953	220877050	real
5970	12348	11444196575801	private_dummy
5971	5918	998844456	real
5971	12349	11444196575801	private_dummy
5972	5928	312799437	real
5972	5929	369912191	real
5972	12350	11444196575801	private_dummy
5973	5930	192881737	real
5973	12351	11444196575801	private_dummy
5974	5931	312799437	real
5974	5932	312799437	real
5974	12352	11444196575801	private_dummy
5975	5933	680767834	real
5975	12353	11444196575801	private_dummy
5976	5992	321100011	real
5976	12354	11444196575801	private_dummy
5977	5992	220877050	real
5977	12355	11444196575801	private_dummy
5978	5921	451428472	real
5978	12356	11444196575801	private_dummy
5979	5929	369912191	real
5979	12357	11444196575801	private_dummy
5980	5941	547144236	real
5980	12358	11444196575801	private_dummy
5981	5954	328656777	real
5981	12359	11444196575801	private_dummy
5982	5954	189370818	real
5982	12360	11444196575801	private_dummy
5983	5920	535532974	real
5983	12361	11444196575801	private_dummy
5984	5928	535532974	real
5984	12362	11444196575801	private_dummy
5985	5936	232481024	real
5985	5937	289593778	real
5985	12363	11444196575801	private_dummy
5986	5938	232481024	real
5986	5939	232481024	real
5986	12364	11444196575801	private_dummy
5987	5940	547144236	real
5987	12365	11444196575801	private_dummy
5988	5995	132261325	real
5988	12366	11444196575801	private_dummy
5989	5995	292446078	real
5989	12367	11444196575801	private_dummy
5990	5923	428876476	real
5990	12368	11444196575801	private_dummy
5991	5937	289593778	real
5991	12369	11444196575801	private_dummy
5992	5945	680767834	real
5992	12370	11444196575801	private_dummy
5993	5957	507960342	real
5993	12371	11444196575801	private_dummy
5994	5957	668145095	real
5994	12372	11444196575801	private_dummy
5995	5922	417808791	real
5995	12373	11444196575801	private_dummy
5996	5930	220877050	real
5996	5934	220877050	real
5996	12374	11444196575801	private_dummy
5997	5936	417808791	real
5997	12375	11444196575801	private_dummy
5998	5942	372179115	real
5998	5943	429291869	real
5998	12376	11444196575801	private_dummy
5999	5944	589476622	real
5999	12377	11444196575801	private_dummy
6000	5998	429291869	real
6000	12378	11444196575801	private_dummy
6001	5998	450847587	real
6001	12379	11444196575801	private_dummy
6002	5925	844744762	real
6002	12380	11444196575801	private_dummy
6003	5932	535532974	real
6003	12381	11444196575801	private_dummy
6004	5939	417808791	real
6004	12382	11444196575801	private_dummy
6005	5943	543514116	real
6005	12383	11444196575801	private_dummy
6006	5947	1450401941	real
6006	12384	11444196575801	private_dummy
6007	6000	622182589	real
6007	12385	11444196575801	private_dummy
6008	6000	529516060	real
6008	12386	11444196575801	private_dummy
6009	5924	486401362	real
6009	12387	11444196575801	private_dummy
6010	5931	220877050	real
6010	12388	11444196575801	private_dummy
6011	5938	189370818	real
6011	12389	11444196575801	private_dummy
6012	5942	486401362	real
6012	12390	11444196575801	private_dummy
6013	5946	844744762	real
6013	12391	11444196575801	private_dummy
6014	6002	714849118	real
6014	12392	11444196575801	private_dummy
6015	6002	565069835	real
6015	12393	11444196575801	private_dummy
6016	5970	485993722	real
6016	12394	11444196575801	private_dummy
6017	5970	589068982	real
6017	12395	11444196575801	private_dummy
6018	5988	680767834	real
6018	12396	11444196575801	private_dummy
6019	5990	535532974	real
6019	12397	11444196575801	private_dummy
6020	5991	391467910	real
6020	12398	11444196575801	private_dummy
6021	5993	323952310	real
6021	12399	11444196575801	private_dummy
6022	5971	210929797	real
6022	12400	11444196575801	private_dummy
6023	5971	314005057	real
6023	12401	11444196575801	private_dummy
6024	5994	311149497	real
6024	12402	11444196575801	private_dummy
6025	5996	350212495	real
6025	12403	11444196575801	private_dummy
6026	5997	450847587	real
6026	12404	11444196575801	private_dummy
6027	6001	507960342	real
6027	12405	11444196575801	private_dummy
6028	6003	372179115	real
6028	12406	11444196575801	private_dummy
6029	5999	773434363	real
6029	12407	11444196575801	private_dummy
6030	6001	586628814	real
6030	12408	11444196575801	private_dummy
6031	6003	372179115	real
6031	12409	11444196575801	private_dummy
6032	5968	1116307215	real
6032	5969	980525989	real
6032	12410	11444196575801	private_dummy
6033	5968	1073192518	real
6033	5969	1073192518	real
6033	12411	11444196575801	private_dummy
6034	670	1314620714	real
6034	671	1314620714	real
6034	674	1314620714	real
6034	12412	11444196575801	private_dummy
6035	3099	1055957210	real
6035	3101	1285877457	real
6035	12413	11444196575801	private_dummy
6036	3097	921841024	real
6036	12414	11444196575801	private_dummy
6037	3095	842644711	real
6037	12415	11444196575801	private_dummy
6038	3093	805238941	real
6038	12416	11444196575801	private_dummy
6039	3091	805238941	real
6039	12417	11444196575801	private_dummy
6040	3089	842644711	real
6040	12418	11444196575801	private_dummy
6041	3087	921841024	real
6041	12419	11444196575801	private_dummy
6042	451	1314620714	real
6042	452	1314620714	real
6042	460	1314620714	real
6042	12420	11444196575801	private_dummy
6043	3556	1055957210	real
6043	3558	1285877457	real
6043	12421	11444196575801	private_dummy
6044	3554	807618777	real
6044	12422	11444196575801	private_dummy
6045	3552	685312257	real
6045	12423	11444196575801	private_dummy
6046	3550	619911174	real
6046	12424	11444196575801	private_dummy
6047	3548	599094307	real
6047	12425	11444196575801	private_dummy
6048	3546	619911174	real
6048	12426	11444196575801	private_dummy
6049	3544	685312257	real
6049	12427	11444196575801	private_dummy
6050	1055	1314620714	real
6050	1056	1314620714	real
6050	1064	1314620714	real
6050	1065	1314620714	real
6050	12428	11444196575801	private_dummy
6051	3983	1314620714	real
6051	3985	1456418855	real
6051	12429	11444196575801	private_dummy
6052	3981	921841024	real
6052	12430	11444196575801	private_dummy
6053	3979	685312257	real
6053	12431	11444196575801	private_dummy
6054	3977	576800968	real
6054	12432	11444196575801	private_dummy
6055	3975	527988787	real
6055	12433	11444196575801	private_dummy
6056	3973	527988787	real
6056	12434	11444196575801	private_dummy
6057	3971	576800968	real
6057	12435	11444196575801	private_dummy
6058	1537	1314620714	real
6058	1538	1314620714	real
6058	1546	1314620714	real
6058	1547	1314620714	real
6058	12436	11444196575801	private_dummy
6059	2026	1314620714	real
6059	2027	1314620714	real
6059	2030	1314620714	real
6059	12437	11444196575801	private_dummy
6060	4380	1314620714	real
6060	4382	1450401941	real
6060	12438	11444196575801	private_dummy
6061	4378	1134625683	real
6061	12439	11444196575801	private_dummy
6062	4376	842644711	real
6062	12440	11444196575801	private_dummy
6063	4374	619911174	real
6063	12441	11444196575801	private_dummy
6064	4372	527988787	real
6064	12442	11444196575801	private_dummy
6065	4370	499993474	real
6065	12443	11444196575801	private_dummy
6066	4368	527988787	real
6066	12444	11444196575801	private_dummy
6067	1912	1314620714	real
6067	1913	1314620714	real
6067	1921	1314620714	real
6067	12445	11444196575801	private_dummy
6068	2290	1314620714	real
6068	2291	1314620714	real
6068	2294	1314620714	real
6068	12446	11444196575801	private_dummy
6069	4747	1314620714	real
6069	4749	1510362503	real
6069	12447	11444196575801	private_dummy
6070	4745	1134625683	real
6070	12448	11444196575801	private_dummy
6071	4743	1024916284	real
6071	12449	11444196575801	private_dummy
6072	4741	805238941	real
6072	12450	11444196575801	private_dummy
6073	4739	599094307	real
6073	12451	11444196575801	private_dummy
6074	4737	527988787	real
6074	12452	11444196575801	private_dummy
6075	4735	527988787	real
6075	12453	11444196575801	private_dummy
6076	2203	1314620714	real
6076	2204	1314620714	real
6076	2212	1314620714	real
6076	12454	11444196575801	private_dummy
6077	5084	1314620714	real
6077	5086	1544258422	real
6077	12455	11444196575801	private_dummy
6078	5082	1134625683	real
6078	12456	11444196575801	private_dummy
6079	5080	1024916284	real
6079	12457	11444196575801	private_dummy
6080	5078	960912471	real
6080	12458	11444196575801	private_dummy
6081	5076	805238941	real
6081	12459	11444196575801	private_dummy
6082	5074	619911174	real
6082	12460	11444196575801	private_dummy
6083	5072	576800968	real
6083	12461	11444196575801	private_dummy
6084	2416	1314620714	real
6084	2417	1314620714	real
6084	2425	1314620714	real
6084	2426	1314620714	real
6084	12462	11444196575801	private_dummy
6085	5391	1314620714	real
6085	5393	1568128921	real
6085	12463	11444196575801	private_dummy
6086	5389	1134625683	real
6086	12464	11444196575801	private_dummy
6087	5387	1024916284	real
6087	12465	11444196575801	private_dummy
6088	5385	960912471	real
6088	12466	11444196575801	private_dummy
6089	5383	934574386	real
6089	12467	11444196575801	private_dummy
6090	5381	842644711	real
6090	12468	11444196575801	private_dummy
6091	5379	685312257	real
6091	12469	11444196575801	private_dummy
6092	2562	1314620714	real
6092	2563	1314620714	real
6092	2571	1314620714	real
6092	2572	1314620714	real
6092	12470	11444196575801	private_dummy
6093	5668	1314620714	real
6093	5670	1586590809	real
6093	12471	11444196575801	private_dummy
6094	5666	1134625683	real
6094	12472	11444196575801	private_dummy
6095	5664	1024916284	real
6095	12473	11444196575801	private_dummy
6096	5662	960912471	real
6096	12474	11444196575801	private_dummy
6097	5660	934574386	real
6097	12475	11444196575801	private_dummy
6098	5658	943287091	real
6098	12476	11444196575801	private_dummy
6099	5656	921841024	real
6099	12477	11444196575801	private_dummy
6100	2655	1314620714	real
6100	2656	1314620714	real
6100	2664	1314620714	real
6100	2665	1314620714	real
6100	12478	11444196575801	private_dummy
6101	5915	1314620714	real
6101	5917	1601653716	real
6101	12479	11444196575801	private_dummy
6102	5913	1134625683	real
6102	12480	11444196575801	private_dummy
6103	5911	1024916284	real
6103	12481	11444196575801	private_dummy
6104	5909	960912471	real
6104	12482	11444196575801	private_dummy
6105	5907	934574386	real
6105	12483	11444196575801	private_dummy
6106	5905	943287091	real
6106	12484	11444196575801	private_dummy
6107	5903	987879571	real
6107	12485	11444196575801	private_dummy
6108	2705	1314620714	real
6108	2706	1314620714	real
6108	2714	1314620714	real
6108	2715	1314620714	real
6108	12486	11444196575801	private_dummy
6109	458	1639569710	real
6109	459	1639569710	real
6109	673	1639569710	real
6109	12487	11444196575801	private_dummy
6110	1062	1314620714	real
6110	1063	1371733469	real
6110	1233	1314620714	real
6110	12488	11444196575801	private_dummy
6111	1544	1134625683	real
6111	1545	1191738437	real
6111	1681	1134625683	real
6111	12489	11444196575801	private_dummy
6112	1919	1024916284	real
6112	1920	1082029038	real
6112	2029	1024916284	real
6112	12490	11444196575801	private_dummy
6113	2210	960912471	real
6113	2211	1018025225	real
6113	2293	960912471	real
6113	12491	11444196575801	private_dummy
6114	2423	934574386	real
6114	2424	991687140	real
6114	2484	934574386	real
6114	12492	11444196575801	private_dummy
6115	2569	943287091	real
6115	2570	1000399846	real
6115	2612	943287091	real
6115	12493	11444196575801	private_dummy
6116	2662	987879571	real
6116	2663	1044992326	real
6116	2691	987879571	real
6116	12494	11444196575801	private_dummy
6117	2712	1073192518	real
6117	2713	1130305272	real
6117	2731	1073192518	real
6117	12495	11444196575801	private_dummy
6118	6005	1314620714	real
6118	12496	11444196575801	private_dummy
6119	6007	1134625683	real
6119	12497	11444196575801	private_dummy
6120	6009	1024916284	real
6120	12498	11444196575801	private_dummy
6121	6011	960912471	real
6121	12499	11444196575801	private_dummy
6122	6013	934574386	real
6122	12500	11444196575801	private_dummy
6123	6015	943287091	real
6123	12501	11444196575801	private_dummy
6124	6017	987879571	real
6124	12502	11444196575801	private_dummy
6125	455	1639569710	real
6125	456	1639569710	real
6125	12503	11444196575801	private_dummy
6126	1059	1371733469	real
6126	1060	1371733469	real
6126	12504	11444196575801	private_dummy
6127	1541	1191738437	real
6127	1542	1191738437	real
6127	12505	11444196575801	private_dummy
6128	1916	1082029038	real
6128	1917	1082029038	real
6128	12506	11444196575801	private_dummy
6129	2207	1018025225	real
6129	2208	1018025225	real
6129	12507	11444196575801	private_dummy
6130	2420	991687140	real
6130	2421	991687140	real
6130	12508	11444196575801	private_dummy
6131	2566	1000399846	real
6131	2567	1000399846	real
6131	12509	11444196575801	private_dummy
6132	2659	1044992326	real
6132	2660	1044992326	real
6132	12510	11444196575801	private_dummy
6133	2709	1130305272	real
6133	2710	1130305272	real
6133	12511	11444196575801	private_dummy
6134	2736	1314620714	real
6134	2738	1314620714	real
6134	2744	1314620714	real
6134	2745	1314620714	real
6134	12512	11444196575801	private_dummy
6135	1065	1314620714	real
6135	1066	1371733469	real
6135	12513	11444196575801	private_dummy
6136	1547	1134625683	real
6136	1548	1191738437	real
6136	12514	11444196575801	private_dummy
6137	2426	934574386	real
6137	2427	991687140	real
6137	12515	11444196575801	private_dummy
6138	2572	943287091	real
6138	2573	1000399846	real
6138	12516	11444196575801	private_dummy
6139	2665	987879571	real
6139	2666	1044992326	real
6139	12517	11444196575801	private_dummy
6140	2715	1073192518	real
6140	2716	1130305272	real
6140	12518	11444196575801	private_dummy
6141	2744	1476010710	real
6141	2746	1533123464	real
6141	2747	1476010710	real
6141	12519	11444196575801	private_dummy
6142	452	1639569710	real
6142	453	1639569710	real
6142	671	1639569710	real
6142	12520	11444196575801	private_dummy
6143	1056	1314620714	real
6143	1057	1314620714	real
6143	12521	11444196575801	private_dummy
6144	1538	1134625683	real
6144	1539	1134625683	real
6144	12522	11444196575801	private_dummy
6145	1913	1024916284	real
6145	1914	1024916284	real
6145	2027	1024916284	real
6145	12523	11444196575801	private_dummy
6146	2204	960912471	real
6146	2205	960912471	real
6146	2291	960912471	real
6146	12524	11444196575801	private_dummy
6147	2417	934574386	real
6147	2418	934574386	real
6147	2482	934574386	real
6147	12525	11444196575801	private_dummy
6148	2563	943287091	real
6148	2564	943287091	real
6148	2610	943287091	real
6148	12526	11444196575801	private_dummy
6149	2656	987879571	real
6149	2657	987879571	real
6149	12527	11444196575801	private_dummy
6150	2706	1073192518	real
6150	2707	1073192518	real
6150	12528	11444196575801	private_dummy
6151	2736	1476010710	real
6151	2737	1476010710	real
6151	2739	1476010710	real
6151	12529	11444196575801	private_dummy
6152	5983	737880589	real
6152	12530	11444196575801	private_dummy
6153	5983	737880589	real
6153	12531	11444196575801	private_dummy
6154	5984	448580664	real
6154	12532	11444196575801	private_dummy
6155	5984	448580664	real
6155	12533	11444196575801	private_dummy
6156	5985	368262251	real
6156	12534	11444196575801	private_dummy
6157	5985	368262251	real
6157	12535	11444196575801	private_dummy
6158	5986	507960342	real
6158	12536	11444196575801	private_dummy
6159	5986	507960342	real
6159	12537	11444196575801	private_dummy
6160	5987	844744762	real
6160	12538	11444196575801	private_dummy
6161	5987	844744762	real
6161	12539	11444196575801	private_dummy
6162	2729	1212633104	real
6162	12540	11444196575801	private_dummy
6163	2689	1212633104	real
6163	12541	11444196575801	private_dummy
6164	2576	943287091	real
6164	12542	11444196575801	private_dummy
6165	2430	934574386	real
6165	12543	11444196575801	private_dummy
6166	2290	1212633104	real
6166	12544	11444196575801	private_dummy
6167	2026	1212633104	real
6167	12545	11444196575801	private_dummy
6168	1679	1212633104	real
6168	12546	11444196575801	private_dummy
6169	1231	1212633104	real
6169	12547	11444196575801	private_dummy
6170	670	1212633104	real
6170	12548	11444196575801	private_dummy
6171	6064	646589376	real
6171	12549	11444196575801	private_dummy
6172	6062	486530011	real
6172	12550	11444196575801	private_dummy
6173	6067	737880589	real
6173	12551	11444196575801	private_dummy
6174	6067	799035594	real
6174	12552	11444196575801	private_dummy
6175	6061	210929797	real
6175	12553	11444196575801	private_dummy
6176	6059	698579647	real
6176	6060	698579647	real
6176	12554	11444196575801	private_dummy
6177	6049	0	real
6177	6050	171330510	real
6177	12555	11444196575801	private_dummy
6178	6052	529516060	real
6178	6053	586628814	real
6178	12556	11444196575801	private_dummy
6179	6074	210929797	real
6179	12557	11444196575801	private_dummy
6180	6050	171330510	real
6180	12558	11444196575801	private_dummy
6181	6063	604256990	real
6181	12559	11444196575801	private_dummy
6182	6076	171330510	real
6182	12560	11444196575801	private_dummy
6183	6049	196931741	real
6183	12561	11444196575801	private_dummy
6184	6056	157332454	real
6184	6057	446930723	real
6184	12562	11444196575801	private_dummy
6185	6078	604256990	real
6185	12563	11444196575801	private_dummy
6186	6053	507960342	real
6186	12564	11444196575801	private_dummy
6187	6057	368262251	real
6187	12565	11444196575801	private_dummy
6188	6080	368262251	real
6188	12566	11444196575801	private_dummy
6189	6052	118263268	real
6189	12567	11444196575801	private_dummy
6190	6056	527249137	real
6190	12568	11444196575801	private_dummy
6191	6082	1206544480	real
6191	12569	11444196575801	private_dummy
6192	6069	680767834	real
6192	12570	11444196575801	private_dummy
6193	6069	680767834	real
6193	12571	11444196575801	private_dummy
6194	6067	737880589	real
6194	6068	314005057	real
6194	6073	210929797	real
6194	12572	11444196575801	private_dummy
6195	6077	314005057	real
6195	12573	11444196575801	private_dummy
6196	6079	117073316	real
6196	12574	11444196575801	private_dummy
6197	6067	818815985	real
6197	6068	668145095	real
6197	6075	586628814	real
6197	12575	11444196575801	private_dummy
6198	6077	568046291	real
6198	12576	11444196575801	private_dummy
6199	6079	174182810	real
6199	12577	11444196575801	private_dummy
6200	6066	524404753	real
6200	12578	11444196575801	private_dummy
6201	6066	309959545	real
6201	12579	11444196575801	private_dummy
6202	6065	309959545	real
6202	12580	11444196575801	private_dummy
6203	6081	421329493	real
6203	12581	11444196575801	private_dummy
6204	6083	328662964	real
6204	12582	11444196575801	private_dummy
6205	6065	506891285	real
6205	12583	11444196575801	private_dummy
6206	6081	618261233	real
6206	12584	11444196575801	private_dummy
6207	6083	328662964	real
6207	12585	11444196575801	private_dummy
6208	6028	958970270	real
6208	12586	11444196575801	private_dummy
6209	6051	622182589	real
6209	12587	11444196575801	private_dummy
6210	6051	529516060	real
6210	12588	11444196575801	private_dummy
6211	6019	486401362	real
6211	6020	543514116	real
6211	12589	11444196575801	private_dummy
6212	6021	417808791	real
6212	6022	417808791	real
6212	12590	11444196575801	private_dummy
6213	6023	535532974	real
6213	6024	535532974	real
6213	12591	11444196575801	private_dummy
6214	6025	844744762	real
6214	6026	844744762	real
6214	12592	11444196575801	private_dummy
6215	6027	1212633104	real
6215	12593	11444196575801	private_dummy
6216	6090	919213134	real
6216	12594	11444196575801	private_dummy
6217	6090	529516060	real
6217	12595	11444196575801	private_dummy
6218	6020	429291869	real
6218	12596	11444196575801	private_dummy
6219	6035	220877050	real
6219	12597	11444196575801	private_dummy
6220	6036	543514116	real
6220	12598	11444196575801	private_dummy
6221	6054	553590018	real
6221	12599	11444196575801	private_dummy
6222	6054	196931741	real
6222	12600	11444196575801	private_dummy
6223	6019	602099362	real
6223	12601	11444196575801	private_dummy
6224	6029	232481024	real
6224	6030	289593778	real
6224	12602	11444196575801	private_dummy
6225	6031	192881737	real
6225	12603	11444196575801	private_dummy
6226	6032	428876476	real
6226	6033	428876476	real
6226	12604	11444196575801	private_dummy
6227	6034	659212116	real
6227	12605	11444196575801	private_dummy
6228	6093	506891285	real
6228	12606	11444196575801	private_dummy
6229	6093	196931741	real
6229	12607	11444196575801	private_dummy
6230	6022	232481024	real
6230	12608	11444196575801	private_dummy
6231	6030	289593778	real
6231	12609	11444196575801	private_dummy
6232	6042	474921545	real
6232	12610	11444196575801	private_dummy
6233	6055	789581961	real
6233	12611	11444196575801	private_dummy
6234	6055	196931741	real
6234	12612	11444196575801	private_dummy
6235	6021	271544022	real
6235	12613	11444196575801	private_dummy
6236	6029	428876476	real
6236	12614	11444196575801	private_dummy
6237	6037	312799437	real
6237	6038	369912191	real
6237	12615	11444196575801	private_dummy
6238	6039	451428472	real
6238	6040	451428472	real
6238	12616	11444196575801	private_dummy
6239	6041	485989230	real
6239	12617	11444196575801	private_dummy
6240	6096	509735670	real
6240	12618	11444196575801	private_dummy
6241	6096	335560775	real
6241	12619	11444196575801	private_dummy
6242	6024	312799437	real
6242	12620	11444196575801	private_dummy
6243	6038	369912191	real
6243	12621	11444196575801	private_dummy
6244	6046	592645728	real
6244	12622	11444196575801	private_dummy
6245	6058	957126382	real
6245	12623	11444196575801	private_dummy
6246	6058	782951488	real
6246	12624	11444196575801	private_dummy
6247	6023	245283838	real
6247	12625	11444196575801	private_dummy
6248	6031	174178318	real
6248	6035	174178318	real
6248	12626	11444196575801	private_dummy
6249	6037	451428472	real
6249	12627	11444196575801	private_dummy
6250	6043	693393268	real
6250	6044	750506022	real
6250	12628	11444196575801	private_dummy
6251	6045	508541226	real
6251	12629	11444196575801	private_dummy
6252	6099	761384593	real
6252	12630	11444196575801	private_dummy
6253	6099	484134439	real
6253	12631	11444196575801	private_dummy
6254	6026	602099362	real
6254	12632	11444196575801	private_dummy
6255	6033	428876476	real
6255	12633	11444196575801	private_dummy
6256	6040	451428472	real
6256	12634	11444196575801	private_dummy
6257	6044	750506022	real
6257	12635	11444196575801	private_dummy
6258	6048	901857516	real
6258	12636	11444196575801	private_dummy
6259	6101	761384593	real
6259	12637	11444196575801	private_dummy
6260	6101	484134439	real
6260	12638	11444196575801	private_dummy
6261	6025	456864501	real
6261	12639	11444196575801	private_dummy
6262	6032	299541031	real
6262	12640	11444196575801	private_dummy
6263	6039	348353212	real
6263	12641	11444196575801	private_dummy
6264	6043	693393268	real
6264	12642	11444196575801	private_dummy
6265	6047	750506022	real
6265	12643	11444196575801	private_dummy
6266	6103	854051122	real
6266	12644	11444196575801	private_dummy
6267	6103	576800968	real
6267	12645	11444196575801	private_dummy
6268	6071	450847587	real
6268	12646	11444196575801	private_dummy
6269	6071	589476622	real
6269	12647	11444196575801	private_dummy
6270	6089	886287249	real
6270	12648	11444196575801	private_dummy
6271	6091	507960342	real
6271	12649	11444196575801	private_dummy
6272	6092	371771474	real
6272	12650	11444196575801	private_dummy
6273	6094	314005057	real
6273	12651	11444196575801	private_dummy
6274	6072	175376022	real
6274	12652	11444196575801	private_dummy
6275	6072	314005057	real
6275	12653	11444196575801	private_dummy
6276	6095	314005057	real
6276	12654	11444196575801	private_dummy
6277	6097	371771474	real
6277	12655	11444196575801	private_dummy
6278	6098	507960342	real
6278	12656	11444196575801	private_dummy
6279	6102	429291869	real
6279	12657	11444196575801	private_dummy
6280	6104	429291869	real
6280	12658	11444196575801	private_dummy
6281	6100	788387517	real
6281	12659	11444196575801	private_dummy
6282	6102	507960342	real
6282	12660	11444196575801	private_dummy
6283	6104	429291869	real
6283	12661	11444196575801	private_dummy
6284	6069	737880589	real
6284	6070	737880589	real
6284	12662	11444196575801	private_dummy
6285	6069	737880589	real
6285	6070	737880589	real
6285	12663	11444196575801	private_dummy
6286	2739	1212633104	real
6286	2740	1212633104	real
6286	12664	11444196575801	private_dummy
6287	2717	1130305272	real
6287	2718	1073192518	real
6287	2734	1073192518	real
6287	12665	11444196575801	private_dummy
6288	2667	1044992326	real
6288	2668	987879571	real
6288	2694	987879571	real
6288	12666	11444196575801	private_dummy
6289	2574	1000399846	real
6289	2575	943287091	real
6289	2615	943287091	real
6289	12667	11444196575801	private_dummy
6290	2428	991687140	real
6290	2429	934574386	real
6290	2487	934574386	real
6290	12668	11444196575801	private_dummy
6291	2214	1018025225	real
6291	2215	960912471	real
6291	2296	960912471	real
6291	12669	11444196575801	private_dummy
6292	1923	1082029038	real
6292	1924	1024916284	real
6292	2032	1024916284	real
6292	12670	11444196575801	private_dummy
6293	1549	1191738437	real
6293	1550	1134625683	real
6293	1684	1134625683	real
6293	12671	11444196575801	private_dummy
6294	1067	1371733469	real
6294	1068	1314620714	real
6294	1236	1314620714	real
6294	12672	11444196575801	private_dummy
6295	462	1639569710	real
6295	463	1639569710	real
6295	676	1639569710	real
6295	12673	11444196575801	private_dummy
6296	2737	1212633104	real
6296	2738	1212633104	real
6296	12674	11444196575801	private_dummy
6297	6106	773434363	real
6297	12675	11444196575801	private_dummy
6298	6108	622182589	real
6298	12676	11444196575801	private_dummy
6299	6110	545954284	real
6299	12677	11444196575801	private_dummy
6300	6112	522083785	real
6300	12678	11444196575801	private_dummy
6301	6114	545954284	real
6301	12679	11444196575801	private_dummy
6302	6116	622182589	real
6302	12680	11444196575801	private_dummy
6303	6118	773434363	real
6303	12681	11444196575801	private_dummy
6304	2705	1212633104	real
6304	2707	1212633104	real
6304	2719	1212633104	real
6304	12682	11444196575801	private_dummy
6305	5714	1073192518	real
6305	5785	830547118	real
6305	12683	11444196575801	private_dummy
6306	5783	543514116	real
6306	12684	11444196575801	private_dummy
6307	5781	407325249	real
6307	12685	11444196575801	private_dummy
6308	5779	349558832	real
6308	12686	11444196575801	private_dummy
6309	5777	349558832	real
6309	12687	11444196575801	private_dummy
6310	5775	407325249	real
6310	12688	11444196575801	private_dummy
6311	5773	543514116	real
6311	12689	11444196575801	private_dummy
6312	2655	1212633104	real
6312	2657	1212633104	real
6312	2669	1212633104	real
6312	12690	11444196575801	private_dummy
6313	5455	901857516	real
6313	5538	958970270	real
6313	12691	11444196575801	private_dummy
6314	5536	486404623	real
6314	12692	11444196575801	private_dummy
6315	5534	293103002	real
6315	12693	11444196575801	private_dummy
6316	5532	175376022	real
6316	12694	11444196575801	private_dummy
6317	5530	141480104	real
6317	12695	11444196575801	private_dummy
6318	5528	175376022	real
6318	12696	11444196575801	private_dummy
6319	5526	293103002	real
6319	12697	11444196575801	private_dummy
6320	2609	1212633104	real
6320	2610	1212633104	real
6320	12698	11444196575801	private_dummy
6321	2562	1212633104	real
6321	2564	1212633104	real
6321	12699	11444196575801	private_dummy
6322	5168	1037638743	real
6322	5261	958970270	real
6322	12700	11444196575801	private_dummy
6323	5259	716324870	real
6323	12701	11444196575801	private_dummy
6324	5257	385769531	real
6324	12702	11444196575801	private_dummy
6325	5255	235336584	real
6325	12703	11444196575801	private_dummy
6326	5253	141480104	real
6326	12704	11444196575801	private_dummy
6327	5251	141480104	real
6327	12705	11444196575801	private_dummy
6328	5249	235336584	real
6328	12706	11444196575801	private_dummy
6329	2481	1212633104	real
6329	2482	1212633104	real
6329	12707	11444196575801	private_dummy
6330	2416	1212633104	real
6330	2418	1212633104	real
6330	12708	11444196575801	private_dummy
6331	4853	1097599305	real
6331	4954	958970270	real
6331	12709	11444196575801	private_dummy
6332	4952	716324870	real
6332	12710	11444196575801	private_dummy
6333	4950	600626871	real
6333	12711	11444196575801	private_dummy
6334	4948	346706532	real
6334	12712	11444196575801	private_dummy
6335	4946	235336584	real
6335	12713	11444196575801	private_dummy
6336	4944	175376022	real
6336	12714	11444196575801	private_dummy
6337	4942	235336584	real
6337	12715	11444196575801	private_dummy
6338	2203	1212633104	real
6338	2205	1212633104	real
6338	2216	1212633104	real
6338	12716	11444196575801	private_dummy
6339	4510	1131495224	real
6339	4617	958970270	real
6339	12717	11444196575801	private_dummy
6340	4615	716324870	real
6340	12718	11444196575801	private_dummy
6341	4613	600626871	real
6341	12719	11444196575801	private_dummy
6342	4611	543101984	real
6342	12720	11444196575801	private_dummy
6343	4609	359509346	real
6343	12721	11444196575801	private_dummy
6344	4607	293103002	real
6344	12722	11444196575801	private_dummy
6345	4605	293103002	real
6345	12723	11444196575801	private_dummy
6346	1912	1212633104	real
6346	1914	1212633104	real
6346	1925	1212633104	real
6346	12724	11444196575801	private_dummy
6347	4139	1155365722	real
6347	4250	958970270	real
6347	12725	11444196575801	private_dummy
6348	4248	716324870	real
6348	12726	11444196575801	private_dummy
6349	4246	600626871	real
6349	12727	11444196575801	private_dummy
6350	4244	543101984	real
6350	12728	11444196575801	private_dummy
6351	4242	532034300	real
6351	12729	11444196575801	private_dummy
6352	4240	427024946	real
6352	12730	11444196575801	private_dummy
6353	4238	429291869	real
6353	12731	11444196575801	private_dummy
6354	1537	1212633104	real
6354	1539	1212633104	real
6354	1551	1212633104	real
6354	12732	11444196575801	private_dummy
6355	3740	1173827610	real
6355	3853	958970270	real
6355	12733	11444196575801	private_dummy
6356	3851	716324870	real
6356	12734	11444196575801	private_dummy
6357	3849	600626871	real
6357	12735	11444196575801	private_dummy
6358	3847	543101984	real
6358	12736	11444196575801	private_dummy
6359	3845	532034300	real
6359	12737	11444196575801	private_dummy
6360	3843	565653980	real
6360	12738	11444196575801	private_dummy
6361	3841	571090010	real
6361	12739	11444196575801	private_dummy
6362	1055	1212633104	real
6362	1057	1212633104	real
6362	1069	1212633104	real
6362	12740	11444196575801	private_dummy
6363	3313	1188890517	real
6363	3426	958970270	real
6363	12741	11444196575801	private_dummy
6364	3424	716324870	real
6364	12742	11444196575801	private_dummy
6365	3422	600626871	real
6365	12743	11444196575801	private_dummy
6366	3420	543101984	real
6366	12744	11444196575801	private_dummy
6367	3418	532034300	real
6367	12745	11444196575801	private_dummy
6368	3416	565653980	real
6368	12746	11444196575801	private_dummy
6369	3414	649758483	real
6369	12747	11444196575801	private_dummy
6370	451	1212633104	real
6370	453	1212633104	real
6370	464	1212633104	real
6370	12748	11444196575801	private_dummy
6371	2856	1195499037	real
6371	2969	958970270	real
6371	12749	11444196575801	private_dummy
6372	2967	716324870	real
6372	12750	11444196575801	private_dummy
6373	2965	600626871	real
6373	12751	11444196575801	private_dummy
6374	2963	543101984	real
6374	12752	11444196575801	private_dummy
6375	2961	532034300	real
6375	12753	11444196575801	private_dummy
6376	2959	565653980	real
6376	12754	11444196575801	private_dummy
6377	2957	649758483	real
6377	12755	11444196575801	private_dummy
6378	2719	1073192518	real
6378	2720	1073192518	real
6378	12756	11444196575801	private_dummy
6379	2669	987879571	real
6379	2670	987879571	real
6379	12757	11444196575801	private_dummy
6380	2216	960912471	real
6380	2217	960912471	real
6380	12758	11444196575801	private_dummy
6381	1925	1024916284	real
6381	1926	1024916284	real
6381	12759	11444196575801	private_dummy
6382	1551	1134625683	real
6382	1552	1134625683	real
6382	12760	11444196575801	private_dummy
6383	1069	1314620714	real
6383	1070	1314620714	real
6383	12761	11444196575801	private_dummy
6384	464	1639569710	real
6384	465	1639569710	real
6384	12762	11444196575801	private_dummy
6385	6084	844744762	real
6385	12763	11444196575801	private_dummy
6386	6084	844744762	real
6386	12764	11444196575801	private_dummy
6387	6085	507960342	real
6387	12765	11444196575801	private_dummy
6388	6085	450847587	real
6388	12766	11444196575801	private_dummy
6389	6086	407861538	real
6389	12767	11444196575801	private_dummy
6390	6086	350748784	real
6390	12768	11444196575801	private_dummy
6391	6087	507960342	real
6391	12769	11444196575801	private_dummy
6392	6087	450847587	real
6392	12770	11444196575801	private_dummy
6393	6088	807618777	real
6393	12771	11444196575801	private_dummy
6394	6088	750506022	real
6394	12772	11444196575801	private_dummy
6395	470	1639569710	real
6395	679	1639569710	real
6395	12773	11444196575801	private_dummy
6396	1237	1639569710	real
6396	12774	11444196575801	private_dummy
6397	1685	1639569710	real
6397	12775	11444196575801	private_dummy
6398	1931	1082029038	real
6398	2035	1024916284	real
6398	12776	11444196575801	private_dummy
6399	2222	1018025225	real
6399	2299	960912471	real
6399	12777	11444196575801	private_dummy
6400	2488	1639569710	real
6400	12778	11444196575801	private_dummy
6401	2616	1639569710	real
6401	12779	11444196575801	private_dummy
6402	2695	1639569710	real
6402	12780	11444196575801	private_dummy
6403	2735	1639569710	real
6403	12781	11444196575801	private_dummy
6404	2748	1639569710	real
6404	12782	11444196575801	private_dummy
6405	6165	819114330	real
6405	12783	11444196575801	private_dummy
6406	6163	522083785	real
6406	12784	11444196575801	private_dummy
6407	6168	980525989	real
6407	12785	11444196575801	private_dummy
6408	6168	1098793748	real
6408	12786	11444196575801	private_dummy
6409	6162	356658277	real
6409	12787	11444196575801	private_dummy
6410	6160	698579647	real
6410	6161	698579647	real
6410	12788	11444196575801	private_dummy
6411	6150	236000926	real
6411	6151	407331436	real
6411	12789	11444196575801	private_dummy
6412	6153	608184533	real
6412	6154	608184533	real
6412	12790	11444196575801	private_dummy
6413	6175	446930723	real
6413	12791	11444196575801	private_dummy
6414	6151	407331436	real
6414	12792	11444196575801	private_dummy
6415	6164	819114330	real
6415	12793	11444196575801	private_dummy
6416	6177	446930723	real
6416	12794	11444196575801	private_dummy
6417	6150	605917609	real
6417	12795	11444196575801	private_dummy
6418	6157	311153988	real
6418	6158	482484498	real
6418	12796	11444196575801	private_dummy
6419	6179	1206544480	real
6419	12797	11444196575801	private_dummy
6420	6154	608184533	real
6420	12798	11444196575801	private_dummy
6421	6158	482484498	real
6421	12799	11444196575801	private_dummy
6422	6181	522083785	real
6422	12800	11444196575801	private_dummy
6423	6153	196931741	real
6423	12801	11444196575801	private_dummy
6424	6157	196931741	real
6424	12802	11444196575801	private_dummy
6425	6183	738178934	real
6425	12803	11444196575801	private_dummy
6426	6170	1059194461	real
6426	12804	11444196575801	private_dummy
6427	6170	1037638743	real
6427	12805	11444196575801	private_dummy
6428	6168	1104698750	real
6428	6169	553590018	real
6428	6174	356658277	real
6428	12806	11444196575801	private_dummy
6429	6178	522083785	real
6429	12807	11444196575801	private_dummy
6430	6180	325152045	real
6430	12808	11444196575801	private_dummy
6431	6168	1118574139	real
6431	6169	897782802	real
6431	6176	622182589	real
6431	12809	11444196575801	private_dummy
6432	6178	797683999	real
6432	12810	11444196575801	private_dummy
6433	6180	403820517	real
6433	12811	11444196575801	private_dummy
6434	6167	618261233	real
6434	12812	11444196575801	private_dummy
6435	6167	696929706	real
6435	12813	11444196575801	private_dummy
6436	6166	696929706	real
6436	12814	11444196575801	private_dummy
6437	6182	482484498	real
6437	12815	11444196575801	private_dummy
6438	6184	446930723	real
6438	12816	11444196575801	private_dummy
6439	6166	1066846389	real
6439	12817	11444196575801	private_dummy
6440	6182	679416239	real
6440	12818	11444196575801	private_dummy
6441	6184	446930723	real
6441	12819	11444196575801	private_dummy
6442	6129	998844456	real
6442	12820	11444196575801	private_dummy
6443	6152	575020349	real
6443	12821	11444196575801	private_dummy
6444	6152	565069835	real
6444	12822	11444196575801	private_dummy
6445	6120	693393268	real
6445	6121	750506022	real
6445	12823	11444196575801	private_dummy
6446	6122	451428472	real
6446	6123	451428472	real
6446	12824	11444196575801	private_dummy
6447	6124	428876476	real
6447	6125	428876476	real
6447	12825	11444196575801	private_dummy
6448	6126	602099362	real
6448	6127	602099362	real
6448	12826	11444196575801	private_dummy
6449	6128	1155520349	real
6449	12827	11444196575801	private_dummy
6450	6191	704355794	real
6450	12828	11444196575801	private_dummy
6451	6191	565069835	real
6451	12829	11444196575801	private_dummy
6452	6121	750506022	real
6452	12830	11444196575801	private_dummy
6453	6136	174178318	real
6453	12831	11444196575801	private_dummy
6454	6137	731274763	real
6454	12832	11444196575801	private_dummy
6455	6155	381065064	real
6455	12833	11444196575801	private_dummy
6456	6155	299545523	real
6456	12834	11444196575801	private_dummy
6457	6120	998844456	real
6457	12835	11444196575801	private_dummy
6458	6130	312799437	real
6458	6131	369912191	real
6458	12836	11444196575801	private_dummy
6459	6132	192881737	real
6459	12837	11444196575801	private_dummy
6460	6133	312799437	real
6460	6134	312799437	real
6460	12838	11444196575801	private_dummy
6461	6135	829174495	real
6461	12839	11444196575801	private_dummy
6462	6194	399768483	real
6462	12840	11444196575801	private_dummy
6463	6194	299545523	real
6463	12841	11444196575801	private_dummy
6464	6123	451428472	real
6464	12842	11444196575801	private_dummy
6465	6131	369912191	real
6465	12843	11444196575801	private_dummy
6466	6143	671316997	real
6466	12844	11444196575801	private_dummy
6467	6156	407325249	real
6467	12845	11444196575801	private_dummy
6468	6156	268039290	real
6468	12846	11444196575801	private_dummy
6469	6122	535532974	real
6469	12847	11444196575801	private_dummy
6470	6130	535532974	real
6470	12848	11444196575801	private_dummy
6471	6138	232481024	real
6471	6139	289593778	real
6471	12849	11444196575801	private_dummy
6472	6140	232481024	real
6472	6141	232481024	real
6472	12850	11444196575801	private_dummy
6473	6142	681066180	real
6473	12851	11444196575801	private_dummy
6474	6197	210929797	real
6474	12852	11444196575801	private_dummy
6475	6197	371114550	real
6475	12853	11444196575801	private_dummy
6476	6125	428876476	real
6476	12854	11444196575801	private_dummy
6477	6139	289593778	real
6477	12855	11444196575801	private_dummy
6478	6147	773434363	real
6478	12856	11444196575801	private_dummy
6479	6159	600626871	real
6479	12857	11444196575801	private_dummy
6480	6159	760811624	real
6480	12858	11444196575801	private_dummy
6481	6124	417808791	real
6481	12859	11444196575801	private_dummy
6482	6132	220877050	real
6482	6136	220877050	real
6482	12860	11444196575801	private_dummy
6483	6138	417808791	real
6483	12861	11444196575801	private_dummy
6484	6144	372179115	real
6484	6145	429291869	real
6484	12862	11444196575801	private_dummy
6485	6146	700846570	real
6485	12863	11444196575801	private_dummy
6486	6200	507960342	real
6486	12864	11444196575801	private_dummy
6487	6200	529516060	real
6487	12865	11444196575801	private_dummy
6488	6127	602099362	real
6488	12866	11444196575801	private_dummy
6489	6134	312799437	real
6489	12867	11444196575801	private_dummy
6490	6141	232481024	real
6490	12868	11444196575801	private_dummy
6491	6145	429291869	real
6491	12869	11444196575801	private_dummy
6492	6149	1155520349	real
6492	12870	11444196575801	private_dummy
6493	6202	507960342	real
6493	12871	11444196575801	private_dummy
6494	6202	529516060	real
6494	12872	11444196575801	private_dummy
6495	6126	486401362	real
6495	12873	11444196575801	private_dummy
6496	6133	220877050	real
6496	12874	11444196575801	private_dummy
6497	6140	189370818	real
6497	12875	11444196575801	private_dummy
6498	6144	486401362	real
6498	12876	11444196575801	private_dummy
6499	6148	901857516	real
6499	12877	11444196575801	private_dummy
6500	6204	714849118	real
6500	12878	11444196575801	private_dummy
6501	6204	622182589	real
6501	12879	11444196575801	private_dummy
6502	6172	622182589	real
6502	12880	11444196575801	private_dummy
6503	6172	725257849	real
6503	12881	11444196575801	private_dummy
6504	6190	773434363	real
6504	12882	11444196575801	private_dummy
6505	6192	628199503	real
6505	12883	11444196575801	private_dummy
6506	6193	484134439	real
6506	12884	11444196575801	private_dummy
6507	6195	416618839	real
6507	12885	11444196575801	private_dummy
6508	6173	246483572	real
6508	12886	11444196575801	private_dummy
6509	6173	349558832	real
6509	12887	11444196575801	private_dummy
6510	6196	403816026	real
6510	12888	11444196575801	private_dummy
6511	6198	442879024	real
6511	12889	11444196575801	private_dummy
6512	6199	543514116	real
6512	12890	11444196575801	private_dummy
6513	6203	429291869	real
6513	12891	11444196575801	private_dummy
6514	6205	429291869	real
6514	12892	11444196575801	private_dummy
6515	6201	876509623	real
6515	12893	11444196575801	private_dummy
6516	6203	507960342	real
6516	12894	11444196575801	private_dummy
6517	6205	429291869	real
6517	12895	11444196575801	private_dummy
6518	6170	1037638743	real
6518	6171	958970270	real
6518	12896	11444196575801	private_dummy
6519	6170	1208973745	real
6519	6171	1130305272	real
6519	12897	11444196575801	private_dummy
6520	677	1639569710	real
6520	678	1639569710	real
6520	12898	11444196575801	private_dummy
6521	3084	1055957210	real
6521	3086	1292485977	real
6521	12899	11444196575801	private_dummy
6522	3082	921841024	real
6522	12900	11444196575801	private_dummy
6523	3080	842644711	real
6523	12901	11444196575801	private_dummy
6524	3078	805238941	real
6524	12902	11444196575801	private_dummy
6525	3076	805238941	real
6525	12903	11444196575801	private_dummy
6526	3074	842644711	real
6526	12904	11444196575801	private_dummy
6527	3072	921841024	real
6527	12905	11444196575801	private_dummy
6528	466	1639569710	real
6528	467	1639569710	real
6528	469	1639569710	real
6528	12906	11444196575801	private_dummy
6529	3541	1055957210	real
6529	3543	1292485977	real
6529	12907	11444196575801	private_dummy
6530	3539	807618777	real
6530	12908	11444196575801	private_dummy
6531	3537	685312257	real
6531	12909	11444196575801	private_dummy
6532	3535	619911174	real
6532	12910	11444196575801	private_dummy
6533	3533	599094307	real
6533	12911	11444196575801	private_dummy
6534	3531	619911174	real
6534	12912	11444196575801	private_dummy
6535	3529	685312257	real
6535	12913	11444196575801	private_dummy
6536	1071	1639569710	real
6536	1072	1639569710	real
6536	1074	1639569710	real
6536	1075	1639569710	real
6536	12914	11444196575801	private_dummy
6537	3968	1314620714	real
6537	3970	1459855575	real
6537	12915	11444196575801	private_dummy
6538	3966	921841024	real
6538	12916	11444196575801	private_dummy
6539	3964	685312257	real
6539	12917	11444196575801	private_dummy
6540	3962	576800968	real
6540	12918	11444196575801	private_dummy
6541	3960	527988787	real
6541	12919	11444196575801	private_dummy
6542	3958	527988787	real
6542	12920	11444196575801	private_dummy
6543	3956	576800968	real
6543	12921	11444196575801	private_dummy
6544	1553	1639569710	real
6544	1554	1639569710	real
6544	1556	1639569710	real
6544	1557	1639569710	real
6544	12922	11444196575801	private_dummy
6545	2033	1639569710	real
6545	2034	1639569710	real
6545	12923	11444196575801	private_dummy
6546	4365	1314620714	real
6546	4367	1450401941	real
6546	12924	11444196575801	private_dummy
6547	4363	1134625683	real
6547	12925	11444196575801	private_dummy
6548	4361	842644711	real
6548	12926	11444196575801	private_dummy
6549	4359	619911174	real
6549	12927	11444196575801	private_dummy
6550	4357	527988787	real
6550	12928	11444196575801	private_dummy
6551	4355	499993474	real
6551	12929	11444196575801	private_dummy
6552	4353	527988787	real
6552	12930	11444196575801	private_dummy
6553	1927	1639569710	real
6553	1928	1639569710	real
6553	1930	1639569710	real
6553	12931	11444196575801	private_dummy
6554	2297	1639569710	real
6554	2298	1639569710	real
6554	12932	11444196575801	private_dummy
6555	4732	1314620714	real
6555	4734	1510362503	real
6555	12933	11444196575801	private_dummy
6556	4730	1134625683	real
6556	12934	11444196575801	private_dummy
6557	4728	1024916284	real
6557	12935	11444196575801	private_dummy
6558	4726	805238941	real
6558	12936	11444196575801	private_dummy
6559	4724	599094307	real
6559	12937	11444196575801	private_dummy
6560	4722	527988787	real
6560	12938	11444196575801	private_dummy
6561	4720	527988787	real
6561	12939	11444196575801	private_dummy
6562	2218	1639569710	real
6562	2219	1639569710	real
6562	2221	1639569710	real
6562	12940	11444196575801	private_dummy
6563	5069	1314620714	real
6563	5071	1544258422	real
6563	12941	11444196575801	private_dummy
6564	5067	1134625683	real
6564	12942	11444196575801	private_dummy
6565	5065	1024916284	real
6565	12943	11444196575801	private_dummy
6566	5063	960912471	real
6566	12944	11444196575801	private_dummy
6567	5061	805238941	real
6567	12945	11444196575801	private_dummy
6568	5059	619911174	real
6568	12946	11444196575801	private_dummy
6569	5057	576800968	real
6569	12947	11444196575801	private_dummy
6570	2431	1639569710	real
6570	2432	1639569710	real
6570	2434	1639569710	real
6570	2435	1639569710	real
6570	12948	11444196575801	private_dummy
6571	5376	1314620714	real
6571	5378	1568128921	real
6571	12949	11444196575801	private_dummy
6572	5374	1134625683	real
6572	12950	11444196575801	private_dummy
6573	5372	1024916284	real
6573	12951	11444196575801	private_dummy
6574	5370	960912471	real
6574	12952	11444196575801	private_dummy
6575	5368	934574386	real
6575	12953	11444196575801	private_dummy
6576	5366	842644711	real
6576	12954	11444196575801	private_dummy
6577	5364	685312257	real
6577	12955	11444196575801	private_dummy
6578	2577	1639569710	real
6578	2578	1639569710	real
6578	2580	1639569710	real
6578	2581	1639569710	real
6578	12956	11444196575801	private_dummy
6579	5653	1314620714	real
6579	5655	1586590809	real
6579	12957	11444196575801	private_dummy
6580	5651	1134625683	real
6580	12958	11444196575801	private_dummy
6581	5649	1024916284	real
6581	12959	11444196575801	private_dummy
6582	5647	960912471	real
6582	12960	11444196575801	private_dummy
6583	5645	934574386	real
6583	12961	11444196575801	private_dummy
6584	5643	943287091	real
6584	12962	11444196575801	private_dummy
6585	5641	921841024	real
6585	12963	11444196575801	private_dummy
6586	2671	1639569710	real
6586	2672	1639569710	real
6586	2674	1639569710	real
6586	2675	1639569710	real
6586	12964	11444196575801	private_dummy
6587	5900	1314620714	real
6587	5902	1601653716	real
6587	12965	11444196575801	private_dummy
6588	5898	1134625683	real
6588	12966	11444196575801	private_dummy
6589	5896	1024916284	real
6589	12967	11444196575801	private_dummy
6590	5894	960912471	real
6590	12968	11444196575801	private_dummy
6591	5892	934574386	real
6591	12969	11444196575801	private_dummy
6592	5890	943287091	real
6592	12970	11444196575801	private_dummy
6593	5888	987879571	real
6593	12971	11444196575801	private_dummy
6594	2721	1639569710	real
6594	2722	1639569710	real
6594	2724	1639569710	real
6594	2725	1639569710	real
6594	12972	11444196575801	private_dummy
6595	6117	1314620714	real
6595	6119	1608262235	real
6595	12973	11444196575801	private_dummy
6596	6115	1134625683	real
6596	12974	11444196575801	private_dummy
6597	6113	1024916284	real
6597	12975	11444196575801	private_dummy
6598	6111	960912471	real
6598	12976	11444196575801	private_dummy
6599	6109	934574386	real
6599	12977	11444196575801	private_dummy
6600	6107	943287091	real
6600	12978	11444196575801	private_dummy
6601	6105	987879571	real
6601	12979	11444196575801	private_dummy
6602	2741	1639569710	real
6602	2742	1639569710	real
6602	2744	1639569710	real
6602	2745	1639569710	real
6602	12980	11444196575801	private_dummy
6603	1075	1314620714	real
6603	1076	1371733469	real
6603	12981	11444196575801	private_dummy
6604	1557	1134625683	real
6604	1558	1191738437	real
6604	12982	11444196575801	private_dummy
6605	2435	934574386	real
6605	2436	991687140	real
6605	12983	11444196575801	private_dummy
6606	2581	943287091	real
6606	2582	1000399846	real
6606	12984	11444196575801	private_dummy
6607	2675	987879571	real
6607	2676	1044992326	real
6607	12985	11444196575801	private_dummy
6608	2725	1073192518	real
6608	2726	1130305272	real
6608	12986	11444196575801	private_dummy
6609	2745	1212633104	real
6609	2746	1269745858	real
6609	12987	11444196575801	private_dummy
6610	467	1639569710	real
6610	468	1639569710	real
6610	678	1639569710	real
6610	12988	11444196575801	private_dummy
6611	1072	1314620714	real
6611	1073	1371733469	real
6611	12989	11444196575801	private_dummy
6612	1554	1134625683	real
6612	1555	1191738437	real
6612	12990	11444196575801	private_dummy
6613	1928	1024916284	real
6613	1929	1082029038	real
6613	2034	1024916284	real
6613	12991	11444196575801	private_dummy
6614	2219	960912471	real
6614	2220	1018025225	real
6614	2298	960912471	real
6614	12992	11444196575801	private_dummy
6615	2432	934574386	real
6615	2433	991687140	real
6615	2489	934574386	real
6615	12993	11444196575801	private_dummy
6616	2578	943287091	real
6616	2579	1000399846	real
6616	2617	943287091	real
6616	12994	11444196575801	private_dummy
6617	2672	987879571	real
6617	2673	1044992326	real
6617	12995	11444196575801	private_dummy
6618	2722	1073192518	real
6618	2723	1130305272	real
6618	12996	11444196575801	private_dummy
6619	2742	1212633104	real
6619	2743	1269745858	real
6619	2749	1212633104	real
6619	12997	11444196575801	private_dummy
6620	6185	901857516	real
6620	12998	11444196575801	private_dummy
6621	6185	901857516	real
6621	12999	11444196575801	private_dummy
6622	6186	592645728	real
6622	13000	11444196575801	private_dummy
6623	6186	592645728	real
6623	13001	11444196575801	private_dummy
6624	6187	474921545	real
6624	13002	11444196575801	private_dummy
6625	6187	474921545	real
6625	13003	11444196575801	private_dummy
6626	6188	543514116	real
6626	13004	11444196575801	private_dummy
6627	6188	543514116	real
6627	13005	11444196575801	private_dummy
6628	6189	901857516	real
6628	13006	11444196575801	private_dummy
6629	6189	901857516	real
6629	13007	11444196575801	private_dummy
6630	2747	1212633104	real
6630	13008	11444196575801	private_dummy
6631	2735	1476010710	real
6631	13009	11444196575801	private_dummy
6632	2695	1476010710	real
6632	13010	11444196575801	private_dummy
6633	2583	943287091	real
6633	13011	11444196575801	private_dummy
6634	2437	934574386	real
6634	13012	11444196575801	private_dummy
6635	2297	1476010710	real
6635	13013	11444196575801	private_dummy
6636	2033	1476010710	real
6636	13014	11444196575801	private_dummy
6637	1685	1476010710	real
6637	13015	11444196575801	private_dummy
6638	1237	1476010710	real
6638	13016	11444196575801	private_dummy
6639	677	1476010710	real
6639	13017	11444196575801	private_dummy
6640	6251	819114330	real
6640	13018	11444196575801	private_dummy
6641	6249	682925463	real
6641	13019	11444196575801	private_dummy
6642	6254	947442255	real
6642	13020	11444196575801	private_dummy
6643	6254	947442255	real
6643	13021	11444196575801	private_dummy
6644	6248	325152045	real
6644	13022	11444196575801	private_dummy
6645	6246	698579647	real
6645	6247	698579647	real
6645	13023	11444196575801	private_dummy
6646	6236	78668473	real
6646	6237	249998983	real
6646	13024	11444196575801	private_dummy
6647	6239	608184533	real
6647	6240	700851062	real
6647	13025	11444196575801	private_dummy
6648	6261	289598270	real
6648	13026	11444196575801	private_dummy
6649	6237	249998983	real
6649	13027	11444196575801	private_dummy
6650	6250	819114330	real
6650	13028	11444196575801	private_dummy
6651	6263	289598270	real
6651	13029	11444196575801	private_dummy
6652	6236	275600213	real
6652	13030	11444196575801	private_dummy
6653	6243	342660221	real
6653	6244	632258491	real
6653	13031	11444196575801	private_dummy
6654	6265	738178934	real
6654	13032	11444196575801	private_dummy
6655	6240	622182589	real
6655	13033	11444196575801	private_dummy
6656	6244	553590018	real
6656	13034	11444196575801	private_dummy
6657	6267	553590018	real
6657	13035	11444196575801	private_dummy
6658	6239	196931741	real
6658	13036	11444196575801	private_dummy
6659	6243	527249137	real
6659	13037	11444196575801	private_dummy
6660	6269	1206544480	real
6660	13038	11444196575801	private_dummy
6661	6256	829174495	real
6661	13039	11444196575801	private_dummy
6662	6256	886287249	real
6662	13040	11444196575801	private_dummy
6663	6254	921841024	real
6663	6255	482484498	real
6663	6260	325152045	real
6663	13041	11444196575801	private_dummy
6664	6264	482484498	real
6664	13042	11444196575801	private_dummy
6665	6266	285552758	real
6665	13043	11444196575801	private_dummy
6666	6254	967222645	real
6666	6255	779515043	real
6666	6262	725257849	real
6666	13044	11444196575801	private_dummy
6667	6264	679416239	real
6667	13045	11444196575801	private_dummy
6668	6266	285552758	real
6668	13046	11444196575801	private_dummy
6669	6253	578661946	real
6669	13047	11444196575801	private_dummy
6670	6253	421329493	real
6670	13048	11444196575801	private_dummy
6671	6252	421329493	real
6671	13049	11444196575801	private_dummy
6672	6268	606657260	real
6672	13050	11444196575801	private_dummy
6673	6270	446930723	real
6673	13051	11444196575801	private_dummy
6674	6252	618261233	real
6674	13052	11444196575801	private_dummy
6675	6268	803589001	real
6675	13053	11444196575801	private_dummy
6676	6270	446930723	real
6676	13054	11444196575801	private_dummy
6677	6215	901857516	real
6677	13055	11444196575801	private_dummy
6678	6238	622182589	real
6678	13056	11444196575801	private_dummy
6679	6238	529516060	real
6679	13057	11444196575801	private_dummy
6680	6206	372179115	real
6680	6207	429291869	real
6680	13058	11444196575801	private_dummy
6681	6208	232481024	real
6681	6209	232481024	real
6681	13059	11444196575801	private_dummy
6682	6210	312799437	real
6682	6211	312799437	real
6682	13060	11444196575801	private_dummy
6683	6212	602099362	real
6683	6213	602099362	real
6683	13061	11444196575801	private_dummy
6684	6214	1212633104	real
6684	13062	11444196575801	private_dummy
6685	6277	704355794	real
6685	13063	11444196575801	private_dummy
6686	6277	529516060	real
6686	13064	11444196575801	private_dummy
6687	6207	429291869	real
6687	13065	11444196575801	private_dummy
6688	6222	220877050	real
6688	13066	11444196575801	private_dummy
6689	6223	700846570	real
6689	13067	11444196575801	private_dummy
6690	6241	553590018	real
6690	13068	11444196575801	private_dummy
6691	6241	335560775	real
6691	13069	11444196575801	private_dummy
6692	6206	602099362	real
6692	13070	11444196575801	private_dummy
6693	6216	232481024	real
6693	6217	289593778	real
6693	13071	11444196575801	private_dummy
6694	6218	192881737	real
6694	13072	11444196575801	private_dummy
6695	6219	428876476	real
6695	6220	428876476	real
6695	13073	11444196575801	private_dummy
6696	6221	773434363	real
6696	13074	11444196575801	private_dummy
6697	6280	506891285	real
6697	13075	11444196575801	private_dummy
6698	6280	335560775	real
6698	13076	11444196575801	private_dummy
6699	6209	232481024	real
6699	13077	11444196575801	private_dummy
6700	6217	289593778	real
6700	13078	11444196575801	private_dummy
6701	6229	681066180	real
6701	13079	11444196575801	private_dummy
6702	6242	800649646	real
6702	13080	11444196575801	private_dummy
6703	6242	393327193	real
6703	13081	11444196575801	private_dummy
6704	6208	271544022	real
6704	13082	11444196575801	private_dummy
6705	6216	428876476	real
6705	13083	11444196575801	private_dummy
6706	6224	312799437	real
6706	6225	369912191	real
6706	13084	11444196575801	private_dummy
6707	6226	451428472	real
6707	6227	451428472	real
6707	13085	11444196575801	private_dummy
6708	6228	671316997	real
6708	13086	11444196575801	private_dummy
6709	6283	520803354	real
6709	13087	11444196575801	private_dummy
6710	6283	531956228	real
6710	13088	11444196575801	private_dummy
6711	6211	312799437	real
6711	13089	11444196575801	private_dummy
6712	6225	369912191	real
6712	13090	11444196575801	private_dummy
6713	6233	829174495	real
6713	13091	11444196575801	private_dummy
6714	6245	994532152	real
6714	13092	11444196575801	private_dummy
6715	6245	1005685025	real
6715	13093	11444196575801	private_dummy
6716	6210	245283838	real
6716	13094	11444196575801	private_dummy
6717	6218	174178318	real
6717	6222	174178318	real
6717	13095	11444196575801	private_dummy
6718	6224	451428472	real
6718	13096	11444196575801	private_dummy
6719	6230	693393268	real
6719	6231	750506022	real
6719	13097	11444196575801	private_dummy
6720	6232	731274763	real
6720	13098	11444196575801	private_dummy
6721	6286	798790363	real
6721	13099	11444196575801	private_dummy
6722	6286	706867976	real
6722	13100	11444196575801	private_dummy
6723	6213	602099362	real
6723	13101	11444196575801	private_dummy
6724	6220	428876476	real
6724	13102	11444196575801	private_dummy
6725	6227	451428472	real
6725	13103	11444196575801	private_dummy
6726	6231	750506022	real
6726	13104	11444196575801	private_dummy
6727	6235	1155520349	real
6727	13105	11444196575801	private_dummy
6728	6288	798790363	real
6728	13106	11444196575801	private_dummy
6729	6288	706867976	real
6729	13107	11444196575801	private_dummy
6730	6212	456864501	real
6730	13108	11444196575801	private_dummy
6731	6219	299541031	real
6731	13109	11444196575801	private_dummy
6732	6226	348353212	real
6732	13110	11444196575801	private_dummy
6733	6230	693393268	real
6733	13111	11444196575801	private_dummy
6734	6234	998844456	real
6734	13112	11444196575801	private_dummy
6735	6290	891456892	real
6735	13113	11444196575801	private_dummy
6736	6290	799534505	real
6736	13114	11444196575801	private_dummy
6737	6258	507960342	real
6737	13115	11444196575801	private_dummy
6738	6258	646589376	real
6738	13116	11444196575801	private_dummy
6739	6276	737880589	real
6739	13117	11444196575801	private_dummy
6740	6278	586628814	real
6740	13118	11444196575801	private_dummy
6741	6279	510400509	real
6741	13119	11444196575801	private_dummy
6742	6281	486530011	real
6742	13120	11444196575801	private_dummy
6743	6259	371771474	real
6743	13121	11444196575801	private_dummy
6744	6259	510400509	real
6744	13122	11444196575801	private_dummy
6745	6282	510400509	real
6745	13123	11444196575801	private_dummy
6746	6284	586628814	real
6746	13124	11444196575801	private_dummy
6747	6285	737880589	real
6747	13125	11444196575801	private_dummy
6748	6289	659212116	real
6748	13126	11444196575801	private_dummy
6749	6291	659212116	real
6749	13127	11444196575801	private_dummy
6750	6287	1024916284	real
6750	13128	11444196575801	private_dummy
6751	6289	737880589	real
6751	13129	11444196575801	private_dummy
6752	6291	659212116	real
6752	13130	11444196575801	private_dummy
6753	6256	886287249	real
6753	6257	886287249	real
6753	13131	11444196575801	private_dummy
6754	6256	886287249	real
6754	6257	886287249	real
6754	13132	11444196575801	private_dummy
6755	2748	1476010710	real
6755	2749	1476010710	real
6755	13133	11444196575801	private_dummy
6756	2741	1476010710	real
6756	2743	1533123464	real
6756	13134	11444196575801	private_dummy
6757	6016	773434363	real
6757	6018	1073192518	real
6757	13135	11444196575801	private_dummy
6758	6014	622182589	real
6758	13136	11444196575801	private_dummy
6759	6012	545954284	real
6759	13137	11444196575801	private_dummy
6760	6010	522083785	real
6760	13138	11444196575801	private_dummy
6761	6008	545954284	real
6761	13139	11444196575801	private_dummy
6762	6006	622182589	real
6762	13140	11444196575801	private_dummy
6763	6004	773434363	real
6763	13141	11444196575801	private_dummy
6764	2721	1476010710	real
6764	2723	1533123464	real
6764	2727	1476010710	real
6764	13142	11444196575801	private_dummy
6765	5799	716324870	real
6765	5801	958970270	real
6765	13143	11444196575801	private_dummy
6766	5797	507960342	real
6766	13144	11444196575801	private_dummy
6767	5795	371771474	real
6767	13145	11444196575801	private_dummy
6768	5793	314005057	real
6768	13146	11444196575801	private_dummy
6769	5791	314005057	real
6769	13147	11444196575801	private_dummy
6770	5789	371771474	real
6770	13148	11444196575801	private_dummy
6771	5787	507960342	real
6771	13149	11444196575801	private_dummy
6772	2671	1476010710	real
6772	2673	1533123464	real
6772	2677	1476010710	real
6772	13150	11444196575801	private_dummy
6773	5552	958970270	real
6773	5554	901857516	real
6773	13151	11444196575801	private_dummy
6774	5550	600626871	real
6774	13152	11444196575801	private_dummy
6775	5548	431732036	real
6775	13153	11444196575801	private_dummy
6776	5546	314005057	real
6776	13154	11444196575801	private_dummy
6777	5544	280109138	real
6777	13155	11444196575801	private_dummy
6778	5542	314005057	real
6778	13156	11444196575801	private_dummy
6779	5540	431732036	real
6779	13157	11444196575801	private_dummy
6780	2616	1476010710	real
6780	2617	1476010710	real
6780	13158	11444196575801	private_dummy
6781	2577	1476010710	real
6781	2579	1533123464	real
6781	13159	11444196575801	private_dummy
6782	5275	958970270	real
6782	5277	1037638743	real
6782	13160	11444196575801	private_dummy
6783	5273	830547118	real
6783	13161	11444196575801	private_dummy
6784	5271	543101984	real
6784	13162	11444196575801	private_dummy
6785	5269	407861538	real
6785	13163	11444196575801	private_dummy
6786	5267	314005057	real
6786	13164	11444196575801	private_dummy
6787	5265	314005057	real
6787	13165	11444196575801	private_dummy
6788	5263	407861538	real
6788	13166	11444196575801	private_dummy
6789	2488	1476010710	real
6789	2489	1476010710	real
6789	13167	11444196575801	private_dummy
6790	2431	1476010710	real
6790	2433	1533123464	real
6790	13168	11444196575801	private_dummy
6791	4968	958970270	real
6791	4970	1097599305	real
6791	13169	11444196575801	private_dummy
6792	4966	830547118	real
6792	13170	11444196575801	private_dummy
6793	4964	757959324	real
6793	13171	11444196575801	private_dummy
6794	4962	532034300	real
6794	13172	11444196575801	private_dummy
6795	4960	431732036	real
6795	13173	11444196575801	private_dummy
6796	4958	371771474	real
6796	13174	11444196575801	private_dummy
6797	4956	431732036	real
6797	13175	11444196575801	private_dummy
6798	2218	1476010710	real
6798	2220	1533123464	real
6798	2223	1476010710	real
6798	13176	11444196575801	private_dummy
6799	4631	958970270	real
6799	4633	1131495224	real
6799	13177	11444196575801	private_dummy
6800	4629	830547118	real
6800	13178	11444196575801	private_dummy
6801	4627	757959324	real
6801	13179	11444196575801	private_dummy
6802	4625	728429752	real
6802	13180	11444196575801	private_dummy
6803	4623	565653980	real
6803	13181	11444196575801	private_dummy
6804	4621	507960342	real
6804	13182	11444196575801	private_dummy
6805	4619	507960342	real
6805	13183	11444196575801	private_dummy
6806	1927	1476010710	real
6806	1929	1533123464	real
6806	1932	1476010710	real
6806	13184	11444196575801	private_dummy
6807	4264	958970270	real
6807	4266	1155365722	real
6807	13185	11444196575801	private_dummy
6808	4262	830547118	real
6808	13186	11444196575801	private_dummy
6809	4260	757959324	real
6809	13187	11444196575801	private_dummy
6810	4258	728429752	real
6810	13188	11444196575801	private_dummy
6811	4256	738178934	real
6811	13189	11444196575801	private_dummy
6812	4254	649758483	real
6812	13190	11444196575801	private_dummy
6813	4252	659212116	real
6813	13191	11444196575801	private_dummy
6814	1553	1476010710	real
6814	1555	1533123464	real
6814	1559	1476010710	real
6814	13192	11444196575801	private_dummy
6815	3867	958970270	real
6815	3869	1173827610	real
6815	13193	11444196575801	private_dummy
6816	3865	830547118	real
6816	13194	11444196575801	private_dummy
6817	3863	757959324	real
6817	13195	11444196575801	private_dummy
6818	3861	728429752	real
6818	13196	11444196575801	private_dummy
6819	3859	738178934	real
6819	13197	11444196575801	private_dummy
6820	3857	788387517	real
6820	13198	11444196575801	private_dummy
6821	3855	807618777	real
6821	13199	11444196575801	private_dummy
6822	1071	1476010710	real
6822	1073	1533123464	real
6822	1077	1476010710	real
6822	13200	11444196575801	private_dummy
6823	3440	958970270	real
6823	3442	1188890517	real
6823	13201	11444196575801	private_dummy
6824	3438	830547118	real
6824	13202	11444196575801	private_dummy
6825	3436	757959324	real
6825	13203	11444196575801	private_dummy
6826	3434	728429752	real
6826	13204	11444196575801	private_dummy
6827	3432	738178934	real
6827	13205	11444196575801	private_dummy
6828	3430	788387517	real
6828	13206	11444196575801	private_dummy
6829	3428	886287249	real
6829	13207	11444196575801	private_dummy
6830	466	1476010710	real
6830	468	1476010710	real
6830	471	1476010710	real
6830	13208	11444196575801	private_dummy
6831	2983	958970270	real
6831	2985	1195499037	real
6831	13209	11444196575801	private_dummy
6832	2981	830547118	real
6832	13210	11444196575801	private_dummy
6833	2979	757959324	real
6833	13211	11444196575801	private_dummy
6834	2977	728429752	real
6834	13212	11444196575801	private_dummy
6835	2975	738178934	real
6835	13213	11444196575801	private_dummy
6836	2973	788387517	real
6836	13214	11444196575801	private_dummy
6837	2971	886287249	real
6837	13215	11444196575801	private_dummy
6838	2727	1073192518	real
6838	2728	1073192518	real
6838	13216	11444196575801	private_dummy
6839	2677	987879571	real
6839	2678	987879571	real
6839	13217	11444196575801	private_dummy
6840	2223	960912471	real
6840	13218	11444196575801	private_dummy
6841	1932	1024916284	real
6841	13219	11444196575801	private_dummy
6842	1559	1134625683	real
6842	1560	1134625683	real
6842	13220	11444196575801	private_dummy
6843	1077	1314620714	real
6843	1078	1314620714	real
6843	13221	11444196575801	private_dummy
6844	471	1639569710	real
6844	13222	11444196575801	private_dummy
6845	6271	901857516	real
6845	13223	11444196575801	private_dummy
6846	6271	844744762	real
6846	13224	11444196575801	private_dummy
6847	6272	646589376	real
6847	13225	11444196575801	private_dummy
6848	6272	589476622	real
6848	13226	11444196575801	private_dummy
6849	6273	604256990	real
6849	13227	11444196575801	private_dummy
6850	6273	547144236	real
6850	13228	11444196575801	private_dummy
6851	6274	737880589	real
6851	13229	11444196575801	private_dummy
6852	6274	680767834	real
6852	13230	11444196575801	private_dummy
6853	6275	1055957210	real
6853	13231	11444196575801	private_dummy
6854	6275	998844456	real
6854	13232	11444196575801	private_dummy
6855	6337	960912471	real
6855	13233	11444196575801	private_dummy
6856	6335	625159045	real
6856	13234	11444196575801	private_dummy
6857	6340	1073192518	real
6857	13235	11444196575801	private_dummy
6858	6340	1191460277	real
6858	13236	11444196575801	private_dummy
6859	6334	459733537	real
6859	13237	11444196575801	private_dummy
6860	6332	698579647	real
6860	6333	698579647	real
6860	13238	11444196575801	private_dummy
6861	6322	236000926	real
6861	6323	407331436	real
6861	13239	11444196575801	private_dummy
6862	6325	608184533	real
6862	6326	608184533	real
6862	13240	11444196575801	private_dummy
6863	6347	446930723	real
6863	13241	11444196575801	private_dummy
6864	6323	407331436	real
6864	13242	11444196575801	private_dummy
6865	6336	943287091	real
6865	13243	11444196575801	private_dummy
6866	6349	446930723	real
6866	13244	11444196575801	private_dummy
6867	6322	605917609	real
6867	13245	11444196575801	private_dummy
6868	6329	311153988	real
6868	6330	482484498	real
6868	13246	11444196575801	private_dummy
6869	6351	1206544480	real
6869	13247	11444196575801	private_dummy
6870	6326	608184533	real
6870	13248	11444196575801	private_dummy
6871	6330	482484498	real
6871	13249	11444196575801	private_dummy
6872	6353	522083785	real
6872	13250	11444196575801	private_dummy
6873	6325	196931741	real
6873	13251	11444196575801	private_dummy
6874	6329	196931741	real
6874	13252	11444196575801	private_dummy
6875	6355	738178934	real
6875	13253	11444196575801	private_dummy
6876	6342	1151860990	real
6876	13254	11444196575801	private_dummy
6877	6342	1130305272	real
6877	13255	11444196575801	private_dummy
6878	6340	1197365279	real
6878	6341	646256547	real
6878	6346	459733537	real
6878	13256	11444196575801	private_dummy
6879	6350	646256547	real
6879	13257	11444196575801	private_dummy
6880	6352	428227305	real
6880	13258	11444196575801	private_dummy
6881	6340	1211240668	real
6881	6341	990449332	real
6881	6348	725257849	real
6881	13259	11444196575801	private_dummy
6882	6350	921856760	real
6882	13260	11444196575801	private_dummy
6883	6352	506895777	real
6883	13261	11444196575801	private_dummy
6884	6339	618261233	real
6884	13262	11444196575801	private_dummy
6885	6339	696929706	real
6885	13263	11444196575801	private_dummy
6886	6338	696929706	real
6886	13264	11444196575801	private_dummy
6887	6354	482484498	real
6887	13265	11444196575801	private_dummy
6888	6356	446930723	real
6888	13266	11444196575801	private_dummy
6889	6338	1066846389	real
6889	13267	11444196575801	private_dummy
6890	6354	679416239	real
6890	13268	11444196575801	private_dummy
6891	6356	446930723	real
6891	13269	11444196575801	private_dummy
6892	6301	998844456	real
6892	13270	11444196575801	private_dummy
6893	6324	575020349	real
6893	13271	11444196575801	private_dummy
6894	6324	565069835	real
6894	13272	11444196575801	private_dummy
6895	6292	693393268	real
6895	6293	750506022	real
6895	13273	11444196575801	private_dummy
6896	6294	451428472	real
6896	6295	451428472	real
6896	13274	11444196575801	private_dummy
6897	6296	428876476	real
6897	6297	428876476	real
6897	13275	11444196575801	private_dummy
6898	6298	602099362	real
6898	6299	602099362	real
6898	13276	11444196575801	private_dummy
6899	6300	1155520349	real
6899	13277	11444196575801	private_dummy
6900	6363	704355794	real
6900	13278	11444196575801	private_dummy
6901	6363	565069835	real
6901	13279	11444196575801	private_dummy
6902	6293	750506022	real
6902	13280	11444196575801	private_dummy
6903	6308	174178318	real
6903	13281	11444196575801	private_dummy
6904	6309	731274763	real
6904	13282	11444196575801	private_dummy
6905	6327	381065064	real
6905	13283	11444196575801	private_dummy
6906	6327	299545523	real
6906	13284	11444196575801	private_dummy
6907	6292	998844456	real
6907	13285	11444196575801	private_dummy
6908	6302	312799437	real
6908	6303	369912191	real
6908	13286	11444196575801	private_dummy
6909	6304	192881737	real
6909	13287	11444196575801	private_dummy
6910	6305	312799437	real
6910	6306	312799437	real
6910	13288	11444196575801	private_dummy
6911	6307	829174495	real
6911	13289	11444196575801	private_dummy
6912	6366	399768483	real
6912	13290	11444196575801	private_dummy
6913	6366	299545523	real
6913	13291	11444196575801	private_dummy
6914	6295	451428472	real
6914	13292	11444196575801	private_dummy
6915	6303	369912191	real
6915	13293	11444196575801	private_dummy
6916	6315	671316997	real
6916	13294	11444196575801	private_dummy
6917	6328	407325249	real
6917	13295	11444196575801	private_dummy
6918	6328	268039290	real
6918	13296	11444196575801	private_dummy
6919	6294	535532974	real
6919	13297	11444196575801	private_dummy
6920	6302	535532974	real
6920	13298	11444196575801	private_dummy
6921	6310	232481024	real
6921	6311	289593778	real
6921	13299	11444196575801	private_dummy
6922	6312	232481024	real
6922	6313	232481024	real
6922	13300	11444196575801	private_dummy
6923	6314	681066180	real
6923	13301	11444196575801	private_dummy
6924	6369	210929797	real
6924	13302	11444196575801	private_dummy
6925	6369	371114550	real
6925	13303	11444196575801	private_dummy
6926	6297	428876476	real
6926	13304	11444196575801	private_dummy
6927	6311	289593778	real
6927	13305	11444196575801	private_dummy
6928	6319	773434363	real
6928	13306	11444196575801	private_dummy
6929	6331	600626871	real
6929	13307	11444196575801	private_dummy
6930	6331	760811624	real
6930	13308	11444196575801	private_dummy
6931	6296	417808791	real
6931	13309	11444196575801	private_dummy
6932	6304	220877050	real
6932	6308	220877050	real
6932	13310	11444196575801	private_dummy
6933	6310	417808791	real
6933	13311	11444196575801	private_dummy
6934	6316	372179115	real
6934	6317	429291869	real
6934	13312	11444196575801	private_dummy
6935	6318	700846570	real
6935	13313	11444196575801	private_dummy
6936	6372	507960342	real
6936	13314	11444196575801	private_dummy
6937	6372	529516060	real
6937	13315	11444196575801	private_dummy
6938	6299	602099362	real
6938	13316	11444196575801	private_dummy
6939	6306	312799437	real
6939	13317	11444196575801	private_dummy
6940	6313	232481024	real
6940	13318	11444196575801	private_dummy
6941	6317	429291869	real
6941	13319	11444196575801	private_dummy
6942	6321	1212633104	real
6942	13320	11444196575801	private_dummy
6943	6374	507960342	real
6943	13321	11444196575801	private_dummy
6944	6374	529516060	real
6944	13322	11444196575801	private_dummy
6945	6298	486401362	real
6945	13323	11444196575801	private_dummy
6946	6305	220877050	real
6946	13324	11444196575801	private_dummy
6947	6312	189370818	real
6947	13325	11444196575801	private_dummy
6948	6316	486401362	real
6948	13326	11444196575801	private_dummy
6949	6320	901857516	real
6949	13327	11444196575801	private_dummy
6950	6376	714849118	real
6950	13328	11444196575801	private_dummy
6951	6376	622182589	real
6951	13329	11444196575801	private_dummy
6952	6344	763980730	real
6952	13330	11444196575801	private_dummy
6953	6344	867055990	real
6953	13331	11444196575801	private_dummy
6954	6362	773434363	real
6954	13332	11444196575801	private_dummy
6955	6364	628199503	real
6955	13333	11444196575801	private_dummy
6956	6365	484134439	real
6956	13334	11444196575801	private_dummy
6957	6367	416618839	real
6957	13335	11444196575801	private_dummy
6958	6345	349558832	real
6958	13336	11444196575801	private_dummy
6959	6345	452634092	real
6959	13337	11444196575801	private_dummy
6960	6368	403816026	real
6960	13338	11444196575801	private_dummy
6961	6370	442879024	real
6961	13339	11444196575801	private_dummy
6962	6371	543514116	real
6962	13340	11444196575801	private_dummy
6963	6375	507960342	real
6963	13341	11444196575801	private_dummy
6964	6377	429291869	real
6964	13342	11444196575801	private_dummy
6965	6373	876509623	real
6965	13343	11444196575801	private_dummy
6966	6375	586628814	real
6966	13344	11444196575801	private_dummy
6967	6377	429291869	real
6967	13345	11444196575801	private_dummy
6968	6342	1130305272	real
6968	6343	958970270	real
6968	13346	11444196575801	private_dummy
6969	6342	1244527519	real
6969	6343	1130305272	real
6969	13347	11444196575801	private_dummy
6970	6357	1055957210	real
6970	13348	11444196575801	private_dummy
6971	6357	1055957210	real
6971	13349	11444196575801	private_dummy
6972	6358	737880589	real
6972	13350	11444196575801	private_dummy
6973	6358	737880589	real
6973	13351	11444196575801	private_dummy
6974	6359	604256990	real
6974	13352	11444196575801	private_dummy
6975	6359	604256990	real
6975	13353	11444196575801	private_dummy
6976	6360	646589376	real
6976	13354	11444196575801	private_dummy
6977	6360	646589376	real
6977	13355	11444196575801	private_dummy
6978	6361	901857516	real
6978	13356	11444196575801	private_dummy
6979	6361	901857516	real
6979	13357	11444196575801	private_dummy
