row	column	integer_cost	kind
0	112	1347326682	real
0	8358	17251681513422	private_dummy
1	114	1227292212	real
1	8359	17251681513422	private_dummy
2	116	1151478732	real
2	8360	17251681513422	private_dummy
3	118	1111345418	real
3	8361	17251681513422	private_dummy
4	120	1103469220	real
4	8362	17251681513422	private_dummy
5	122	1127244833	real
5	8363	17251681513422	private_dummy
6	124	1184562466	real
6	8364	17251681513422	private_dummy
7	126	1280892846	real
7	8365	17251681513422	private_dummy
8	128	1430048205	real
8	8366	17251681513422	private_dummy
9	110	1536494450	real
9	8367	17251681513422	private_dummy
10	111	1536494450	real
10	135	1536494450	real
10	8368	17251681513422	private_dummy
11	192	1227292212	real
11	8369	17251681513422	private_dummy
12	194	1151478732	real
12	8370	17251681513422	private_dummy
13	196	1111345418	real
13	8371	17251681513422	private_dummy
14	198	1103469220	real
14	8372	17251681513422	private_dummy
15	200	1127244833	real
15	8373	17251681513422	private_dummy
16	173	1347326682	real
16	8374	17251681513422	private_dummy
17	205	1280892846	real
17	8375	17251681513422	private_dummy
18	207	1430048205	real
18	8376	17251681513422	private_dummy
19	209	1702113907	real
19	211	1702113907	real
19	8377	17251681513422	private_dummy
20	191	1347326682	real
20	213	1347326682	real
20	8378	17251681513422	private_dummy
21	264	1151478732	real
21	8379	17251681513422	private_dummy
22	266	1111345418	real
22	8380	17251681513422	private_dummy
23	268	1103469220	real
23	8381	17251681513422	private_dummy
24	239	1227292212	real
24	8382	17251681513422	private_dummy
25	273	1184562466	real
25	8383	17251681513422	private_dummy
26	250	1227292212	real
26	8384	17251681513422	private_dummy
27	278	1430048205	real
27	8385	17251681513422	private_dummy
28	280	1702113907	real
28	282	1702113907	real
28	8386	17251681513422	private_dummy
29	13	1702113907	real
29	283	1702113907	real
29	8387	17251681513422	private_dummy
30	292	1151478732	real
30	8388	17251681513422	private_dummy
31	297	1151478732	real
31	8389	17251681513422	private_dummy
32	333	1127244833	real
32	8390	17251681513422	private_dummy
33	308	1151478732	real
33	8391	17251681513422	private_dummy
34	338	1280892846	real
34	8392	17251681513422	private_dummy
35	319	1151478732	real
35	8393	17251681513422	private_dummy
36	343	1702113907	real
36	345	1702113907	real
36	8394	17251681513422	private_dummy
37	18	1702113907	real
37	346	1702113907	real
37	8395	17251681513422	private_dummy
38	355	1111345418	real
38	8396	17251681513422	private_dummy
39	389	1127244833	real
39	8397	17251681513422	private_dummy
40	391	1184562466	real
40	8398	17251681513422	private_dummy
41	372	1111345418	real
41	8399	17251681513422	private_dummy
42	396	1430048205	real
42	8400	17251681513422	private_dummy
43	398	1702113907	real
43	400	1702113907	real
43	8401	17251681513422	private_dummy
44	22	1702113907	real
44	401	1702113907	real
44	8402	17251681513422	private_dummy
45	410	1103469220	real
45	8403	17251681513422	private_dummy
46	415	1103469220	real
46	8404	17251681513422	private_dummy
47	441	1280892846	real
47	8405	17251681513422	private_dummy
48	443	1430048205	real
48	8406	17251681513422	private_dummy
49	445	1702113907	real
49	447	1702113907	real
49	8407	17251681513422	private_dummy
50	26	1702113907	real
50	448	1702113907	real
50	8408	17251681513422	private_dummy
51	457	1127244833	real
51	8409	17251681513422	private_dummy
52	480	1280892846	real
52	8410	17251681513422	private_dummy
53	482	1430048205	real
53	8411	17251681513422	private_dummy
54	484	1702113907	real
54	486	1702113907	real
54	8412	17251681513422	private_dummy
55	30	1702113907	real
55	487	1702113907	real
55	8413	17251681513422	private_dummy
56	510	1280892846	real
56	8414	17251681513422	private_dummy
57	512	1430048205	real
57	8415	17251681513422	private_dummy
58	514	1702113907	real
58	516	1702113907	real
58	8416	17251681513422	private_dummy
59	509	1184562466	real
59	518	1184562466	real
59	8417	17251681513422	private_dummy
60	535	1430048205	real
60	8418	17251681513422	private_dummy
61	537	1702113907	real
61	539	1702113907	real
61	8419	17251681513422	private_dummy
62	39	1702113907	real
62	540	1702113907	real
62	8420	17251681513422	private_dummy
63	552	1702113907	real
63	553	1702113907	real
63	8421	17251681513422	private_dummy
64	44	1702113907	real
64	555	1702113907	real
64	8422	17251681513422	private_dummy
65	49	1702113907	real
65	561	1702113907	real
65	8423	17251681513422	private_dummy
66	3714	1151478732	real
66	8424	17251681513422	private_dummy
67	3712	757626495	real
67	8425	17251681513422	private_dummy
68	3717	1151478732	real
68	8426	17251681513422	private_dummy
69	3717	1151478732	real
69	8427	17251681513422	private_dummy
70	3703	357858012	real
70	3705	357858012	real
70	8428	17251681513422	private_dummy
71	3710	791246176	real
71	3711	791246176	real
71	8429	17251681513422	private_dummy
72	3698	225592196	real
72	3699	396922706	real
72	8430	17251681513422	private_dummy
73	3700	654888557	real
73	3702	654888557	real
73	8431	17251681513422	private_dummy
74	3724	436521993	real
74	8432	17251681513422	private_dummy
75	3699	396922706	real
75	8433	17251681513422	private_dummy
76	3708	826219067	real
76	8434	17251681513422	private_dummy
77	3726	436521993	real
77	8435	17251681513422	private_dummy
78	3698	502842350	real
78	8436	17251681513422	private_dummy
79	3706	389364245	real
79	8437	17251681513422	private_dummy
80	3728	965421070	real
80	8438	17251681513422	private_dummy
81	3702	654888557	real
81	3705	654888557	real
81	8439	17251681513422	private_dummy
82	3713	631800274	real
82	8440	17251681513422	private_dummy
83	3730	897324586	real
83	8441	17251681513422	private_dummy
84	3700	310695772	real
84	3703	310695772	real
84	8442	17251681513422	private_dummy
85	3706	440031217	real
85	3708	611361727	real
85	8443	17251681513422	private_dummy
86	3732	507627513	real
86	8444	17251681513422	private_dummy
87	3719	1111879445	real
87	8445	17251681513422	private_dummy
88	3719	1033210972	real
88	8446	17251681513422	private_dummy
89	3717	1125877502	real
89	3718	686520976	real
89	3723	529188522	real
89	8447	17251681513422	private_dummy
90	3727	766839389	real
90	8448	17251681513422	private_dummy
91	3729	489589235	real
91	8449	17251681513422	private_dummy
92	3717	1171259123	real
92	3718	983551520	real
92	3725	826219067	real
92	8450	17251681513422	private_dummy
93	3727	963771130	real
93	8451	17251681513422	private_dummy
94	3729	489589235	real
94	8452	17251681513422	private_dummy
95	3716	671328476	real
95	8453	17251681513422	private_dummy
96	3731	560694755	real
96	8454	17251681513422	private_dummy
97	3733	791246176	real
97	8455	17251681513422	private_dummy
98	3716	568253216	real
98	8456	17251681513422	private_dummy
99	3731	560694755	real
99	8457	17251681513422	private_dummy
100	3733	688170916	real
100	8458	17251681513422	private_dummy
101	3715	568253216	real
101	8459	17251681513422	private_dummy
102	3715	845503370	real
102	8460	17251681513422	private_dummy
103	3600	332246999	real
103	3603	332246999	real
103	8461	17251681513422	private_dummy
104	3701	913007765	real
104	8462	17251681513422	private_dummy
105	3697	954546992	real
105	8463	17251681513422	private_dummy
106	3697	954546992	real
106	8464	17251681513422	private_dummy
107	3566	647430763	real
107	3569	704543517	real
107	8465	17251681513422	private_dummy
108	3572	459723160	real
108	3575	459723160	real
108	8466	17251681513422	private_dummy
109	3578	459723160	real
109	3581	459723160	real
109	8467	17251681513422	private_dummy
110	3584	647430763	real
110	3587	647430763	real
110	8468	17251681513422	private_dummy
111	3588	1109557844	real
111	3589	1109557844	real
111	8469	17251681513422	private_dummy
112	3741	783211990	real
112	8470	17251681513422	private_dummy
113	3741	861880462	real
113	8471	17251681513422	private_dummy
114	3569	704543517	real
114	8472	17251681513422	private_dummy
115	3637	300740766	real
115	3640	300740766	real
115	8473	17251681513422	private_dummy
116	3643	371846286	real
116	8474	17251681513422	private_dummy
117	3704	711996819	real
117	8475	17251681513422	private_dummy
118	3743	783211990	real
118	8476	17251681513422	private_dummy
119	3743	861880462	real
119	8477	17251681513422	private_dummy
120	3566	895769196	real
120	8478	17251681513422	private_dummy
121	3613	405465967	real
121	3616	462578721	real
121	8479	17251681513422	private_dummy
122	3619	285548266	real
122	3622	285548266	real
122	8480	17251681513422	private_dummy
123	3625	405465967	real
123	8481	17251681513422	private_dummy
124	3629	727471858	real
124	3630	727471858	real
124	8482	17251681513422	private_dummy
125	3745	875878519	real
125	8483	17251681513422	private_dummy
126	3745	1093176026	real
126	8484	17251681513422	private_dummy
127	3575	459723160	real
127	8485	17251681513422	private_dummy
128	3616	462578721	real
128	8486	17251681513422	private_dummy
129	3670	440438857	real
129	3673	440438857	real
129	8487	17251681513422	private_dummy
130	3707	692216429	real
130	8488	17251681513422	private_dummy
131	3747	438171934	real
131	8489	17251681513422	private_dummy
132	3747	655469441	real
132	8490	17251681513422	private_dummy
133	3572	525124244	real
133	8491	17251681513422	private_dummy
134	3613	628199503	real
134	8492	17251681513422	private_dummy
135	3651	382913971	real
135	3654	440026725	real
135	8493	17251681513422	private_dummy
136	3657	382913971	real
136	3660	382913971	real
136	8494	17251681513422	private_dummy
137	3662	625354492	real
137	3663	625354492	real
137	8495	17251681513422	private_dummy
138	3749	660905471	real
138	8496	17251681513422	private_dummy
139	3749	552394181	real
139	8497	17251681513422	private_dummy
140	3581	459723160	real
140	3603	459723160	real
140	8498	17251681513422	private_dummy
141	3622	285548266	real
141	3640	285548266	real
141	8499	17251681513422	private_dummy
142	3654	440026725	real
142	8500	17251681513422	private_dummy
143	3686	855895011	real
143	8501	17251681513422	private_dummy
144	3690	783211990	real
144	8502	17251681513422	private_dummy
145	3751	546692206	real
145	8503	17251681513422	private_dummy
146	3751	503582000	real
146	8504	17251681513422	private_dummy
147	3578	438906293	real
147	3600	438906293	real
147	8505	17251681513422	private_dummy
148	3619	313543580	real
148	3637	313543580	real
148	8506	17251681513422	private_dummy
149	3651	568241738	real
149	8507	17251681513422	private_dummy
150	3679	556136856	real
150	8508	17251681513422	private_dummy
151	3683	685312258	real
151	8509	17251681513422	private_dummy
152	3753	574687520	real
152	8510	17251681513422	private_dummy
153	3753	503582000	real
153	8511	17251681513422	private_dummy
154	3587	647430763	real
154	8512	17251681513422	private_dummy
155	3660	382913971	real
155	3673	382913971	real
155	8513	17251681513422	private_dummy
156	3709	1280892846	real
156	8514	17251681513422	private_dummy
157	3755	752827857	real
157	8515	17251681513422	private_dummy
158	3755	660905471	real
158	8516	17251681513422	private_dummy
159	3584	525124244	real
159	8517	17251681513422	private_dummy
160	3625	313543580	real
160	3643	313543580	real
160	8518	17251681513422	private_dummy
161	3657	339803765	real
161	3670	339803765	real
161	8519	17251681513422	private_dummy
162	3679	670359104	real
162	3686	727471858	real
162	8520	17251681513422	private_dummy
163	3694	952881950	real
163	3695	1009994705	real
163	8521	17251681513422	private_dummy
164	3757	660905471	real
164	8522	17251681513422	private_dummy
165	3757	660905471	real
165	8523	17251681513422	private_dummy
166	3589	1109557844	real
166	8524	17251681513422	private_dummy
167	3630	727471858	real
167	8525	17251681513422	private_dummy
168	3663	625354492	real
168	8526	17251681513422	private_dummy
169	3695	1009994705	real
169	8527	17251681513422	private_dummy
170	3759	1243846916	real
170	8528	17251681513422	private_dummy
171	3759	990100766	real
171	8529	17251681513422	private_dummy
172	3588	952881950	real
172	8530	17251681513422	private_dummy
173	3629	685312258	real
173	8531	17251681513422	private_dummy
174	3662	625354492	real
174	8532	17251681513422	private_dummy
175	3683	727471858	real
175	3690	727471858	real
175	8533	17251681513422	private_dummy
176	3694	1109557844	real
176	8534	17251681513422	private_dummy
177	3761	1005945527	real
177	8535	17251681513422	private_dummy
178	3761	897434237	real
178	8536	17251681513422	private_dummy
179	3721	840324744	real
179	3740	840324744	real
179	8537	17251681513422	private_dummy
180	3744	1009994705	real
180	8538	17251681513422	private_dummy
181	3746	761656271	real
181	8539	17251681513422	private_dummy
182	3721	978953779	real
182	3742	978953779	real
182	8540	17251681513422	private_dummy
183	3744	1088663177	real
183	8541	17251681513422	private_dummy
184	3746	761656271	real
184	8542	17251681513422	private_dummy
185	3748	639349752	real
185	8543	17251681513422	private_dummy
186	3750	573948669	real
186	8544	17251681513422	private_dummy
187	3748	639349752	real
187	8545	17251681513422	private_dummy
188	3750	573948669	real
188	8546	17251681513422	private_dummy
189	3752	553131802	real
189	8547	17251681513422	private_dummy
190	3754	573948669	real
190	8548	17251681513422	private_dummy
191	3752	553131802	real
191	8549	17251681513422	private_dummy
192	3754	573948669	real
192	8550	17251681513422	private_dummy
193	3756	639349752	real
193	8551	17251681513422	private_dummy
194	3758	761656271	real
194	8552	17251681513422	private_dummy
195	3756	639349752	real
195	8553	17251681513422	private_dummy
196	3758	761656271	real
196	8554	17251681513422	private_dummy
197	3760	1009994705	real
197	8555	17251681513422	private_dummy
198	3762	1088663177	real
198	8556	17251681513422	private_dummy
199	3760	1009994705	real
199	8557	17251681513422	private_dummy
200	3762	1009994705	real
200	8558	17251681513422	private_dummy
201	3722	446472507	real
201	8559	17251681513422	private_dummy
202	3722	585101542	real
202	8560	17251681513422	private_dummy
203	3719	1033210972	real
203	3720	761656271	real
203	8561	17251681513422	private_dummy
204	3719	1033210972	real
204	3720	875878519	real
204	8562	17251681513422	private_dummy
205	130	1702113907	real
205	131	1702113907	real
205	133	1702113907	real
205	8563	17251681513422	private_dummy
206	3	1702113907	real
206	4	1702113907	real
206	134	1702113907	real
206	8564	17251681513422	private_dummy
207	3565	1088663177	real
207	8565	17251681513422	private_dummy
208	3568	954546992	real
208	8566	17251681513422	private_dummy
209	3571	875350678	real
209	8567	17251681513422	private_dummy
210	3574	837944909	real
210	8568	17251681513422	private_dummy
211	3577	837944909	real
211	8569	17251681513422	private_dummy
212	3580	875350678	real
212	8570	17251681513422	private_dummy
213	3583	954546992	real
213	8571	17251681513422	private_dummy
214	3586	1088663177	real
214	8572	17251681513422	private_dummy
215	53	1404439436	real
215	54	1347326682	real
215	56	1347326682	real
215	57	1347326682	real
215	8573	17251681513422	private_dummy
216	59	1284404966	real
216	60	1227292212	real
216	62	1227292212	real
216	63	1227292212	real
216	8574	17251681513422	private_dummy
217	65	1208591486	real
217	66	1151478732	real
217	68	1151478732	real
217	69	1151478732	real
217	8575	17251681513422	private_dummy
218	71	1168458172	real
218	72	1111345418	real
218	74	1111345418	real
218	75	1111345418	real
218	8576	17251681513422	private_dummy
219	77	1160581975	real
219	78	1103469220	real
219	80	1103469220	real
219	81	1103469220	real
219	8577	17251681513422	private_dummy
220	83	1184357587	real
220	84	1127244833	real
220	86	1127244833	real
220	87	1127244833	real
220	8578	17251681513422	private_dummy
221	89	1241675220	real
221	90	1184562466	real
221	92	1184562466	real
221	93	1184562466	real
221	8579	17251681513422	private_dummy
222	95	1338005600	real
222	96	1280892846	real
222	98	1280892846	real
222	99	1280892846	real
222	8580	17251681513422	private_dummy
223	101	1487160959	real
223	102	1430048205	real
223	104	1430048205	real
223	105	1430048205	real
223	8581	17251681513422	private_dummy
224	107	1759226661	real
224	108	1702113907	real
224	8582	17251681513422	private_dummy
225	0	1702113907	real
225	2	1759226661	real
225	8583	17251681513422	private_dummy
226	56	1536494450	real
226	58	1536494450	real
226	8584	17251681513422	private_dummy
227	202	1184562466	real
227	203	1184562466	real
227	8585	17251681513422	private_dummy
228	8	1702113907	real
228	9	1702113907	real
228	212	1702113907	real
228	8586	17251681513422	private_dummy
229	3591	1009994705	real
229	8587	17251681513422	private_dummy
230	3593	761656271	real
230	8588	17251681513422	private_dummy
231	3595	639349752	real
231	8589	17251681513422	private_dummy
232	3597	573948669	real
232	8590	17251681513422	private_dummy
233	3599	553131802	real
233	8591	17251681513422	private_dummy
234	3765	573948669	real
234	8592	17251681513422	private_dummy
235	3605	639349752	real
235	8593	17251681513422	private_dummy
236	3607	761656271	real
236	8594	17251681513422	private_dummy
237	53	1593607205	real
237	55	1536494450	real
237	113	1536494450	real
237	8595	17251681513422	private_dummy
238	139	1284404966	real
238	140	1227292212	real
238	142	1227292212	real
238	143	1227292212	real
238	8596	17251681513422	private_dummy
239	145	1208591486	real
239	146	1151478732	real
239	148	1151478732	real
239	149	1151478732	real
239	8597	17251681513422	private_dummy
240	151	1168458172	real
240	152	1111345418	real
240	154	1111345418	real
240	155	1111345418	real
240	8598	17251681513422	private_dummy
241	157	1160581975	real
241	158	1103469220	real
241	160	1103469220	real
241	161	1103469220	real
241	8599	17251681513422	private_dummy
242	163	1184357587	real
242	164	1127244833	real
242	166	1127244833	real
242	167	1127244833	real
242	8600	17251681513422	private_dummy
243	169	1241675220	real
243	170	1184562466	real
243	172	1184562466	real
243	8601	17251681513422	private_dummy
244	174	1338005600	real
244	175	1280892846	real
244	177	1280892846	real
244	178	1280892846	real
244	8602	17251681513422	private_dummy
245	180	1487160959	real
245	181	1430048205	real
245	183	1430048205	real
245	184	1430048205	real
245	8603	17251681513422	private_dummy
246	186	1759226661	real
246	187	1702113907	real
246	189	1702113907	real
246	8604	17251681513422	private_dummy
247	5	1702113907	real
247	7	1759226661	real
247	8605	17251681513422	private_dummy
248	62	1536494450	real
248	64	1536494450	real
248	8606	17251681513422	private_dummy
249	142	1347326682	real
249	144	1347326682	real
249	8607	17251681513422	private_dummy
250	270	1127244833	real
250	271	1127244833	real
250	8608	17251681513422	private_dummy
251	275	1280892846	real
251	276	1280892846	real
251	8609	17251681513422	private_dummy
252	3767	1211545455	real
252	8610	17251681513422	private_dummy
253	3610	875878519	real
253	8611	17251681513422	private_dummy
254	3612	639349752	real
254	8612	17251681513422	private_dummy
255	3615	530838463	real
255	8613	17251681513422	private_dummy
256	3769	482026282	real
256	8614	17251681513422	private_dummy
257	3621	482026282	real
257	8615	17251681513422	private_dummy
258	3771	530838463	real
258	8616	17251681513422	private_dummy
259	3627	639349752	real
259	8617	17251681513422	private_dummy
260	59	1593607205	real
260	61	1536494450	real
260	115	1536494450	real
260	8618	17251681513422	private_dummy
261	139	1404439436	real
261	141	1347326682	real
261	193	1347326682	real
261	8619	17251681513422	private_dummy
262	217	1208591486	real
262	218	1151478732	real
262	220	1151478732	real
262	221	1151478732	real
262	8620	17251681513422	private_dummy
263	223	1168458172	real
263	224	1111345418	real
263	226	1111345418	real
263	227	1111345418	real
263	8621	17251681513422	private_dummy
264	229	1160581975	real
264	230	1103469220	real
264	232	1103469220	real
264	233	1103469220	real
264	8622	17251681513422	private_dummy
265	235	1184357587	real
265	236	1127244833	real
265	238	1127244833	real
265	8623	17251681513422	private_dummy
266	240	1241675220	real
266	241	1184562466	real
266	243	1184562466	real
266	244	1184562466	real
266	8624	17251681513422	private_dummy
267	246	1338005600	real
267	247	1280892846	real
267	249	1280892846	real
267	8625	17251681513422	private_dummy
268	251	1487160959	real
268	252	1430048205	real
268	254	1430048205	real
268	255	1430048205	real
268	8626	17251681513422	private_dummy
269	257	1759226661	real
269	258	1702113907	real
269	260	1702113907	real
269	8627	17251681513422	private_dummy
270	10	1702113907	real
270	12	1759226661	real
270	262	1702113907	real
270	8628	17251681513422	private_dummy
271	68	1536494450	real
271	70	1536494450	real
271	8629	17251681513422	private_dummy
272	148	1347326682	real
272	150	1347326682	real
272	8630	17251681513422	private_dummy
273	220	1227292212	real
273	222	1227292212	real
273	8631	17251681513422	private_dummy
274	327	1111345418	real
274	328	1111345418	real
274	8632	17251681513422	private_dummy
275	330	1103469220	real
275	331	1103469220	real
275	8633	17251681513422	private_dummy
276	335	1184562466	real
276	336	1184562466	real
276	8634	17251681513422	private_dummy
277	340	1430048205	real
277	341	1430048205	real
277	8635	17251681513422	private_dummy
278	3773	1211545455	real
278	8636	17251681513422	private_dummy
279	3775	1031550423	real
279	8637	17251681513422	private_dummy
280	3777	796682206	real
280	8638	17251681513422	private_dummy
281	3779	573948669	real
281	8639	17251681513422	private_dummy
282	3636	482026282	real
282	8640	17251681513422	private_dummy
283	3781	454030968	real
283	8641	17251681513422	private_dummy
284	3642	482026282	real
284	8642	17251681513422	private_dummy
285	3783	573948669	real
285	8643	17251681513422	private_dummy
286	65	1593607205	real
286	67	1536494450	real
286	117	1536494450	real
286	8644	17251681513422	private_dummy
287	145	1404439436	real
287	147	1347326682	real
287	195	1347326682	real
287	8645	17251681513422	private_dummy
288	217	1284404966	real
288	219	1227292212	real
288	265	1227292212	real
288	8646	17251681513422	private_dummy
289	288	1168458172	real
289	289	1111345418	real
289	291	1111345418	real
289	8647	17251681513422	private_dummy
290	293	1160581975	real
290	294	1103469220	real
290	296	1103469220	real
290	8648	17251681513422	private_dummy
291	298	1184357587	real
291	299	1127244833	real
291	301	1127244833	real
291	302	1127244833	real
291	8649	17251681513422	private_dummy
292	304	1241675220	real
292	305	1184562466	real
292	307	1184562466	real
292	8650	17251681513422	private_dummy
293	309	1338005600	real
293	310	1280892846	real
293	312	1280892846	real
293	313	1280892846	real
293	8651	17251681513422	private_dummy
294	315	1487160959	real
294	316	1430048205	real
294	318	1430048205	real
294	8652	17251681513422	private_dummy
295	320	1759226661	real
295	321	1702113907	real
295	323	1702113907	real
295	8653	17251681513422	private_dummy
296	14	1702113907	real
296	16	1759226661	real
296	325	1702113907	real
296	8654	17251681513422	private_dummy
297	74	1536494450	real
297	76	1536494450	real
297	8655	17251681513422	private_dummy
298	154	1347326682	real
298	156	1347326682	real
298	8656	17251681513422	private_dummy
299	226	1227292212	real
299	228	1227292212	real
299	8657	17251681513422	private_dummy
300	386	1103469220	real
300	387	1103469220	real
300	8658	17251681513422	private_dummy
301	393	1280892846	real
301	394	1280892846	real
301	8659	17251681513422	private_dummy
302	3785	1211545455	real
302	8660	17251681513422	private_dummy
303	3787	1031550423	real
303	8661	17251681513422	private_dummy
304	3632	921841024	real
304	8662	17251681513422	private_dummy
305	3789	759276436	real
305	8663	17251681513422	private_dummy
306	3650	553131802	real
306	8664	17251681513422	private_dummy
307	3653	482026282	real
307	8665	17251681513422	private_dummy
308	3791	482026282	real
308	8666	17251681513422	private_dummy
309	3659	553131802	real
309	8667	17251681513422	private_dummy
310	71	1593607205	real
310	73	1536494450	real
310	119	1536494450	real
310	8668	17251681513422	private_dummy
311	151	1404439436	real
311	153	1347326682	real
311	197	1347326682	real
311	8669	17251681513422	private_dummy
312	223	1284404966	real
312	225	1227292212	real
312	267	1227292212	real
312	8670	17251681513422	private_dummy
313	288	1208591486	real
313	290	1151478732	real
313	327	1151478732	real
313	329	1151478732	real
313	8671	17251681513422	private_dummy
314	351	1160581975	real
314	352	1103469220	real
314	354	1103469220	real
314	8672	17251681513422	private_dummy
315	356	1184357587	real
315	357	1127244833	real
315	359	1127244833	real
315	360	1127244833	real
315	8673	17251681513422	private_dummy
316	362	1241675220	real
316	363	1184562466	real
316	365	1184562466	real
316	366	1184562466	real
316	8674	17251681513422	private_dummy
317	368	1338005600	real
317	369	1280892846	real
317	371	1280892846	real
317	8675	17251681513422	private_dummy
318	373	1487160959	real
318	374	1430048205	real
318	376	1430048205	real
318	377	1430048205	real
318	8676	17251681513422	private_dummy
319	379	1759226661	real
319	380	1702113907	real
319	382	1702113907	real
319	8677	17251681513422	private_dummy
320	19	1702113907	real
320	21	1759226661	real
320	384	1702113907	real
320	8678	17251681513422	private_dummy
321	80	1536494450	real
321	82	1536494450	real
321	8679	17251681513422	private_dummy
322	160	1347326682	real
322	162	1347326682	real
322	8680	17251681513422	private_dummy
323	232	1227292212	real
323	234	1227292212	real
323	8681	17251681513422	private_dummy
324	435	1127244833	real
324	436	1127244833	real
324	8682	17251681513422	private_dummy
325	438	1184562466	real
325	439	1184562466	real
325	8683	17251681513422	private_dummy
326	3793	1211545455	real
326	8684	17251681513422	private_dummy
327	3795	1031550423	real
327	8685	17251681513422	private_dummy
328	3634	921841024	real
328	8686	17251681513422	private_dummy
329	3648	857837211	real
329	8687	17251681513422	private_dummy
330	3797	759276436	real
330	8688	17251681513422	private_dummy
331	3799	573948669	real
331	8689	17251681513422	private_dummy
332	3669	530838463	real
332	8690	17251681513422	private_dummy
333	3672	573948669	real
333	8691	17251681513422	private_dummy
334	77	1593607205	real
334	79	1536494450	real
334	121	1536494450	real
334	8692	17251681513422	private_dummy
335	157	1404439436	real
335	159	1347326682	real
335	199	1347326682	real
335	8693	17251681513422	private_dummy
336	229	1284404966	real
336	231	1227292212	real
336	269	1227292212	real
336	8694	17251681513422	private_dummy
337	293	1208591486	real
337	295	1151478732	real
337	330	1151478732	real
337	332	1151478732	real
337	8695	17251681513422	private_dummy
338	351	1168458172	real
338	353	1111345418	real
338	386	1111345418	real
338	388	1111345418	real
338	8696	17251681513422	private_dummy
339	406	1184357587	real
339	407	1127244833	real
339	409	1127244833	real
339	8697	17251681513422	private_dummy
340	411	1241675220	real
340	412	1184562466	real
340	414	1184562466	real
340	8698	17251681513422	private_dummy
341	416	1338005600	real
341	417	1280892846	real
341	419	1280892846	real
341	420	1280892846	real
341	8699	17251681513422	private_dummy
342	422	1487160959	real
342	423	1430048205	real
342	425	1430048205	real
342	426	1430048205	real
342	8700	17251681513422	private_dummy
343	428	1759226661	real
343	429	1702113907	real
343	431	1702113907	real
343	8701	17251681513422	private_dummy
344	23	1702113907	real
344	25	1759226661	real
344	433	1702113907	real
344	8702	17251681513422	private_dummy
345	86	1536494450	real
345	88	1536494450	real
345	8703	17251681513422	private_dummy
346	166	1347326682	real
346	168	1347326682	real
346	8704	17251681513422	private_dummy
347	301	1151478732	real
347	303	1151478732	real
347	8705	17251681513422	private_dummy
348	359	1111345418	real
348	361	1111345418	real
348	8706	17251681513422	private_dummy
349	477	1184562466	real
349	478	1184562466	real
349	8707	17251681513422	private_dummy
350	3801	1211545455	real
350	8708	17251681513422	private_dummy
351	3618	1031550423	real
351	8709	17251681513422	private_dummy
352	3803	921841024	real
352	8710	17251681513422	private_dummy
353	3805	857837211	real
353	8711	17251681513422	private_dummy
354	3665	831499126	real
354	8712	17251681513422	private_dummy
355	3807	796682206	real
355	8713	17251681513422	private_dummy
356	3678	639349752	real
356	8714	17251681513422	private_dummy
357	3681	639349752	real
357	8715	17251681513422	private_dummy
358	83	1593607205	real
358	85	1536494450	real
358	123	1536494450	real
358	8716	17251681513422	private_dummy
359	163	1404439436	real
359	165	1347326682	real
359	201	1347326682	real
359	8717	17251681513422	private_dummy
360	235	1284404966	real
360	237	1227292212	real
360	270	1227292212	real
360	272	1227292212	real
360	8718	17251681513422	private_dummy
361	298	1208591486	real
361	300	1151478732	real
361	334	1151478732	real
361	8719	17251681513422	private_dummy
362	356	1168458172	real
362	358	1111345418	real
362	390	1111345418	real
362	8720	17251681513422	private_dummy
363	406	1160581975	real
363	408	1103469220	real
363	435	1103469220	real
363	437	1103469220	real
363	8721	17251681513422	private_dummy
364	453	1241675220	real
364	454	1184562466	real
364	456	1184562466	real
364	8722	17251681513422	private_dummy
365	458	1338005600	real
365	459	1280892846	real
365	461	1280892846	real
365	462	1280892846	real
365	8723	17251681513422	private_dummy
366	464	1487160959	real
366	465	1430048205	real
366	467	1430048205	real
366	468	1430048205	real
366	8724	17251681513422	private_dummy
367	470	1759226661	real
367	471	1702113907	real
367	473	1702113907	real
367	8725	17251681513422	private_dummy
368	27	1702113907	real
368	29	1759226661	real
368	475	1702113907	real
368	8726	17251681513422	private_dummy
369	92	1536494450	real
369	94	1536494450	real
369	8727	17251681513422	private_dummy
370	243	1227292212	real
370	245	1227292212	real
370	8728	17251681513422	private_dummy
371	365	1111345418	real
371	367	1111345418	real
371	8729	17251681513422	private_dummy
372	34	1702113907	real
372	35	1702113907	real
372	517	1702113907	real
372	8730	17251681513422	private_dummy
373	3602	1211545455	real
373	8731	17251681513422	private_dummy
374	3809	1031550423	real
374	8732	17251681513422	private_dummy
375	3639	921841024	real
375	8733	17251681513422	private_dummy
376	3811	857837211	real
376	8734	17251681513422	private_dummy
377	3667	831499126	real
377	8735	17251681513422	private_dummy
378	3676	840211832	real
378	8736	17251681513422	private_dummy
379	3685	875878519	real
379	8737	17251681513422	private_dummy
380	3688	761656271	real
380	8738	17251681513422	private_dummy
381	89	1593607205	real
381	91	1536494450	real
381	125	1536494450	real
381	8739	17251681513422	private_dummy
382	169	1404439436	real
382	171	1347326682	real
382	202	1347326682	real
382	204	1347326682	real
382	8740	17251681513422	private_dummy
383	240	1284404966	real
383	242	1227292212	real
383	274	1227292212	real
383	8741	17251681513422	private_dummy
384	304	1208591486	real
384	306	1151478732	real
384	335	1151478732	real
384	337	1151478732	real
384	8742	17251681513422	private_dummy
385	362	1168458172	real
385	364	1111345418	real
385	392	1111345418	real
385	8743	17251681513422	private_dummy
386	411	1160581975	real
386	413	1103469220	real
386	438	1103469220	real
386	440	1103469220	real
386	8744	17251681513422	private_dummy
387	453	1184357587	real
387	455	1127244833	real
387	477	1127244833	real
387	479	1127244833	real
387	8745	17251681513422	private_dummy
388	492	1338005600	real
388	493	1280892846	real
388	495	1280892846	real
388	496	1280892846	real
388	8746	17251681513422	private_dummy
389	498	1487160959	real
389	499	1430048205	real
389	501	1430048205	real
389	502	1430048205	real
389	8747	17251681513422	private_dummy
390	504	1759226661	real
390	505	1702113907	real
390	507	1702113907	real
390	8748	17251681513422	private_dummy
391	31	1702113907	real
391	33	1759226661	real
391	8749	17251681513422	private_dummy
392	98	1536494450	real
392	100	1536494450	real
392	8750	17251681513422	private_dummy
393	177	1347326682	real
393	179	1347326682	real
393	8751	17251681513422	private_dummy
394	312	1151478732	real
394	314	1151478732	real
394	8752	17251681513422	private_dummy
395	419	1103469220	real
395	421	1103469220	real
395	8753	17251681513422	private_dummy
396	461	1127244833	real
396	463	1127244833	real
396	8754	17251681513422	private_dummy
397	495	1184562466	real
397	497	1184562466	real
397	8755	17251681513422	private_dummy
398	3813	1211545455	real
398	8756	17251681513422	private_dummy
399	3624	1031550423	real
399	8757	17251681513422	private_dummy
400	3815	921841024	real
400	8758	17251681513422	private_dummy
401	3656	857837211	real
401	8759	17251681513422	private_dummy
402	3817	831499126	real
402	8760	17251681513422	private_dummy
403	3819	840211832	real
403	8761	17251681513422	private_dummy
404	3821	884804312	real
404	8762	17251681513422	private_dummy
405	3692	1009994705	real
405	8763	17251681513422	private_dummy
406	95	1593607205	real
406	97	1536494450	real
406	127	1536494450	real
406	8764	17251681513422	private_dummy
407	174	1404439436	real
407	176	1347326682	real
407	206	1347326682	real
407	8765	17251681513422	private_dummy
408	246	1284404966	real
408	248	1227292212	real
408	275	1227292212	real
408	277	1227292212	real
408	8766	17251681513422	private_dummy
409	309	1208591486	real
409	311	1151478732	real
409	339	1151478732	real
409	8767	17251681513422	private_dummy
410	368	1168458172	real
410	370	1111345418	real
410	393	1111345418	real
410	395	1111345418	real
410	8768	17251681513422	private_dummy
411	416	1160581975	real
411	418	1103469220	real
411	442	1103469220	real
411	8769	17251681513422	private_dummy
412	458	1184357587	real
412	460	1127244833	real
412	481	1127244833	real
412	8770	17251681513422	private_dummy
413	492	1241675220	real
413	494	1184562466	real
413	511	1184562466	real
413	8771	17251681513422	private_dummy
414	522	1487160959	real
414	523	1430048205	real
414	525	1430048205	real
414	526	1430048205	real
414	8772	17251681513422	private_dummy
415	528	1759226661	real
415	529	1702113907	real
415	531	1702113907	real
415	8773	17251681513422	private_dummy
416	36	1702113907	real
416	38	1759226661	real
416	533	1702113907	real
416	8774	17251681513422	private_dummy
417	104	1536494450	real
417	106	1536494450	real
417	8775	17251681513422	private_dummy
418	183	1347326682	real
418	185	1347326682	real
418	8776	17251681513422	private_dummy
419	254	1227292212	real
419	256	1227292212	real
419	8777	17251681513422	private_dummy
420	376	1111345418	real
420	378	1111345418	real
420	8778	17251681513422	private_dummy
421	425	1103469220	real
421	427	1103469220	real
421	8779	17251681513422	private_dummy
422	467	1127244833	real
422	469	1127244833	real
422	8780	17251681513422	private_dummy
423	501	1184562466	real
423	503	1184562466	real
423	8781	17251681513422	private_dummy
424	525	1280892846	real
424	527	1280892846	real
424	8782	17251681513422	private_dummy
425	3823	1211545455	real
425	8783	17251681513422	private_dummy
426	3825	1031550423	real
426	8784	17251681513422	private_dummy
427	3645	921841024	real
427	8785	17251681513422	private_dummy
428	3827	857837211	real
428	8786	17251681513422	private_dummy
429	3829	831499126	real
429	8787	17251681513422	private_dummy
430	3831	840211832	real
430	8788	17251681513422	private_dummy
431	3833	884804312	real
431	8789	17251681513422	private_dummy
432	3835	970117258	real
432	8790	17251681513422	private_dummy
433	101	1593607205	real
433	103	1536494450	real
433	129	1536494450	real
433	8791	17251681513422	private_dummy
434	180	1404439436	real
434	182	1347326682	real
434	208	1347326682	real
434	8792	17251681513422	private_dummy
435	251	1284404966	real
435	253	1227292212	real
435	279	1227292212	real
435	8793	17251681513422	private_dummy
436	315	1208591486	real
436	317	1151478732	real
436	340	1151478732	real
436	342	1151478732	real
436	8794	17251681513422	private_dummy
437	373	1168458172	real
437	375	1111345418	real
437	397	1111345418	real
437	8795	17251681513422	private_dummy
438	422	1160581975	real
438	424	1103469220	real
438	444	1103469220	real
438	8796	17251681513422	private_dummy
439	464	1184357587	real
439	466	1127244833	real
439	483	1127244833	real
439	8797	17251681513422	private_dummy
440	498	1241675220	real
440	500	1184562466	real
440	513	1184562466	real
440	8798	17251681513422	private_dummy
441	522	1338005600	real
441	524	1280892846	real
441	536	1280892846	real
441	8799	17251681513422	private_dummy
442	545	1759226661	real
442	546	1702113907	real
442	548	1702113907	real
442	8800	17251681513422	private_dummy
443	40	1702113907	real
443	42	1780782379	real
443	550	1702113907	real
443	8801	17251681513422	private_dummy
444	189	1347326682	real
444	190	1347326682	real
444	8802	17251681513422	private_dummy
445	260	1227292212	real
445	261	1227292212	real
445	8803	17251681513422	private_dummy
446	323	1151478732	real
446	324	1151478732	real
446	8804	17251681513422	private_dummy
447	382	1111345418	real
447	383	1111345418	real
447	8805	17251681513422	private_dummy
448	431	1103469220	real
448	432	1103469220	real
448	8806	17251681513422	private_dummy
449	473	1127244833	real
449	474	1127244833	real
449	8807	17251681513422	private_dummy
450	507	1184562466	real
450	508	1184562466	real
450	8808	17251681513422	private_dummy
451	531	1280892846	real
451	532	1280892846	real
451	8809	17251681513422	private_dummy
452	548	1430048205	real
452	549	1430048205	real
452	554	1430048205	real
452	8810	17251681513422	private_dummy
453	3837	1211545455	real
453	8811	17251681513422	private_dummy
454	3839	1031550423	real
454	8812	17251681513422	private_dummy
455	3841	921841024	real
455	8813	17251681513422	private_dummy
456	3843	857837211	real
456	8814	17251681513422	private_dummy
457	3845	831499126	real
457	8815	17251681513422	private_dummy
458	3847	840211832	real
458	8816	17251681513422	private_dummy
459	3849	884804312	real
459	8817	17251681513422	private_dummy
460	3851	970117258	real
460	8818	17251681513422	private_dummy
461	107	1593607205	real
461	109	1536494450	real
461	130	1536494450	real
461	132	1536494450	real
461	8819	17251681513422	private_dummy
462	186	1404439436	real
462	188	1347326682	real
462	210	1347326682	real
462	8820	17251681513422	private_dummy
463	257	1284404966	real
463	259	1227292212	real
463	281	1227292212	real
463	8821	17251681513422	private_dummy
464	320	1208591486	real
464	322	1151478732	real
464	344	1151478732	real
464	8822	17251681513422	private_dummy
465	379	1168458172	real
465	381	1111345418	real
465	399	1111345418	real
465	8823	17251681513422	private_dummy
466	428	1160581975	real
466	430	1103469220	real
466	446	1103469220	real
466	8824	17251681513422	private_dummy
467	470	1184357587	real
467	472	1127244833	real
467	485	1127244833	real
467	8825	17251681513422	private_dummy
468	504	1241675220	real
468	506	1184562466	real
468	515	1184562466	real
468	8826	17251681513422	private_dummy
469	528	1338005600	real
469	530	1280892846	real
469	538	1280892846	real
469	8827	17251681513422	private_dummy
470	545	1487160959	real
470	547	1430048205	real
470	8828	17251681513422	private_dummy
471	45	1702113907	real
471	47	1702113907	real
471	559	1702113907	real
471	8829	17251681513422	private_dummy
472	262	1227292212	real
472	263	1227292212	real
472	284	1227292212	real
472	8830	17251681513422	private_dummy
473	325	1151478732	real
473	326	1151478732	real
473	347	1151478732	real
473	8831	17251681513422	private_dummy
474	384	1111345418	real
474	385	1111345418	real
474	402	1111345418	real
474	8832	17251681513422	private_dummy
475	433	1103469220	real
475	434	1103469220	real
475	449	1103469220	real
475	8833	17251681513422	private_dummy
476	475	1127244833	real
476	476	1127244833	real
476	488	1127244833	real
476	8834	17251681513422	private_dummy
477	533	1280892846	real
477	534	1280892846	real
477	541	1280892846	real
477	8835	17251681513422	private_dummy
478	550	1430048205	real
478	551	1430048205	real
478	8836	17251681513422	private_dummy
479	559	1702113907	real
479	560	1702113907	real
479	8837	17251681513422	private_dummy
480	0	1536494450	real
480	1	1536494450	real
480	3	1536494450	real
480	8838	17251681513422	private_dummy
481	5	1347326682	real
481	6	1347326682	real
481	8	1347326682	real
481	8839	17251681513422	private_dummy
482	10	1227292212	real
482	11	1227292212	real
482	8840	17251681513422	private_dummy
483	14	1151478732	real
483	15	1151478732	real
483	17	1151478732	real
483	8841	17251681513422	private_dummy
484	19	1111345418	real
484	20	1111345418	real
484	8842	17251681513422	private_dummy
485	23	1103469220	real
485	24	1103469220	real
485	8843	17251681513422	private_dummy
486	27	1127244833	real
486	28	1127244833	real
486	8844	17251681513422	private_dummy
487	31	1184562466	real
487	32	1184562466	real
487	34	1184562466	real
487	8845	17251681513422	private_dummy
488	36	1280892846	real
488	37	1280892846	real
488	8846	17251681513422	private_dummy
489	40	1430048205	real
489	41	1430048205	real
489	43	1430048205	real
489	8847	17251681513422	private_dummy
490	45	1702113907	real
490	46	1702113907	real
490	48	1702113907	real
490	8848	17251681513422	private_dummy
491	3734	1211545455	real
491	8849	17251681513422	private_dummy
492	3734	1268658209	real
492	8850	17251681513422	private_dummy
493	3735	818765765	real
493	8851	17251681513422	private_dummy
494	3735	875878519	real
494	8852	17251681513422	private_dummy
495	3736	702163682	real
495	8853	17251681513422	private_dummy
496	3736	759276436	real
496	8854	17251681513422	private_dummy
497	3737	739569451	real
497	8855	17251681513422	private_dummy
498	3737	796682206	real
498	8856	17251681513422	private_dummy
499	3738	952881950	real
499	8857	17251681513422	private_dummy
500	3738	1009994705	real
500	8858	17251681513422	private_dummy
501	3739	1211545455	real
501	8859	17251681513422	private_dummy
502	3739	1211545455	real
502	8860	17251681513422	private_dummy
503	799	1280892846	real
503	8861	17251681513422	private_dummy
504	786	1184562466	real
504	8862	17251681513422	private_dummy
505	770	1127244833	real
505	8863	17251681513422	private_dummy
506	750	1103469220	real
506	8864	17251681513422	private_dummy
507	725	1111345418	real
507	8865	17251681513422	private_dummy
508	699	1151478732	real
508	8866	17251681513422	private_dummy
509	664	1227292212	real
509	8867	17251681513422	private_dummy
510	626	1347326682	real
510	8868	17251681513422	private_dummy
511	813	1702113907	real
511	8869	17251681513422	private_dummy
512	796	1280892846	real
512	8870	17251681513422	private_dummy
513	783	1184562466	real
513	8871	17251681513422	private_dummy
514	767	1127244833	real
514	8872	17251681513422	private_dummy
515	747	1103469220	real
515	8873	17251681513422	private_dummy
516	722	1111345418	real
516	8874	17251681513422	private_dummy
517	707	1430048205	real
517	8875	17251681513422	private_dummy
518	661	1227292212	real
518	8876	17251681513422	private_dummy
519	623	1347326682	real
519	8877	17251681513422	private_dummy
520	581	1536494450	real
520	8878	17251681513422	private_dummy
521	809	1430048205	real
521	8879	17251681513422	private_dummy
522	781	1184562466	real
522	8880	17251681513422	private_dummy
523	765	1127244833	real
523	8881	17251681513422	private_dummy
524	745	1103469220	real
524	8882	17251681513422	private_dummy
525	732	1280892846	real
525	8883	17251681513422	private_dummy
526	693	1151478732	real
526	8884	17251681513422	private_dummy
527	675	1280892846	real
527	8885	17251681513422	private_dummy
528	621	1347326682	real
528	8886	17251681513422	private_dummy
529	579	1536494450	real
529	8887	17251681513422	private_dummy
530	39	1702113907	real
530	8888	17251681513422	private_dummy
531	772	1184562466	real
531	8889	17251681513422	private_dummy
532	753	1184562466	real
532	8890	17251681513422	private_dummy
533	717	1111345418	real
533	8891	17251681513422	private_dummy
534	704	1184562466	real
534	8892	17251681513422	private_dummy
535	656	1227292212	real
535	8893	17251681513422	private_dummy
536	638	1184562466	real
536	8894	17251681513422	private_dummy
537	577	1536494450	real
537	8895	17251681513422	private_dummy
538	35	1702113907	real
538	8896	17251681513422	private_dummy
539	752	1127244833	real
539	8897	17251681513422	private_dummy
540	715	1111345418	real
540	8898	17251681513422	private_dummy
541	688	1151478732	real
541	8899	17251681513422	private_dummy
542	672	1127244833	real
542	8900	17251681513422	private_dummy
543	616	1347326682	real
543	8901	17251681513422	private_dummy
544	575	1536494450	real
544	8902	17251681513422	private_dummy
545	30	1702113907	real
545	8903	17251681513422	private_dummy
546	727	1103469220	real
546	8904	17251681513422	private_dummy
547	701	1103469220	real
547	8905	17251681513422	private_dummy
548	651	1227292212	real
548	8906	17251681513422	private_dummy
549	614	1347326682	real
549	8907	17251681513422	private_dummy
550	573	1536494450	real
550	8908	17251681513422	private_dummy
551	26	1702113907	real
551	8909	17251681513422	private_dummy
552	700	1111345418	real
552	8910	17251681513422	private_dummy
553	649	1227292212	real
553	8911	17251681513422	private_dummy
554	612	1347326682	real
554	8912	17251681513422	private_dummy
555	571	1536494450	real
555	8913	17251681513422	private_dummy
556	22	1702113907	real
556	8914	17251681513422	private_dummy
557	647	1227292212	real
557	8915	17251681513422	private_dummy
558	610	1347326682	real
558	8916	17251681513422	private_dummy
559	569	1536494450	real
559	8917	17251681513422	private_dummy
560	608	1347326682	real
560	8918	17251681513422	private_dummy
561	567	1536494450	real
561	8919	17251681513422	private_dummy
562	13	1702113907	real
562	8920	17251681513422	private_dummy
563	565	1536494450	real
563	8921	17251681513422	private_dummy
564	9	1702113907	real
564	8922	17251681513422	private_dummy
565	4	1702113907	real
565	8923	17251681513422	private_dummy
566	3906	1151478732	real
566	8924	17251681513422	private_dummy
567	3904	757626495	real
567	8925	17251681513422	private_dummy
568	3909	1151478732	real
568	8926	17251681513422	private_dummy
569	3909	1151478732	real
569	8927	17251681513422	private_dummy
570	3895	389364245	real
570	3897	389364245	real
570	8928	17251681513422	private_dummy
571	3902	806438676	real
571	3903	806438676	real
571	8929	17251681513422	private_dummy
572	3890	343859956	real
572	3891	515190466	real
572	8930	17251681513422	private_dummy
573	3892	654888557	real
573	3894	654888557	real
573	8931	17251681513422	private_dummy
574	3916	554789753	real
574	8932	17251681513422	private_dummy
575	3891	515190466	real
575	8933	17251681513422	private_dummy
576	3900	826219067	real
576	8934	17251681513422	private_dummy
577	3918	554789753	real
577	8935	17251681513422	private_dummy
578	3890	640890500	real
578	8936	17251681513422	private_dummy
579	3898	357858012	real
579	8937	17251681513422	private_dummy
580	3920	1103469220	real
580	8938	17251681513422	private_dummy
581	3894	654888557	real
581	3897	654888557	real
581	8939	17251681513422	private_dummy
582	3905	600294042	real
582	8940	17251681513422	private_dummy
583	3922	897324586	real
583	8941	17251681513422	private_dummy
584	3892	389364245	real
584	3895	389364245	real
584	8942	17251681513422	private_dummy
585	3898	389364245	real
585	3900	560694755	real
585	8943	17251681513422	private_dummy
586	3924	586295985	real
586	8944	17251681513422	private_dummy
587	3911	1111879445	real
587	8945	17251681513422	private_dummy
588	3911	1111879445	real
588	8946	17251681513422	private_dummy
589	3909	1157383734	real
589	3910	718027208	real
589	3915	560694755	real
589	8947	17251681513422	private_dummy
590	3919	766839389	real
590	8948	17251681513422	private_dummy
591	3921	489589235	real
591	8949	17251681513422	private_dummy
592	3909	1171259123	real
592	3910	983551520	real
592	3917	826219067	real
592	8950	17251681513422	private_dummy
593	3919	963771130	real
593	8951	17251681513422	private_dummy
594	3921	489589235	real
594	8952	17251681513422	private_dummy
595	3908	686520976	real
595	8953	17251681513422	private_dummy
596	3923	560694755	real
596	8954	17251681513422	private_dummy
597	3925	766839389	real
597	8955	17251681513422	private_dummy
598	3908	686520976	real
598	8956	17251681513422	private_dummy
599	3923	560694755	real
599	8957	17251681513422	private_dummy
600	3925	766839389	real
600	8958	17251681513422	private_dummy
601	3907	686520976	real
601	8959	17251681513422	private_dummy
602	3907	983551520	real
602	8960	17251681513422	private_dummy
603	3863	371846286	real
603	3864	371846286	real
603	8961	17251681513422	private_dummy
604	3893	1009994705	real
604	8962	17251681513422	private_dummy
605	3889	1013926669	real
605	8963	17251681513422	private_dummy
606	3889	990100766	real
606	8964	17251681513422	private_dummy
607	3853	798782256	real
607	3854	855895011	real
607	8965	17251681513422	private_dummy
608	3855	597771310	real
608	3856	597771310	real
608	8966	17251681513422	private_dummy
609	3857	577990920	real
609	3858	577990920	real
609	8967	17251681513422	private_dummy
610	3859	726099236	real
610	3860	726099236	real
610	8968	17251681513422	private_dummy
611	3861	1109557844	real
611	3862	1109557844	real
611	8969	17251681513422	private_dummy
612	3933	921260140	real
612	8970	17251681513422	private_dummy
613	3933	897434237	real
613	8971	17251681513422	private_dummy
614	3854	855895011	real
614	8972	17251681513422	private_dummy
615	3872	300740766	real
615	3873	300740766	real
615	8973	17251681513422	private_dummy
616	3874	332246999	real
616	8974	17251681513422	private_dummy
617	3896	742425012	real
617	8975	17251681513422	private_dummy
618	3935	921260140	real
618	8976	17251681513422	private_dummy
619	3935	897434237	real
619	8977	17251681513422	private_dummy
620	3853	1052445090	real
620	8978	17251681513422	private_dummy
621	3865	440438857	real
621	3866	497551611	real
621	8979	17251681513422	private_dummy
622	3867	300740766	real
622	3868	300740766	real
622	8980	17251681513422	private_dummy
623	3869	381059179	real
623	8981	17251681513422	private_dummy
624	3870	783211990	real
624	3871	783211990	real
624	8982	17251681513422	private_dummy
625	3937	1013926669	real
625	8983	17251681513422	private_dummy
626	3937	1093176026	real
626	8984	17251681513422	private_dummy
627	3856	597771310	real
627	8985	17251681513422	private_dummy
628	3866	497551611	real
628	8986	17251681513422	private_dummy
629	3881	381059179	real
629	3882	381059179	real
629	8987	17251681513422	private_dummy
630	3899	682467246	real
630	8988	17251681513422	private_dummy
631	3939	576220084	real
631	8989	17251681513422	private_dummy
632	3939	655469441	real
632	8990	17251681513422	private_dummy
633	3855	670359104	real
633	8991	17251681513422	private_dummy
634	3865	670359104	real
634	8992	17251681513422	private_dummy
635	3875	371846286	real
635	3876	428959040	real
635	8993	17251681513422	private_dummy
636	3877	332246999	real
636	3878	332246999	real
636	8994	17251681513422	private_dummy
637	3879	635103674	real
637	3880	635103674	real
637	8995	17251681513422	private_dummy
638	3941	806140331	real
638	8996	17251681513422	private_dummy
639	3941	516840406	real
639	8997	17251681513422	private_dummy
640	3858	577990920	real
640	3864	577990920	real
640	8998	17251681513422	private_dummy
641	3868	300740766	real
641	3873	300740766	real
641	8999	17251681513422	private_dummy
642	3876	428959040	real
642	9000	17251681513422	private_dummy
643	3885	783211990	real
643	9001	17251681513422	private_dummy
644	3886	727471858	real
644	9002	17251681513422	private_dummy
645	3943	664959966	real
645	9003	17251681513422	private_dummy
646	3943	468028226	real
646	9004	17251681513422	private_dummy
647	3857	568241738	real
647	3863	568241738	real
647	9005	17251681513422	private_dummy
648	3867	339803765	real
648	3872	339803765	real
648	9006	17251681513422	private_dummy
649	3875	568241738	real
649	9007	17251681513422	private_dummy
650	3883	489570469	real
650	9008	17251681513422	private_dummy
651	3884	654884065	real
651	9009	17251681513422	private_dummy
652	3945	704022965	real
652	9010	17251681513422	private_dummy
653	3945	468028226	real
653	9011	17251681513422	private_dummy
654	3860	726099236	real
654	9012	17251681513422	private_dummy
655	3878	332246999	real
655	3882	332246999	real
655	9013	17251681513422	private_dummy
656	3901	1280892846	real
656	9014	17251681513422	private_dummy
657	3947	831496330	real
657	9015	17251681513422	private_dummy
658	3947	625351696	real
658	9016	17251681513422	private_dummy
659	3859	628199503	real
659	9017	17251681513422	private_dummy
660	3869	313543580	real
660	3874	313543580	real
660	9018	17251681513422	private_dummy
661	3877	313543580	real
661	3881	313543580	real
661	9019	17251681513422	private_dummy
662	3883	628199503	real
662	3885	685312258	real
662	9020	17251681513422	private_dummy
663	3887	855895011	real
663	3888	913007765	real
663	9021	17251681513422	private_dummy
664	3949	763980730	real
664	9022	17251681513422	private_dummy
665	3949	625351696	real
665	9023	17251681513422	private_dummy
666	3862	1109557844	real
666	9024	17251681513422	private_dummy
667	3871	783211990	real
667	9025	17251681513422	private_dummy
668	3880	635103674	real
668	9026	17251681513422	private_dummy
669	3888	913007765	real
669	9027	17251681513422	private_dummy
670	3951	1243846916	real
670	9028	17251681513422	private_dummy
671	3951	954546992	real
671	9029	17251681513422	private_dummy
672	3861	952881950	real
672	9030	17251681513422	private_dummy
673	3870	582236998	real
673	9031	17251681513422	private_dummy
674	3879	496019047	real
674	9032	17251681513422	private_dummy
675	3884	582236998	real
675	3886	582236998	real
675	9033	17251681513422	private_dummy
676	3887	952881950	real
676	9034	17251681513422	private_dummy
677	3953	1005945527	real
677	9035	17251681513422	private_dummy
678	3953	897434237	real
678	9036	17251681513422	private_dummy
679	3913	875878519	real
679	3932	875878519	real
679	9037	17251681513422	private_dummy
680	3936	1009994705	real
680	9038	17251681513422	private_dummy
681	3938	761656271	real
681	9039	17251681513422	private_dummy
682	3913	978953779	real
682	3934	978953779	real
682	9040	17251681513422	private_dummy
683	3936	1088663177	real
683	9041	17251681513422	private_dummy
684	3938	761656271	real
684	9042	17251681513422	private_dummy
685	3940	639349752	real
685	9043	17251681513422	private_dummy
686	3942	573948669	real
686	9044	17251681513422	private_dummy
687	3940	639349752	real
687	9045	17251681513422	private_dummy
688	3942	573948669	real
688	9046	17251681513422	private_dummy
689	3944	553131802	real
689	9047	17251681513422	private_dummy
690	3946	573948669	real
690	9048	17251681513422	private_dummy
691	3944	553131802	real
691	9049	17251681513422	private_dummy
692	3946	573948669	real
692	9050	17251681513422	private_dummy
693	3948	639349752	real
693	9051	17251681513422	private_dummy
694	3950	761656271	real
694	9052	17251681513422	private_dummy
695	3948	639349752	real
695	9053	17251681513422	private_dummy
696	3950	761656271	real
696	9054	17251681513422	private_dummy
697	3952	1009994705	real
697	9055	17251681513422	private_dummy
698	3954	1009994705	real
698	9056	17251681513422	private_dummy
699	3952	1009994705	real
699	9057	17251681513422	private_dummy
700	3954	1009994705	real
700	9058	17251681513422	private_dummy
701	3914	482026282	real
701	9059	17251681513422	private_dummy
702	3914	585101542	real
702	9060	17251681513422	private_dummy
703	3911	1111879445	real
703	3912	840324744	real
703	9061	17251681513422	private_dummy
704	3911	1136286232	real
704	3912	978953779	real
704	9062	17251681513422	private_dummy
705	584	1536494450	real
705	585	1536494450	real
705	9063	17251681513422	private_dummy
706	48	1702113907	real
706	49	1702113907	real
706	9064	17251681513422	private_dummy
707	806	1487160959	real
707	808	1430048205	real
707	810	1430048205	real
707	9065	17251681513422	private_dummy
708	797	1338005600	real
708	803	1280892846	real
708	9066	17251681513422	private_dummy
709	784	1241675220	real
709	792	1184562466	real
709	9067	17251681513422	private_dummy
710	768	1184357587	real
710	777	1127244833	real
710	9068	17251681513422	private_dummy
711	748	1160581975	real
711	758	1103469220	real
711	9069	17251681513422	private_dummy
712	723	1168458172	real
712	735	1111345418	real
712	9070	17251681513422	private_dummy
713	697	1208591486	real
713	708	1151478732	real
713	9071	17251681513422	private_dummy
714	662	1284404966	real
714	678	1227292212	real
714	9072	17251681513422	private_dummy
715	624	1404439436	real
715	643	1347326682	real
715	9073	17251681513422	private_dummy
716	582	1593607205	real
716	9074	17251681513422	private_dummy
717	46	1702113907	real
717	47	1702113907	real
717	9075	17251681513422	private_dummy
718	3956	1109557844	real
718	9076	17251681513422	private_dummy
719	3958	934563483	real
719	9077	17251681513422	private_dummy
720	3960	830547118	real
720	9078	17251681513422	private_dummy
721	3962	773151825	real
721	9079	17251681513422	private_dummy
722	3964	754689937	real
722	9080	17251681513422	private_dummy
723	3966	773151825	real
723	9081	17251681513422	private_dummy
724	3968	830547118	real
724	9082	17251681513422	private_dummy
725	3970	934563483	real
725	9083	17251681513422	private_dummy
726	810	1702113907	real
726	9084	17251681513422	private_dummy
727	695	1151478732	real
727	696	1151478732	real
727	9085	17251681513422	private_dummy
728	43	1702113907	real
728	44	1702113907	real
728	9086	17251681513422	private_dummy
729	806	1759226661	real
729	807	1702113907	real
729	9087	17251681513422	private_dummy
730	795	1338005600	real
730	801	1280892846	real
730	9088	17251681513422	private_dummy
731	782	1241675220	real
731	790	1184562466	real
731	9089	17251681513422	private_dummy
732	766	1184357587	real
732	775	1127244833	real
732	9090	17251681513422	private_dummy
733	746	1160581975	real
733	756	1103469220	real
733	9091	17251681513422	private_dummy
734	721	1168458172	real
734	733	1111345418	real
734	9092	17251681513422	private_dummy
735	694	1208591486	real
735	9093	17251681513422	private_dummy
736	660	1284404966	real
736	676	1227292212	real
736	9094	17251681513422	private_dummy
737	622	1404439436	real
737	641	1347326682	real
737	9095	17251681513422	private_dummy
738	580	1593607205	real
738	603	1536494450	real
738	9096	17251681513422	private_dummy
739	41	1702113907	real
739	42	1780782379	real
739	9097	17251681513422	private_dummy
740	3973	1245339071	real
740	9098	17251681513422	private_dummy
741	3975	934563483	real
741	9099	17251681513422	private_dummy
742	3977	770586556	real
742	9100	17251681513422	private_dummy
743	3979	679295344	real
743	9101	17251681513422	private_dummy
744	3981	636962957	real
744	9102	17251681513422	private_dummy
745	3983	636962957	real
745	9103	17251681513422	private_dummy
746	3985	679295344	real
746	9104	17251681513422	private_dummy
747	3987	770586556	real
747	9105	17251681513422	private_dummy
748	803	1702113907	real
748	9106	17251681513422	private_dummy
749	801	1430048205	real
749	802	1430048205	real
749	9107	17251681513422	private_dummy
750	719	1111345418	real
750	720	1111345418	real
750	9108	17251681513422	private_dummy
751	658	1227292212	real
751	659	1227292212	real
751	9109	17251681513422	private_dummy
752	797	1759226661	real
752	798	1702113907	real
752	9110	17251681513422	private_dummy
753	795	1487160959	real
753	9111	17251681513422	private_dummy
754	780	1241675220	real
754	788	1184562466	real
754	9112	17251681513422	private_dummy
755	764	1184357587	real
755	773	1127244833	real
755	9113	17251681513422	private_dummy
756	744	1160581975	real
756	754	1103469220	real
756	9114	17251681513422	private_dummy
757	718	1168458172	real
757	9115	17251681513422	private_dummy
758	692	1208591486	real
758	705	1151478732	real
758	9116	17251681513422	private_dummy
759	657	1284404966	real
759	9117	17251681513422	private_dummy
760	620	1404439436	real
760	639	1347326682	real
760	9118	17251681513422	private_dummy
761	578	1593607205	real
761	601	1536494450	real
761	9119	17251681513422	private_dummy
762	37	1702113907	real
762	38	1759226661	real
762	800	1702113907	real
762	9120	17251681513422	private_dummy
763	3990	1430048205	real
763	9121	17251681513422	private_dummy
764	3992	1130305272	real
764	9122	17251681513422	private_dummy
765	3994	830547118	real
765	9123	17251681513422	private_dummy
766	3996	679295344	real
766	9124	17251681513422	private_dummy
767	3998	603067038	real
767	9125	17251681513422	private_dummy
768	4000	579196540	real
768	9126	17251681513422	private_dummy
769	4002	603067038	real
769	9127	17251681513422	private_dummy
770	4004	679295344	real
770	9128	17251681513422	private_dummy
771	792	1702113907	real
771	9129	17251681513422	private_dummy
772	790	1430048205	real
772	791	1430048205	real
772	9130	17251681513422	private_dummy
773	788	1280892846	real
773	789	1280892846	real
773	9131	17251681513422	private_dummy
774	762	1127244833	real
774	763	1127244833	real
774	9132	17251681513422	private_dummy
775	742	1103469220	real
775	743	1103469220	real
775	9133	17251681513422	private_dummy
776	690	1151478732	real
776	691	1151478732	real
776	9134	17251681513422	private_dummy
777	618	1347326682	real
777	619	1347326682	real
777	9135	17251681513422	private_dummy
778	784	1759226661	real
778	785	1702113907	real
778	9136	17251681513422	private_dummy
779	782	1487160959	real
779	9137	17251681513422	private_dummy
780	780	1338005600	real
780	9138	17251681513422	private_dummy
781	761	1184357587	real
781	9139	17251681513422	private_dummy
782	741	1160581975	real
782	9140	17251681513422	private_dummy
783	716	1168458172	real
783	730	1111345418	real
783	9141	17251681513422	private_dummy
784	689	1208591486	real
784	9142	17251681513422	private_dummy
785	655	1284404966	real
785	673	1227292212	real
785	9143	17251681513422	private_dummy
786	617	1404439436	real
786	9144	17251681513422	private_dummy
787	576	1593607205	real
787	599	1536494450	real
787	9145	17251681513422	private_dummy
788	32	1702113907	real
788	33	1759226661	real
788	787	1702113907	real
788	9146	17251681513422	private_dummy
789	4007	1430048205	real
789	9147	17251681513422	private_dummy
790	4009	1280892846	real
790	9148	17251681513422	private_dummy
791	4011	1060184826	real
791	9149	17251681513422	private_dummy
792	4013	773151825	real
792	9150	17251681513422	private_dummy
793	4015	636962957	real
793	9151	17251681513422	private_dummy
794	4017	579196540	real
794	9152	17251681513422	private_dummy
795	4019	579196540	real
795	9153	17251681513422	private_dummy
796	4021	636962957	real
796	9154	17251681513422	private_dummy
797	777	1702113907	real
797	9155	17251681513422	private_dummy
798	775	1430048205	real
798	776	1430048205	real
798	9156	17251681513422	private_dummy
799	773	1280892846	real
799	774	1280892846	real
799	9157	17251681513422	private_dummy
800	739	1103469220	real
800	740	1103469220	real
800	9158	17251681513422	private_dummy
801	653	1227292212	real
801	654	1227292212	real
801	9159	17251681513422	private_dummy
802	768	1759226661	real
802	769	1702113907	real
802	9160	17251681513422	private_dummy
803	766	1487160959	real
803	9161	17251681513422	private_dummy
804	764	1338005600	real
804	9162	17251681513422	private_dummy
805	761	1241675220	real
805	762	1184562466	real
805	9163	17251681513422	private_dummy
806	738	1160581975	real
806	9164	17251681513422	private_dummy
807	714	1168458172	real
807	728	1111345418	real
807	9165	17251681513422	private_dummy
808	687	1208591486	real
808	702	1151478732	real
808	9166	17251681513422	private_dummy
809	652	1284404966	real
809	9167	17251681513422	private_dummy
810	615	1404439436	real
810	636	1347326682	real
810	9168	17251681513422	private_dummy
811	574	1593607205	real
811	597	1536494450	real
811	9169	17251681513422	private_dummy
812	28	1702113907	real
812	29	1759226661	real
812	771	1702113907	real
812	9170	17251681513422	private_dummy
813	4024	1430048205	real
813	9171	17251681513422	private_dummy
814	4026	1280892846	real
814	9172	17251681513422	private_dummy
815	4028	1184562466	real
815	9173	17251681513422	private_dummy
816	4030	1026660031	real
816	9174	17251681513422	private_dummy
817	4032	754689937	real
817	9175	17251681513422	private_dummy
818	4034	636962957	real
818	9176	17251681513422	private_dummy
819	4036	603067038	real
819	9177	17251681513422	private_dummy
820	4038	636962957	real
820	9178	17251681513422	private_dummy
821	758	1702113907	real
821	9179	17251681513422	private_dummy
822	756	1430048205	real
822	757	1430048205	real
822	9180	17251681513422	private_dummy
823	754	1280892846	real
823	755	1280892846	real
823	9181	17251681513422	private_dummy
824	712	1111345418	real
824	713	1111345418	real
824	9182	17251681513422	private_dummy
825	685	1151478732	real
825	686	1151478732	real
825	9183	17251681513422	private_dummy
826	748	1759226661	real
826	749	1702113907	real
826	9184	17251681513422	private_dummy
827	746	1487160959	real
827	9185	17251681513422	private_dummy
828	744	1338005600	real
828	9186	17251681513422	private_dummy
829	741	1241675220	real
829	742	1184562466	real
829	9187	17251681513422	private_dummy
830	738	1184357587	real
830	739	1127244833	real
830	9188	17251681513422	private_dummy
831	711	1168458172	real
831	9189	17251681513422	private_dummy
832	684	1208591486	real
832	9190	17251681513422	private_dummy
833	650	1284404966	real
833	670	1227292212	real
833	9191	17251681513422	private_dummy
834	613	1404439436	real
834	634	1347326682	real
834	9192	17251681513422	private_dummy
835	572	1593607205	real
835	595	1536494450	real
835	9193	17251681513422	private_dummy
836	24	1702113907	real
836	25	1759226661	real
836	751	1702113907	real
836	9194	17251681513422	private_dummy
837	4041	1430048205	real
837	9195	17251681513422	private_dummy
838	4043	1280892846	real
838	9196	17251681513422	private_dummy
839	4045	1184562466	real
839	9197	17251681513422	private_dummy
840	4047	1127244833	real
840	9198	17251681513422	private_dummy
841	4049	1026660031	real
841	9199	17251681513422	private_dummy
842	4051	773151825	real
842	9200	17251681513422	private_dummy
843	4053	679295344	real
843	9201	17251681513422	private_dummy
844	4055	679295344	real
844	9202	17251681513422	private_dummy
845	735	1702113907	real
845	9203	17251681513422	private_dummy
846	733	1430048205	real
846	734	1430048205	real
846	9204	17251681513422	private_dummy
847	730	1184562466	real
847	731	1184562466	real
847	9205	17251681513422	private_dummy
848	728	1127244833	real
848	729	1127244833	real
848	9206	17251681513422	private_dummy
849	682	1151478732	real
849	683	1151478732	real
849	9207	17251681513422	private_dummy
850	723	1759226661	real
850	724	1702113907	real
850	9208	17251681513422	private_dummy
851	721	1487160959	real
851	9209	17251681513422	private_dummy
852	718	1338005600	real
852	719	1280892846	real
852	9210	17251681513422	private_dummy
853	716	1241675220	real
853	9211	17251681513422	private_dummy
854	714	1184357587	real
854	9212	17251681513422	private_dummy
855	711	1160581975	real
855	712	1103469220	real
855	9213	17251681513422	private_dummy
856	681	1208591486	real
856	9214	17251681513422	private_dummy
857	648	1284404966	real
857	668	1227292212	real
857	9215	17251681513422	private_dummy
858	611	1404439436	real
858	632	1347326682	real
858	9216	17251681513422	private_dummy
859	570	1593607205	real
859	593	1536494450	real
859	9217	17251681513422	private_dummy
860	20	1702113907	real
860	21	1759226661	real
860	726	1702113907	real
860	9218	17251681513422	private_dummy
861	4058	1430048205	real
861	9219	17251681513422	private_dummy
862	4060	1280892846	real
862	9220	17251681513422	private_dummy
863	4062	1184562466	real
863	9221	17251681513422	private_dummy
864	4064	1127244833	real
864	9222	17251681513422	private_dummy
865	4066	1103469220	real
865	9223	17251681513422	private_dummy
866	4068	1060184826	real
866	9224	17251681513422	private_dummy
867	4070	830547118	real
867	9225	17251681513422	private_dummy
868	4072	770586556	real
868	9226	17251681513422	private_dummy
869	708	1702113907	real
869	9227	17251681513422	private_dummy
870	705	1280892846	real
870	706	1280892846	real
870	9228	17251681513422	private_dummy
871	702	1127244833	real
871	703	1127244833	real
871	9229	17251681513422	private_dummy
872	17	1702113907	real
872	18	1702113907	real
872	9230	17251681513422	private_dummy
873	697	1759226661	real
873	698	1702113907	real
873	9231	17251681513422	private_dummy
874	694	1487160959	real
874	695	1430048205	real
874	9232	17251681513422	private_dummy
875	692	1338005600	real
875	9233	17251681513422	private_dummy
876	689	1241675220	real
876	690	1184562466	real
876	9234	17251681513422	private_dummy
877	687	1184357587	real
877	9235	17251681513422	private_dummy
878	684	1160581975	real
878	685	1103469220	real
878	9236	17251681513422	private_dummy
879	681	1168458172	real
879	682	1111345418	real
879	9237	17251681513422	private_dummy
880	646	1284404966	real
880	666	1227292212	real
880	9238	17251681513422	private_dummy
881	609	1404439436	real
881	630	1347326682	real
881	9239	17251681513422	private_dummy
882	568	1593607205	real
882	591	1536494450	real
882	9240	17251681513422	private_dummy
883	15	1702113907	real
883	16	1759226661	real
883	9241	17251681513422	private_dummy
884	4075	1430048205	real
884	9242	17251681513422	private_dummy
885	4077	1280892846	real
885	9243	17251681513422	private_dummy
886	4079	1184562466	real
886	9244	17251681513422	private_dummy
887	4081	1127244833	real
887	9245	17251681513422	private_dummy
888	4083	1103469220	real
888	9246	17251681513422	private_dummy
889	4085	1111345418	real
889	9247	17251681513422	private_dummy
890	4087	1130305272	real
890	9248	17251681513422	private_dummy
891	4089	934563483	real
891	9249	17251681513422	private_dummy
892	678	1702113907	real
892	9250	17251681513422	private_dummy
893	676	1430048205	real
893	677	1430048205	real
893	9251	17251681513422	private_dummy
894	673	1184562466	real
894	674	1184562466	real
894	9252	17251681513422	private_dummy
895	670	1103469220	real
895	671	1103469220	real
895	9253	17251681513422	private_dummy
896	668	1111345418	real
896	669	1111345418	real
896	9254	17251681513422	private_dummy
897	666	1151478732	real
897	667	1151478732	real
897	9255	17251681513422	private_dummy
898	662	1759226661	real
898	663	1702113907	real
898	9256	17251681513422	private_dummy
899	660	1487160959	real
899	9257	17251681513422	private_dummy
900	657	1338005600	real
900	658	1280892846	real
900	9258	17251681513422	private_dummy
901	655	1241675220	real
901	9259	17251681513422	private_dummy
902	652	1184357587	real
902	653	1127244833	real
902	9260	17251681513422	private_dummy
903	650	1160581975	real
903	9261	17251681513422	private_dummy
904	648	1168458172	real
904	9262	17251681513422	private_dummy
905	646	1208591486	real
905	9263	17251681513422	private_dummy
906	607	1404439436	real
906	628	1347326682	real
906	9264	17251681513422	private_dummy
907	566	1593607205	real
907	589	1536494450	real
907	9265	17251681513422	private_dummy
908	11	1702113907	real
908	12	1759226661	real
908	665	1702113907	real
908	9266	17251681513422	private_dummy
909	4092	1430048205	real
909	9267	17251681513422	private_dummy
910	4094	1280892846	real
910	9268	17251681513422	private_dummy
911	4096	1184562466	real
911	9269	17251681513422	private_dummy
912	4098	1127244833	real
912	9270	17251681513422	private_dummy
913	4100	1103469220	real
913	9271	17251681513422	private_dummy
914	4102	1111345418	real
914	9272	17251681513422	private_dummy
915	4104	1151478732	real
915	9273	17251681513422	private_dummy
916	4106	1245339071	real
916	9274	17251681513422	private_dummy
917	643	1702113907	real
917	9275	17251681513422	private_dummy
918	641	1430048205	real
918	642	1430048205	real
918	9276	17251681513422	private_dummy
919	639	1280892846	real
919	640	1280892846	real
919	9277	17251681513422	private_dummy
920	636	1127244833	real
920	637	1127244833	real
920	9278	17251681513422	private_dummy
921	634	1103469220	real
921	635	1103469220	real
921	9279	17251681513422	private_dummy
922	632	1111345418	real
922	633	1111345418	real
922	9280	17251681513422	private_dummy
923	630	1151478732	real
923	631	1151478732	real
923	9281	17251681513422	private_dummy
924	628	1227292212	real
924	629	1227292212	real
924	9282	17251681513422	private_dummy
925	624	1759226661	real
925	625	1702113907	real
925	9283	17251681513422	private_dummy
926	622	1487160959	real
926	9284	17251681513422	private_dummy
927	620	1338005600	real
927	9285	17251681513422	private_dummy
928	617	1241675220	real
928	618	1184562466	real
928	9286	17251681513422	private_dummy
929	615	1184357587	real
929	9287	17251681513422	private_dummy
930	613	1160581975	real
930	9288	17251681513422	private_dummy
931	611	1168458172	real
931	9289	17251681513422	private_dummy
932	609	1208591486	real
932	9290	17251681513422	private_dummy
933	607	1284404966	real
933	9291	17251681513422	private_dummy
934	564	1593607205	real
934	587	1536494450	real
934	9292	17251681513422	private_dummy
935	6	1702113907	real
935	7	1759226661	real
935	627	1702113907	real
935	9293	17251681513422	private_dummy
936	4109	1430048205	real
936	9294	17251681513422	private_dummy
937	4111	1280892846	real
937	9295	17251681513422	private_dummy
938	4113	1184562466	real
938	9296	17251681513422	private_dummy
939	4115	1127244833	real
939	9297	17251681513422	private_dummy
940	4117	1103469220	real
940	9298	17251681513422	private_dummy
941	4119	1111345418	real
941	9299	17251681513422	private_dummy
942	4121	1151478732	real
942	9300	17251681513422	private_dummy
943	4123	1227292212	real
943	9301	17251681513422	private_dummy
944	603	1430048205	real
944	604	1430048205	real
944	9302	17251681513422	private_dummy
945	601	1280892846	real
945	602	1280892846	real
945	9303	17251681513422	private_dummy
946	599	1184562466	real
946	600	1184562466	real
946	9304	17251681513422	private_dummy
947	597	1127244833	real
947	598	1127244833	real
947	9305	17251681513422	private_dummy
948	595	1103469220	real
948	596	1103469220	real
948	9306	17251681513422	private_dummy
949	593	1111345418	real
949	594	1111345418	real
949	9307	17251681513422	private_dummy
950	591	1151478732	real
950	592	1151478732	real
950	9308	17251681513422	private_dummy
951	589	1227292212	real
951	590	1227292212	real
951	9309	17251681513422	private_dummy
952	587	1347326682	real
952	588	1347326682	real
952	9310	17251681513422	private_dummy
953	582	1759226661	real
953	583	1702113907	real
953	584	1702113907	real
953	9311	17251681513422	private_dummy
954	580	1487160959	real
954	9312	17251681513422	private_dummy
955	578	1338005600	real
955	9313	17251681513422	private_dummy
956	576	1241675220	real
956	9314	17251681513422	private_dummy
957	574	1184357587	real
957	9315	17251681513422	private_dummy
958	572	1160581975	real
958	9316	17251681513422	private_dummy
959	570	1168458172	real
959	9317	17251681513422	private_dummy
960	568	1208591486	real
960	9318	17251681513422	private_dummy
961	566	1284404966	real
961	9319	17251681513422	private_dummy
962	564	1404439436	real
962	9320	17251681513422	private_dummy
963	1	1702113907	real
963	2	1759226661	real
963	586	1702113907	real
963	9321	17251681513422	private_dummy
964	4126	1430048205	real
964	9322	17251681513422	private_dummy
965	4128	1280892846	real
965	9323	17251681513422	private_dummy
966	4130	1184562466	real
966	9324	17251681513422	private_dummy
967	4132	1127244833	real
967	9325	17251681513422	private_dummy
968	4134	1103469220	real
968	9326	17251681513422	private_dummy
969	4136	1111345418	real
969	9327	17251681513422	private_dummy
970	4138	1151478732	real
970	9328	17251681513422	private_dummy
971	4140	1227292212	real
971	9329	17251681513422	private_dummy
972	800	1280892846	real
972	9330	17251681513422	private_dummy
973	787	1184562466	real
973	9331	17251681513422	private_dummy
974	771	1127244833	real
974	9332	17251681513422	private_dummy
975	751	1103469220	real
975	9333	17251681513422	private_dummy
976	726	1111345418	real
976	9334	17251681513422	private_dummy
977	665	1227292212	real
977	9335	17251681513422	private_dummy
978	627	1347326682	real
978	9336	17251681513422	private_dummy
979	586	1536494450	real
979	9337	17251681513422	private_dummy
980	3926	1268658209	real
980	9338	17251681513422	private_dummy
981	3926	1268658209	real
981	9339	17251681513422	private_dummy
982	3927	875878519	real
982	9340	17251681513422	private_dummy
983	3927	875878519	real
983	9341	17251681513422	private_dummy
984	3928	759276436	real
984	9342	17251681513422	private_dummy
985	3928	759276436	real
985	9343	17251681513422	private_dummy
986	3929	796682206	real
986	9344	17251681513422	private_dummy
987	3929	796682206	real
987	9345	17251681513422	private_dummy
988	3930	1009994705	real
988	9346	17251681513422	private_dummy
989	3930	1009994705	real
989	9347	17251681513422	private_dummy
990	3931	1268658209	real
990	9348	17251681513422	private_dummy
991	3931	1211545455	real
991	9349	17251681513422	private_dummy
992	110	1869695623	real
992	585	1869695623	real
992	9350	17251681513422	private_dummy
993	111	1869695623	real
993	9351	17251681513422	private_dummy
994	915	1284404966	real
994	9352	17251681513422	private_dummy
995	917	1208591486	real
995	9353	17251681513422	private_dummy
996	919	1168458172	real
996	9354	17251681513422	private_dummy
997	921	1160581975	real
997	9355	17251681513422	private_dummy
998	923	1184357587	real
998	9356	17251681513422	private_dummy
999	895	1404439436	real
999	9357	17251681513422	private_dummy
1000	929	1338005600	real
1000	9358	17251681513422	private_dummy
1001	931	1487160959	real
1001	9359	17251681513422	private_dummy
1002	933	1759226661	real
1002	9360	17251681513422	private_dummy
1003	914	1404439436	real
1003	936	1347326682	real
1003	9361	17251681513422	private_dummy
1004	987	1208591486	real
1004	9362	17251681513422	private_dummy
1005	989	1168458172	real
1005	9363	17251681513422	private_dummy
1006	991	1160581975	real
1006	9364	17251681513422	private_dummy
1007	962	1284404966	real
1007	9365	17251681513422	private_dummy
1008	996	1241675220	real
1008	998	1184562466	real
1008	9366	17251681513422	private_dummy
1009	972	1284404966	real
1009	9367	17251681513422	private_dummy
1010	1002	1487160959	real
1010	9368	17251681513422	private_dummy
1011	1004	1759226661	real
1011	9369	17251681513422	private_dummy
1012	822	1430048205	real
1012	1006	1430048205	real
1012	9370	17251681513422	private_dummy
1013	1015	1208591486	real
1013	9371	17251681513422	private_dummy
1014	1020	1208591486	real
1014	9372	17251681513422	private_dummy
1015	1056	1184357587	real
1015	9373	17251681513422	private_dummy
1016	1030	1208591486	real
1016	9374	17251681513422	private_dummy
1017	1062	1338005600	real
1017	9375	17251681513422	private_dummy
1018	1041	1208591486	real
1018	9376	17251681513422	private_dummy
1019	1067	1759226661	real
1019	9377	17251681513422	private_dummy
1020	827	1430048205	real
1020	1069	1430048205	real
1020	9378	17251681513422	private_dummy
1021	1078	1168458172	real
1021	9379	17251681513422	private_dummy
1022	1112	1184357587	real
1022	9380	17251681513422	private_dummy
1023	1114	1241675220	real
1023	1116	1184562466	real
1023	9381	17251681513422	private_dummy
1024	1094	1168458172	real
1024	9382	17251681513422	private_dummy
1025	1120	1487160959	real
1025	9383	17251681513422	private_dummy
1026	1122	1759226661	real
1026	9384	17251681513422	private_dummy
1027	831	1430048205	real
1027	1124	1430048205	real
1027	9385	17251681513422	private_dummy
1028	1133	1160581975	real
1028	9386	17251681513422	private_dummy
1029	1137	1160581975	real
1029	9387	17251681513422	private_dummy
1030	1165	1338005600	real
1030	9388	17251681513422	private_dummy
1031	1167	1487160959	real
1031	9389	17251681513422	private_dummy
1032	1169	1759226661	real
1032	9390	17251681513422	private_dummy
1033	835	1430048205	real
1033	1171	1430048205	real
1033	9391	17251681513422	private_dummy
1034	1179	1184357587	real
1034	1203	1127244833	real
1034	9392	17251681513422	private_dummy
1035	1204	1338005600	real
1035	9393	17251681513422	private_dummy
1036	1206	1487160959	real
1036	9394	17251681513422	private_dummy
1037	1208	1759226661	real
1037	9395	17251681513422	private_dummy
1038	839	1430048205	real
1038	1210	1430048205	real
1038	9396	17251681513422	private_dummy
1039	1233	1338005600	real
1039	9397	17251681513422	private_dummy
1040	1235	1487160959	real
1040	9398	17251681513422	private_dummy
1041	1237	1759226661	real
1041	9399	17251681513422	private_dummy
1042	1232	1241675220	real
1042	1240	1184562466	real
1042	9400	17251681513422	private_dummy
1043	1258	1487160959	real
1043	9401	17251681513422	private_dummy
1044	1260	1759226661	real
1044	9402	17251681513422	private_dummy
1045	848	1430048205	real
1045	1262	1430048205	real
1045	9403	17251681513422	private_dummy
1046	1275	1759226661	real
1046	9404	17251681513422	private_dummy
1047	853	1430048205	real
1047	1277	1430048205	real
1047	9405	17251681513422	private_dummy
1048	858	1430048205	real
1048	1284	1430048205	real
1048	9406	17251681513422	private_dummy
1049	4276	978953779	real
1049	9407	17251681513422	private_dummy
1050	4274	633453734	real
1050	9408	17251681513422	private_dummy
1051	4279	941917066	real
1051	9409	17251681513422	private_dummy
1052	4279	1003072071	real
1052	9410	17251681513422	private_dummy
1053	4265	208081990	real
1053	4267	222080046	real
1053	9411	17251681513422	private_dummy
1054	4272	791246176	real
1054	4273	791246176	real
1054	9412	17251681513422	private_dummy
1055	4260	146923723	real
1055	4261	318254233	real
1055	9413	17251681513422	private_dummy
1056	4262	576220084	real
1056	4264	562222027	real
1056	9414	17251681513422	private_dummy
1057	4286	357853520	real
1057	9415	17251681513422	private_dummy
1058	4261	318254233	real
1058	9416	17251681513422	private_dummy
1059	4270	611361727	real
1059	9417	17251681513422	private_dummy
1060	4288	318254233	real
1060	9418	17251681513422	private_dummy
1061	4260	424173877	real
1061	9419	17251681513422	private_dummy
1062	4268	204036478	real
1062	9420	17251681513422	private_dummy
1063	4290	831499126	real
1063	9421	17251681513422	private_dummy
1064	4264	562222027	real
1064	4267	576220084	real
1064	9422	17251681513422	private_dummy
1065	4275	446472507	real
1065	9423	17251681513422	private_dummy
1066	4292	773151825	real
1066	9424	17251681513422	private_dummy
1067	4262	232027299	real
1067	4265	218029243	real
1067	9425	17251681513422	private_dummy
1068	4268	440031217	real
1068	4270	611361727	real
1068	9426	17251681513422	private_dummy
1069	4294	389359753	real
1069	9427	17251681513422	private_dummy
1070	4281	963472784	real
1070	9428	17251681513422	private_dummy
1071	4281	884804312	real
1071	9429	17251681513422	private_dummy
1072	4279	941917066	real
1072	4280	518041534	real
1072	4285	414966275	real
1072	9430	17251681513422	private_dummy
1073	4289	598359948	real
1073	9431	17251681513422	private_dummy
1074	4291	321109794	real
1074	9432	17251681513422	private_dummy
1075	4279	1022852462	real
1075	4280	872181572	real
1075	4287	733552537	real
1075	9433	17251681513422	private_dummy
1076	4289	852401182	real
1076	9434	17251681513422	private_dummy
1077	4291	378219287	real
1077	9435	17251681513422	private_dummy
1078	4278	617071282	real
1078	9436	17251681513422	private_dummy
1079	4293	392215313	real
1079	9437	17251681513422	private_dummy
1080	4295	736988982	real
1080	9438	17251681513422	private_dummy
1081	4278	456883268	real
1081	9439	17251681513422	private_dummy
1082	4293	449324807	real
1082	9440	17251681513422	private_dummy
1083	4295	576800968	real
1083	9441	17251681513422	private_dummy
1084	4277	456883268	real
1084	9442	17251681513422	private_dummy
1085	4277	734133422	real
1085	9443	17251681513422	private_dummy
1086	4162	332246999	real
1086	4165	332246999	real
1086	9444	17251681513422	private_dummy
1087	4263	913007765	real
1087	9445	17251681513422	private_dummy
1088	4259	954546992	real
1088	9446	17251681513422	private_dummy
1089	4259	954546992	real
1089	9447	17251681513422	private_dummy
1090	4142	726099236	real
1090	4143	783211990	real
1090	9448	17251681513422	private_dummy
1091	4144	577990920	real
1091	4145	577990920	real
1091	9449	17251681513422	private_dummy
1092	4146	597771310	real
1092	4147	597771310	real
1092	9450	17251681513422	private_dummy
1093	4148	798782256	real
1093	4149	798782256	real
1093	9451	17251681513422	private_dummy
1094	4150	1109557844	real
1094	4151	1052445090	real
1094	9452	17251681513422	private_dummy
1095	4303	861880462	real
1095	9453	17251681513422	private_dummy
1096	4303	861880462	real
1096	9454	17251681513422	private_dummy
1097	4143	704543517	real
1097	9455	17251681513422	private_dummy
1098	4199	300740766	real
1098	4202	300740766	real
1098	9456	17251681513422	private_dummy
1099	4205	371846286	real
1099	9457	17251681513422	private_dummy
1100	4266	554664365	real
1100	9458	17251681513422	private_dummy
1101	4305	704543517	real
1101	9459	17251681513422	private_dummy
1102	4305	783211990	real
1102	9460	17251681513422	private_dummy
1103	4142	895769196	real
1103	9461	17251681513422	private_dummy
1104	4175	405465967	real
1104	4178	462578721	real
1104	9462	17251681513422	private_dummy
1105	4181	285548266	real
1105	4184	285548266	real
1105	9463	17251681513422	private_dummy
1106	4187	405465967	real
1106	9464	17251681513422	private_dummy
1107	4191	613249611	real
1107	4192	613249611	real
1107	9465	17251681513422	private_dummy
1108	4307	783211990	real
1108	9466	17251681513422	private_dummy
1109	4307	1000509497	real
1109	9467	17251681513422	private_dummy
1110	4145	459723160	real
1110	9468	17251681513422	private_dummy
1111	4178	462578721	real
1111	9469	17251681513422	private_dummy
1112	4232	440438857	real
1112	4235	440438857	real
1112	9470	17251681513422	private_dummy
1113	4269	486071794	real
1113	9471	17251681513422	private_dummy
1114	4309	359503461	real
1114	9472	17251681513422	private_dummy
1115	4309	576800968	real
1115	9473	17251681513422	private_dummy
1116	4144	525124244	real
1116	9474	17251681513422	private_dummy
1117	4175	628199503	real
1117	9475	17251681513422	private_dummy
1118	4213	382913971	real
1118	4216	440026725	real
1118	9476	17251681513422	private_dummy
1119	4219	382913971	real
1119	4222	382913971	real
1119	9477	17251681513422	private_dummy
1120	4224	440026725	real
1120	4225	440026725	real
1120	9478	17251681513422	private_dummy
1121	4311	582236998	real
1121	9479	17251681513422	private_dummy
1122	4311	473725708	real
1122	9480	17251681513422	private_dummy
1123	4147	459723160	real
1123	4165	459723160	real
1123	9481	17251681513422	private_dummy
1124	4184	285548266	real
1124	4202	285548266	real
1124	9482	17251681513422	private_dummy
1125	4216	440026725	real
1125	9483	17251681513422	private_dummy
1126	4248	855895011	real
1126	9484	17251681513422	private_dummy
1127	4252	546683223	real
1127	9485	17251681513422	private_dummy
1128	4313	468023734	real
1128	9486	17251681513422	private_dummy
1129	4313	424913528	real
1129	9487	17251681513422	private_dummy
1130	4146	438906293	real
1130	4162	438906293	real
1130	9488	17251681513422	private_dummy
1131	4181	313543580	real
1131	4199	313543580	real
1131	9489	17251681513422	private_dummy
1132	4213	568241738	real
1132	9490	17251681513422	private_dummy
1133	4241	556136856	real
1133	9491	17251681513422	private_dummy
1134	4245	462578721	real
1134	9492	17251681513422	private_dummy
1135	4315	496019047	real
1135	9493	17251681513422	private_dummy
1136	4315	424913528	real
1136	9494	17251681513422	private_dummy
1137	4149	647430763	real
1137	9495	17251681513422	private_dummy
1138	4222	382913971	real
1138	4235	382913971	real
1138	9496	17251681513422	private_dummy
1139	4271	1027230012	real
1139	9497	17251681513422	private_dummy
1140	4317	674159385	real
1140	9498	17251681513422	private_dummy
1141	4317	582236998	real
1141	9499	17251681513422	private_dummy
1142	4148	525124244	real
1142	9500	17251681513422	private_dummy
1143	4187	313543580	real
1143	4205	313543580	real
1143	9501	17251681513422	private_dummy
1144	4219	339803765	real
1144	4232	339803765	real
1144	9502	17251681513422	private_dummy
1145	4241	670359104	real
1145	4248	727471858	real
1145	9503	17251681513422	private_dummy
1146	4256	704543517	real
1146	4257	761656271	real
1146	9504	17251681513422	private_dummy
1147	4319	582236998	real
1147	9505	17251681513422	private_dummy
1148	4319	582236998	real
1148	9506	17251681513422	private_dummy
1149	4151	1052445090	real
1149	9507	17251681513422	private_dummy
1150	4192	613249611	real
1150	9508	17251681513422	private_dummy
1151	4225	440026725	real
1151	9509	17251681513422	private_dummy
1152	4257	761656271	real
1152	9510	17251681513422	private_dummy
1153	4321	1151180387	real
1153	9511	17251681513422	private_dummy
1154	4321	897434237	real
1154	9512	17251681513422	private_dummy
1155	4150	952881950	real
1155	9513	17251681513422	private_dummy
1156	4191	685312258	real
1156	9514	17251681513422	private_dummy
1157	4224	625354492	real
1157	9515	17251681513422	private_dummy
1158	4245	727471858	real
1158	4252	727471858	real
1158	9516	17251681513422	private_dummy
1159	4256	1109557844	real
1159	9517	17251681513422	private_dummy
1160	4323	927277054	real
1160	9518	17251681513422	private_dummy
1161	4323	818765765	real
1161	9519	17251681513422	private_dummy
1162	4283	783211990	real
1162	4302	840324744	real
1162	9520	17251681513422	private_dummy
1163	4306	952881950	real
1163	9521	17251681513422	private_dummy
1164	4308	704543517	real
1164	9522	17251681513422	private_dummy
1165	4283	921841024	real
1165	4304	921841024	real
1165	9523	17251681513422	private_dummy
1166	4306	1031550423	real
1166	9524	17251681513422	private_dummy
1167	4308	704543517	real
1167	9525	17251681513422	private_dummy
1168	4310	582236998	real
1168	9526	17251681513422	private_dummy
1169	4312	516835914	real
1169	9527	17251681513422	private_dummy
1170	4310	582236998	real
1170	9528	17251681513422	private_dummy
1171	4312	516835914	real
1171	9529	17251681513422	private_dummy
1172	4314	496019047	real
1172	9530	17251681513422	private_dummy
1173	4316	516835914	real
1173	9531	17251681513422	private_dummy
1174	4314	496019047	real
1174	9532	17251681513422	private_dummy
1175	4316	516835914	real
1175	9533	17251681513422	private_dummy
1176	4318	582236998	real
1176	9534	17251681513422	private_dummy
1177	4320	704543517	real
1177	9535	17251681513422	private_dummy
1178	4318	582236998	real
1178	9536	17251681513422	private_dummy
1179	4320	704543517	real
1179	9537	17251681513422	private_dummy
1180	4322	952881950	real
1180	9538	17251681513422	private_dummy
1181	4324	1031550423	real
1181	9539	17251681513422	private_dummy
1182	4322	952881950	real
1182	9540	17251681513422	private_dummy
1183	4324	1031550423	real
1183	9541	17251681513422	private_dummy
1184	4284	322299745	real
1184	9542	17251681513422	private_dummy
1185	4284	460928780	real
1185	9543	17251681513422	private_dummy
1186	4281	884804312	real
1186	4282	613249611	real
1186	9544	17251681513422	private_dummy
1187	4281	884804312	real
1187	4282	727471858	real
1187	9545	17251681513422	private_dummy
1188	562	1430048205	real
1188	563	1430048205	real
1188	586	1430048205	real
1188	9546	17251681513422	private_dummy
1189	4139	1088663177	real
1189	4141	1337001611	real
1189	9547	17251681513422	private_dummy
1190	4137	954546992	real
1190	9548	17251681513422	private_dummy
1191	4135	875350678	real
1191	9549	17251681513422	private_dummy
1192	4133	837944909	real
1192	9550	17251681513422	private_dummy
1193	4131	837944909	real
1193	9551	17251681513422	private_dummy
1194	4129	875350678	real
1194	9552	17251681513422	private_dummy
1195	4127	954546992	real
1195	9553	17251681513422	private_dummy
1196	4125	1088663177	real
1196	9554	17251681513422	private_dummy
1197	50	1487160959	real
1197	51	1430048205	real
1197	9555	17251681513422	private_dummy
1198	57	1869695623	real
1198	58	1869695623	real
1198	565	1869695623	real
1198	9556	17251681513422	private_dummy
1199	925	1184562466	real
1199	926	1241675220	real
1199	928	1184562466	real
1199	9557	17251681513422	private_dummy
1200	817	1430048205	real
1200	818	1487160959	real
1200	935	1430048205	real
1200	9558	17251681513422	private_dummy
1201	4153	1031550423	real
1201	9559	17251681513422	private_dummy
1202	4155	783211990	real
1202	9560	17251681513422	private_dummy
1203	4157	660905471	real
1203	9561	17251681513422	private_dummy
1204	4159	595504387	real
1204	9562	17251681513422	private_dummy
1205	4161	574687520	real
1205	9563	17251681513422	private_dummy
1206	4326	595504387	real
1206	9564	17251681513422	private_dummy
1207	4167	660905471	real
1207	9565	17251681513422	private_dummy
1208	4169	783211990	real
1208	9566	17251681513422	private_dummy
1209	54	1869695623	real
1209	55	1869695623	real
1209	9567	17251681513422	private_dummy
1210	862	1284404966	real
1210	863	1284404966	real
1210	865	1227292212	real
1210	866	1227292212	real
1210	9568	17251681513422	private_dummy
1211	868	1208591486	real
1211	869	1208591486	real
1211	871	1151478732	real
1211	872	1151478732	real
1211	9569	17251681513422	private_dummy
1212	874	1168458172	real
1212	875	1168458172	real
1212	877	1111345418	real
1212	878	1111345418	real
1212	9570	17251681513422	private_dummy
1213	880	1160581975	real
1213	881	1160581975	real
1213	883	1103469220	real
1213	884	1103469220	real
1213	9571	17251681513422	private_dummy
1214	886	1184357587	real
1214	887	1184357587	real
1214	889	1127244833	real
1214	890	1127244833	real
1214	9572	17251681513422	private_dummy
1215	892	1241675220	real
1215	893	1241675220	real
1215	9573	17251681513422	private_dummy
1216	896	1338005600	real
1216	897	1338005600	real
1216	899	1280892846	real
1216	900	1280892846	real
1216	9574	17251681513422	private_dummy
1217	902	1487160959	real
1217	903	1487160959	real
1217	905	1430048205	real
1217	906	1430048205	real
1217	9575	17251681513422	private_dummy
1218	908	1759226661	real
1218	909	1759226661	real
1218	911	1702113907	real
1218	912	1702113907	real
1218	9576	17251681513422	private_dummy
1219	814	1430048205	real
1219	816	1487160959	real
1219	9577	17251681513422	private_dummy
1220	63	1869695623	real
1220	64	1869695623	real
1220	567	1869695623	real
1220	9578	17251681513422	private_dummy
1221	865	1347326682	real
1221	867	1404439436	real
1221	9579	17251681513422	private_dummy
1222	993	1127244833	real
1222	994	1184357587	real
1222	9580	17251681513422	private_dummy
1223	999	1280892846	real
1223	1000	1338005600	real
1223	9581	17251681513422	private_dummy
1224	4328	1211545455	real
1224	9582	17251681513422	private_dummy
1225	4172	783211990	real
1225	9583	17251681513422	private_dummy
1226	4174	546683223	real
1226	9584	17251681513422	private_dummy
1227	4177	438171934	real
1227	9585	17251681513422	private_dummy
1228	4330	389359753	real
1228	9586	17251681513422	private_dummy
1229	4183	389359753	real
1229	9587	17251681513422	private_dummy
1230	4332	438171934	real
1230	9588	17251681513422	private_dummy
1231	4189	546683223	real
1231	9589	17251681513422	private_dummy
1232	60	1869695623	real
1232	61	1869695623	real
1232	9590	17251681513422	private_dummy
1233	862	1404439436	real
1233	864	1404439436	real
1233	916	1347326682	real
1233	9591	17251681513422	private_dummy
1234	940	1208591486	real
1234	941	1208591486	real
1234	943	1151478732	real
1234	944	1151478732	real
1234	9592	17251681513422	private_dummy
1235	946	1168458172	real
1235	947	1168458172	real
1235	949	1111345418	real
1235	950	1111345418	real
1235	9593	17251681513422	private_dummy
1236	952	1160581975	real
1236	953	1160581975	real
1236	955	1103469220	real
1236	956	1103469220	real
1236	9594	17251681513422	private_dummy
1237	958	1184357587	real
1237	959	1184357587	real
1237	961	1127244833	real
1237	9595	17251681513422	private_dummy
1238	963	1241675220	real
1238	964	1241675220	real
1238	966	1184562466	real
1238	9596	17251681513422	private_dummy
1239	968	1338005600	real
1239	969	1338005600	real
1239	971	1280892846	real
1239	9597	17251681513422	private_dummy
1240	973	1487160959	real
1240	974	1487160959	real
1240	976	1430048205	real
1240	977	1430048205	real
1240	9598	17251681513422	private_dummy
1241	979	1759226661	real
1241	980	1759226661	real
1241	982	1702113907	real
1241	983	1702113907	real
1241	9599	17251681513422	private_dummy
1242	819	1430048205	real
1242	821	1487160959	real
1242	985	1430048205	real
1242	9600	17251681513422	private_dummy
1243	69	1869695623	real
1243	70	1869695623	real
1243	569	1869695623	real
1243	9601	17251681513422	private_dummy
1244	871	1347326682	real
1244	873	1404439436	real
1244	9602	17251681513422	private_dummy
1245	943	1227292212	real
1245	945	1284404966	real
1245	9603	17251681513422	private_dummy
1246	1050	1111345418	real
1246	1051	1168458172	real
1246	9604	17251681513422	private_dummy
1247	1053	1103469220	real
1247	1054	1160581975	real
1247	9605	17251681513422	private_dummy
1248	1058	1184562466	real
1248	1059	1241675220	real
1248	1061	1184562466	real
1248	9606	17251681513422	private_dummy
1249	1064	1430048205	real
1249	1065	1487160959	real
1249	9607	17251681513422	private_dummy
1250	4334	1211545455	real
1250	9608	17251681513422	private_dummy
1251	4336	952881950	real
1251	9609	17251681513422	private_dummy
1252	4338	685312258	real
1252	9610	17251681513422	private_dummy
1253	4340	462578721	real
1253	9611	17251681513422	private_dummy
1254	4198	370656334	real
1254	9612	17251681513422	private_dummy
1255	4342	342661020	real
1255	9613	17251681513422	private_dummy
1256	4204	370656334	real
1256	9614	17251681513422	private_dummy
1257	4344	462578721	real
1257	9615	17251681513422	private_dummy
1258	66	1869695623	real
1258	67	1869695623	real
1258	9616	17251681513422	private_dummy
1259	868	1404439436	real
1259	870	1404439436	real
1259	918	1347326682	real
1259	9617	17251681513422	private_dummy
1260	940	1284404966	real
1260	942	1284404966	real
1260	988	1227292212	real
1260	9618	17251681513422	private_dummy
1261	1011	1168458172	real
1261	1012	1168458172	real
1261	1014	1111345418	real
1261	9619	17251681513422	private_dummy
1262	1016	1160581975	real
1262	1017	1160581975	real
1262	1019	1103469220	real
1262	9620	17251681513422	private_dummy
1263	1021	1184357587	real
1263	1022	1184357587	real
1263	1024	1127244833	real
1263	1025	1127244833	real
1263	9621	17251681513422	private_dummy
1264	1027	1241675220	real
1264	1028	1241675220	real
1264	9622	17251681513422	private_dummy
1265	1031	1338005600	real
1265	1032	1338005600	real
1265	1034	1280892846	real
1265	1035	1280892846	real
1265	9623	17251681513422	private_dummy
1266	1037	1487160959	real
1266	1038	1487160959	real
1266	1040	1430048205	real
1266	9624	17251681513422	private_dummy
1267	1042	1759226661	real
1267	1043	1759226661	real
1267	1045	1702113907	real
1267	1046	1702113907	real
1267	9625	17251681513422	private_dummy
1268	823	1430048205	real
1268	825	1487160959	real
1268	1048	1430048205	real
1268	9626	17251681513422	private_dummy
1269	75	1869695623	real
1269	76	1869695623	real
1269	571	1869695623	real
1269	9627	17251681513422	private_dummy
1270	877	1347326682	real
1270	879	1404439436	real
1270	9628	17251681513422	private_dummy
1271	949	1227292212	real
1271	951	1284404966	real
1271	9629	17251681513422	private_dummy
1272	1109	1103469220	real
1272	1110	1160581975	real
1272	9630	17251681513422	private_dummy
1273	1117	1280892846	real
1273	1118	1338005600	real
1273	9631	17251681513422	private_dummy
1274	4346	1211545455	real
1274	9632	17251681513422	private_dummy
1275	4348	952881950	real
1275	9633	17251681513422	private_dummy
1276	4194	818765765	real
1276	9634	17251681513422	private_dummy
1277	4350	635103674	real
1277	9635	17251681513422	private_dummy
1278	4212	428959040	real
1278	9636	17251681513422	private_dummy
1279	4215	357853520	real
1279	9637	17251681513422	private_dummy
1280	4352	357853520	real
1280	9638	17251681513422	private_dummy
1281	4221	428959040	real
1281	9639	17251681513422	private_dummy
1282	72	1869695623	real
1282	73	1869695623	real
1282	9640	17251681513422	private_dummy
1283	874	1404439436	real
1283	876	1404439436	real
1283	920	1347326682	real
1283	9641	17251681513422	private_dummy
1284	946	1284404966	real
1284	948	1284404966	real
1284	990	1227292212	real
1284	9642	17251681513422	private_dummy
1285	1011	1208591486	real
1285	1013	1208591486	real
1285	1050	1151478732	real
1285	1052	1151478732	real
1285	9643	17251681513422	private_dummy
1286	1074	1160581975	real
1286	1075	1160581975	real
1286	1077	1103469220	real
1286	9644	17251681513422	private_dummy
1287	1079	1184357587	real
1287	1080	1184357587	real
1287	1082	1127244833	real
1287	1083	1127244833	real
1287	9645	17251681513422	private_dummy
1288	1085	1241675220	real
1288	1086	1241675220	real
1288	1088	1184562466	real
1288	9646	17251681513422	private_dummy
1289	1090	1338005600	real
1289	1091	1338005600	real
1289	1093	1280892846	real
1289	9647	17251681513422	private_dummy
1290	1095	1487160959	real
1290	1096	1487160959	real
1290	1098	1430048205	real
1290	1099	1430048205	real
1290	9648	17251681513422	private_dummy
1291	1101	1759226661	real
1291	1102	1759226661	real
1291	1104	1702113907	real
1291	1105	1702113907	real
1291	9649	17251681513422	private_dummy
1292	828	1430048205	real
1292	830	1487160959	real
1292	1107	1430048205	real
1292	9650	17251681513422	private_dummy
1293	81	1869695623	real
1293	82	1869695623	real
1293	573	1869695623	real
1293	9651	17251681513422	private_dummy
1294	883	1347326682	real
1294	885	1404439436	real
1294	9652	17251681513422	private_dummy
1295	955	1227292212	real
1295	957	1284404966	real
1295	9653	17251681513422	private_dummy
1296	1158	1127244833	real
1296	1159	1184357587	real
1296	9654	17251681513422	private_dummy
1297	1161	1184562466	real
1297	1162	1241675220	real
1297	1164	1184562466	real
1297	9655	17251681513422	private_dummy
1298	4354	1211545455	real
1298	9656	17251681513422	private_dummy
1299	4356	952881950	real
1299	9657	17251681513422	private_dummy
1300	4196	818765765	real
1300	9658	17251681513422	private_dummy
1301	4210	739569451	real
1301	9659	17251681513422	private_dummy
1302	4358	625354492	real
1302	9660	17251681513422	private_dummy
1303	4360	440026725	real
1303	9661	17251681513422	private_dummy
1304	4231	396916519	real
1304	9662	17251681513422	private_dummy
1305	4234	440026725	real
1305	9663	17251681513422	private_dummy
1306	78	1869695623	real
1306	79	1869695623	real
1306	9664	17251681513422	private_dummy
1307	880	1404439436	real
1307	882	1404439436	real
1307	922	1347326682	real
1307	9665	17251681513422	private_dummy
1308	952	1284404966	real
1308	954	1284404966	real
1308	992	1227292212	real
1308	9666	17251681513422	private_dummy
1309	1016	1208591486	real
1309	1018	1208591486	real
1309	1053	1151478732	real
1309	1055	1151478732	real
1309	9667	17251681513422	private_dummy
1310	1074	1168458172	real
1310	1076	1168458172	real
1310	1109	1111345418	real
1310	1111	1111345418	real
1310	9668	17251681513422	private_dummy
1311	1129	1184357587	real
1311	1130	1184357587	real
1311	1132	1127244833	real
1311	9669	17251681513422	private_dummy
1312	1134	1241675220	real
1312	1135	1241675220	real
1312	9670	17251681513422	private_dummy
1313	1138	1338005600	real
1313	1139	1338005600	real
1313	1141	1280892846	real
1313	1142	1280892846	real
1313	9671	17251681513422	private_dummy
1314	1144	1487160959	real
1314	1145	1487160959	real
1314	1147	1430048205	real
1314	1148	1430048205	real
1314	9672	17251681513422	private_dummy
1315	1150	1759226661	real
1315	1151	1759226661	real
1315	1153	1702113907	real
1315	1154	1702113907	real
1315	9673	17251681513422	private_dummy
1316	832	1430048205	real
1316	834	1487160959	real
1316	1156	1430048205	real
1316	9674	17251681513422	private_dummy
1317	87	1869695623	real
1317	88	1869695623	real
1317	575	1869695623	real
1317	9675	17251681513422	private_dummy
1318	889	1347326682	real
1318	891	1404439436	real
1318	9676	17251681513422	private_dummy
1319	1024	1151478732	real
1319	1026	1208591486	real
1319	9677	17251681513422	private_dummy
1320	1082	1111345418	real
1320	1084	1168458172	real
1320	9678	17251681513422	private_dummy
1321	1200	1184562466	real
1321	1201	1241675220	real
1321	1202	1184562466	real
1321	9679	17251681513422	private_dummy
1322	4362	1211545455	real
1322	9680	17251681513422	private_dummy
1323	4180	952881950	real
1323	9681	17251681513422	private_dummy
1324	4364	818765765	real
1324	9682	17251681513422	private_dummy
1325	4366	739569451	real
1325	9683	17251681513422	private_dummy
1326	4227	702163682	real
1326	9684	17251681513422	private_dummy
1327	4368	654884065	real
1327	9685	17251681513422	private_dummy
1328	4240	497551611	real
1328	9686	17251681513422	private_dummy
1329	4243	497551611	real
1329	9687	17251681513422	private_dummy
1330	84	1869695623	real
1330	85	1869695623	real
1330	9688	17251681513422	private_dummy
1331	886	1404439436	real
1331	888	1404439436	real
1331	924	1347326682	real
1331	9689	17251681513422	private_dummy
1332	958	1284404966	real
1332	960	1284404966	real
1332	993	1227292212	real
1332	995	1227292212	real
1332	9690	17251681513422	private_dummy
1333	1021	1208591486	real
1333	1023	1208591486	real
1333	1057	1151478732	real
1333	9691	17251681513422	private_dummy
1334	1079	1168458172	real
1334	1081	1168458172	real
1334	1113	1111345418	real
1334	9692	17251681513422	private_dummy
1335	1129	1160581975	real
1335	1131	1160581975	real
1335	1158	1103469220	real
1335	1160	1103469220	real
1335	9693	17251681513422	private_dummy
1336	1176	1241675220	real
1336	1177	1241675220	real
1336	9694	17251681513422	private_dummy
1337	1180	1338005600	real
1337	1181	1338005600	real
1337	1183	1280892846	real
1337	1184	1280892846	real
1337	9695	17251681513422	private_dummy
1338	1186	1487160959	real
1338	1187	1487160959	real
1338	1189	1430048205	real
1338	1190	1430048205	real
1338	9696	17251681513422	private_dummy
1339	1192	1759226661	real
1339	1193	1759226661	real
1339	1195	1702113907	real
1339	1196	1702113907	real
1339	9697	17251681513422	private_dummy
1340	836	1430048205	real
1340	838	1487160959	real
1340	1198	1430048205	real
1340	9698	17251681513422	private_dummy
1341	93	1869695623	real
1341	94	1869695623	real
1341	577	1869695623	real
1341	9699	17251681513422	private_dummy
1342	966	1227292212	real
1342	967	1284404966	real
1342	9700	17251681513422	private_dummy
1343	1088	1111345418	real
1343	1089	1168458172	real
1343	9701	17251681513422	private_dummy
1344	843	1430048205	real
1344	844	1430048205	real
1344	1239	1430048205	real
1344	9702	17251681513422	private_dummy
1345	4164	1211545455	real
1345	9703	17251681513422	private_dummy
1346	4370	952881950	real
1346	9704	17251681513422	private_dummy
1347	4201	818765765	real
1347	9705	17251681513422	private_dummy
1348	4372	739569451	real
1348	9706	17251681513422	private_dummy
1349	4229	702163682	real
1349	9707	17251681513422	private_dummy
1350	4238	702163682	real
1350	9708	17251681513422	private_dummy
1351	4247	727471858	real
1351	9709	17251681513422	private_dummy
1352	4250	613249611	real
1352	9710	17251681513422	private_dummy
1353	90	1869695623	real
1353	91	1869695623	real
1353	9711	17251681513422	private_dummy
1354	892	1404439436	real
1354	894	1404439436	real
1354	925	1347326682	real
1354	927	1347326682	real
1354	9712	17251681513422	private_dummy
1355	963	1284404966	real
1355	965	1284404966	real
1355	997	1227292212	real
1355	9713	17251681513422	private_dummy
1356	1027	1208591486	real
1356	1029	1208591486	real
1356	1058	1151478732	real
1356	1060	1151478732	real
1356	9714	17251681513422	private_dummy
1357	1085	1168458172	real
1357	1087	1168458172	real
1357	1115	1111345418	real
1357	9715	17251681513422	private_dummy
1358	1134	1160581975	real
1358	1136	1160581975	real
1358	1161	1103469220	real
1358	1163	1103469220	real
1358	9716	17251681513422	private_dummy
1359	1176	1184357587	real
1359	1178	1184357587	real
1359	1200	1127244833	real
1359	9717	17251681513422	private_dummy
1360	1214	1338005600	real
1360	1215	1338005600	real
1360	1217	1280892846	real
1360	1218	1280892846	real
1360	9718	17251681513422	private_dummy
1361	1220	1487160959	real
1361	1221	1487160959	real
1361	1223	1430048205	real
1361	1224	1430048205	real
1361	9719	17251681513422	private_dummy
1362	1226	1759226661	real
1362	1227	1759226661	real
1362	1229	1702113907	real
1362	1230	1702113907	real
1362	9720	17251681513422	private_dummy
1363	840	1430048205	real
1363	842	1487160959	real
1363	9721	17251681513422	private_dummy
1364	99	1869695623	real
1364	100	1869695623	real
1364	579	1869695623	real
1364	9722	17251681513422	private_dummy
1365	899	1347326682	real
1365	901	1404439436	real
1365	9723	17251681513422	private_dummy
1366	1034	1151478732	real
1366	1036	1208591486	real
1366	9724	17251681513422	private_dummy
1367	1141	1103469220	real
1367	1143	1160581975	real
1367	9725	17251681513422	private_dummy
1368	1183	1127244833	real
1368	1185	1184357587	real
1368	1205	1127244833	real
1368	9726	17251681513422	private_dummy
1369	1217	1184562466	real
1369	1219	1241675220	real
1369	9727	17251681513422	private_dummy
1370	4374	1211545455	real
1370	9728	17251681513422	private_dummy
1371	4186	952881950	real
1371	9729	17251681513422	private_dummy
1372	4376	818765765	real
1372	9730	17251681513422	private_dummy
1373	4218	739569451	real
1373	9731	17251681513422	private_dummy
1374	4378	702163682	real
1374	9732	17251681513422	private_dummy
1375	4380	702163682	real
1375	9733	17251681513422	private_dummy
1376	4382	739569451	real
1376	9734	17251681513422	private_dummy
1377	4254	855895011	real
1377	9735	17251681513422	private_dummy
1378	96	1869695623	real
1378	97	1869695623	real
1378	9736	17251681513422	private_dummy
1379	896	1404439436	real
1379	898	1404439436	real
1379	930	1347326682	real
1379	9737	17251681513422	private_dummy
1380	968	1284404966	real
1380	970	1284404966	real
1380	999	1227292212	real
1380	1001	1227292212	real
1380	9738	17251681513422	private_dummy
1381	1031	1208591486	real
1381	1033	1208591486	real
1381	1063	1151478732	real
1381	9739	17251681513422	private_dummy
1382	1090	1168458172	real
1382	1092	1168458172	real
1382	1117	1111345418	real
1382	1119	1111345418	real
1382	9740	17251681513422	private_dummy
1383	1138	1160581975	real
1383	1140	1160581975	real
1383	1166	1103469220	real
1383	9741	17251681513422	private_dummy
1384	1180	1184357587	real
1384	1182	1184357587	real
1384	9742	17251681513422	private_dummy
1385	1214	1241675220	real
1385	1216	1241675220	real
1385	1234	1184562466	real
1385	9743	17251681513422	private_dummy
1386	1244	1487160959	real
1386	1245	1487160959	real
1386	1247	1430048205	real
1386	1248	1430048205	real
1386	9744	17251681513422	private_dummy
1387	1250	1759226661	real
1387	1251	1759226661	real
1387	1253	1702113907	real
1387	1254	1702113907	real
1387	9745	17251681513422	private_dummy
1388	845	1430048205	real
1388	847	1487160959	real
1388	1256	1430048205	real
1388	9746	17251681513422	private_dummy
1389	105	1869695623	real
1389	106	1869695623	real
1389	581	1869695623	real
1389	9747	17251681513422	private_dummy
1390	905	1347326682	real
1390	907	1404439436	real
1390	9748	17251681513422	private_dummy
1391	976	1227292212	real
1391	978	1284404966	real
1391	9749	17251681513422	private_dummy
1392	1098	1111345418	real
1392	1100	1168458172	real
1392	9750	17251681513422	private_dummy
1393	1147	1103469220	real
1393	1149	1160581975	real
1393	9751	17251681513422	private_dummy
1394	1189	1127244833	real
1394	1191	1184357587	real
1394	1207	1127244833	real
1394	9752	17251681513422	private_dummy
1395	1223	1184562466	real
1395	1225	1241675220	real
1395	9753	17251681513422	private_dummy
1396	1247	1280892846	real
1396	1249	1338005600	real
1396	9754	17251681513422	private_dummy
1397	4384	1211545455	real
1397	9755	17251681513422	private_dummy
1398	4386	952881950	real
1398	9756	17251681513422	private_dummy
1399	4207	818765765	real
1399	9757	17251681513422	private_dummy
1400	4388	739569451	real
1400	9758	17251681513422	private_dummy
1401	4390	702163682	real
1401	9759	17251681513422	private_dummy
1402	4392	702163682	real
1402	9760	17251681513422	private_dummy
1403	4394	739569451	real
1403	9761	17251681513422	private_dummy
1404	4396	818765765	real
1404	9762	17251681513422	private_dummy
1405	102	1869695623	real
1405	103	1869695623	real
1405	9763	17251681513422	private_dummy
1406	902	1404439436	real
1406	904	1404439436	real
1406	932	1347326682	real
1406	9764	17251681513422	private_dummy
1407	973	1284404966	real
1407	975	1284404966	real
1407	1003	1227292212	real
1407	9765	17251681513422	private_dummy
1408	1037	1208591486	real
1408	1039	1208591486	real
1408	1064	1151478732	real
1408	1066	1151478732	real
1408	9766	17251681513422	private_dummy
1409	1095	1168458172	real
1409	1097	1168458172	real
1409	1121	1111345418	real
1409	9767	17251681513422	private_dummy
1410	1144	1160581975	real
1410	1146	1160581975	real
1410	1168	1103469220	real
1410	9768	17251681513422	private_dummy
1411	1186	1184357587	real
1411	1188	1184357587	real
1411	9769	17251681513422	private_dummy
1412	1220	1241675220	real
1412	1222	1241675220	real
1412	1236	1184562466	real
1412	9770	17251681513422	private_dummy
1413	1244	1338005600	real
1413	1246	1338005600	real
1413	1259	1280892846	real
1413	9771	17251681513422	private_dummy
1414	1267	1759226661	real
1414	1268	1759226661	real
1414	1270	1702113907	real
1414	1271	1702113907	real
1414	9772	17251681513422	private_dummy
1415	849	1430048205	real
1415	851	1508716678	real
1415	1273	1430048205	real
1415	9773	17251681513422	private_dummy
1416	911	1347326682	real
1416	913	1404439436	real
1416	9774	17251681513422	private_dummy
1417	982	1227292212	real
1417	984	1284404966	real
1417	9775	17251681513422	private_dummy
1418	1045	1151478732	real
1418	1047	1208591486	real
1418	9776	17251681513422	private_dummy
1419	1104	1111345418	real
1419	1106	1168458172	real
1419	9777	17251681513422	private_dummy
1420	1153	1103469220	real
1420	1155	1160581975	real
1420	9778	17251681513422	private_dummy
1421	1195	1127244833	real
1421	1197	1184357587	real
1421	1209	1127244833	real
1421	9779	17251681513422	private_dummy
1422	1229	1184562466	real
1422	1231	1241675220	real
1422	9780	17251681513422	private_dummy
1423	1253	1280892846	real
1423	1255	1338005600	real
1423	9781	17251681513422	private_dummy
1424	1270	1430048205	real
1424	1272	1487160959	real
1424	9782	17251681513422	private_dummy
1425	4398	1211545455	real
1425	9783	17251681513422	private_dummy
1426	4400	952881950	real
1426	9784	17251681513422	private_dummy
1427	4402	818765765	real
1427	9785	17251681513422	private_dummy
1428	4404	739569451	real
1428	9786	17251681513422	private_dummy
1429	4406	702163682	real
1429	9787	17251681513422	private_dummy
1430	4408	702163682	real
1430	9788	17251681513422	private_dummy
1431	4410	739569451	real
1431	9789	17251681513422	private_dummy
1432	4412	818765765	real
1432	9790	17251681513422	private_dummy
1433	108	1869695623	real
1433	109	1869695623	real
1433	583	1869695623	real
1433	9791	17251681513422	private_dummy
1434	908	1404439436	real
1434	910	1404439436	real
1434	934	1347326682	real
1434	9792	17251681513422	private_dummy
1435	979	1284404966	real
1435	981	1284404966	real
1435	1005	1227292212	real
1435	9793	17251681513422	private_dummy
1436	1042	1208591486	real
1436	1044	1208591486	real
1436	1068	1151478732	real
1436	9794	17251681513422	private_dummy
1437	1101	1168458172	real
1437	1103	1168458172	real
1437	1123	1111345418	real
1437	9795	17251681513422	private_dummy
1438	1150	1160581975	real
1438	1152	1160581975	real
1438	1170	1103469220	real
1438	9796	17251681513422	private_dummy
1439	1192	1184357587	real
1439	1194	1184357587	real
1439	9797	17251681513422	private_dummy
1440	1226	1241675220	real
1440	1228	1241675220	real
1440	1238	1184562466	real
1440	9798	17251681513422	private_dummy
1441	1250	1338005600	real
1441	1252	1338005600	real
1441	1261	1280892846	real
1441	9799	17251681513422	private_dummy
1442	1267	1487160959	real
1442	1269	1487160959	real
1442	1276	1430048205	real
1442	9800	17251681513422	private_dummy
1443	854	1430048205	real
1443	856	1430048205	real
1443	1282	1430048205	real
1443	9801	17251681513422	private_dummy
1444	985	1227292212	real
1444	986	1284404966	real
1444	1007	1227292212	real
1444	9802	17251681513422	private_dummy
1445	1048	1151478732	real
1445	1049	1208591486	real
1445	1070	1151478732	real
1445	9803	17251681513422	private_dummy
1446	1107	1111345418	real
1446	1108	1168458172	real
1446	1125	1111345418	real
1446	9804	17251681513422	private_dummy
1447	1156	1103469220	real
1447	1157	1160581975	real
1447	1172	1103469220	real
1447	9805	17251681513422	private_dummy
1448	1198	1127244833	real
1448	1199	1184357587	real
1448	9806	17251681513422	private_dummy
1449	1256	1280892846	real
1449	1257	1338005600	real
1449	1263	1280892846	real
1449	9807	17251681513422	private_dummy
1450	1273	1430048205	real
1450	1274	1487160959	real
1450	1278	1430048205	real
1450	9808	17251681513422	private_dummy
1451	1282	1702113907	real
1451	1283	1759226661	real
1451	9809	17251681513422	private_dummy
1452	51	1869695623	real
1452	52	1869695623	real
1452	563	1869695623	real
1452	9810	17251681513422	private_dummy
1453	814	1347326682	real
1453	815	1347326682	real
1453	817	1347326682	real
1453	9811	17251681513422	private_dummy
1454	819	1227292212	real
1454	820	1227292212	real
1454	9812	17251681513422	private_dummy
1455	823	1151478732	real
1455	824	1151478732	real
1455	826	1151478732	real
1455	9813	17251681513422	private_dummy
1456	828	1111345418	real
1456	829	1111345418	real
1456	9814	17251681513422	private_dummy
1457	832	1103469220	real
1457	833	1103469220	real
1457	9815	17251681513422	private_dummy
1458	836	1127244833	real
1458	837	1127244833	real
1458	9816	17251681513422	private_dummy
1459	840	1184562466	real
1459	841	1184562466	real
1459	843	1184562466	real
1459	9817	17251681513422	private_dummy
1460	845	1280892846	real
1460	846	1280892846	real
1460	9818	17251681513422	private_dummy
1461	849	1430048205	real
1461	850	1430048205	real
1461	852	1430048205	real
1461	9819	17251681513422	private_dummy
1462	854	1702113907	real
1462	855	1702113907	real
1462	857	1702113907	real
1462	9820	17251681513422	private_dummy
1463	4296	1211545455	real
1463	9821	17251681513422	private_dummy
1464	4296	1211545455	real
1464	9822	17251681513422	private_dummy
1465	4297	726099236	real
1465	9823	17251681513422	private_dummy
1466	4297	783211990	real
1466	9824	17251681513422	private_dummy
1467	4298	577990920	real
1467	9825	17251681513422	private_dummy
1468	4298	635103674	real
1468	9826	17251681513422	private_dummy
1469	4299	597771310	real
1469	9827	17251681513422	private_dummy
1470	4299	654884065	real
1470	9828	17251681513422	private_dummy
1471	4300	798782256	real
1471	9829	17251681513422	private_dummy
1472	4300	855895011	real
1472	9830	17251681513422	private_dummy
1473	4301	1052445090	real
1473	9831	17251681513422	private_dummy
1474	4301	1052445090	real
1474	9832	17251681513422	private_dummy
1475	1488	1430048205	real
1475	9833	17251681513422	private_dummy
1476	1479	1280892846	real
1476	9834	17251681513422	private_dummy
1477	1466	1184562466	real
1477	9835	17251681513422	private_dummy
1478	1430	1103469220	real
1478	9836	17251681513422	private_dummy
1479	1405	1111345418	real
1479	9837	17251681513422	private_dummy
1480	1379	1151478732	real
1480	9838	17251681513422	private_dummy
1481	1344	1227292212	real
1481	9839	17251681513422	private_dummy
1482	1306	1347326682	real
1482	9840	17251681513422	private_dummy
1483	1493	1702113907	real
1483	9841	17251681513422	private_dummy
1484	1477	1280892846	real
1484	9842	17251681513422	private_dummy
1485	1464	1184562466	real
1485	9843	17251681513422	private_dummy
1486	1428	1103469220	real
1486	9844	17251681513422	private_dummy
1487	1403	1111345418	real
1487	9845	17251681513422	private_dummy
1488	1386	1430048205	real
1488	9846	17251681513422	private_dummy
1489	1342	1227292212	real
1489	9847	17251681513422	private_dummy
1490	1304	1347326682	real
1490	9848	17251681513422	private_dummy
1491	1462	1184562466	real
1491	9849	17251681513422	private_dummy
1492	1426	1103469220	real
1492	9850	17251681513422	private_dummy
1493	1411	1280892846	real
1493	9851	17251681513422	private_dummy
1494	1374	1151478732	real
1494	9852	17251681513422	private_dummy
1495	1354	1280892846	real
1495	9853	17251681513422	private_dummy
1496	1302	1347326682	real
1496	9854	17251681513422	private_dummy
1497	848	1536494450	real
1497	9855	17251681513422	private_dummy
1498	1398	1111345418	real
1498	9856	17251681513422	private_dummy
1499	1337	1227292212	real
1499	9857	17251681513422	private_dummy
1500	844	1536494450	real
1500	9858	17251681513422	private_dummy
1501	1432	1127244833	real
1501	9859	17251681513422	private_dummy
1502	1395	1111345418	real
1502	9860	17251681513422	private_dummy
1503	1368	1151478732	real
1503	9861	17251681513422	private_dummy
1504	1352	1127244833	real
1504	9862	17251681513422	private_dummy
1505	1296	1347326682	real
1505	9863	17251681513422	private_dummy
1506	839	1536494450	real
1506	9864	17251681513422	private_dummy
1507	1407	1103469220	real
1507	9865	17251681513422	private_dummy
1508	1381	1103469220	real
1508	9866	17251681513422	private_dummy
1509	1331	1227292212	real
1509	9867	17251681513422	private_dummy
1510	1294	1347326682	real
1510	9868	17251681513422	private_dummy
1511	835	1536494450	real
1511	9869	17251681513422	private_dummy
1512	1380	1111345418	real
1512	9870	17251681513422	private_dummy
1513	1329	1227292212	real
1513	9871	17251681513422	private_dummy
1514	1292	1347326682	real
1514	9872	17251681513422	private_dummy
1515	831	1536494450	real
1515	9873	17251681513422	private_dummy
1516	1327	1227292212	real
1516	9874	17251681513422	private_dummy
1517	1290	1347326682	real
1517	9875	17251681513422	private_dummy
1518	1288	1347326682	real
1518	9876	17251681513422	private_dummy
1519	822	1536494450	real
1519	9877	17251681513422	private_dummy
1520	818	1593607205	real
1520	9878	17251681513422	private_dummy
1521	562	1536494450	real
1521	9879	17251681513422	private_dummy
1522	4467	914949965	real
1522	9880	17251681513422	private_dummy
1523	4465	600294042	real
1523	9881	17251681513422	private_dummy
1524	4470	994146279	real
1524	9882	17251681513422	private_dummy
1525	4470	994146279	real
1525	9883	17251681513422	private_dummy
1526	4456	389364245	real
1526	4458	389364245	real
1526	9884	17251681513422	private_dummy
1527	4463	806438676	real
1527	4464	806438676	real
1527	9885	17251681513422	private_dummy
1528	4451	343859956	real
1528	4452	515190466	real
1528	9886	17251681513422	private_dummy
1529	4453	654888557	real
1529	4455	654888557	real
1529	9887	17251681513422	private_dummy
1530	4477	554789753	real
1530	9888	17251681513422	private_dummy
1531	4452	515190466	real
1531	9889	17251681513422	private_dummy
1532	4461	826219067	real
1532	9890	17251681513422	private_dummy
1533	4479	554789753	real
1533	9891	17251681513422	private_dummy
1534	4451	640890500	real
1534	9892	17251681513422	private_dummy
1535	4459	357858012	real
1535	9893	17251681513422	private_dummy
1536	4481	1103469220	real
1536	9894	17251681513422	private_dummy
1537	4455	654888557	real
1537	4458	654888557	real
1537	9895	17251681513422	private_dummy
1538	4466	600294042	real
1538	9896	17251681513422	private_dummy
1539	4483	897324586	real
1539	9897	17251681513422	private_dummy
1540	4453	389364245	real
1540	4456	389364245	real
1540	9898	17251681513422	private_dummy
1541	4459	389364245	real
1541	4461	560694755	real
1541	9899	17251681513422	private_dummy
1542	4485	586295985	real
1542	9900	17251681513422	private_dummy
1543	4472	954546992	real
1543	9901	17251681513422	private_dummy
1544	4472	954546992	real
1544	9902	17251681513422	private_dummy
1545	4470	1000051281	real
1545	4471	560694755	real
1545	4476	403362301	real
1545	9903	17251681513422	private_dummy
1546	4480	560694755	real
1546	9904	17251681513422	private_dummy
1547	4482	332256781	real
1547	9905	17251681513422	private_dummy
1548	4470	1013926669	real
1548	4471	826219067	real
1548	4478	668886613	real
1548	9906	17251681513422	private_dummy
1549	4480	757626495	real
1549	9907	17251681513422	private_dummy
1550	4482	332256781	real
1550	9908	17251681513422	private_dummy
1551	4469	686520976	real
1551	9909	17251681513422	private_dummy
1552	4484	560694755	real
1552	9910	17251681513422	private_dummy
1553	4486	766839389	real
1553	9911	17251681513422	private_dummy
1554	4469	686520976	real
1554	9912	17251681513422	private_dummy
1555	4484	560694755	real
1555	9913	17251681513422	private_dummy
1556	4486	766839389	real
1556	9914	17251681513422	private_dummy
1557	4468	686520976	real
1557	9915	17251681513422	private_dummy
1558	4468	983551520	real
1558	9916	17251681513422	private_dummy
1559	4424	371846286	real
1559	4425	371846286	real
1559	9917	17251681513422	private_dummy
1560	4454	1009994705	real
1560	9918	17251681513422	private_dummy
1561	4450	983542537	real
1561	9919	17251681513422	private_dummy
1562	4450	753572000	real
1562	9920	17251681513422	private_dummy
1563	4414	798782256	real
1563	4415	855895011	real
1563	9921	17251681513422	private_dummy
1564	4416	597771310	real
1564	4417	597771310	real
1564	9922	17251681513422	private_dummy
1565	4418	577990920	real
1565	4419	577990920	real
1565	9923	17251681513422	private_dummy
1566	4420	726099236	real
1566	4421	726099236	real
1566	9924	17251681513422	private_dummy
1567	4422	1109557844	real
1567	4423	1109557844	real
1567	9925	17251681513422	private_dummy
1568	4494	890876008	real
1568	9926	17251681513422	private_dummy
1569	4494	660905471	real
1569	9927	17251681513422	private_dummy
1570	4415	855895011	real
1570	9928	17251681513422	private_dummy
1571	4433	300740766	real
1571	4434	300740766	real
1571	9929	17251681513422	private_dummy
1572	4435	332246999	real
1572	9930	17251681513422	private_dummy
1573	4457	742425012	real
1573	9931	17251681513422	private_dummy
1574	4496	890876008	real
1574	9932	17251681513422	private_dummy
1575	4496	660905471	real
1575	9933	17251681513422	private_dummy
1576	4414	1052445090	real
1576	9934	17251681513422	private_dummy
1577	4426	440438857	real
1577	4427	497551611	real
1577	9935	17251681513422	private_dummy
1578	4428	300740766	real
1578	4429	300740766	real
1578	9936	17251681513422	private_dummy
1579	4430	381059179	real
1579	9937	17251681513422	private_dummy
1580	4431	783211990	real
1580	4432	783211990	real
1580	9938	17251681513422	private_dummy
1581	4498	983542537	real
1581	9939	17251681513422	private_dummy
1582	4498	856647260	real
1582	9940	17251681513422	private_dummy
1583	4417	597771310	real
1583	9941	17251681513422	private_dummy
1584	4427	497551611	real
1584	9942	17251681513422	private_dummy
1585	4442	381059179	real
1585	4443	381059179	real
1585	9943	17251681513422	private_dummy
1586	4460	682467246	real
1586	9944	17251681513422	private_dummy
1587	4500	576220084	real
1587	9945	17251681513422	private_dummy
1588	4500	449324807	real
1588	9946	17251681513422	private_dummy
1589	4416	670359104	real
1589	9947	17251681513422	private_dummy
1590	4426	670359104	real
1590	9948	17251681513422	private_dummy
1591	4436	371846286	real
1591	4437	428959040	real
1591	9949	17251681513422	private_dummy
1592	4438	332246999	real
1592	4439	332246999	real
1592	9950	17251681513422	private_dummy
1593	4440	635103674	real
1593	4441	635103674	real
1593	9951	17251681513422	private_dummy
1594	4502	806140331	real
1594	9952	17251681513422	private_dummy
1595	4502	310695772	real
1595	9953	17251681513422	private_dummy
1596	4419	577990920	real
1596	4425	577990920	real
1596	9954	17251681513422	private_dummy
1597	4429	300740766	real
1597	4434	300740766	real
1597	9955	17251681513422	private_dummy
1598	4437	428959040	real
1598	9956	17251681513422	private_dummy
1599	4446	783211990	real
1599	9957	17251681513422	private_dummy
1600	4447	727471858	real
1600	9958	17251681513422	private_dummy
1601	4504	664959966	real
1601	9959	17251681513422	private_dummy
1602	4504	310695772	real
1602	9960	17251681513422	private_dummy
1603	4418	568241738	real
1603	4424	568241738	real
1603	9961	17251681513422	private_dummy
1604	4428	339803765	real
1604	4433	339803765	real
1604	9962	17251681513422	private_dummy
1605	4436	568241738	real
1605	9963	17251681513422	private_dummy
1606	4444	489570469	real
1606	9964	17251681513422	private_dummy
1607	4445	654884065	real
1607	9965	17251681513422	private_dummy
1608	4506	704022965	real
1608	9966	17251681513422	private_dummy
1609	4506	310695772	real
1609	9967	17251681513422	private_dummy
1610	4421	726099236	real
1610	9968	17251681513422	private_dummy
1611	4439	332246999	real
1611	4443	332246999	real
1611	9969	17251681513422	private_dummy
1612	4462	1166670598	real
1612	9970	17251681513422	private_dummy
1613	4508	831496330	real
1613	9971	17251681513422	private_dummy
1614	4508	625351696	real
1614	9972	17251681513422	private_dummy
1615	4420	628199503	real
1615	9973	17251681513422	private_dummy
1616	4430	313543580	real
1616	4435	313543580	real
1616	9974	17251681513422	private_dummy
1617	4438	313543580	real
1617	4442	313543580	real
1617	9975	17251681513422	private_dummy
1618	4444	628199503	real
1618	4446	685312258	real
1618	9976	17251681513422	private_dummy
1619	4448	855895011	real
1619	4449	855895011	real
1619	9977	17251681513422	private_dummy
1620	4510	763980730	real
1620	9978	17251681513422	private_dummy
1621	4510	625351696	real
1621	9979	17251681513422	private_dummy
1622	4423	952881950	real
1622	9980	17251681513422	private_dummy
1623	4432	634805329	real
1623	9981	17251681513422	private_dummy
1624	4441	501181730	real
1624	9982	17251681513422	private_dummy
1625	4449	798782256	real
1625	9983	17251681513422	private_dummy
1626	4512	1098612056	real
1626	9984	17251681513422	private_dummy
1627	4512	897434237	real
1627	9985	17251681513422	private_dummy
1628	4422	1109557844	real
1628	9986	17251681513422	private_dummy
1629	4431	727471858	real
1629	9987	17251681513422	private_dummy
1630	4440	625354492	real
1630	9988	17251681513422	private_dummy
1631	4445	685312258	real
1631	4447	685312258	real
1631	9989	17251681513422	private_dummy
1632	4448	952881950	real
1632	9990	17251681513422	private_dummy
1633	4514	1151180387	real
1633	9991	17251681513422	private_dummy
1634	4514	897434237	real
1634	9992	17251681513422	private_dummy
1635	4474	639349752	real
1635	4493	639349752	real
1635	9993	17251681513422	private_dummy
1636	4497	761656271	real
1636	9994	17251681513422	private_dummy
1637	4499	525127505	real
1637	9995	17251681513422	private_dummy
1638	4474	742425012	real
1638	4495	742425012	real
1638	9996	17251681513422	private_dummy
1639	4497	840324744	real
1639	9997	17251681513422	private_dummy
1640	4499	525127505	real
1640	9998	17251681513422	private_dummy
1641	4501	416616215	real
1641	9999	17251681513422	private_dummy
1642	4503	367804034	real
1642	10000	17251681513422	private_dummy
1643	4501	416616215	real
1643	10001	17251681513422	private_dummy
1644	4503	367804034	real
1644	10002	17251681513422	private_dummy
1645	4505	367804034	real
1645	10003	17251681513422	private_dummy
1646	4507	416616215	real
1646	10004	17251681513422	private_dummy
1647	4505	367804034	real
1647	10005	17251681513422	private_dummy
1648	4507	416616215	real
1648	10006	17251681513422	private_dummy
1649	4509	525127505	real
1649	10007	17251681513422	private_dummy
1650	4511	761656271	real
1650	10008	17251681513422	private_dummy
1651	4509	525127505	real
1651	10009	17251681513422	private_dummy
1652	4511	761656271	real
1652	10010	17251681513422	private_dummy
1653	4513	952881950	real
1653	10011	17251681513422	private_dummy
1654	4515	855895011	real
1654	10012	17251681513422	private_dummy
1655	4513	952881950	real
1655	10013	17251681513422	private_dummy
1656	4515	855895011	real
1656	10014	17251681513422	private_dummy
1657	4475	324693828	real
1657	10015	17251681513422	private_dummy
1658	4475	427769088	real
1658	10016	17251681513422	private_dummy
1659	4472	954546992	real
1659	4473	840324744	real
1659	10017	17251681513422	private_dummy
1660	4472	1093176026	real
1660	4473	978953779	real
1660	10018	17251681513422	private_dummy
1661	133	1869695623	real
1661	10019	17251681513422	private_dummy
1662	857	1536494450	real
1662	858	1536494450	real
1662	10020	17251681513422	private_dummy
1663	1487	1487160959	real
1663	1489	1430048205	real
1663	10021	17251681513422	private_dummy
1664	1478	1338005600	real
1664	1483	1280892846	real
1664	10022	17251681513422	private_dummy
1665	1465	1241675220	real
1665	1472	1184562466	real
1665	10023	17251681513422	private_dummy
1666	1449	1184357587	real
1666	1450	1127244833	real
1666	1457	1127244833	real
1666	10024	17251681513422	private_dummy
1667	1429	1160581975	real
1667	1437	1103469220	real
1667	10025	17251681513422	private_dummy
1668	1404	1168458172	real
1668	1414	1111345418	real
1668	10026	17251681513422	private_dummy
1669	1378	1208591486	real
1669	1387	1151478732	real
1669	10027	17251681513422	private_dummy
1670	1343	1284404966	real
1670	1357	1227292212	real
1670	10028	17251681513422	private_dummy
1671	1305	1404439436	real
1671	1322	1347326682	real
1671	10029	17251681513422	private_dummy
1672	131	1869695623	real
1672	132	1869695623	real
1672	10030	17251681513422	private_dummy
1673	855	1536494450	real
1673	856	1536494450	real
1673	10031	17251681513422	private_dummy
1674	4517	1109557844	real
1674	10032	17251681513422	private_dummy
1675	4519	934563483	real
1675	10033	17251681513422	private_dummy
1676	4521	830547118	real
1676	10034	17251681513422	private_dummy
1677	4523	773151825	real
1677	10035	17251681513422	private_dummy
1678	4525	754689937	real
1678	10036	17251681513422	private_dummy
1679	4527	773151825	real
1679	10037	17251681513422	private_dummy
1680	4529	830547118	real
1680	10038	17251681513422	private_dummy
1681	4531	934563483	real
1681	10039	17251681513422	private_dummy
1682	1489	1702113907	real
1682	1490	1702113907	real
1682	10040	17251681513422	private_dummy
1683	1376	1151478732	real
1683	1377	1151478732	real
1683	10041	17251681513422	private_dummy
1684	852	1536494450	real
1684	853	1536494450	real
1684	10042	17251681513422	private_dummy
1685	1487	1759226661	real
1685	10043	17251681513422	private_dummy
1686	1476	1338005600	real
1686	1481	1280892846	real
1686	10044	17251681513422	private_dummy
1687	1463	1241675220	real
1687	1470	1184562466	real
1687	10045	17251681513422	private_dummy
1688	1447	1184357587	real
1688	1448	1127244833	real
1688	1455	1127244833	real
1688	10046	17251681513422	private_dummy
1689	1427	1160581975	real
1689	1435	1103469220	real
1689	10047	17251681513422	private_dummy
1690	1402	1168458172	real
1690	1412	1111345418	real
1690	10048	17251681513422	private_dummy
1691	1375	1208591486	real
1691	10049	17251681513422	private_dummy
1692	1341	1284404966	real
1692	1355	1227292212	real
1692	10050	17251681513422	private_dummy
1693	1303	1404439436	real
1693	1320	1347326682	real
1693	10051	17251681513422	private_dummy
1694	128	1869695623	real
1694	129	1869695623	real
1694	604	1869695623	real
1694	10052	17251681513422	private_dummy
1695	850	1536494450	real
1695	851	1615162923	real
1695	10053	17251681513422	private_dummy
1696	4534	1245339071	real
1696	10054	17251681513422	private_dummy
1697	4536	934563483	real
1697	10055	17251681513422	private_dummy
1698	4538	770586556	real
1698	10056	17251681513422	private_dummy
1699	4540	679295344	real
1699	10057	17251681513422	private_dummy
1700	4542	636962957	real
1700	10058	17251681513422	private_dummy
1701	4544	636962957	real
1701	10059	17251681513422	private_dummy
1702	4546	679295344	real
1702	10060	17251681513422	private_dummy
1703	4548	770586556	real
1703	10061	17251681513422	private_dummy
1704	1483	1702113907	real
1704	1484	1702113907	real
1704	10062	17251681513422	private_dummy
1705	1481	1430048205	real
1705	1482	1430048205	real
1705	10063	17251681513422	private_dummy
1706	1400	1111345418	real
1706	1401	1111345418	real
1706	10064	17251681513422	private_dummy
1707	1339	1227292212	real
1707	1340	1227292212	real
1707	10065	17251681513422	private_dummy
1708	1478	1759226661	real
1708	10066	17251681513422	private_dummy
1709	1476	1487160959	real
1709	10067	17251681513422	private_dummy
1710	1461	1241675220	real
1710	1468	1184562466	real
1710	10068	17251681513422	private_dummy
1711	1445	1184357587	real
1711	1446	1127244833	real
1711	1453	1127244833	real
1711	10069	17251681513422	private_dummy
1712	1425	1160581975	real
1712	1433	1103469220	real
1712	10070	17251681513422	private_dummy
1713	1399	1168458172	real
1713	10071	17251681513422	private_dummy
1714	1373	1208591486	real
1714	1384	1151478732	real
1714	10072	17251681513422	private_dummy
1715	1338	1284404966	real
1715	10073	17251681513422	private_dummy
1716	1301	1404439436	real
1716	1318	1347326682	real
1716	10074	17251681513422	private_dummy
1717	126	1869695623	real
1717	127	1869695623	real
1717	602	1869695623	real
1717	10075	17251681513422	private_dummy
1718	846	1536494450	real
1718	847	1593607205	real
1718	1480	1536494450	real
1718	10076	17251681513422	private_dummy
1719	4551	1430048205	real
1719	10077	17251681513422	private_dummy
1720	4553	1130305272	real
1720	10078	17251681513422	private_dummy
1721	4555	830547118	real
1721	10079	17251681513422	private_dummy
1722	4557	679295344	real
1722	10080	17251681513422	private_dummy
1723	4559	603067038	real
1723	10081	17251681513422	private_dummy
1724	4561	579196540	real
1724	10082	17251681513422	private_dummy
1725	4563	603067038	real
1725	10083	17251681513422	private_dummy
1726	4565	679295344	real
1726	10084	17251681513422	private_dummy
1727	1472	1702113907	real
1727	1473	1702113907	real
1727	10085	17251681513422	private_dummy
1728	1470	1430048205	real
1728	1471	1430048205	real
1728	10086	17251681513422	private_dummy
1729	1468	1280892846	real
1729	1469	1280892846	real
1729	10087	17251681513422	private_dummy
1730	1444	1127244833	real
1730	10088	17251681513422	private_dummy
1731	1423	1103469220	real
1731	1424	1103469220	real
1731	10089	17251681513422	private_dummy
1732	1371	1151478732	real
1732	1372	1151478732	real
1732	10090	17251681513422	private_dummy
1733	1299	1347326682	real
1733	1300	1347326682	real
1733	10091	17251681513422	private_dummy
1734	1465	1759226661	real
1734	10092	17251681513422	private_dummy
1735	1463	1487160959	real
1735	10093	17251681513422	private_dummy
1736	1461	1338005600	real
1736	10094	17251681513422	private_dummy
1737	1441	1184357587	real
1737	1443	1127244833	real
1737	10095	17251681513422	private_dummy
1738	1421	1160581975	real
1738	10096	17251681513422	private_dummy
1739	1396	1168458172	real
1739	1410	1111345418	real
1739	10097	17251681513422	private_dummy
1740	1369	1208591486	real
1740	10098	17251681513422	private_dummy
1741	1335	1284404966	real
1741	1353	1227292212	real
1741	10099	17251681513422	private_dummy
1742	1297	1404439436	real
1742	10100	17251681513422	private_dummy
1743	124	1869695623	real
1743	125	1869695623	real
1743	600	1869695623	real
1743	10101	17251681513422	private_dummy
1744	841	1536494450	real
1744	842	1593607205	real
1744	1467	1536494450	real
1744	10102	17251681513422	private_dummy
1745	4568	1430048205	real
1745	10103	17251681513422	private_dummy
1746	4570	1280892846	real
1746	10104	17251681513422	private_dummy
1747	4572	1060184826	real
1747	10105	17251681513422	private_dummy
1748	4574	773151825	real
1748	10106	17251681513422	private_dummy
1749	4576	636962957	real
1749	10107	17251681513422	private_dummy
1750	4578	579196540	real
1750	10108	17251681513422	private_dummy
1751	4580	579196540	real
1751	10109	17251681513422	private_dummy
1752	4582	636962957	real
1752	10110	17251681513422	private_dummy
1753	1457	1702113907	real
1753	1458	1702113907	real
1753	10111	17251681513422	private_dummy
1754	1455	1430048205	real
1754	1456	1430048205	real
1754	10112	17251681513422	private_dummy
1755	1453	1280892846	real
1755	1454	1280892846	real
1755	10113	17251681513422	private_dummy
1756	1419	1103469220	real
1756	1420	1103469220	real
1756	10114	17251681513422	private_dummy
1757	1333	1227292212	real
1757	1334	1227292212	real
1757	10115	17251681513422	private_dummy
1758	1449	1759226661	real
1758	10116	17251681513422	private_dummy
1759	1447	1487160959	real
1759	10117	17251681513422	private_dummy
1760	1445	1338005600	real
1760	10118	17251681513422	private_dummy
1761	1441	1241675220	real
1761	1442	1184562466	real
1761	1444	1184562466	real
1761	10119	17251681513422	private_dummy
1762	1418	1160581975	real
1762	10120	17251681513422	private_dummy
1763	1394	1168458172	real
1763	1408	1111345418	real
1763	10121	17251681513422	private_dummy
1764	1367	1208591486	real
1764	1382	1151478732	real
1764	10122	17251681513422	private_dummy
1765	1332	1284404966	real
1765	10123	17251681513422	private_dummy
1766	1295	1404439436	real
1766	1316	1347326682	real
1766	10124	17251681513422	private_dummy
1767	122	1869695623	real
1767	123	1869695623	real
1767	598	1869695623	real
1767	10125	17251681513422	private_dummy
1768	837	1536494450	real
1768	838	1593607205	real
1768	1451	1536494450	real
1768	10126	17251681513422	private_dummy
1769	4585	1430048205	real
1769	10127	17251681513422	private_dummy
1770	4587	1280892846	real
1770	10128	17251681513422	private_dummy
1771	4589	1184562466	real
1771	10129	17251681513422	private_dummy
1772	4591	1026660031	real
1772	10130	17251681513422	private_dummy
1773	4593	754689937	real
1773	10131	17251681513422	private_dummy
1774	4595	636962957	real
1774	10132	17251681513422	private_dummy
1775	4597	603067038	real
1775	10133	17251681513422	private_dummy
1776	4599	636962957	real
1776	10134	17251681513422	private_dummy
1777	1437	1702113907	real
1777	1438	1702113907	real
1777	10135	17251681513422	private_dummy
1778	1435	1430048205	real
1778	1436	1430048205	real
1778	10136	17251681513422	private_dummy
1779	1433	1280892846	real
1779	1434	1280892846	real
1779	10137	17251681513422	private_dummy
1780	1392	1111345418	real
1780	1393	1111345418	real
1780	10138	17251681513422	private_dummy
1781	1365	1151478732	real
1781	1366	1151478732	real
1781	10139	17251681513422	private_dummy
1782	1429	1759226661	real
1782	10140	17251681513422	private_dummy
1783	1427	1487160959	real
1783	10141	17251681513422	private_dummy
1784	1425	1338005600	real
1784	10142	17251681513422	private_dummy
1785	1421	1241675220	real
1785	1422	1184562466	real
1785	1423	1184562466	real
1785	10143	17251681513422	private_dummy
1786	1418	1184357587	real
1786	1419	1127244833	real
1786	10144	17251681513422	private_dummy
1787	1391	1168458172	real
1787	10145	17251681513422	private_dummy
1788	1364	1208591486	real
1788	10146	17251681513422	private_dummy
1789	1330	1284404966	real
1789	1350	1227292212	real
1789	10147	17251681513422	private_dummy
1790	1293	1404439436	real
1790	1314	1347326682	real
1790	10148	17251681513422	private_dummy
1791	120	1869695623	real
1791	121	1869695623	real
1791	596	1869695623	real
1791	10149	17251681513422	private_dummy
1792	833	1536494450	real
1792	834	1593607205	real
1792	1431	1536494450	real
1792	10150	17251681513422	private_dummy
1793	4602	1430048205	real
1793	10151	17251681513422	private_dummy
1794	4604	1280892846	real
1794	10152	17251681513422	private_dummy
1795	4606	1184562466	real
1795	10153	17251681513422	private_dummy
1796	4608	1127244833	real
1796	10154	17251681513422	private_dummy
1797	4610	1026660031	real
1797	10155	17251681513422	private_dummy
1798	4612	773151825	real
1798	10156	17251681513422	private_dummy
1799	4614	679295344	real
1799	10157	17251681513422	private_dummy
1800	4616	679295344	real
1800	10158	17251681513422	private_dummy
1801	1414	1702113907	real
1801	1415	1702113907	real
1801	10159	17251681513422	private_dummy
1802	1412	1430048205	real
1802	1413	1430048205	real
1802	10160	17251681513422	private_dummy
1803	1410	1184562466	real
1803	10161	17251681513422	private_dummy
1804	1408	1127244833	real
1804	1409	1127244833	real
1804	10162	17251681513422	private_dummy
1805	1362	1151478732	real
1805	1363	1151478732	real
1805	10163	17251681513422	private_dummy
1806	1404	1759226661	real
1806	10164	17251681513422	private_dummy
1807	1402	1487160959	real
1807	10165	17251681513422	private_dummy
1808	1399	1338005600	real
1808	1400	1280892846	real
1808	10166	17251681513422	private_dummy
1809	1396	1241675220	real
1809	1397	1184562466	real
1809	10167	17251681513422	private_dummy
1810	1394	1184357587	real
1810	10168	17251681513422	private_dummy
1811	1391	1160581975	real
1811	1392	1103469220	real
1811	10169	17251681513422	private_dummy
1812	1361	1208591486	real
1812	10170	17251681513422	private_dummy
1813	1328	1284404966	real
1813	1348	1227292212	real
1813	10171	17251681513422	private_dummy
1814	1291	1404439436	real
1814	1312	1347326682	real
1814	10172	17251681513422	private_dummy
1815	118	1869695623	real
1815	119	1869695623	real
1815	594	1869695623	real
1815	10173	17251681513422	private_dummy
1816	829	1536494450	real
1816	830	1593607205	real
1816	1406	1536494450	real
1816	10174	17251681513422	private_dummy
1817	4619	1430048205	real
1817	10175	17251681513422	private_dummy
1818	4621	1280892846	real
1818	10176	17251681513422	private_dummy
1819	4623	1184562466	real
1819	10177	17251681513422	private_dummy
1820	4625	1127244833	real
1820	10178	17251681513422	private_dummy
1821	4627	1103469220	real
1821	10179	17251681513422	private_dummy
1822	4629	1060184826	real
1822	10180	17251681513422	private_dummy
1823	4631	830547118	real
1823	10181	17251681513422	private_dummy
1824	4633	770586556	real
1824	10182	17251681513422	private_dummy
1825	1387	1702113907	real
1825	1388	1702113907	real
1825	10183	17251681513422	private_dummy
1826	1384	1280892846	real
1826	1385	1280892846	real
1826	10184	17251681513422	private_dummy
1827	1382	1127244833	real
1827	1383	1127244833	real
1827	10185	17251681513422	private_dummy
1828	826	1536494450	real
1828	827	1536494450	real
1828	10186	17251681513422	private_dummy
1829	1378	1759226661	real
1829	10187	17251681513422	private_dummy
1830	1375	1487160959	real
1830	1376	1430048205	real
1830	10188	17251681513422	private_dummy
1831	1373	1338005600	real
1831	10189	17251681513422	private_dummy
1832	1369	1241675220	real
1832	1370	1184562466	real
1832	1371	1184562466	real
1832	10190	17251681513422	private_dummy
1833	1367	1184357587	real
1833	10191	17251681513422	private_dummy
1834	1364	1160581975	real
1834	1365	1103469220	real
1834	10192	17251681513422	private_dummy
1835	1361	1168458172	real
1835	1362	1111345418	real
1835	10193	17251681513422	private_dummy
1836	1326	1284404966	real
1836	1346	1227292212	real
1836	10194	17251681513422	private_dummy
1837	1289	1404439436	real
1837	1310	1347326682	real
1837	10195	17251681513422	private_dummy
1838	116	1869695623	real
1838	117	1869695623	real
1838	592	1869695623	real
1838	10196	17251681513422	private_dummy
1839	824	1536494450	real
1839	825	1593607205	real
1839	10197	17251681513422	private_dummy
1840	4636	1430048205	real
1840	10198	17251681513422	private_dummy
1841	4638	1280892846	real
1841	10199	17251681513422	private_dummy
1842	4640	1184562466	real
1842	10200	17251681513422	private_dummy
1843	4642	1127244833	real
1843	10201	17251681513422	private_dummy
1844	4644	1103469220	real
1844	10202	17251681513422	private_dummy
1845	4646	1111345418	real
1845	10203	17251681513422	private_dummy
1846	4648	1130305272	real
1846	10204	17251681513422	private_dummy
1847	4650	934563483	real
1847	10205	17251681513422	private_dummy
1848	1357	1702113907	real
1848	1358	1702113907	real
1848	10206	17251681513422	private_dummy
1849	1355	1430048205	real
1849	1356	1430048205	real
1849	10207	17251681513422	private_dummy
1850	1353	1184562466	real
1850	10208	17251681513422	private_dummy
1851	1350	1103469220	real
1851	1351	1103469220	real
1851	10209	17251681513422	private_dummy
1852	1348	1111345418	real
1852	1349	1111345418	real
1852	10210	17251681513422	private_dummy
1853	1346	1151478732	real
1853	1347	1151478732	real
1853	10211	17251681513422	private_dummy
1854	1343	1759226661	real
1854	10212	17251681513422	private_dummy
1855	1341	1487160959	real
1855	10213	17251681513422	private_dummy
1856	1338	1338005600	real
1856	1339	1280892846	real
1856	10214	17251681513422	private_dummy
1857	1335	1241675220	real
1857	1336	1184562466	real
1857	10215	17251681513422	private_dummy
1858	1332	1184357587	real
1858	1333	1127244833	real
1858	10216	17251681513422	private_dummy
1859	1330	1160581975	real
1859	10217	17251681513422	private_dummy
1860	1328	1168458172	real
1860	10218	17251681513422	private_dummy
1861	1326	1208591486	real
1861	10219	17251681513422	private_dummy
1862	1287	1404439436	real
1862	1308	1347326682	real
1862	10220	17251681513422	private_dummy
1863	114	1869695623	real
1863	115	1869695623	real
1863	590	1869695623	real
1863	10221	17251681513422	private_dummy
1864	820	1536494450	real
1864	821	1593607205	real
1864	1345	1536494450	real
1864	10222	17251681513422	private_dummy
1865	4653	1430048205	real
1865	10223	17251681513422	private_dummy
1866	4655	1280892846	real
1866	10224	17251681513422	private_dummy
1867	4657	1184562466	real
1867	10225	17251681513422	private_dummy
1868	4659	1127244833	real
1868	10226	17251681513422	private_dummy
1869	4661	1103469220	real
1869	10227	17251681513422	private_dummy
1870	4663	1111345418	real
1870	10228	17251681513422	private_dummy
1871	4665	1151478732	real
1871	10229	17251681513422	private_dummy
1872	4667	1245339071	real
1872	10230	17251681513422	private_dummy
1873	1322	1702113907	real
1873	1323	1702113907	real
1873	10231	17251681513422	private_dummy
1874	1320	1430048205	real
1874	1321	1430048205	real
1874	10232	17251681513422	private_dummy
1875	1318	1280892846	real
1875	1319	1280892846	real
1875	10233	17251681513422	private_dummy
1876	1316	1127244833	real
1876	1317	1127244833	real
1876	10234	17251681513422	private_dummy
1877	1314	1103469220	real
1877	1315	1103469220	real
1877	10235	17251681513422	private_dummy
1878	1312	1111345418	real
1878	1313	1111345418	real
1878	10236	17251681513422	private_dummy
1879	1310	1151478732	real
1879	1311	1151478732	real
1879	10237	17251681513422	private_dummy
1880	1308	1227292212	real
1880	1309	1227292212	real
1880	10238	17251681513422	private_dummy
1881	1305	1759226661	real
1881	10239	17251681513422	private_dummy
1882	1303	1487160959	real
1882	10240	17251681513422	private_dummy
1883	1301	1338005600	real
1883	10241	17251681513422	private_dummy
1884	1297	1241675220	real
1884	1298	1184562466	real
1884	1299	1184562466	real
1884	10242	17251681513422	private_dummy
1885	1295	1184357587	real
1885	10243	17251681513422	private_dummy
1886	1293	1160581975	real
1886	10244	17251681513422	private_dummy
1887	1291	1168458172	real
1887	10245	17251681513422	private_dummy
1888	1289	1208591486	real
1888	10246	17251681513422	private_dummy
1889	1287	1284404966	real
1889	10247	17251681513422	private_dummy
1890	112	1869695623	real
1890	113	1869695623	real
1890	588	1869695623	real
1890	10248	17251681513422	private_dummy
1891	815	1536494450	real
1891	816	1593607205	real
1891	1307	1536494450	real
1891	10249	17251681513422	private_dummy
1892	4670	1430048205	real
1892	10250	17251681513422	private_dummy
1893	4672	1280892846	real
1893	10251	17251681513422	private_dummy
1894	4674	1184562466	real
1894	10252	17251681513422	private_dummy
1895	4676	1127244833	real
1895	10253	17251681513422	private_dummy
1896	4678	1103469220	real
1896	10254	17251681513422	private_dummy
1897	4680	1111345418	real
1897	10255	17251681513422	private_dummy
1898	4682	1151478732	real
1898	10256	17251681513422	private_dummy
1899	4684	1227292212	real
1899	10257	17251681513422	private_dummy
1900	50	1593607205	real
1900	52	1536494450	real
1900	134	1536494450	real
1900	10258	17251681513422	private_dummy
1901	3585	1430048205	real
1901	3763	1678386638	real
1901	10259	17251681513422	private_dummy
1902	3582	1280892846	real
1902	10260	17251681513422	private_dummy
1903	3579	1184562466	real
1903	10261	17251681513422	private_dummy
1904	3576	1127244833	real
1904	10262	17251681513422	private_dummy
1905	3573	1103469220	real
1905	10263	17251681513422	private_dummy
1906	3570	1111345418	real
1906	10264	17251681513422	private_dummy
1907	3567	1151478732	real
1907	10265	17251681513422	private_dummy
1908	3564	1227292212	real
1908	10266	17251681513422	private_dummy
1909	1480	1280892846	real
1909	10267	17251681513422	private_dummy
1910	1467	1184562466	real
1910	10268	17251681513422	private_dummy
1911	1451	1127244833	real
1911	1452	1127244833	real
1911	10269	17251681513422	private_dummy
1912	1431	1103469220	real
1912	10270	17251681513422	private_dummy
1913	1406	1111345418	real
1913	10271	17251681513422	private_dummy
1914	1345	1227292212	real
1914	10272	17251681513422	private_dummy
1915	1307	1347326682	real
1915	10273	17251681513422	private_dummy
1916	134	1869695623	real
1916	135	1869695623	real
1916	10274	17251681513422	private_dummy
1917	4487	1009994705	real
1917	10275	17251681513422	private_dummy
1918	4487	1009994705	real
1918	10276	17251681513422	private_dummy
1919	4488	639349752	real
1919	10277	17251681513422	private_dummy
1920	4488	639349752	real
1920	10278	17251681513422	private_dummy
1921	4489	553131802	real
1921	10279	17251681513422	private_dummy
1922	4489	553131802	real
1922	10280	17251681513422	private_dummy
1923	4490	639349752	real
1923	10281	17251681513422	private_dummy
1924	4490	639349752	real
1924	10282	17251681513422	private_dummy
1925	4491	1009994705	real
1925	10283	17251681513422	private_dummy
1926	4491	1009994705	real
1926	10284	17251681513422	private_dummy
1927	4492	1268658209	real
1927	10285	17251681513422	private_dummy
1928	4492	1268658209	real
1928	10286	17251681513422	private_dummy
1929	190	1869695623	real
1929	626	1869695623	real
1929	10287	17251681513422	private_dummy
1930	191	1869695623	real
1930	10288	17251681513422	private_dummy
1931	895	1593607205	real
1931	1300	1536494450	real
1931	10289	17251681513422	private_dummy
1932	914	1593607205	real
1932	10290	17251681513422	private_dummy
1933	1584	1208591486	real
1933	10291	17251681513422	private_dummy
1934	1586	1168458172	real
1934	10292	17251681513422	private_dummy
1935	1588	1160581975	real
1935	10293	17251681513422	private_dummy
1936	1558	1284404966	real
1936	10294	17251681513422	private_dummy
1937	1594	1241675220	real
1937	10295	17251681513422	private_dummy
1938	1568	1284404966	real
1938	10296	17251681513422	private_dummy
1939	1600	1487160959	real
1939	10297	17251681513422	private_dummy
1940	1602	1759226661	real
1940	10298	17251681513422	private_dummy
1941	1497	1280892846	real
1941	1604	1280892846	real
1941	10299	17251681513422	private_dummy
1942	1613	1208591486	real
1942	10300	17251681513422	private_dummy
1943	1618	1208591486	real
1943	10301	17251681513422	private_dummy
1944	1654	1184357587	real
1944	1656	1127244833	real
1944	10302	17251681513422	private_dummy
1945	1628	1208591486	real
1945	10303	17251681513422	private_dummy
1946	1660	1338005600	real
1946	1662	1280892846	real
1946	10304	17251681513422	private_dummy
1947	1638	1208591486	real
1947	10305	17251681513422	private_dummy
1948	1666	1759226661	real
1948	10306	17251681513422	private_dummy
1949	1502	1280892846	real
1949	1668	1280892846	real
1949	10307	17251681513422	private_dummy
1950	1677	1168458172	real
1950	10308	17251681513422	private_dummy
1951	1711	1184357587	real
1951	1713	1127244833	real
1951	10309	17251681513422	private_dummy
1952	1714	1241675220	real
1952	10310	17251681513422	private_dummy
1953	1692	1168458172	real
1953	10311	17251681513422	private_dummy
1954	1720	1487160959	real
1954	10312	17251681513422	private_dummy
1955	1722	1759226661	real
1955	10313	17251681513422	private_dummy
1956	1506	1280892846	real
1956	1724	1280892846	real
1956	10314	17251681513422	private_dummy
1957	1732	1160581975	real
1957	1761	1103469220	real
1957	10315	17251681513422	private_dummy
1958	1737	1160581975	real
1958	1764	1103469220	real
1958	10316	17251681513422	private_dummy
1959	1765	1338005600	real
1959	1766	1280892846	real
1959	10317	17251681513422	private_dummy
1960	1768	1487160959	real
1960	10318	17251681513422	private_dummy
1961	1770	1759226661	real
1961	10319	17251681513422	private_dummy
1962	1510	1280892846	real
1962	1772	1280892846	real
1962	10320	17251681513422	private_dummy
1963	1780	1184357587	real
1963	10321	17251681513422	private_dummy
1964	1804	1338005600	real
1964	1806	1280892846	real
1964	10322	17251681513422	private_dummy
1965	1807	1487160959	real
1965	10323	17251681513422	private_dummy
1966	1809	1759226661	real
1966	10324	17251681513422	private_dummy
1967	1514	1280892846	real
1967	1811	1280892846	real
1967	10325	17251681513422	private_dummy
1968	1835	1338005600	real
1968	1836	1280892846	real
1968	10326	17251681513422	private_dummy
1969	1838	1487160959	real
1969	10327	17251681513422	private_dummy
1970	1840	1759226661	real
1970	10328	17251681513422	private_dummy
1971	1834	1241675220	real
1971	10329	17251681513422	private_dummy
1972	1861	1487160959	real
1972	10330	17251681513422	private_dummy
1973	1863	1759226661	real
1973	10331	17251681513422	private_dummy
1974	1523	1280892846	real
1974	1865	1280892846	real
1974	10332	17251681513422	private_dummy
1975	1879	1759226661	real
1975	10333	17251681513422	private_dummy
1976	1528	1280892846	real
1976	1881	1280892846	real
1976	10334	17251681513422	private_dummy
1977	1533	1280892846	real
1977	1889	1280892846	real
1977	10335	17251681513422	private_dummy
1978	4805	954546992	real
1978	10336	17251681513422	private_dummy
1979	4803	539597253	real
1979	10337	17251681513422	private_dummy
1980	4808	826219067	real
1980	10338	17251681513422	private_dummy
1981	4808	851820297	real
1981	10339	17251681513422	private_dummy
1982	4794	186523010	real
1982	4796	279189539	real
1982	10340	17251681513422	private_dummy
1983	4801	791246176	real
1983	4802	791246176	real
1983	10341	17251681513422	private_dummy
1984	4789	328667456	real
1984	4790	499997966	real
1984	10342	17251681513422	private_dummy
1985	4791	654888557	real
1985	4793	562222027	real
1985	10343	17251681513422	private_dummy
1986	4815	539597253	real
1986	10344	17251681513422	private_dummy
1987	4790	396922706	real
1987	10345	17251681513422	private_dummy
1988	4799	529188522	real
1988	10346	17251681513422	private_dummy
1989	4817	239590252	real
1989	10347	17251681513422	private_dummy
1990	4789	502842350	real
1990	10348	17251681513422	private_dummy
1991	4797	160926271	real
1991	10349	17251681513422	private_dummy
1992	4819	713772147	real
1992	10350	17251681513422	private_dummy
1993	4793	562222027	real
1993	4796	654888557	real
1993	10351	17251681513422	private_dummy
1994	4804	403362301	real
1994	10352	17251681513422	private_dummy
1995	4821	679295344	real
1995	10353	17251681513422	private_dummy
1996	4791	310695772	real
1996	4794	218029243	real
1996	10354	17251681513422	private_dummy
1997	4797	440031217	real
1997	4799	611361727	real
1997	10355	17251681513422	private_dummy
1998	4823	310695772	real
1998	10356	17251681513422	private_dummy
1999	4810	812221010	real
1999	10357	17251681513422	private_dummy
2000	4810	733552537	real
2000	10358	17251681513422	private_dummy
2001	4808	826219067	real
2001	4809	436521993	real
2001	4814	529188522	real
2001	10359	17251681513422	private_dummy
2002	4818	516840406	real
2002	10360	17251681513422	private_dummy
2003	4820	239590252	real
2003	10361	17251681513422	private_dummy
2004	4808	871600688	real
2004	4809	812221010	real
2004	4816	733552537	real
2004	10362	17251681513422	private_dummy
2005	4818	792440620	real
2005	10363	17251681513422	private_dummy
2006	4820	318258725	real
2006	10364	17251681513422	private_dummy
2007	4807	421329493	real
2007	10365	17251681513422	private_dummy
2008	4822	310695772	real
2008	10366	17251681513422	private_dummy
2009	4824	541247193	real
2009	10367	17251681513422	private_dummy
2010	4807	499997966	real
2010	10368	17251681513422	private_dummy
2011	4822	389364245	real
2011	10369	17251681513422	private_dummy
2012	4824	619915666	real
2012	10370	17251681513422	private_dummy
2013	4806	396922706	real
2013	10371	17251681513422	private_dummy
2014	4806	674172860	real
2014	10372	17251681513422	private_dummy
2015	4696	459723160	real
2015	4699	459723160	real
2015	10373	17251681513422	private_dummy
2016	4792	798782256	real
2016	10374	17251681513422	private_dummy
2017	4788	783211990	real
2017	10375	17251681513422	private_dummy
2018	4788	804767708	real
2018	10376	17251681513422	private_dummy
2019	4686	726099236	real
2019	4687	726099236	real
2019	10377	17251681513422	private_dummy
2020	4688	577990920	real
2020	4689	577990920	real
2020	10378	17251681513422	private_dummy
2021	4690	597771310	real
2021	4691	597771310	real
2021	10379	17251681513422	private_dummy
2022	4692	798782256	real
2022	4693	798782256	real
2022	10380	17251681513422	private_dummy
2023	4694	798782256	real
2023	4695	798782256	real
2023	10381	17251681513422	private_dummy
2024	4832	861880462	real
2024	10382	17251681513422	private_dummy
2025	4832	861880462	real
2025	10383	17251681513422	private_dummy
2026	4687	726099236	real
2026	10384	17251681513422	private_dummy
2027	4728	300740766	real
2027	4731	300740766	real
2027	10385	17251681513422	private_dummy
2028	4734	371846286	real
2028	10386	17251681513422	private_dummy
2029	4795	554664365	real
2029	10387	17251681513422	private_dummy
2030	4834	861880462	real
2030	10388	17251681513422	private_dummy
2031	4834	861880462	real
2031	10389	17251681513422	private_dummy
2032	4686	895769196	real
2032	10390	17251681513422	private_dummy
2033	4704	405465967	real
2033	4707	462578721	real
2033	10391	17251681513422	private_dummy
2034	4710	285548266	real
2034	4713	285548266	real
2034	10392	17251681513422	private_dummy
2035	4716	405465967	real
2035	10393	17251681513422	private_dummy
2036	4720	727471858	real
2036	4721	727471858	real
2036	10394	17251681513422	private_dummy
2037	4836	783211990	real
2037	10395	17251681513422	private_dummy
2038	4836	1000509497	real
2038	10396	17251681513422	private_dummy
2039	4689	577990920	real
2039	10397	17251681513422	private_dummy
2040	4707	462578721	real
2040	10398	17251681513422	private_dummy
2041	4761	440438857	real
2041	4764	440438857	real
2041	10399	17251681513422	private_dummy
2042	4798	414966275	real
2042	10400	17251681513422	private_dummy
2043	4838	438171934	real
2043	10401	17251681513422	private_dummy
2044	4838	655469441	real
2044	10402	17251681513422	private_dummy
2045	4688	628199503	real
2045	10403	17251681513422	private_dummy
2046	4704	628199503	real
2046	10404	17251681513422	private_dummy
2047	4742	382913971	real
2047	4745	440026725	real
2047	10405	17251681513422	private_dummy
2048	4748	382913971	real
2048	4751	382913971	real
2048	10406	17251681513422	private_dummy
2049	4753	396916519	real
2049	4754	396916519	real
2049	10407	17251681513422	private_dummy
2050	4840	660905471	real
2050	10408	17251681513422	private_dummy
2051	4840	552394181	real
2051	10409	17251681513422	private_dummy
2052	4691	597771310	real
2052	4699	597771310	real
2052	10410	17251681513422	private_dummy
2053	4713	285548266	real
2053	4731	285548266	real
2053	10411	17251681513422	private_dummy
2054	4745	440026725	real
2054	10412	17251681513422	private_dummy
2055	4777	855895011	real
2055	10413	17251681513422	private_dummy
2056	4781	438171934	real
2056	10414	17251681513422	private_dummy
2057	4842	546692206	real
2057	10415	17251681513422	private_dummy
2058	4842	503582000	real
2058	10416	17251681513422	private_dummy
2059	4690	568241738	real
2059	4696	568241738	real
2059	10417	17251681513422	private_dummy
2060	4710	313543580	real
2060	4728	313543580	real
2060	10418	17251681513422	private_dummy
2061	4742	568241738	real
2061	10419	17251681513422	private_dummy
2062	4770	556136856	real
2062	10420	17251681513422	private_dummy
2063	4774	370656334	real
2063	10421	17251681513422	private_dummy
2064	4844	574687520	real
2064	10422	17251681513422	private_dummy
2065	4844	503582000	real
2065	10423	17251681513422	private_dummy
2066	4693	798782256	real
2066	10424	17251681513422	private_dummy
2067	4751	382913971	real
2067	4764	382913971	real
2067	10425	17251681513422	private_dummy
2068	4800	898806860	real
2068	10426	17251681513422	private_dummy
2069	4846	752827857	real
2069	10427	17251681513422	private_dummy
2070	4846	660905471	real
2070	10428	17251681513422	private_dummy
2071	4692	670359104	real
2071	10429	17251681513422	private_dummy
2072	4716	313543580	real
2072	4734	313543580	real
2072	10430	17251681513422	private_dummy
2073	4748	339803765	real
2073	4761	339803765	real
2073	10431	17251681513422	private_dummy
2074	4770	670359104	real
2074	4777	727471858	real
2074	10432	17251681513422	private_dummy
2075	4785	582236998	real
2075	4786	639349752	real
2075	10433	17251681513422	private_dummy
2076	4848	660905471	real
2076	10434	17251681513422	private_dummy
2077	4848	660905471	real
2077	10435	17251681513422	private_dummy
2078	4695	1052445090	real
2078	10436	17251681513422	private_dummy
2079	4721	727471858	real
2079	10437	17251681513422	private_dummy
2080	4754	396916519	real
2080	10438	17251681513422	private_dummy
2081	4786	639349752	real
2081	10439	17251681513422	private_dummy
2082	4850	1151180387	real
2082	10440	17251681513422	private_dummy
2083	4850	897434237	real
2083	10441	17251681513422	private_dummy
2084	4694	1052445090	real
2084	10442	17251681513422	private_dummy
2085	4720	685312258	real
2085	10443	17251681513422	private_dummy
2086	4753	625354492	real
2086	10444	17251681513422	private_dummy
2087	4774	727471858	real
2087	4781	727471858	real
2087	10445	17251681513422	private_dummy
2088	4785	1109557844	real
2088	10446	17251681513422	private_dummy
2089	4852	1005945527	real
2089	10447	17251681513422	private_dummy
2090	4852	1000509497	real
2090	10448	17251681513422	private_dummy
2091	4812	861880462	real
2091	4831	726099236	real
2091	10449	17251681513422	private_dummy
2092	4835	1031550423	real
2092	10450	17251681513422	private_dummy
2093	4837	783211990	real
2093	10451	17251681513422	private_dummy
2094	4812	918993217	real
2094	4833	783211990	real
2094	10452	17251681513422	private_dummy
2095	4835	1088663177	real
2095	10453	17251681513422	private_dummy
2096	4837	840324744	real
2096	10454	17251681513422	private_dummy
2097	4839	660905471	real
2097	10455	17251681513422	private_dummy
2098	4841	595504387	real
2098	10456	17251681513422	private_dummy
2099	4839	718018225	real
2099	10457	17251681513422	private_dummy
2100	4841	652617141	real
2100	10458	17251681513422	private_dummy
2101	4843	574687520	real
2101	10459	17251681513422	private_dummy
2102	4845	595504387	real
2102	10460	17251681513422	private_dummy
2103	4843	631800274	real
2103	10461	17251681513422	private_dummy
2104	4845	652617141	real
2104	10462	17251681513422	private_dummy
2105	4847	660905471	real
2105	10463	17251681513422	private_dummy
2106	4849	783211990	real
2106	10464	17251681513422	private_dummy
2107	4847	718018225	real
2107	10465	17251681513422	private_dummy
2108	4849	840324744	real
2108	10466	17251681513422	private_dummy
2109	4851	1031550423	real
2109	10467	17251681513422	private_dummy
2110	4853	1088663177	real
2110	10468	17251681513422	private_dummy
2111	4851	1088663177	real
2111	10469	17251681513422	private_dummy
2112	4853	1167331650	real
2112	10470	17251681513422	private_dummy
2113	4813	228443265	real
2113	10471	17251681513422	private_dummy
2114	4813	367072299	real
2114	10472	17251681513422	private_dummy
2115	4810	733552537	real
2115	4811	461997836	real
2115	10473	17251681513422	private_dummy
2116	4810	733552537	real
2116	4811	576220084	real
2116	10474	17251681513422	private_dummy
2117	605	1280892846	real
2117	606	1280892846	real
2117	627	1280892846	real
2117	10475	17251681513422	private_dummy
2118	4122	1009994705	real
2118	4124	1258333138	real
2118	10476	17251681513422	private_dummy
2119	4120	761656271	real
2119	10477	17251681513422	private_dummy
2120	4118	639349752	real
2120	10478	17251681513422	private_dummy
2121	4116	573948669	real
2121	10479	17251681513422	private_dummy
2122	4114	553131802	real
2122	10480	17251681513422	private_dummy
2123	4112	573948669	real
2123	10481	17251681513422	private_dummy
2124	4110	639349752	real
2124	10482	17251681513422	private_dummy
2125	4108	761656271	real
2125	10483	17251681513422	private_dummy
2126	136	1338005600	real
2126	137	1280892846	real
2126	10484	17251681513422	private_dummy
2127	1285	1280892846	real
2127	1286	1280892846	real
2127	1307	1280892846	real
2127	10485	17251681513422	private_dummy
2128	4683	1088663177	real
2128	4685	1337001611	real
2128	10486	17251681513422	private_dummy
2129	4681	840324744	real
2129	10487	17251681513422	private_dummy
2130	4679	718018225	real
2130	10488	17251681513422	private_dummy
2131	4677	652617141	real
2131	10489	17251681513422	private_dummy
2132	4675	631800274	real
2132	10490	17251681513422	private_dummy
2133	4673	652617141	real
2133	10491	17251681513422	private_dummy
2134	4671	718018225	real
2134	10492	17251681513422	private_dummy
2135	4669	840324744	real
2135	10493	17251681513422	private_dummy
2136	859	1338005600	real
2136	860	1280892846	real
2136	10494	17251681513422	private_dummy
2137	143	1869695623	real
2137	144	1869695623	real
2137	608	1869695623	real
2137	10495	17251681513422	private_dummy
2138	866	1536494450	real
2138	867	1593607205	real
2138	1288	1536494450	real
2138	10496	17251681513422	private_dummy
2139	1590	1127244833	real
2139	1591	1184357587	real
2139	1593	1127244833	real
2139	10497	17251681513422	private_dummy
2140	1596	1280892846	real
2140	1597	1338005600	real
2140	1599	1280892846	real
2140	10498	17251681513422	private_dummy
2141	4855	1536494450	real
2141	10499	17251681513422	private_dummy
2142	4701	861880462	real
2142	10500	17251681513422	private_dummy
2143	4703	625351696	real
2143	10501	17251681513422	private_dummy
2144	4706	516840406	real
2144	10502	17251681513422	private_dummy
2145	4857	468028226	real
2145	10503	17251681513422	private_dummy
2146	4712	468028226	real
2146	10504	17251681513422	private_dummy
2147	4859	516840406	real
2147	10505	17251681513422	private_dummy
2148	4718	625351696	real
2148	10506	17251681513422	private_dummy
2149	140	1869695623	real
2149	141	1869695623	real
2149	10507	17251681513422	private_dummy
2150	863	1593607205	real
2150	864	1593607205	real
2150	10508	17251681513422	private_dummy
2151	1537	1208591486	real
2151	1538	1208591486	real
2151	1540	1151478732	real
2151	1541	1151478732	real
2151	10509	17251681513422	private_dummy
2152	1543	1168458172	real
2152	1544	1168458172	real
2152	1546	1111345418	real
2152	1547	1111345418	real
2152	10510	17251681513422	private_dummy
2153	1549	1160581975	real
2153	1550	1160581975	real
2153	1552	1103469220	real
2153	1553	1103469220	real
2153	10511	17251681513422	private_dummy
2154	1555	1184357587	real
2154	1556	1184357587	real
2154	10512	17251681513422	private_dummy
2155	1559	1241675220	real
2155	1560	1241675220	real
2155	1562	1184562466	real
2155	1563	1184562466	real
2155	10513	17251681513422	private_dummy
2156	1565	1338005600	real
2156	1566	1338005600	real
2156	10514	17251681513422	private_dummy
2157	1569	1487160959	real
2157	1570	1487160959	real
2157	1572	1430048205	real
2157	1573	1430048205	real
2157	10515	17251681513422	private_dummy
2158	1575	1759226661	real
2158	1576	1759226661	real
2158	1578	1702113907	real
2158	1579	1702113907	real
2158	10516	17251681513422	private_dummy
2159	1494	1280892846	real
2159	1496	1338005600	real
2159	1581	1280892846	real
2159	1582	1280892846	real
2159	10517	17251681513422	private_dummy
2160	149	1869695623	real
2160	150	1869695623	real
2160	610	1869695623	real
2160	10518	17251681513422	private_dummy
2161	872	1536494450	real
2161	873	1593607205	real
2161	1290	1536494450	real
2161	10519	17251681513422	private_dummy
2162	1540	1227292212	real
2162	1542	1284404966	real
2162	10520	17251681513422	private_dummy
2163	1648	1111345418	real
2163	1649	1168458172	real
2163	10521	17251681513422	private_dummy
2164	1651	1103469220	real
2164	1652	1160581975	real
2164	10522	17251681513422	private_dummy
2165	1657	1184562466	real
2165	1658	1241675220	real
2165	10523	17251681513422	private_dummy
2166	1663	1430048205	real
2166	1664	1487160959	real
2166	10524	17251681513422	private_dummy
2167	4861	1536494450	real
2167	10525	17251681513422	private_dummy
2168	4863	1031550423	real
2168	10526	17251681513422	private_dummy
2169	4865	625351696	real
2169	10527	17251681513422	private_dummy
2170	4867	402618159	real
2170	10528	17251681513422	private_dummy
2171	4727	310695772	real
2171	10529	17251681513422	private_dummy
2172	4869	282700458	real
2172	10530	17251681513422	private_dummy
2173	4733	310695772	real
2173	10531	17251681513422	private_dummy
2174	4871	402618159	real
2174	10532	17251681513422	private_dummy
2175	146	1869695623	real
2175	147	1869695623	real
2175	10533	17251681513422	private_dummy
2176	869	1593607205	real
2176	870	1593607205	real
2176	10534	17251681513422	private_dummy
2177	1537	1284404966	real
2177	1539	1284404966	real
2177	1585	1227292212	real
2177	10535	17251681513422	private_dummy
2178	1609	1168458172	real
2178	1610	1168458172	real
2178	1612	1111345418	real
2178	10536	17251681513422	private_dummy
2179	1614	1160581975	real
2179	1615	1160581975	real
2179	1617	1103469220	real
2179	10537	17251681513422	private_dummy
2180	1619	1184357587	real
2180	1620	1184357587	real
2180	1622	1127244833	real
2180	10538	17251681513422	private_dummy
2181	1624	1241675220	real
2181	1625	1241675220	real
2181	1627	1184562466	real
2181	10539	17251681513422	private_dummy
2182	1629	1338005600	real
2182	1630	1338005600	real
2182	1632	1280892846	real
2182	10540	17251681513422	private_dummy
2183	1634	1487160959	real
2183	1635	1487160959	real
2183	1637	1430048205	real
2183	10541	17251681513422	private_dummy
2184	1639	1759226661	real
2184	1640	1759226661	real
2184	1642	1702113907	real
2184	1643	1702113907	real
2184	10542	17251681513422	private_dummy
2185	1498	1280892846	real
2185	1500	1338005600	real
2185	1645	1280892846	real
2185	1646	1280892846	real
2185	10543	17251681513422	private_dummy
2186	155	1869695623	real
2186	156	1869695623	real
2186	612	1869695623	real
2186	10544	17251681513422	private_dummy
2187	878	1536494450	real
2187	879	1593607205	real
2187	1292	1536494450	real
2187	10545	17251681513422	private_dummy
2188	1546	1227292212	real
2188	1548	1284404966	real
2188	10546	17251681513422	private_dummy
2189	1708	1103469220	real
2189	1709	1160581975	real
2189	10547	17251681513422	private_dummy
2190	1716	1280892846	real
2190	1717	1338005600	real
2190	1719	1280892846	real
2190	10548	17251681513422	private_dummy
2191	4873	1536494450	real
2191	10549	17251681513422	private_dummy
2192	4875	1031550423	real
2192	10550	17251681513422	private_dummy
2193	4723	783211990	real
2193	10551	17251681513422	private_dummy
2194	4877	541247193	real
2194	10552	17251681513422	private_dummy
2195	4741	335102559	real
2195	10553	17251681513422	private_dummy
2196	4744	263997040	real
2196	10554	17251681513422	private_dummy
2197	4879	263997040	real
2197	10555	17251681513422	private_dummy
2198	4750	335102559	real
2198	10556	17251681513422	private_dummy
2199	152	1869695623	real
2199	153	1869695623	real
2199	10557	17251681513422	private_dummy
2200	875	1593607205	real
2200	876	1593607205	real
2200	10558	17251681513422	private_dummy
2201	1543	1284404966	real
2201	1545	1284404966	real
2201	1587	1227292212	real
2201	10559	17251681513422	private_dummy
2202	1609	1208591486	real
2202	1611	1208591486	real
2202	1648	1151478732	real
2202	1650	1151478732	real
2202	10560	17251681513422	private_dummy
2203	1673	1160581975	real
2203	1674	1160581975	real
2203	1676	1103469220	real
2203	10561	17251681513422	private_dummy
2204	1678	1184357587	real
2204	1679	1184357587	real
2204	1681	1127244833	real
2204	10562	17251681513422	private_dummy
2205	1683	1241675220	real
2205	1684	1241675220	real
2205	1686	1184562466	real
2205	1687	1184562466	real
2205	10563	17251681513422	private_dummy
2206	1689	1338005600	real
2206	1690	1338005600	real
2206	10564	17251681513422	private_dummy
2207	1693	1487160959	real
2207	1694	1487160959	real
2207	1696	1430048205	real
2207	1697	1430048205	real
2207	10565	17251681513422	private_dummy
2208	1699	1759226661	real
2208	1700	1759226661	real
2208	1702	1702113907	real
2208	1703	1702113907	real
2208	10566	17251681513422	private_dummy
2209	1503	1280892846	real
2209	1505	1338005600	real
2209	1705	1280892846	real
2209	1706	1280892846	real
2209	10567	17251681513422	private_dummy
2210	161	1869695623	real
2210	162	1869695623	real
2210	614	1869695623	real
2210	10568	17251681513422	private_dummy
2211	884	1536494450	real
2211	885	1593607205	real
2211	1294	1536494450	real
2211	10569	17251681513422	private_dummy
2212	1552	1227292212	real
2212	1554	1284404966	real
2212	10570	17251681513422	private_dummy
2213	1758	1127244833	real
2213	1759	1184357587	real
2213	1760	1127244833	real
2213	10571	17251681513422	private_dummy
2214	1762	1184562466	real
2214	1763	1241675220	real
2214	10572	17251681513422	private_dummy
2215	4881	1536494450	real
2215	10573	17251681513422	private_dummy
2216	4883	1031550423	real
2216	10574	17251681513422	private_dummy
2217	4725	783211990	real
2217	10575	17251681513422	private_dummy
2218	4739	660905471	real
2218	10576	17251681513422	private_dummy
2219	4885	507627513	real
2219	10577	17251681513422	private_dummy
2220	4887	322299745	real
2220	10578	17251681513422	private_dummy
2221	4760	279189539	real
2221	10579	17251681513422	private_dummy
2222	4763	322299745	real
2222	10580	17251681513422	private_dummy
2223	158	1869695623	real
2223	159	1869695623	real
2223	10581	17251681513422	private_dummy
2224	881	1593607205	real
2224	882	1593607205	real
2224	10582	17251681513422	private_dummy
2225	1549	1284404966	real
2225	1551	1284404966	real
2225	1589	1227292212	real
2225	10583	17251681513422	private_dummy
2226	1614	1208591486	real
2226	1616	1208591486	real
2226	1651	1151478732	real
2226	1653	1151478732	real
2226	10584	17251681513422	private_dummy
2227	1673	1168458172	real
2227	1675	1168458172	real
2227	1708	1111345418	real
2227	1710	1111345418	real
2227	10585	17251681513422	private_dummy
2228	1729	1184357587	real
2228	1730	1184357587	real
2228	10586	17251681513422	private_dummy
2229	1733	1241675220	real
2229	1734	1241675220	real
2229	1736	1184562466	real
2229	10587	17251681513422	private_dummy
2230	1738	1338005600	real
2230	1739	1338005600	real
2230	1741	1280892846	real
2230	10588	17251681513422	private_dummy
2231	1743	1487160959	real
2231	1744	1487160959	real
2231	1746	1430048205	real
2231	1747	1430048205	real
2231	10589	17251681513422	private_dummy
2232	1749	1759226661	real
2232	1750	1759226661	real
2232	1752	1702113907	real
2232	1753	1702113907	real
2232	10590	17251681513422	private_dummy
2233	1507	1280892846	real
2233	1509	1338005600	real
2233	1755	1280892846	real
2233	1756	1280892846	real
2233	10591	17251681513422	private_dummy
2234	167	1869695623	real
2234	168	1869695623	real
2234	616	1869695623	real
2234	10592	17251681513422	private_dummy
2235	890	1536494450	real
2235	891	1593607205	real
2235	1296	1536494450	real
2235	10593	17251681513422	private_dummy
2236	1622	1151478732	real
2236	1623	1208591486	real
2236	10594	17251681513422	private_dummy
2237	1681	1111345418	real
2237	1682	1168458172	real
2237	10595	17251681513422	private_dummy
2238	1801	1184562466	real
2238	1802	1241675220	real
2238	10596	17251681513422	private_dummy
2239	4889	1536494450	real
2239	10597	17251681513422	private_dummy
2240	4709	1031550423	real
2240	10598	17251681513422	private_dummy
2241	4891	783211990	real
2241	10599	17251681513422	private_dummy
2242	4893	660905471	real
2242	10600	17251681513422	private_dummy
2243	4756	595504387	real
2243	10601	17251681513422	private_dummy
2244	4895	518695198	real
2244	10602	17251681513422	private_dummy
2245	4769	361362744	real
2245	10603	17251681513422	private_dummy
2246	4772	361362744	real
2246	10604	17251681513422	private_dummy
2247	164	1869695623	real
2247	165	1869695623	real
2247	10605	17251681513422	private_dummy
2248	887	1593607205	real
2248	888	1593607205	real
2248	10606	17251681513422	private_dummy
2249	1555	1284404966	real
2249	1557	1284404966	real
2249	1590	1227292212	real
2249	1592	1227292212	real
2249	10607	17251681513422	private_dummy
2250	1619	1208591486	real
2250	1621	1208591486	real
2250	1655	1151478732	real
2250	10608	17251681513422	private_dummy
2251	1678	1168458172	real
2251	1680	1168458172	real
2251	1712	1111345418	real
2251	10609	17251681513422	private_dummy
2252	1729	1160581975	real
2252	1731	1160581975	real
2252	1758	1103469220	real
2252	10610	17251681513422	private_dummy
2253	1776	1241675220	real
2253	1777	1241675220	real
2253	1779	1184562466	real
2253	10611	17251681513422	private_dummy
2254	1781	1338005600	real
2254	1782	1338005600	real
2254	1784	1280892846	real
2254	10612	17251681513422	private_dummy
2255	1786	1487160959	real
2255	1787	1487160959	real
2255	1789	1430048205	real
2255	1790	1430048205	real
2255	10613	17251681513422	private_dummy
2256	1792	1759226661	real
2256	1793	1759226661	real
2256	1795	1702113907	real
2256	1796	1702113907	real
2256	10614	17251681513422	private_dummy
2257	1511	1280892846	real
2257	1513	1338005600	real
2257	1798	1280892846	real
2257	1799	1280892846	real
2257	10615	17251681513422	private_dummy
2258	172	1869695623	real
2258	173	1869695623	real
2258	619	1869695623	real
2258	10616	17251681513422	private_dummy
2259	1562	1227292212	real
2259	1564	1284404966	real
2259	10617	17251681513422	private_dummy
2260	1686	1111345418	real
2260	1688	1168458172	real
2260	10618	17251681513422	private_dummy
2261	1518	1280892846	real
2261	1519	1280892846	real
2261	1842	1280892846	real
2261	10619	17251681513422	private_dummy
2262	4698	1536494450	real
2262	10620	17251681513422	private_dummy
2263	4897	1031550423	real
2263	10621	17251681513422	private_dummy
2264	4730	783211990	real
2264	10622	17251681513422	private_dummy
2265	4899	660905471	real
2265	10623	17251681513422	private_dummy
2266	4758	595504387	real
2266	10624	17251681513422	private_dummy
2267	4767	574687520	real
2267	10625	17251681513422	private_dummy
2268	4776	576220084	real
2268	10626	17251681513422	private_dummy
2269	4779	461997836	real
2269	10627	17251681513422	private_dummy
2270	170	1869695623	real
2270	171	1869695623	real
2270	10628	17251681513422	private_dummy
2271	893	1593607205	real
2271	894	1593607205	real
2271	1298	1536494450	real
2271	10629	17251681513422	private_dummy
2272	1559	1284404966	real
2272	1561	1284404966	real
2272	1595	1227292212	real
2272	10630	17251681513422	private_dummy
2273	1624	1208591486	real
2273	1626	1208591486	real
2273	1657	1151478732	real
2273	1659	1151478732	real
2273	10631	17251681513422	private_dummy
2274	1683	1168458172	real
2274	1685	1168458172	real
2274	1715	1111345418	real
2274	10632	17251681513422	private_dummy
2275	1733	1160581975	real
2275	1735	1160581975	real
2275	1762	1103469220	real
2275	10633	17251681513422	private_dummy
2276	1776	1184357587	real
2276	1778	1184357587	real
2276	1801	1127244833	real
2276	1803	1127244833	real
2276	10634	17251681513422	private_dummy
2277	1816	1338005600	real
2277	1817	1338005600	real
2277	1819	1280892846	real
2277	10635	17251681513422	private_dummy
2278	1821	1487160959	real
2278	1822	1487160959	real
2278	1824	1430048205	real
2278	1825	1430048205	real
2278	10636	17251681513422	private_dummy
2279	1827	1759226661	real
2279	1828	1759226661	real
2279	1830	1702113907	real
2279	1831	1702113907	real
2279	10637	17251681513422	private_dummy
2280	1515	1280892846	real
2280	1517	1338005600	real
2280	1833	1280892846	real
2280	10638	17251681513422	private_dummy
2281	178	1869695623	real
2281	179	1869695623	real
2281	621	1869695623	real
2281	10639	17251681513422	private_dummy
2282	900	1536494450	real
2282	901	1593607205	real
2282	1302	1536494450	real
2282	10640	17251681513422	private_dummy
2283	1632	1151478732	real
2283	1633	1208591486	real
2283	10641	17251681513422	private_dummy
2284	1741	1103469220	real
2284	1742	1160581975	real
2284	1767	1103469220	real
2284	10642	17251681513422	private_dummy
2285	1784	1127244833	real
2285	1785	1184357587	real
2285	10643	17251681513422	private_dummy
2286	1819	1184562466	real
2286	1820	1241675220	real
2286	1837	1184562466	real
2286	10644	17251681513422	private_dummy
2287	4901	1536494450	real
2287	10645	17251681513422	private_dummy
2288	4715	1031550423	real
2288	10646	17251681513422	private_dummy
2289	4903	783211990	real
2289	10647	17251681513422	private_dummy
2290	4747	660905471	real
2290	10648	17251681513422	private_dummy
2291	4905	595504387	real
2291	10649	17251681513422	private_dummy
2292	4907	574687520	real
2292	10650	17251681513422	private_dummy
2293	4909	595504387	real
2293	10651	17251681513422	private_dummy
2294	4783	691918083	real
2294	10652	17251681513422	private_dummy
2295	175	1869695623	real
2295	176	1869695623	real
2295	10653	17251681513422	private_dummy
2296	897	1593607205	real
2296	898	1593607205	real
2296	10654	17251681513422	private_dummy
2297	1565	1284404966	real
2297	1567	1284404966	real
2297	1596	1227292212	real
2297	1598	1227292212	real
2297	10655	17251681513422	private_dummy
2298	1629	1208591486	real
2298	1631	1208591486	real
2298	1661	1151478732	real
2298	10656	17251681513422	private_dummy
2299	1689	1168458172	real
2299	1691	1168458172	real
2299	1716	1111345418	real
2299	1718	1111345418	real
2299	10657	17251681513422	private_dummy
2300	1738	1160581975	real
2300	1740	1160581975	real
2300	10658	17251681513422	private_dummy
2301	1781	1184357587	real
2301	1783	1184357587	real
2301	1805	1127244833	real
2301	10659	17251681513422	private_dummy
2302	1816	1241675220	real
2302	1818	1241675220	real
2302	10660	17251681513422	private_dummy
2303	1846	1487160959	real
2303	1847	1487160959	real
2303	1849	1430048205	real
2303	1850	1430048205	real
2303	10661	17251681513422	private_dummy
2304	1852	1759226661	real
2304	1853	1759226661	real
2304	1855	1702113907	real
2304	1856	1702113907	real
2304	10662	17251681513422	private_dummy
2305	1520	1280892846	real
2305	1522	1338005600	real
2305	1858	1280892846	real
2305	1859	1280892846	real
2305	10663	17251681513422	private_dummy
2306	184	1869695623	real
2306	185	1869695623	real
2306	623	1869695623	real
2306	10664	17251681513422	private_dummy
2307	906	1536494450	real
2307	907	1593607205	real
2307	1304	1536494450	real
2307	10665	17251681513422	private_dummy
2308	1572	1227292212	real
2308	1574	1284404966	real
2308	10666	17251681513422	private_dummy
2309	1696	1111345418	real
2309	1698	1168458172	real
2309	10667	17251681513422	private_dummy
2310	1746	1103469220	real
2310	1748	1160581975	real
2310	1769	1103469220	real
2310	10668	17251681513422	private_dummy
2311	1789	1127244833	real
2311	1791	1184357587	real
2311	10669	17251681513422	private_dummy
2312	1824	1184562466	real
2312	1826	1241675220	real
2312	1839	1184562466	real
2312	10670	17251681513422	private_dummy
2313	1849	1280892846	real
2313	1851	1338005600	real
2313	10671	17251681513422	private_dummy
2314	4911	1536494450	real
2314	10672	17251681513422	private_dummy
2315	4913	1031550423	real
2315	10673	17251681513422	private_dummy
2316	4736	783211990	real
2316	10674	17251681513422	private_dummy
2317	4915	660905471	real
2317	10675	17251681513422	private_dummy
2318	4917	595504387	real
2318	10676	17251681513422	private_dummy
2319	4919	574687520	real
2319	10677	17251681513422	private_dummy
2320	4921	595504387	real
2320	10678	17251681513422	private_dummy
2321	4923	660905471	real
2321	10679	17251681513422	private_dummy
2322	181	1869695623	real
2322	182	1869695623	real
2322	10680	17251681513422	private_dummy
2323	903	1593607205	real
2323	904	1593607205	real
2323	10681	17251681513422	private_dummy
2324	1569	1284404966	real
2324	1571	1284404966	real
2324	1601	1227292212	real
2324	10682	17251681513422	private_dummy
2325	1634	1208591486	real
2325	1636	1208591486	real
2325	1663	1151478732	real
2325	1665	1151478732	real
2325	10683	17251681513422	private_dummy
2326	1693	1168458172	real
2326	1695	1168458172	real
2326	1721	1111345418	real
2326	10684	17251681513422	private_dummy
2327	1743	1160581975	real
2327	1745	1160581975	real
2327	10685	17251681513422	private_dummy
2328	1786	1184357587	real
2328	1788	1184357587	real
2328	1808	1127244833	real
2328	10686	17251681513422	private_dummy
2329	1821	1241675220	real
2329	1823	1241675220	real
2329	10687	17251681513422	private_dummy
2330	1846	1338005600	real
2330	1848	1338005600	real
2330	1862	1280892846	real
2330	10688	17251681513422	private_dummy
2331	1870	1759226661	real
2331	1871	1759226661	real
2331	1873	1702113907	real
2331	1874	1702113907	real
2331	10689	17251681513422	private_dummy
2332	1524	1280892846	real
2332	1526	1359561318	real
2332	1876	1280892846	real
2332	1877	1280892846	real
2332	10690	17251681513422	private_dummy
2333	912	1536494450	real
2333	913	1593607205	real
2333	1306	1536494450	real
2333	10691	17251681513422	private_dummy
2334	1578	1227292212	real
2334	1580	1284404966	real
2334	10692	17251681513422	private_dummy
2335	1642	1151478732	real
2335	1644	1208591486	real
2335	10693	17251681513422	private_dummy
2336	1702	1111345418	real
2336	1704	1168458172	real
2336	10694	17251681513422	private_dummy
2337	1752	1103469220	real
2337	1754	1160581975	real
2337	1771	1103469220	real
2337	10695	17251681513422	private_dummy
2338	1795	1127244833	real
2338	1797	1184357587	real
2338	10696	17251681513422	private_dummy
2339	1830	1184562466	real
2339	1832	1241675220	real
2339	1841	1184562466	real
2339	10697	17251681513422	private_dummy
2340	1855	1280892846	real
2340	1857	1338005600	real
2340	10698	17251681513422	private_dummy
2341	1873	1430048205	real
2341	1875	1487160959	real
2341	10699	17251681513422	private_dummy
2342	4925	1536494450	real
2342	10700	17251681513422	private_dummy
2343	4927	1031550423	real
2343	10701	17251681513422	private_dummy
2344	4929	783211990	real
2344	10702	17251681513422	private_dummy
2345	4931	660905471	real
2345	10703	17251681513422	private_dummy
2346	4933	595504387	real
2346	10704	17251681513422	private_dummy
2347	4935	574687520	real
2347	10705	17251681513422	private_dummy
2348	4937	595504387	real
2348	10706	17251681513422	private_dummy
2349	4939	660905471	real
2349	10707	17251681513422	private_dummy
2350	187	1869695623	real
2350	188	1869695623	real
2350	625	1869695623	real
2350	10708	17251681513422	private_dummy
2351	909	1593607205	real
2351	910	1593607205	real
2351	10709	17251681513422	private_dummy
2352	1575	1284404966	real
2352	1577	1284404966	real
2352	1603	1227292212	real
2352	10710	17251681513422	private_dummy
2353	1639	1208591486	real
2353	1641	1208591486	real
2353	1667	1151478732	real
2353	10711	17251681513422	private_dummy
2354	1699	1168458172	real
2354	1701	1168458172	real
2354	1723	1111345418	real
2354	10712	17251681513422	private_dummy
2355	1749	1160581975	real
2355	1751	1160581975	real
2355	10713	17251681513422	private_dummy
2356	1792	1184357587	real
2356	1794	1184357587	real
2356	1810	1127244833	real
2356	10714	17251681513422	private_dummy
2357	1827	1241675220	real
2357	1829	1241675220	real
2357	10715	17251681513422	private_dummy
2358	1852	1338005600	real
2358	1854	1338005600	real
2358	1864	1280892846	real
2358	10716	17251681513422	private_dummy
2359	1870	1487160959	real
2359	1872	1487160959	real
2359	1880	1430048205	real
2359	10717	17251681513422	private_dummy
2360	1529	1280892846	real
2360	1531	1280892846	real
2360	1886	1280892846	real
2360	1887	1280892846	real
2360	10718	17251681513422	private_dummy
2361	1581	1227292212	real
2361	1583	1284404966	real
2361	1605	1227292212	real
2361	10719	17251681513422	private_dummy
2362	1645	1151478732	real
2362	1647	1208591486	real
2362	1669	1151478732	real
2362	10720	17251681513422	private_dummy
2363	1705	1111345418	real
2363	1707	1168458172	real
2363	1725	1111345418	real
2363	10721	17251681513422	private_dummy
2364	1755	1103469220	real
2364	1757	1160581975	real
2364	10722	17251681513422	private_dummy
2365	1798	1127244833	real
2365	1800	1184357587	real
2365	1812	1127244833	real
2365	10723	17251681513422	private_dummy
2366	1858	1280892846	real
2366	1860	1338005600	real
2366	1866	1280892846	real
2366	10724	17251681513422	private_dummy
2367	1876	1430048205	real
2367	1878	1487160959	real
2367	1882	1430048205	real
2367	10725	17251681513422	private_dummy
2368	1886	1702113907	real
2368	1888	1759226661	real
2368	1890	1702113907	real
2368	10726	17251681513422	private_dummy
2369	137	1869695623	real
2369	138	1869695623	real
2369	606	1869695623	real
2369	10727	17251681513422	private_dummy
2370	860	1536494450	real
2370	861	1536494450	real
2370	1286	1536494450	real
2370	10728	17251681513422	private_dummy
2371	1494	1227292212	real
2371	1495	1227292212	real
2371	10729	17251681513422	private_dummy
2372	1498	1151478732	real
2372	1499	1151478732	real
2372	1501	1151478732	real
2372	10730	17251681513422	private_dummy
2373	1503	1111345418	real
2373	1504	1111345418	real
2373	10731	17251681513422	private_dummy
2374	1507	1103469220	real
2374	1508	1103469220	real
2374	10732	17251681513422	private_dummy
2375	1511	1127244833	real
2375	1512	1127244833	real
2375	10733	17251681513422	private_dummy
2376	1515	1184562466	real
2376	1516	1184562466	real
2376	1518	1184562466	real
2376	10734	17251681513422	private_dummy
2377	1520	1280892846	real
2377	1521	1280892846	real
2377	10735	17251681513422	private_dummy
2378	1524	1430048205	real
2378	1525	1430048205	real
2378	1527	1430048205	real
2378	10736	17251681513422	private_dummy
2379	1529	1702113907	real
2379	1530	1702113907	real
2379	1532	1702113907	real
2379	10737	17251681513422	private_dummy
2380	4825	1430048205	real
2380	10738	17251681513422	private_dummy
2381	4825	1430048205	real
2381	10739	17251681513422	private_dummy
2382	4826	726099236	real
2382	10740	17251681513422	private_dummy
2383	4826	783211990	real
2383	10741	17251681513422	private_dummy
2384	4827	484134439	real
2384	10742	17251681513422	private_dummy
2385	4827	541247193	real
2385	10743	17251681513422	private_dummy
2386	4828	461582443	real
2386	10744	17251681513422	private_dummy
2387	4828	518695198	real
2387	10745	17251681513422	private_dummy
2388	4829	634805329	real
2388	10746	17251681513422	private_dummy
2389	4829	691918083	real
2389	10747	17251681513422	private_dummy
2390	4830	877450729	real
2390	10748	17251681513422	private_dummy
2391	4830	877450729	real
2391	10749	17251681513422	private_dummy
2392	2048	1430048205	real
2392	10750	17251681513422	private_dummy
2393	2040	1280892846	real
2393	10751	17251681513422	private_dummy
2394	2013	1127244833	real
2394	10752	17251681513422	private_dummy
2395	1970	1111345418	real
2395	10753	17251681513422	private_dummy
2396	1945	1151478732	real
2396	10754	17251681513422	private_dummy
2397	1911	1227292212	real
2397	10755	17251681513422	private_dummy
2398	2038	1280892846	real
2398	10756	17251681513422	private_dummy
2399	2011	1127244833	real
2399	10757	17251681513422	private_dummy
2400	1968	1111345418	real
2400	10758	17251681513422	private_dummy
2401	1951	1430048205	real
2401	10759	17251681513422	private_dummy
2402	1909	1227292212	real
2402	10760	17251681513422	private_dummy
2403	2009	1127244833	real
2403	10761	17251681513422	private_dummy
2404	1940	1151478732	real
2404	10762	17251681513422	private_dummy
2405	1523	1347326682	real
2405	10763	17251681513422	private_dummy
2406	2015	1184562466	real
2406	10764	17251681513422	private_dummy
2407	1997	1184562466	real
2407	10765	17251681513422	private_dummy
2408	1962	1111345418	real
2408	10766	17251681513422	private_dummy
2409	1949	1184562466	real
2409	10767	17251681513422	private_dummy
2410	1903	1227292212	real
2410	10768	17251681513422	private_dummy
2411	1519	1347326682	real
2411	10769	17251681513422	private_dummy
2412	1960	1111345418	real
2412	10770	17251681513422	private_dummy
2413	1934	1151478732	real
2413	10771	17251681513422	private_dummy
2414	1514	1347326682	real
2414	10772	17251681513422	private_dummy
2415	1972	1103469220	real
2415	10773	17251681513422	private_dummy
2416	1947	1103469220	real
2416	10774	17251681513422	private_dummy
2417	1897	1227292212	real
2417	10775	17251681513422	private_dummy
2418	1510	1347326682	real
2418	10776	17251681513422	private_dummy
2419	1946	1111345418	real
2419	10777	17251681513422	private_dummy
2420	1895	1227292212	real
2420	10778	17251681513422	private_dummy
2421	1506	1347326682	real
2421	10779	17251681513422	private_dummy
2422	1893	1227292212	real
2422	10780	17251681513422	private_dummy
2423	1497	1347326682	real
2423	10781	17251681513422	private_dummy
2424	1285	1347326682	real
2424	10782	17251681513422	private_dummy
2425	605	1347326682	real
2425	10783	17251681513422	private_dummy
2426	4994	806438676	real
2426	10784	17251681513422	private_dummy
2427	4992	600294042	real
2427	10785	17251681513422	private_dummy
2428	4997	994146279	real
2428	10786	17251681513422	private_dummy
2429	4997	994146279	real
2429	10787	17251681513422	private_dummy
2430	4983	253583018	real
2430	4985	253583018	real
2430	10788	17251681513422	private_dummy
2431	4990	806438676	real
2431	4991	806438676	real
2431	10789	17251681513422	private_dummy
2432	4978	343859956	real
2432	4979	515190466	real
2432	10790	17251681513422	private_dummy
2433	4980	519107330	real
2433	4982	519107330	real
2433	10791	17251681513422	private_dummy
2434	5004	554789753	real
2434	10792	17251681513422	private_dummy
2435	4979	515190466	real
2435	10793	17251681513422	private_dummy
2436	4988	657736364	real
2436	10794	17251681513422	private_dummy
2437	5006	554789753	real
2437	10795	17251681513422	private_dummy
2438	4978	640890500	real
2438	10796	17251681513422	private_dummy
2439	4986	222076785	real
2439	10797	17251681513422	private_dummy
2440	5008	1103469220	real
2440	10798	17251681513422	private_dummy
2441	4982	438171934	real
2441	4985	438171934	real
2441	10799	17251681513422	private_dummy
2442	4993	450514758	real
2442	10800	17251681513422	private_dummy
2443	5010	702163682	real
2443	10801	17251681513422	private_dummy
2444	4980	232027299	real
2444	4983	232027299	real
2444	10802	17251681513422	private_dummy
2445	4986	232027299	real
2445	4988	370656334	real
2445	10803	17251681513422	private_dummy
2446	5012	428959040	real
2446	10804	17251681513422	private_dummy
2447	4999	932991273	real
2447	10805	17251681513422	private_dummy
2448	4999	932991273	real
2448	10806	17251681513422	private_dummy
2449	4997	1000051281	real
2449	4998	560694755	real
2449	5003	403362301	real
2449	10807	17251681513422	private_dummy
2450	5007	489589235	real
2450	10808	17251681513422	private_dummy
2451	5009	332256781	real
2451	10809	17251681513422	private_dummy
2452	4997	1013926669	real
2452	4998	826219067	real
2452	5005	668886613	real
2452	10810	17251681513422	private_dummy
2453	5007	686520976	real
2453	10811	17251681513422	private_dummy
2454	5009	332256781	real
2454	10812	17251681513422	private_dummy
2455	4996	686520976	real
2455	10813	17251681513422	private_dummy
2456	5011	410915471	real
2456	10814	17251681513422	private_dummy
2457	5013	554248972	real
2457	10815	17251681513422	private_dummy
2458	4996	686520976	real
2458	10816	17251681513422	private_dummy
2459	5011	410915471	real
2459	10817	17251681513422	private_dummy
2460	5013	554248972	real
2460	10818	17251681513422	private_dummy
2461	4995	686520976	real
2461	10819	17251681513422	private_dummy
2462	4995	983551520	real
2462	10820	17251681513422	private_dummy
2463	4951	371846286	real
2463	4952	371846286	real
2463	10821	17251681513422	private_dummy
2464	4981	798782256	real
2464	10822	17251681513422	private_dummy
2465	4977	946136767	real
2465	10823	17251681513422	private_dummy
2466	4977	645060710	real
2466	10824	17251681513422	private_dummy
2467	4941	798782256	real
2467	4942	855895011	real
2467	10825	17251681513422	private_dummy
2468	4943	597771310	real
2468	4944	597771310	real
2468	10826	17251681513422	private_dummy
2469	4945	577990920	real
2469	4946	577990920	real
2469	10827	17251681513422	private_dummy
2470	4947	647430763	real
2470	4948	647430763	real
2470	10828	17251681513422	private_dummy
2471	4949	952881950	real
2471	4950	952881950	real
2471	10829	17251681513422	private_dummy
2472	5021	853470238	real
2472	10830	17251681513422	private_dummy
2473	5021	552394181	real
2473	10831	17251681513422	private_dummy
2474	4942	855895011	real
2474	10832	17251681513422	private_dummy
2475	4960	300740766	real
2475	4961	300740766	real
2475	10833	17251681513422	private_dummy
2476	4962	253578526	real
2476	10834	17251681513422	private_dummy
2477	4984	543514117	real
2477	10835	17251681513422	private_dummy
2478	5023	853470238	real
2478	10836	17251681513422	private_dummy
2479	5023	552394181	real
2479	10837	17251681513422	private_dummy
2480	4941	1052445090	real
2480	10838	17251681513422	private_dummy
2481	4953	440438857	real
2481	4954	497551611	real
2481	10839	17251681513422	private_dummy
2482	4955	300740766	real
2482	4956	300740766	real
2482	10840	17251681513422	private_dummy
2483	4957	302390707	real
2483	10841	17251681513422	private_dummy
2484	4958	634805329	real
2484	4959	634805329	real
2484	10842	17251681513422	private_dummy
2485	5025	946136767	real
2485	10843	17251681513422	private_dummy
2486	5025	748135970	real
2486	10844	17251681513422	private_dummy
2487	4944	597771310	real
2487	10845	17251681513422	private_dummy
2488	4954	497551611	real
2488	10846	17251681513422	private_dummy
2489	4969	302390707	real
2489	4970	302390707	real
2489	10847	17251681513422	private_dummy
2490	4987	501181730	real
2490	10848	17251681513422	private_dummy
2491	5027	576220084	real
2491	10849	17251681513422	private_dummy
2492	5027	378219287	real
2492	10850	17251681513422	private_dummy
2493	4943	670359104	real
2493	10851	17251681513422	private_dummy
2494	4953	670359104	real
2494	10852	17251681513422	private_dummy
2495	4963	371846286	real
2495	4964	428959040	real
2495	10853	17251681513422	private_dummy
2496	4965	253578526	real
2496	4966	253578526	real
2496	10854	17251681513422	private_dummy
2497	4967	501181730	real
2497	4968	501181730	real
2497	10855	17251681513422	private_dummy
2498	5029	806140331	real
2498	10856	17251681513422	private_dummy
2499	5029	239590252	real
2499	10857	17251681513422	private_dummy
2500	4946	577990920	real
2500	4952	577990920	real
2500	10858	17251681513422	private_dummy
2501	4956	300740766	real
2501	4961	300740766	real
2501	10859	17251681513422	private_dummy
2502	4964	428959040	real
2502	10860	17251681513422	private_dummy
2503	4973	704543517	real
2503	10861	17251681513422	private_dummy
2504	4974	634805329	real
2504	10862	17251681513422	private_dummy
2505	5031	664959966	real
2505	10863	17251681513422	private_dummy
2506	5031	310695772	real
2506	10864	17251681513422	private_dummy
2507	4945	568241738	real
2507	4951	568241738	real
2507	10865	17251681513422	private_dummy
2508	4955	339803765	real
2508	4960	339803765	real
2508	10866	17251681513422	private_dummy
2509	4963	568241738	real
2509	10867	17251681513422	private_dummy
2510	4971	410901996	real
2510	10868	17251681513422	private_dummy
2511	4972	543514117	real
2511	10869	17251681513422	private_dummy
2512	5033	704022965	real
2512	10870	17251681513422	private_dummy
2513	5033	310695772	real
2513	10871	17251681513422	private_dummy
2514	4948	895769196	real
2514	10872	17251681513422	private_dummy
2515	4966	438906293	real
2515	4970	438906293	real
2515	10873	17251681513422	private_dummy
2516	4989	1280892846	real
2516	10874	17251681513422	private_dummy
2517	5035	975561394	real
2517	10875	17251681513422	private_dummy
2518	5035	568238941	real
2518	10876	17251681513422	private_dummy
2519	4947	628199503	real
2519	10877	17251681513422	private_dummy
2520	4957	313543580	real
2520	4962	313543580	real
2520	10878	17251681513422	private_dummy
2521	4965	313543580	real
2521	4969	313543580	real
2521	10879	17251681513422	private_dummy
2522	4971	628199503	real
2522	4973	685312258	real
2522	10880	17251681513422	private_dummy
2523	4975	798782256	real
2523	4976	934563483	real
2523	10881	17251681513422	private_dummy
2524	5037	763980730	real
2524	10882	17251681513422	private_dummy
2525	5037	511126187	real
2525	10883	17251681513422	private_dummy
2526	4950	783211990	real
2526	10884	17251681513422	private_dummy
2527	4959	483553555	real
2527	10885	17251681513422	private_dummy
2528	4968	383454751	real
2528	10886	17251681513422	private_dummy
2529	4976	934563483	real
2529	10887	17251681513422	private_dummy
2530	5039	940062275	real
2530	10888	17251681513422	private_dummy
2531	5039	749027577	real
2531	10889	17251681513422	private_dummy
2532	4949	1109557844	real
2532	10890	17251681513422	private_dummy
2533	4958	727471858	real
2533	10891	17251681513422	private_dummy
2534	4967	625354492	real
2534	10892	17251681513422	private_dummy
2535	4972	685312258	real
2535	4974	685312258	real
2535	10893	17251681513422	private_dummy
2536	4975	952881950	real
2536	10894	17251681513422	private_dummy
2537	5041	1136695670	real
2537	10895	17251681513422	private_dummy
2538	5041	749027577	real
2538	10896	17251681513422	private_dummy
2539	5001	530838463	real
2539	5020	530838463	real
2539	10897	17251681513422	private_dummy
2540	5024	639349752	real
2540	10898	17251681513422	private_dummy
2541	5026	416616215	real
2541	10899	17251681513422	private_dummy
2542	5001	633913723	real
2542	5022	633913723	real
2542	10900	17251681513422	private_dummy
2543	5024	718018225	real
2543	10901	17251681513422	private_dummy
2544	5026	416616215	real
2544	10902	17251681513422	private_dummy
2545	5028	324693828	real
2545	10903	17251681513422	private_dummy
2546	5030	296698515	real
2546	10904	17251681513422	private_dummy
2547	5028	324693828	real
2547	10905	17251681513422	private_dummy
2548	5030	296698515	real
2548	10906	17251681513422	private_dummy
2549	5032	324693828	real
2549	10907	17251681513422	private_dummy
2550	5034	416616215	real
2550	10908	17251681513422	private_dummy
2551	5032	324693828	real
2551	10909	17251681513422	private_dummy
2552	5034	416616215	real
2552	10910	17251681513422	private_dummy
2553	5036	639349752	real
2553	10911	17251681513422	private_dummy
2554	5038	647430763	real
2554	10912	17251681513422	private_dummy
2555	5036	639349752	real
2555	10913	17251681513422	private_dummy
2556	5038	647430763	real
2556	10914	17251681513422	private_dummy
2557	5040	704543517	real
2557	10915	17251681513422	private_dummy
2558	5042	691918083	real
2558	10916	17251681513422	private_dummy
2559	5040	704543517	real
2559	10917	17251681513422	private_dummy
2560	5042	691918083	real
2560	10918	17251681513422	private_dummy
2561	5002	324693828	real
2561	10919	17251681513422	private_dummy
2562	5002	427769088	real
2562	10920	17251681513422	private_dummy
2563	4999	1047213521	real
2563	5000	818765765	real
2563	10921	17251681513422	private_dummy
2564	4999	978953779	real
2564	5000	921841024	real
2564	10922	17251681513422	private_dummy
2565	211	1869695623	real
2565	10923	17251681513422	private_dummy
2566	1532	1347326682	real
2566	1533	1347326682	real
2566	10924	17251681513422	private_dummy
2567	2047	1487160959	real
2567	2049	1430048205	real
2567	10925	17251681513422	private_dummy
2568	2039	1338005600	real
2568	2044	1280892846	real
2568	10926	17251681513422	private_dummy
2569	2027	1241675220	real
2569	2028	1184562466	real
2569	2034	1184562466	real
2569	10927	17251681513422	private_dummy
2570	2012	1184357587	real
2570	2019	1127244833	real
2570	10928	17251681513422	private_dummy
2571	1993	1160581975	real
2571	1994	1103469220	real
2571	2001	1103469220	real
2571	10929	17251681513422	private_dummy
2572	1969	1168458172	real
2572	1978	1111345418	real
2572	10930	17251681513422	private_dummy
2573	1944	1208591486	real
2573	1952	1151478732	real
2573	10931	17251681513422	private_dummy
2574	1910	1284404966	real
2574	1923	1227292212	real
2574	10932	17251681513422	private_dummy
2575	933	1593607205	real
2575	934	1536494450	real
2575	1323	1536494450	real
2575	10933	17251681513422	private_dummy
2576	209	1869695623	real
2576	210	1869695623	real
2576	10934	17251681513422	private_dummy
2577	1530	1347326682	real
2577	1531	1347326682	real
2577	10935	17251681513422	private_dummy
2578	5044	1109557844	real
2578	10936	17251681513422	private_dummy
2579	5046	934563483	real
2579	10937	17251681513422	private_dummy
2580	5048	830547118	real
2580	10938	17251681513422	private_dummy
2581	5050	773151825	real
2581	10939	17251681513422	private_dummy
2582	5052	754689937	real
2582	10940	17251681513422	private_dummy
2583	5054	773151825	real
2583	10941	17251681513422	private_dummy
2584	5056	830547118	real
2584	10942	17251681513422	private_dummy
2585	5058	855895011	real
2585	10943	17251681513422	private_dummy
2586	2049	1702113907	real
2586	2050	1702113907	real
2586	10944	17251681513422	private_dummy
2587	1942	1151478732	real
2587	1943	1151478732	real
2587	10945	17251681513422	private_dummy
2588	1527	1347326682	real
2588	1528	1347326682	real
2588	10946	17251681513422	private_dummy
2589	2047	1759226661	real
2589	10947	17251681513422	private_dummy
2590	2037	1338005600	real
2590	2042	1280892846	real
2590	10948	17251681513422	private_dummy
2591	2025	1241675220	real
2591	2026	1184562466	real
2591	2032	1184562466	real
2591	10949	17251681513422	private_dummy
2592	2010	1184357587	real
2592	2017	1127244833	real
2592	10950	17251681513422	private_dummy
2593	1991	1160581975	real
2593	1992	1103469220	real
2593	1999	1103469220	real
2593	10951	17251681513422	private_dummy
2594	1967	1168458172	real
2594	1976	1111345418	real
2594	10952	17251681513422	private_dummy
2595	1941	1208591486	real
2595	10953	17251681513422	private_dummy
2596	1908	1284404966	real
2596	1921	1227292212	real
2596	10954	17251681513422	private_dummy
2597	931	1593607205	real
2597	932	1536494450	real
2597	1321	1536494450	real
2597	10955	17251681513422	private_dummy
2598	207	1869695623	real
2598	208	1869695623	real
2598	642	1869695623	real
2598	10956	17251681513422	private_dummy
2599	1525	1347326682	real
2599	1526	1425995155	real
2599	10957	17251681513422	private_dummy
2600	5061	1245339071	real
2600	10958	17251681513422	private_dummy
2601	5063	934563483	real
2601	10959	17251681513422	private_dummy
2602	5065	770586556	real
2602	10960	17251681513422	private_dummy
2603	5067	679295344	real
2603	10961	17251681513422	private_dummy
2604	5069	636962957	real
2604	10962	17251681513422	private_dummy
2605	5071	636962957	real
2605	10963	17251681513422	private_dummy
2606	5073	679295344	real
2606	10964	17251681513422	private_dummy
2607	5075	691918083	real
2607	10965	17251681513422	private_dummy
2608	2044	1702113907	real
2608	2045	1702113907	real
2608	10966	17251681513422	private_dummy
2609	2042	1430048205	real
2609	2043	1430048205	real
2609	10967	17251681513422	private_dummy
2610	1965	1111345418	real
2610	1966	1111345418	real
2610	10968	17251681513422	private_dummy
2611	1906	1227292212	real
2611	1907	1227292212	real
2611	10969	17251681513422	private_dummy
2612	2039	1759226661	real
2612	10970	17251681513422	private_dummy
2613	2037	1487160959	real
2613	10971	17251681513422	private_dummy
2614	2022	1241675220	real
2614	2024	1184562466	real
2614	2031	1184562466	real
2614	10972	17251681513422	private_dummy
2615	2007	1184357587	real
2615	2016	1127244833	real
2615	10973	17251681513422	private_dummy
2616	1988	1160581975	real
2616	1990	1103469220	real
2616	1998	1103469220	real
2616	10974	17251681513422	private_dummy
2617	1963	1168458172	real
2617	10975	17251681513422	private_dummy
2618	1938	1208591486	real
2618	1950	1151478732	real
2618	10976	17251681513422	private_dummy
2619	1904	1284404966	real
2619	10977	17251681513422	private_dummy
2620	929	1593607205	real
2620	930	1536494450	real
2620	1319	1536494450	real
2620	10978	17251681513422	private_dummy
2621	205	1869695623	real
2621	206	1869695623	real
2621	640	1869695623	real
2621	10979	17251681513422	private_dummy
2622	1521	1347326682	real
2622	1522	1404439436	real
2622	2041	1347326682	real
2622	10980	17251681513422	private_dummy
2623	5078	1430048205	real
2623	10981	17251681513422	private_dummy
2624	5080	1130305272	real
2624	10982	17251681513422	private_dummy
2625	5082	830547118	real
2625	10983	17251681513422	private_dummy
2626	5084	679295344	real
2626	10984	17251681513422	private_dummy
2627	5086	603067038	real
2627	10985	17251681513422	private_dummy
2628	5088	579196540	real
2628	10986	17251681513422	private_dummy
2629	5090	603067038	real
2629	10987	17251681513422	private_dummy
2630	5092	600626871	real
2630	10988	17251681513422	private_dummy
2631	2034	1702113907	real
2631	2035	1702113907	real
2631	10989	17251681513422	private_dummy
2632	2032	1430048205	real
2632	2033	1430048205	real
2632	10990	17251681513422	private_dummy
2633	2031	1280892846	real
2633	10991	17251681513422	private_dummy
2634	2005	1127244833	real
2634	2006	1127244833	real
2634	10992	17251681513422	private_dummy
2635	1987	1103469220	real
2635	10993	17251681513422	private_dummy
2636	1936	1151478732	real
2636	1937	1151478732	real
2636	10994	17251681513422	private_dummy
2637	928	1536494450	real
2637	10995	17251681513422	private_dummy
2638	2027	1759226661	real
2638	10996	17251681513422	private_dummy
2639	2025	1487160959	real
2639	10997	17251681513422	private_dummy
2640	2022	1338005600	real
2640	2023	1280892846	real
2640	10998	17251681513422	private_dummy
2641	2004	1184357587	real
2641	10999	17251681513422	private_dummy
2642	1985	1160581975	real
2642	1986	1103469220	real
2642	11000	17251681513422	private_dummy
2643	1961	1168458172	real
2643	1974	1111345418	real
2643	11001	17251681513422	private_dummy
2644	1935	1208591486	real
2644	11002	17251681513422	private_dummy
2645	1902	1284404966	real
2645	1919	1227292212	real
2645	11003	17251681513422	private_dummy
2646	926	1593607205	real
2646	927	1536494450	real
2646	11004	17251681513422	private_dummy
2647	203	1869695623	real
2647	204	1869695623	real
2647	638	1869695623	real
2647	11005	17251681513422	private_dummy
2648	1516	1347326682	real
2648	1517	1404439436	real
2648	2029	1347326682	real
2648	11006	17251681513422	private_dummy
2649	5095	1430048205	real
2649	11007	17251681513422	private_dummy
2650	5097	1280892846	real
2650	11008	17251681513422	private_dummy
2651	5099	1060184826	real
2651	11009	17251681513422	private_dummy
2652	5101	773151825	real
2652	11010	17251681513422	private_dummy
2653	5103	636962957	real
2653	11011	17251681513422	private_dummy
2654	5105	579196540	real
2654	11012	17251681513422	private_dummy
2655	5107	579196540	real
2655	11013	17251681513422	private_dummy
2656	5109	558294485	real
2656	11014	17251681513422	private_dummy
2657	2019	1702113907	real
2657	2020	1702113907	real
2657	11015	17251681513422	private_dummy
2658	2017	1430048205	real
2658	2018	1430048205	real
2658	11016	17251681513422	private_dummy
2659	2016	1280892846	real
2659	11017	17251681513422	private_dummy
2660	1984	1103469220	real
2660	11018	17251681513422	private_dummy
2661	1900	1227292212	real
2661	1901	1227292212	real
2661	11019	17251681513422	private_dummy
2662	2012	1759226661	real
2662	11020	17251681513422	private_dummy
2663	2010	1487160959	real
2663	11021	17251681513422	private_dummy
2664	2007	1338005600	real
2664	2008	1280892846	real
2664	11022	17251681513422	private_dummy
2665	2004	1241675220	real
2665	2005	1184562466	real
2665	11023	17251681513422	private_dummy
2666	1981	1160581975	real
2666	1983	1103469220	real
2666	11024	17251681513422	private_dummy
2667	1958	1168458172	real
2667	1973	1111345418	real
2667	11025	17251681513422	private_dummy
2668	1932	1208591486	real
2668	1948	1151478732	real
2668	11026	17251681513422	private_dummy
2669	1898	1284404966	real
2669	11027	17251681513422	private_dummy
2670	923	1593607205	real
2670	924	1536494450	real
2670	1317	1536494450	real
2670	11028	17251681513422	private_dummy
2671	200	1869695623	real
2671	201	1869695623	real
2671	637	1869695623	real
2671	11029	17251681513422	private_dummy
2672	1512	1347326682	real
2672	1513	1404439436	real
2672	2014	1347326682	real
2672	11030	17251681513422	private_dummy
2673	5112	1430048205	real
2673	11031	17251681513422	private_dummy
2674	5114	1280892846	real
2674	11032	17251681513422	private_dummy
2675	5116	1184562466	real
2675	11033	17251681513422	private_dummy
2676	5118	1026660031	real
2676	11034	17251681513422	private_dummy
2677	5120	754689937	real
2677	11035	17251681513422	private_dummy
2678	5122	636962957	real
2678	11036	17251681513422	private_dummy
2679	5124	603067038	real
2679	11037	17251681513422	private_dummy
2680	5126	558294485	real
2680	11038	17251681513422	private_dummy
2681	2001	1702113907	real
2681	2002	1702113907	real
2681	11039	17251681513422	private_dummy
2682	1999	1430048205	real
2682	2000	1430048205	real
2682	11040	17251681513422	private_dummy
2683	1998	1280892846	real
2683	11041	17251681513422	private_dummy
2684	1956	1111345418	real
2684	1957	1111345418	real
2684	11042	17251681513422	private_dummy
2685	1930	1151478732	real
2685	1931	1151478732	real
2685	11043	17251681513422	private_dummy
2686	1993	1759226661	real
2686	11044	17251681513422	private_dummy
2687	1991	1487160959	real
2687	11045	17251681513422	private_dummy
2688	1988	1338005600	real
2688	1989	1280892846	real
2688	11046	17251681513422	private_dummy
2689	1985	1241675220	real
2689	1987	1184562466	real
2689	11047	17251681513422	private_dummy
2690	1981	1184357587	real
2690	1982	1127244833	real
2690	1984	1127244833	real
2690	11048	17251681513422	private_dummy
2691	1955	1168458172	real
2691	11049	17251681513422	private_dummy
2692	1929	1208591486	real
2692	11050	17251681513422	private_dummy
2693	1896	1284404966	real
2693	1917	1227292212	real
2693	11051	17251681513422	private_dummy
2694	921	1593607205	real
2694	922	1536494450	real
2694	1315	1536494450	real
2694	11052	17251681513422	private_dummy
2695	198	1869695623	real
2695	199	1869695623	real
2695	635	1869695623	real
2695	11053	17251681513422	private_dummy
2696	1508	1347326682	real
2696	1509	1404439436	real
2696	1995	1347326682	real
2696	11054	17251681513422	private_dummy
2697	5129	1430048205	real
2697	11055	17251681513422	private_dummy
2698	5131	1280892846	real
2698	11056	17251681513422	private_dummy
2699	5133	1184562466	real
2699	11057	17251681513422	private_dummy
2700	5135	1127244833	real
2700	11058	17251681513422	private_dummy
2701	5137	1026660031	real
2701	11059	17251681513422	private_dummy
2702	5139	773151825	real
2702	11060	17251681513422	private_dummy
2703	5141	679295344	real
2703	11061	17251681513422	private_dummy
2704	5143	600626871	real
2704	11062	17251681513422	private_dummy
2705	1978	1702113907	real
2705	1979	1702113907	real
2705	11063	17251681513422	private_dummy
2706	1976	1430048205	real
2706	1977	1430048205	real
2706	11064	17251681513422	private_dummy
2707	1974	1184562466	real
2707	1975	1184562466	real
2707	11065	17251681513422	private_dummy
2708	1973	1127244833	real
2708	11066	17251681513422	private_dummy
2709	1927	1151478732	real
2709	1928	1151478732	real
2709	11067	17251681513422	private_dummy
2710	1969	1759226661	real
2710	11068	17251681513422	private_dummy
2711	1967	1487160959	real
2711	11069	17251681513422	private_dummy
2712	1963	1338005600	real
2712	1964	1280892846	real
2712	1965	1280892846	real
2712	11070	17251681513422	private_dummy
2713	1961	1241675220	real
2713	11071	17251681513422	private_dummy
2714	1958	1184357587	real
2714	1959	1127244833	real
2714	11072	17251681513422	private_dummy
2715	1955	1160581975	real
2715	1956	1103469220	real
2715	11073	17251681513422	private_dummy
2716	1926	1208591486	real
2716	11074	17251681513422	private_dummy
2717	1894	1284404966	real
2717	1915	1227292212	real
2717	11075	17251681513422	private_dummy
2718	919	1593607205	real
2718	920	1536494450	real
2718	1313	1536494450	real
2718	11076	17251681513422	private_dummy
2719	196	1869695623	real
2719	197	1869695623	real
2719	633	1869695623	real
2719	11077	17251681513422	private_dummy
2720	1504	1347326682	real
2720	1505	1404439436	real
2720	1971	1347326682	real
2720	11078	17251681513422	private_dummy
2721	5146	1430048205	real
2721	11079	17251681513422	private_dummy
2722	5148	1280892846	real
2722	11080	17251681513422	private_dummy
2723	5150	1184562466	real
2723	11081	17251681513422	private_dummy
2724	5152	1127244833	real
2724	11082	17251681513422	private_dummy
2725	5154	1103469220	real
2725	11083	17251681513422	private_dummy
2726	5156	1060184826	real
2726	11084	17251681513422	private_dummy
2727	5158	830547118	real
2727	11085	17251681513422	private_dummy
2728	5160	691918083	real
2728	11086	17251681513422	private_dummy
2729	1952	1702113907	real
2729	1953	1702113907	real
2729	11087	17251681513422	private_dummy
2730	1950	1280892846	real
2730	11088	17251681513422	private_dummy
2731	1948	1127244833	real
2731	11089	17251681513422	private_dummy
2732	1501	1347326682	real
2732	1502	1347326682	real
2732	11090	17251681513422	private_dummy
2733	1944	1759226661	real
2733	11091	17251681513422	private_dummy
2734	1941	1487160959	real
2734	1942	1430048205	real
2734	11092	17251681513422	private_dummy
2735	1938	1338005600	real
2735	1939	1280892846	real
2735	11093	17251681513422	private_dummy
2736	1935	1241675220	real
2736	1936	1184562466	real
2736	11094	17251681513422	private_dummy
2737	1932	1184357587	real
2737	1933	1127244833	real
2737	11095	17251681513422	private_dummy
2738	1929	1160581975	real
2738	1930	1103469220	real
2738	11096	17251681513422	private_dummy
2739	1926	1168458172	real
2739	1927	1111345418	real
2739	11097	17251681513422	private_dummy
2740	1892	1284404966	real
2740	1913	1227292212	real
2740	11098	17251681513422	private_dummy
2741	917	1593607205	real
2741	918	1536494450	real
2741	1311	1536494450	real
2741	11099	17251681513422	private_dummy
2742	194	1869695623	real
2742	195	1869695623	real
2742	631	1869695623	real
2742	11100	17251681513422	private_dummy
2743	1499	1347326682	real
2743	1500	1404439436	real
2743	11101	17251681513422	private_dummy
2744	5163	1430048205	real
2744	11102	17251681513422	private_dummy
2745	5165	1280892846	real
2745	11103	17251681513422	private_dummy
2746	5167	1184562466	real
2746	11104	17251681513422	private_dummy
2747	5169	1127244833	real
2747	11105	17251681513422	private_dummy
2748	5171	1103469220	real
2748	11106	17251681513422	private_dummy
2749	5173	1111345418	real
2749	11107	17251681513422	private_dummy
2750	5175	1130305272	real
2750	11108	17251681513422	private_dummy
2751	5177	855895011	real
2751	11109	17251681513422	private_dummy
2752	1923	1702113907	real
2752	1924	1702113907	real
2752	11110	17251681513422	private_dummy
2753	1921	1430048205	real
2753	1922	1430048205	real
2753	11111	17251681513422	private_dummy
2754	1919	1184562466	real
2754	1920	1184562466	real
2754	11112	17251681513422	private_dummy
2755	1917	1103469220	real
2755	1918	1103469220	real
2755	11113	17251681513422	private_dummy
2756	1915	1111345418	real
2756	1916	1111345418	real
2756	11114	17251681513422	private_dummy
2757	1913	1151478732	real
2757	1914	1151478732	real
2757	11115	17251681513422	private_dummy
2758	1910	1759226661	real
2758	11116	17251681513422	private_dummy
2759	1908	1487160959	real
2759	11117	17251681513422	private_dummy
2760	1904	1338005600	real
2760	1905	1280892846	real
2760	1906	1280892846	real
2760	11118	17251681513422	private_dummy
2761	1902	1241675220	real
2761	11119	17251681513422	private_dummy
2762	1898	1184357587	real
2762	1899	1127244833	real
2762	1900	1127244833	real
2762	11120	17251681513422	private_dummy
2763	1896	1160581975	real
2763	11121	17251681513422	private_dummy
2764	1894	1168458172	real
2764	11122	17251681513422	private_dummy
2765	1892	1208591486	real
2765	11123	17251681513422	private_dummy
2766	915	1593607205	real
2766	916	1536494450	real
2766	1309	1536494450	real
2766	11124	17251681513422	private_dummy
2767	192	1869695623	real
2767	193	1869695623	real
2767	629	1869695623	real
2767	11125	17251681513422	private_dummy
2768	1495	1347326682	real
2768	1496	1404439436	real
2768	1912	1347326682	real
2768	11126	17251681513422	private_dummy
2769	5180	1430048205	real
2769	11127	17251681513422	private_dummy
2770	5182	1280892846	real
2770	11128	17251681513422	private_dummy
2771	5184	1184562466	real
2771	11129	17251681513422	private_dummy
2772	5186	1127244833	real
2772	11130	17251681513422	private_dummy
2773	5188	1103469220	real
2773	11131	17251681513422	private_dummy
2774	5190	1111345418	real
2774	11132	17251681513422	private_dummy
2775	5192	1151478732	real
2775	11133	17251681513422	private_dummy
2776	5194	1280892846	real
2776	11134	17251681513422	private_dummy
2777	859	1404439436	real
2777	861	1347326682	real
2777	935	1347326682	real
2777	11135	17251681513422	private_dummy
2778	4168	1430048205	real
2778	4170	1672693605	real
2778	11136	17251681513422	private_dummy
2779	4166	1280892846	real
2779	11137	17251681513422	private_dummy
2780	4325	1184562466	real
2780	11138	17251681513422	private_dummy
2781	4160	1127244833	real
2781	11139	17251681513422	private_dummy
2782	4158	1103469220	real
2782	11140	17251681513422	private_dummy
2783	4156	1111345418	real
2783	11141	17251681513422	private_dummy
2784	4154	1151478732	real
2784	11142	17251681513422	private_dummy
2785	4152	1227292212	real
2785	11143	17251681513422	private_dummy
2786	136	1404439436	real
2786	138	1347326682	real
2786	212	1347326682	real
2786	11144	17251681513422	private_dummy
2787	3606	1430048205	real
2787	3608	1672693605	real
2787	11145	17251681513422	private_dummy
2788	3604	1280892846	real
2788	11146	17251681513422	private_dummy
2789	3764	1184562466	real
2789	11147	17251681513422	private_dummy
2790	3598	1127244833	real
2790	11148	17251681513422	private_dummy
2791	3596	1103469220	real
2791	11149	17251681513422	private_dummy
2792	3594	1111345418	real
2792	11150	17251681513422	private_dummy
2793	3592	1151478732	real
2793	11151	17251681513422	private_dummy
2794	3590	1227292212	real
2794	11152	17251681513422	private_dummy
2795	2041	1280892846	real
2795	11153	17251681513422	private_dummy
2796	2029	1184562466	real
2796	2030	1184562466	real
2796	11154	17251681513422	private_dummy
2797	2014	1127244833	real
2797	11155	17251681513422	private_dummy
2798	1995	1103469220	real
2798	1996	1103469220	real
2798	11156	17251681513422	private_dummy
2799	1971	1111345418	real
2799	11157	17251681513422	private_dummy
2800	1912	1227292212	real
2800	11158	17251681513422	private_dummy
2801	935	1536494450	real
2801	936	1536494450	real
2801	11159	17251681513422	private_dummy
2802	212	1869695623	real
2802	213	1869695623	real
2802	11160	17251681513422	private_dummy
2803	5014	875878519	real
2803	11161	17251681513422	private_dummy
2804	5014	875878519	real
2804	11162	17251681513422	private_dummy
2805	5015	530838463	real
2805	11163	17251681513422	private_dummy
2806	5015	530838463	real
2806	11164	17251681513422	private_dummy
2807	5016	482026282	real
2807	11165	17251681513422	private_dummy
2808	5016	482026282	real
2808	11166	17251681513422	private_dummy
2809	5017	639349752	real
2809	11167	17251681513422	private_dummy
2810	5017	639349752	real
2810	11168	17251681513422	private_dummy
2811	5018	895769196	real
2811	11169	17251681513422	private_dummy
2812	5018	895769196	real
2812	11170	17251681513422	private_dummy
2813	5019	1109557844	real
2813	11171	17251681513422	private_dummy
2814	5019	1109557844	real
2814	11172	17251681513422	private_dummy
2815	261	1869695623	real
2815	664	1869695623	real
2815	11173	17251681513422	private_dummy
2816	263	1869695623	real
2816	11174	17251681513422	private_dummy
2817	967	1593607205	real
2817	1337	1536494450	real
2817	11175	17251681513422	private_dummy
2818	986	1593607205	real
2818	11176	17251681513422	private_dummy
2819	1558	1404439436	real
2819	1901	1347326682	real
2819	11177	17251681513422	private_dummy
2820	1568	1404439436	real
2820	1907	1347326682	real
2820	11178	17251681513422	private_dummy
2821	1891	1184562466	real
2821	1912	1184562466	real
2821	11179	17251681513422	private_dummy
2822	2094	1208591486	real
2822	2131	1151478732	real
2822	11180	17251681513422	private_dummy
2823	2098	1208591486	real
2823	2135	1151478732	real
2823	11181	17251681513422	private_dummy
2824	2136	1184357587	real
2824	11182	17251681513422	private_dummy
2825	2108	1208591486	real
2825	2141	1151478732	real
2825	11183	17251681513422	private_dummy
2826	2142	1338005600	real
2826	11184	17251681513422	private_dummy
2827	2118	1208591486	real
2827	2147	1151478732	real
2827	11185	17251681513422	private_dummy
2828	2148	1759226661	real
2828	11186	17251681513422	private_dummy
2829	2056	1184562466	real
2829	11187	17251681513422	private_dummy
2830	2156	1168458172	real
2830	2190	1111345418	real
2830	11188	17251681513422	private_dummy
2831	2191	1184357587	real
2831	11189	17251681513422	private_dummy
2832	2193	1241675220	real
2832	2194	1184562466	real
2832	11190	17251681513422	private_dummy
2833	2172	1168458172	real
2833	2198	1111345418	real
2833	11191	17251681513422	private_dummy
2834	2199	1487160959	real
2834	2200	1430048205	real
2834	11192	17251681513422	private_dummy
2835	2202	1759226661	real
2835	11193	17251681513422	private_dummy
2836	2060	1184562466	real
2836	11194	17251681513422	private_dummy
2837	2211	1160581975	real
2837	11195	17251681513422	private_dummy
2838	2215	1160581975	real
2838	11196	17251681513422	private_dummy
2839	2243	1338005600	real
2839	11197	17251681513422	private_dummy
2840	2245	1487160959	real
2840	2247	1430048205	real
2840	11198	17251681513422	private_dummy
2841	2248	1759226661	real
2841	11199	17251681513422	private_dummy
2842	2064	1184562466	real
2842	11200	17251681513422	private_dummy
2843	2257	1184357587	real
2843	2281	1127244833	real
2843	11201	17251681513422	private_dummy
2844	2282	1338005600	real
2844	11202	17251681513422	private_dummy
2845	2284	1487160959	real
2845	2285	1430048205	real
2845	11203	17251681513422	private_dummy
2846	2287	1759226661	real
2846	11204	17251681513422	private_dummy
2847	2068	1184562466	real
2847	11205	17251681513422	private_dummy
2848	2311	1338005600	real
2848	11206	17251681513422	private_dummy
2849	2313	1487160959	real
2849	2315	1430048205	real
2849	11207	17251681513422	private_dummy
2850	2316	1759226661	real
2850	11208	17251681513422	private_dummy
2851	2310	1241675220	real
2851	2318	1184562466	real
2851	11209	17251681513422	private_dummy
2852	2336	1487160959	real
2852	2337	1430048205	real
2852	11210	17251681513422	private_dummy
2853	2339	1759226661	real
2853	11211	17251681513422	private_dummy
2854	2077	1184562466	real
2854	11212	17251681513422	private_dummy
2855	2353	1759226661	real
2855	11213	17251681513422	private_dummy
2856	2082	1184562466	real
2856	11214	17251681513422	private_dummy
2857	2087	1184562466	real
2857	11215	17251681513422	private_dummy
2858	5304	1033210972	real
2858	11216	17251681513422	private_dummy
2859	5302	539597253	real
2859	11217	17251681513422	private_dummy
2860	5307	768694180	real
2860	11218	17251681513422	private_dummy
2861	5307	775591992	real
2861	11219	17251681513422	private_dummy
2862	5293	15188009	real
2862	5295	93856481	real
2862	11220	17251681513422	private_dummy
2863	5300	518695198	real
2863	5301	518695198	real
2863	11221	17251681513422	private_dummy
2864	5288	307111737	real
2864	5289	445740772	real
2864	11222	17251681513422	private_dummy
2865	5290	404477442	real
2865	5292	325808969	real
2865	11223	17251681513422	private_dummy
2866	5314	539597253	real
2866	11224	17251681513422	private_dummy
2867	5289	285552758	real
2867	11225	17251681513422	private_dummy
2868	5298	513996022	real
2868	11226	17251681513422	private_dummy
2869	5316	263997040	real
2869	11227	17251681513422	private_dummy
2870	5288	424173877	real
2870	11228	17251681513422	private_dummy
2871	5296	204036478	real
2871	11229	17251681513422	private_dummy
2872	5318	679876228	real
2872	11230	17251681513422	private_dummy
2873	5292	483553555	real
2873	5295	562222027	real
2873	11231	17251681513422	private_dummy
2874	5303	446472507	real
2874	11232	17251681513422	private_dummy
2875	5320	679295344	real
2875	11233	17251681513422	private_dummy
2876	5290	218029243	real
2876	5293	139360770	real
2876	11234	17251681513422	private_dummy
2877	5296	440031217	real
2877	5298	611361727	real
2877	11235	17251681513422	private_dummy
2878	5322	335102559	real
2878	11236	17251681513422	private_dummy
2879	5309	735992705	real
2879	11237	17251681513422	private_dummy
2880	5309	657324232	real
2880	11238	17251681513422	private_dummy
2881	5307	657324232	real
2881	5308	403816026	real
2881	5313	343855464	real
2881	11239	17251681513422	private_dummy
2882	5317	484134439	real
2882	11240	17251681513422	private_dummy
2883	5319	206884285	real
2883	11241	17251681513422	private_dummy
2884	5307	714436986	real
2884	5308	714436986	real
2884	5315	518695198	real
2884	11242	17251681513422	private_dummy
2885	5317	736988982	real
2885	11243	17251681513422	private_dummy
2886	5319	321109794	real
2886	11244	17251681513422	private_dummy
2887	5306	342661020	real
2887	11245	17251681513422	private_dummy
2888	5321	277989805	real
2888	11246	17251681513422	private_dummy
2889	5323	462578721	real
2889	11247	17251681513422	private_dummy
2890	5306	617071282	real
2890	11248	17251681513422	private_dummy
2891	5321	392215313	real
2891	11249	17251681513422	private_dummy
2892	5323	736988982	real
2892	11250	17251681513422	private_dummy
2893	5305	456883268	real
2893	11251	17251681513422	private_dummy
2894	5305	734133422	real
2894	11252	17251681513422	private_dummy
2895	5206	459723160	real
2895	5209	459723160	real
2895	11253	17251681513422	private_dummy
2896	5291	634805329	real
2896	11254	17251681513422	private_dummy
2897	5287	783211990	real
2897	11255	17251681513422	private_dummy
2898	5287	804767708	real
2898	11256	17251681513422	private_dummy
2899	5196	647430763	real
2899	5197	704543517	real
2899	11257	17251681513422	private_dummy
2900	5198	577990920	real
2900	5199	577990920	real
2900	11258	17251681513422	private_dummy
2901	5200	597771310	real
2901	5201	597771310	real
2901	11259	17251681513422	private_dummy
2902	5202	798782256	real
2902	5203	798782256	real
2902	11260	17251681513422	private_dummy
2903	5204	670359104	real
2903	5205	670359104	real
2903	11261	17251681513422	private_dummy
2904	5331	704543517	real
2904	11262	17251681513422	private_dummy
2905	5331	726099236	real
2905	11263	17251681513422	private_dummy
2906	5197	783211990	real
2906	11264	17251681513422	private_dummy
2907	5227	300740766	real
2907	5230	300740766	real
2907	11265	17251681513422	private_dummy
2908	5233	371846286	real
2908	11266	17251681513422	private_dummy
2909	5294	711996819	real
2909	11267	17251681513422	private_dummy
2910	5333	861880462	real
2910	11268	17251681513422	private_dummy
2911	5333	861880462	real
2911	11269	17251681513422	private_dummy
2912	5196	1211545455	real
2912	11270	17251681513422	private_dummy
2913	5210	381059179	real
2913	5211	438171934	real
2913	11271	17251681513422	private_dummy
2914	5214	332246999	real
2914	5215	332246999	real
2914	11272	17251681513422	private_dummy
2915	5218	489570469	real
2915	11273	17251681513422	private_dummy
2916	5219	634805329	real
2916	5220	577692575	real
2916	11274	17251681513422	private_dummy
2917	5335	1057622251	real
2917	11275	17251681513422	private_dummy
2918	5335	1196251286	real
2918	11276	17251681513422	private_dummy
2919	5199	577990920	real
2919	11277	17251681513422	private_dummy
2920	5211	323949686	real
2920	11278	17251681513422	private_dummy
2921	5260	440438857	real
2921	5263	440438857	real
2921	11279	17251681513422	private_dummy
2922	5297	414966275	real
2922	11280	17251681513422	private_dummy
2923	5337	345505405	real
2923	11281	17251681513422	private_dummy
2924	5337	481286631	real
2924	11282	17251681513422	private_dummy
2925	5198	628199503	real
2925	11283	17251681513422	private_dummy
2926	5210	489570469	real
2926	11284	17251681513422	private_dummy
2927	5241	382913971	real
2927	5244	440026725	real
2927	11285	17251681513422	private_dummy
2928	5247	382913971	real
2928	5250	382913971	real
2928	11286	17251681513422	private_dummy
2929	5252	440026725	real
2929	5253	440026725	real
2929	11287	17251681513422	private_dummy
2930	5339	568238941	real
2930	11288	17251681513422	private_dummy
2931	5339	402618159	real
2931	11289	17251681513422	private_dummy
2932	5201	597771310	real
2932	5209	597771310	real
2932	11290	17251681513422	private_dummy
2933	5215	146919231	real
2933	5230	146919231	real
2933	11291	17251681513422	private_dummy
2934	5244	440026725	real
2934	11292	17251681513422	private_dummy
2935	5276	855895011	real
2935	11293	17251681513422	private_dummy
2936	5280	389359753	real
2936	11294	17251681513422	private_dummy
2937	5341	422519445	real
2937	11295	17251681513422	private_dummy
2938	5341	322299745	real
2938	11296	17251681513422	private_dummy
2939	5200	568241738	real
2939	5206	568241738	real
2939	11297	17251681513422	private_dummy
2940	5214	174914545	real
2940	5227	174914545	real
2940	11298	17251681513422	private_dummy
2941	5241	568241738	real
2941	11299	17251681513422	private_dummy
2942	5269	556136856	real
2942	11300	17251681513422	private_dummy
2943	5273	342661020	real
2943	11301	17251681513422	private_dummy
2944	5343	450514758	real
2944	11302	17251681513422	private_dummy
2945	5343	322299745	real
2945	11303	17251681513422	private_dummy
2946	5203	798782256	real
2946	11304	17251681513422	private_dummy
2947	5250	382913971	real
2947	5263	382913971	real
2947	11305	17251681513422	private_dummy
2948	5299	826219067	real
2948	11306	17251681513422	private_dummy
2949	5345	611029716	real
2949	11307	17251681513422	private_dummy
2950	5345	461997836	real
2950	11308	17251681513422	private_dummy
2951	5202	670359104	real
2951	11309	17251681513422	private_dummy
2952	5218	174914545	real
2952	5233	174914545	real
2952	11310	17251681513422	private_dummy
2953	5247	339803765	real
2953	5260	339803765	real
2953	11311	17251681513422	private_dummy
2954	5269	670359104	real
2954	5276	727471858	real
2954	11312	17251681513422	private_dummy
2955	5284	516835914	real
2955	5285	573948669	real
2955	11313	17251681513422	private_dummy
2956	5347	519107330	real
2956	11314	17251681513422	private_dummy
2957	5347	461997836	real
2957	11315	17251681513422	private_dummy
2958	5205	798782256	real
2958	11316	17251681513422	private_dummy
2959	5220	577692575	real
2959	11317	17251681513422	private_dummy
2960	5253	440026725	real
2960	11318	17251681513422	private_dummy
2961	5285	573948669	real
2961	11319	17251681513422	private_dummy
2962	5349	1002773726	real
2962	11320	17251681513422	private_dummy
2963	5349	691918083	real
2963	11321	17251681513422	private_dummy
2964	5204	1052445090	real
2964	11322	17251681513422	private_dummy
2965	5219	546683223	real
2965	11323	17251681513422	private_dummy
2966	5252	625354492	real
2966	11324	17251681513422	private_dummy
2967	5273	727471858	real
2967	5280	727471858	real
2967	11325	17251681513422	private_dummy
2968	5284	1109557844	real
2968	11326	17251681513422	private_dummy
2969	5351	857538866	real
2969	11327	17251681513422	private_dummy
2970	5351	909215591	real
2970	11328	17251681513422	private_dummy
2971	5311	861880462	real
2971	5330	726099236	real
2971	11329	17251681513422	private_dummy
2972	5334	1245339071	real
2972	11330	17251681513422	private_dummy
2973	5336	726099236	real
2973	11331	17251681513422	private_dummy
2974	5311	954546992	real
2974	5332	818765765	real
2974	11332	17251681513422	private_dummy
2975	5334	1324007544	real
2975	11333	17251681513422	private_dummy
2976	5336	726099236	real
2976	11334	17251681513422	private_dummy
2977	5338	568238941	real
2977	11335	17251681513422	private_dummy
2978	5340	484134439	real
2978	11336	17251681513422	private_dummy
2979	5338	568238941	real
2979	11337	17251681513422	private_dummy
2980	5340	484134439	real
2980	11338	17251681513422	private_dummy
2981	5342	450514758	real
2981	11339	17251681513422	private_dummy
2982	5344	461582443	real
2982	11340	17251681513422	private_dummy
2983	5342	450514758	real
2983	11341	17251681513422	private_dummy
2984	5344	461582443	real
2984	11342	17251681513422	private_dummy
2985	5346	519107330	real
2985	11343	17251681513422	private_dummy
2986	5348	634805329	real
2986	11344	17251681513422	private_dummy
2987	5346	519107330	real
2987	11345	17251681513422	private_dummy
2988	5348	634805329	real
2988	11346	17251681513422	private_dummy
2989	5350	877450729	real
2989	11347	17251681513422	private_dummy
2990	5352	934563483	real
2990	11348	17251681513422	private_dummy
2991	5350	877450729	real
2991	11349	17251681513422	private_dummy
2992	5352	934563483	real
2992	11350	17251681513422	private_dummy
2993	5312	228443265	real
2993	11351	17251681513422	private_dummy
2994	5312	367072299	real
2994	11352	17251681513422	private_dummy
2995	5309	657324232	real
2995	5310	385769531	real
2995	11353	17251681513422	private_dummy
2996	5309	657324232	real
2996	5310	499991779	real
2996	11354	17251681513422	private_dummy
2997	644	1184562466	real
2997	645	1184562466	real
2997	665	1184562466	real
2997	11355	17251681513422	private_dummy
2998	4105	1268658209	real
2998	4107	1362896948	real
2998	11356	17251681513422	private_dummy
2999	4103	875878519	real
2999	11357	17251681513422	private_dummy
3000	4101	639349752	real
3000	11358	17251681513422	private_dummy
3001	4099	530838463	real
3001	11359	17251681513422	private_dummy
3002	4097	482026282	real
3002	11360	17251681513422	private_dummy
3003	4095	482026282	real
3003	11361	17251681513422	private_dummy
3004	4093	530838463	real
3004	11362	17251681513422	private_dummy
3005	4091	639349752	real
3005	11363	17251681513422	private_dummy
3006	214	1241675220	real
3006	215	1184562466	real
3006	262	1184562466	real
3006	11364	17251681513422	private_dummy
3007	1324	1184562466	real
3007	1325	1184562466	real
3007	1345	1184562466	real
3007	11365	17251681513422	private_dummy
3008	4666	1268658209	real
3008	4668	1362896948	real
3008	11366	17251681513422	private_dummy
3009	4664	761656271	real
3009	11367	17251681513422	private_dummy
3010	4662	525127505	real
3010	11368	17251681513422	private_dummy
3011	4660	416616215	real
3011	11369	17251681513422	private_dummy
3012	4658	367804034	real
3012	11370	17251681513422	private_dummy
3013	4656	367804034	real
3013	11371	17251681513422	private_dummy
3014	4654	416616215	real
3014	11372	17251681513422	private_dummy
3015	4652	525127505	real
3015	11373	17251681513422	private_dummy
3016	937	1241675220	real
3016	938	1184562466	real
3016	985	1184562466	real
3016	11374	17251681513422	private_dummy
3017	5193	1536494450	real
3017	5195	1687845944	real
3017	11375	17251681513422	private_dummy
3018	5191	954546992	real
3018	11376	17251681513422	private_dummy
3019	5189	718018225	real
3019	11377	17251681513422	private_dummy
3020	5187	609506935	real
3020	11378	17251681513422	private_dummy
3021	5185	560694755	real
3021	11379	17251681513422	private_dummy
3022	5183	560694755	real
3022	11380	17251681513422	private_dummy
3023	5181	609506935	real
3023	11381	17251681513422	private_dummy
3024	5179	718018225	real
3024	11382	17251681513422	private_dummy
3025	1534	1241675220	real
3025	1535	1184562466	real
3025	1581	1184562466	real
3025	1582	1184562466	real
3025	11383	17251681513422	private_dummy
3026	221	1869695623	real
3026	222	1869695623	real
3026	647	1869695623	real
3026	11384	17251681513422	private_dummy
3027	944	1536494450	real
3027	945	1593607205	real
3027	1327	1536494450	real
3027	11385	17251681513422	private_dummy
3028	1541	1347326682	real
3028	1542	1404439436	real
3028	1893	1347326682	real
3028	11386	17251681513422	private_dummy
3029	2128	1111345418	real
3029	2129	1168458172	real
3029	2130	1111345418	real
3029	11387	17251681513422	private_dummy
3030	2132	1103469220	real
3030	2133	1160581975	real
3030	2134	1103469220	real
3030	11388	17251681513422	private_dummy
3031	2138	1184562466	real
3031	2139	1241675220	real
3031	2140	1184562466	real
3031	11389	17251681513422	private_dummy
3032	2144	1430048205	real
3032	2145	1487160959	real
3032	2146	1430048205	real
3032	11390	17251681513422	private_dummy
3033	5354	1536494450	real
3033	11391	17251681513422	private_dummy
3034	5356	1347326682	real
3034	11392	17251681513422	private_dummy
3035	5358	763980730	real
3035	11393	17251681513422	private_dummy
3036	5360	541247193	real
3036	11394	17251681513422	private_dummy
3037	5226	449324807	real
3037	11395	17251681513422	private_dummy
3038	5362	421329493	real
3038	11396	17251681513422	private_dummy
3039	5232	449324807	real
3039	11397	17251681513422	private_dummy
3040	5364	541247193	real
3040	11398	17251681513422	private_dummy
3041	218	1869695623	real
3041	219	1869695623	real
3041	11399	17251681513422	private_dummy
3042	941	1593607205	real
3042	942	1593607205	real
3042	11400	17251681513422	private_dummy
3043	1538	1404439436	real
3043	1539	1404439436	real
3043	11401	17251681513422	private_dummy
3044	2091	1168458172	real
3044	2092	1168458172	real
3044	11402	17251681513422	private_dummy
3045	2095	1160581975	real
3045	2096	1160581975	real
3045	11403	17251681513422	private_dummy
3046	2099	1184357587	real
3046	2100	1184357587	real
3046	2102	1127244833	real
3046	2103	1127244833	real
3046	11404	17251681513422	private_dummy
3047	2105	1241675220	real
3047	2106	1241675220	real
3047	11405	17251681513422	private_dummy
3048	2109	1338005600	real
3048	2110	1338005600	real
3048	2112	1280892846	real
3048	2113	1280892846	real
3048	11406	17251681513422	private_dummy
3049	2115	1487160959	real
3049	2116	1487160959	real
3049	11407	17251681513422	private_dummy
3050	2119	1759226661	real
3050	2120	1759226661	real
3050	2122	1702113907	real
3050	2123	1702113907	real
3050	11408	17251681513422	private_dummy
3051	2052	1184562466	real
3051	2054	1241675220	real
3051	2125	1184562466	real
3051	2126	1184562466	real
3051	11409	17251681513422	private_dummy
3052	227	1869695623	real
3052	228	1869695623	real
3052	649	1869695623	real
3052	11410	17251681513422	private_dummy
3053	950	1536494450	real
3053	951	1593607205	real
3053	1329	1536494450	real
3053	11411	17251681513422	private_dummy
3054	1547	1347326682	real
3054	1548	1404439436	real
3054	1895	1347326682	real
3054	11412	17251681513422	private_dummy
3055	2187	1103469220	real
3055	2188	1160581975	real
3055	2189	1103469220	real
3055	11413	17251681513422	private_dummy
3056	2196	1280892846	real
3056	2197	1338005600	real
3056	11414	17251681513422	private_dummy
3057	5366	1536494450	real
3057	11415	17251681513422	private_dummy
3058	5368	1347326682	real
3058	11416	17251681513422	private_dummy
3059	5222	921841024	real
3059	11417	17251681513422	private_dummy
3060	5370	541247193	real
3060	11418	17251681513422	private_dummy
3061	5240	335102559	real
3061	11419	17251681513422	private_dummy
3062	5243	263997040	real
3062	11420	17251681513422	private_dummy
3063	5372	263997040	real
3063	11421	17251681513422	private_dummy
3064	5249	335102559	real
3064	11422	17251681513422	private_dummy
3065	224	1869695623	real
3065	225	1869695623	real
3065	11423	17251681513422	private_dummy
3066	947	1593607205	real
3066	948	1593607205	real
3066	11424	17251681513422	private_dummy
3067	1544	1404439436	real
3067	1545	1404439436	real
3067	11425	17251681513422	private_dummy
3068	2091	1208591486	real
3068	2093	1208591486	real
3068	2128	1151478732	real
3068	11426	17251681513422	private_dummy
3069	2153	1160581975	real
3069	2154	1160581975	real
3069	11427	17251681513422	private_dummy
3070	2157	1184357587	real
3070	2158	1184357587	real
3070	2160	1127244833	real
3070	2161	1127244833	real
3070	11428	17251681513422	private_dummy
3071	2163	1241675220	real
3071	2164	1241675220	real
3071	2166	1184562466	real
3071	11429	17251681513422	private_dummy
3072	2168	1338005600	real
3072	2169	1338005600	real
3072	2171	1280892846	real
3072	11430	17251681513422	private_dummy
3073	2173	1487160959	real
3073	2174	1487160959	real
3073	2176	1430048205	real
3073	11431	17251681513422	private_dummy
3074	2178	1759226661	real
3074	2179	1759226661	real
3074	2181	1702113907	real
3074	2182	1702113907	real
3074	11432	17251681513422	private_dummy
3075	2057	1184562466	real
3075	2059	1241675220	real
3075	2184	1184562466	real
3075	2185	1184562466	real
3075	11433	17251681513422	private_dummy
3076	233	1869695623	real
3076	234	1869695623	real
3076	651	1869695623	real
3076	11434	17251681513422	private_dummy
3077	956	1536494450	real
3077	957	1593607205	real
3077	1331	1536494450	real
3077	11435	17251681513422	private_dummy
3078	1553	1347326682	real
3078	1554	1404439436	real
3078	1897	1347326682	real
3078	11436	17251681513422	private_dummy
3079	2236	1127244833	real
3079	2237	1184357587	real
3079	11437	17251681513422	private_dummy
3080	2239	1184562466	real
3080	2240	1241675220	real
3080	2242	1184562466	real
3080	11438	17251681513422	private_dummy
3081	5374	1536494450	real
3081	11439	17251681513422	private_dummy
3082	5376	1347326682	real
3082	11440	17251681513422	private_dummy
3083	5224	921841024	real
3083	11441	17251681513422	private_dummy
3084	5238	685312258	real
3084	11442	17251681513422	private_dummy
3085	5378	473731594	real
3085	11443	17251681513422	private_dummy
3086	5380	288403827	real
3086	11444	17251681513422	private_dummy
3087	5259	245293621	real
3087	11445	17251681513422	private_dummy
3088	5262	288403827	real
3088	11446	17251681513422	private_dummy
3089	230	1869695623	real
3089	231	1869695623	real
3089	11447	17251681513422	private_dummy
3090	953	1593607205	real
3090	954	1593607205	real
3090	11448	17251681513422	private_dummy
3091	1550	1404439436	real
3091	1551	1404439436	real
3091	11449	17251681513422	private_dummy
3092	2095	1208591486	real
3092	2097	1208591486	real
3092	2132	1151478732	real
3092	11450	17251681513422	private_dummy
3093	2153	1168458172	real
3093	2155	1168458172	real
3093	2187	1111345418	real
3093	11451	17251681513422	private_dummy
3094	2207	1184357587	real
3094	2208	1184357587	real
3094	2210	1127244833	real
3094	11452	17251681513422	private_dummy
3095	2212	1241675220	real
3095	2213	1241675220	real
3095	11453	17251681513422	private_dummy
3096	2216	1338005600	real
3096	2217	1338005600	real
3096	2219	1280892846	real
3096	2220	1280892846	real
3096	11454	17251681513422	private_dummy
3097	2222	1487160959	real
3097	2223	1487160959	real
3097	2225	1430048205	real
3097	11455	17251681513422	private_dummy
3098	2227	1759226661	real
3098	2228	1759226661	real
3098	2230	1702113907	real
3098	2231	1702113907	real
3098	11456	17251681513422	private_dummy
3099	2061	1184562466	real
3099	2063	1241675220	real
3099	2233	1184562466	real
3099	2234	1184562466	real
3099	11457	17251681513422	private_dummy
3100	238	1869695623	real
3100	239	1869695623	real
3100	654	1869695623	real
3100	11458	17251681513422	private_dummy
3101	961	1536494450	real
3101	962	1593607205	real
3101	1334	1536494450	real
3101	11459	17251681513422	private_dummy
3102	2102	1151478732	real
3102	2104	1208591486	real
3102	2137	1151478732	real
3102	11460	17251681513422	private_dummy
3103	2160	1111345418	real
3103	2162	1168458172	real
3103	2192	1111345418	real
3103	11461	17251681513422	private_dummy
3104	2278	1184562466	real
3104	2279	1241675220	real
3104	2280	1184562466	real
3104	11462	17251681513422	private_dummy
3105	5382	1536494450	real
3105	11463	17251681513422	private_dummy
3106	5213	1347326682	real
3106	11464	17251681513422	private_dummy
3107	5384	921841024	real
3107	11465	17251681513422	private_dummy
3108	5386	685312258	real
3108	11466	17251681513422	private_dummy
3109	5255	576800968	real
3109	11467	17251681513422	private_dummy
3110	5388	460928780	real
3110	11468	17251681513422	private_dummy
3111	5268	303596327	real
3111	11469	17251681513422	private_dummy
3112	5271	303596327	real
3112	11470	17251681513422	private_dummy
3113	236	1869695623	real
3113	237	1869695623	real
3113	11471	17251681513422	private_dummy
3114	959	1593607205	real
3114	960	1593607205	real
3114	11472	17251681513422	private_dummy
3115	1556	1404439436	real
3115	1557	1404439436	real
3115	1899	1347326682	real
3115	11473	17251681513422	private_dummy
3116	2099	1208591486	real
3116	2101	1208591486	real
3116	11474	17251681513422	private_dummy
3117	2157	1168458172	real
3117	2159	1168458172	real
3117	11475	17251681513422	private_dummy
3118	2207	1160581975	real
3118	2209	1160581975	real
3118	2236	1103469220	real
3118	2238	1103469220	real
3118	11476	17251681513422	private_dummy
3119	2254	1241675220	real
3119	2255	1241675220	real
3119	11477	17251681513422	private_dummy
3120	2258	1338005600	real
3120	2259	1338005600	real
3120	2261	1280892846	real
3120	2262	1280892846	real
3120	11478	17251681513422	private_dummy
3121	2264	1487160959	real
3121	2265	1487160959	real
3121	2267	1430048205	real
3121	11479	17251681513422	private_dummy
3122	2269	1759226661	real
3122	2270	1759226661	real
3122	2272	1702113907	real
3122	2273	1702113907	real
3122	11480	17251681513422	private_dummy
3123	2065	1184562466	real
3123	2067	1241675220	real
3123	2275	1184562466	real
3123	2276	1184562466	real
3123	11481	17251681513422	private_dummy
3124	244	1869695623	real
3124	245	1869695623	real
3124	656	1869695623	real
3124	11482	17251681513422	private_dummy
3125	1563	1347326682	real
3125	1564	1404439436	real
3125	1903	1347326682	real
3125	11483	17251681513422	private_dummy
3126	2166	1111345418	real
3126	2167	1168458172	real
3126	2195	1111345418	real
3126	11484	17251681513422	private_dummy
3127	2072	1184562466	real
3127	2073	1184562466	real
3127	11485	17251681513422	private_dummy
3128	5208	1536494450	real
3128	11486	17251681513422	private_dummy
3129	5390	1347326682	real
3129	11487	17251681513422	private_dummy
3130	5229	921841024	real
3130	11488	17251681513422	private_dummy
3131	5392	685312258	real
3131	11489	17251681513422	private_dummy
3132	5257	576800968	real
3132	11490	17251681513422	private_dummy
3133	5266	527988788	real
3133	11491	17251681513422	private_dummy
3134	5275	499991779	real
3134	11492	17251681513422	private_dummy
3135	5278	385769531	real
3135	11493	17251681513422	private_dummy
3136	241	1869695623	real
3136	242	1869695623	real
3136	11494	17251681513422	private_dummy
3137	964	1593607205	real
3137	965	1593607205	real
3137	1336	1536494450	real
3137	11495	17251681513422	private_dummy
3138	1560	1404439436	real
3138	1561	1404439436	real
3138	11496	17251681513422	private_dummy
3139	2105	1208591486	real
3139	2107	1208591486	real
3139	2138	1151478732	real
3139	11497	17251681513422	private_dummy
3140	2163	1168458172	real
3140	2165	1168458172	real
3140	11498	17251681513422	private_dummy
3141	2212	1160581975	real
3141	2214	1160581975	real
3141	2239	1103469220	real
3141	2241	1103469220	real
3141	11499	17251681513422	private_dummy
3142	2254	1184357587	real
3142	2256	1184357587	real
3142	2278	1127244833	real
3142	11500	17251681513422	private_dummy
3143	2292	1338005600	real
3143	2293	1338005600	real
3143	2295	1280892846	real
3143	2296	1280892846	real
3143	11501	17251681513422	private_dummy
3144	2298	1487160959	real
3144	2299	1487160959	real
3144	2301	1430048205	real
3144	11502	17251681513422	private_dummy
3145	2303	1759226661	real
3145	2304	1759226661	real
3145	2306	1702113907	real
3145	2307	1702113907	real
3145	11503	17251681513422	private_dummy
3146	2069	1184562466	real
3146	2071	1241675220	real
3146	2309	1184562466	real
3146	11504	17251681513422	private_dummy
3147	249	1869695623	real
3147	250	1869695623	real
3147	659	1869695623	real
3147	11505	17251681513422	private_dummy
3148	971	1536494450	real
3148	972	1593607205	real
3148	1340	1536494450	real
3148	11506	17251681513422	private_dummy
3149	2112	1151478732	real
3149	2114	1208591486	real
3149	2143	1151478732	real
3149	11507	17251681513422	private_dummy
3150	2219	1103469220	real
3150	2221	1160581975	real
3150	11508	17251681513422	private_dummy
3151	2261	1127244833	real
3151	2263	1184357587	real
3151	2283	1127244833	real
3151	11509	17251681513422	private_dummy
3152	2295	1184562466	real
3152	2297	1241675220	real
3152	11510	17251681513422	private_dummy
3153	5394	1536494450	real
3153	11511	17251681513422	private_dummy
3154	5217	1347326682	real
3154	11512	17251681513422	private_dummy
3155	5396	921841024	real
3155	11513	17251681513422	private_dummy
3156	5246	685312258	real
3156	11514	17251681513422	private_dummy
3157	5398	576800968	real
3157	11515	17251681513422	private_dummy
3158	5400	527988788	real
3158	11516	17251681513422	private_dummy
3159	5402	527988788	real
3159	11517	17251681513422	private_dummy
3160	5282	600626871	real
3160	11518	17251681513422	private_dummy
3161	247	1869695623	real
3161	248	1869695623	real
3161	11519	17251681513422	private_dummy
3162	969	1593607205	real
3162	970	1593607205	real
3162	11520	17251681513422	private_dummy
3163	1566	1404439436	real
3163	1567	1404439436	real
3163	1905	1347326682	real
3163	11521	17251681513422	private_dummy
3164	2109	1208591486	real
3164	2111	1208591486	real
3164	11522	17251681513422	private_dummy
3165	2168	1168458172	real
3165	2170	1168458172	real
3165	2196	1111345418	real
3165	11523	17251681513422	private_dummy
3166	2216	1160581975	real
3166	2218	1160581975	real
3166	2244	1103469220	real
3166	11524	17251681513422	private_dummy
3167	2258	1184357587	real
3167	2260	1184357587	real
3167	11525	17251681513422	private_dummy
3168	2292	1241675220	real
3168	2294	1241675220	real
3168	2312	1184562466	real
3168	11526	17251681513422	private_dummy
3169	2322	1487160959	real
3169	2323	1487160959	real
3169	2325	1430048205	real
3169	11527	17251681513422	private_dummy
3170	2327	1759226661	real
3170	2328	1759226661	real
3170	2330	1702113907	real
3170	2331	1702113907	real
3170	11528	17251681513422	private_dummy
3171	2074	1184562466	real
3171	2076	1241675220	real
3171	2333	1184562466	real
3171	2334	1184562466	real
3171	11529	17251681513422	private_dummy
3172	255	1869695623	real
3172	256	1869695623	real
3172	661	1869695623	real
3172	11530	17251681513422	private_dummy
3173	977	1536494450	real
3173	978	1593607205	real
3173	1342	1536494450	real
3173	11531	17251681513422	private_dummy
3174	1573	1347326682	real
3174	1574	1404439436	real
3174	1909	1347326682	real
3174	11532	17251681513422	private_dummy
3175	2176	1111345418	real
3175	2177	1168458172	real
3175	2201	1111345418	real
3175	11533	17251681513422	private_dummy
3176	2225	1103469220	real
3176	2226	1160581975	real
3176	11534	17251681513422	private_dummy
3177	2267	1127244833	real
3177	2268	1184357587	real
3177	2286	1127244833	real
3177	11535	17251681513422	private_dummy
3178	2301	1184562466	real
3178	2302	1241675220	real
3178	11536	17251681513422	private_dummy
3179	2325	1280892846	real
3179	2326	1338005600	real
3179	2338	1280892846	real
3179	11537	17251681513422	private_dummy
3180	5404	1536494450	real
3180	11538	17251681513422	private_dummy
3181	5406	1347326682	real
3181	11539	17251681513422	private_dummy
3182	5235	921841024	real
3182	11540	17251681513422	private_dummy
3183	5408	685312258	real
3183	11541	17251681513422	private_dummy
3184	5410	576800968	real
3184	11542	17251681513422	private_dummy
3185	5412	527988788	real
3185	11543	17251681513422	private_dummy
3186	5414	527988788	real
3186	11544	17251681513422	private_dummy
3187	5416	576800968	real
3187	11545	17251681513422	private_dummy
3188	252	1869695623	real
3188	253	1869695623	real
3188	11546	17251681513422	private_dummy
3189	974	1593607205	real
3189	975	1593607205	real
3189	11547	17251681513422	private_dummy
3190	1570	1404439436	real
3190	1571	1404439436	real
3190	11548	17251681513422	private_dummy
3191	2115	1208591486	real
3191	2117	1208591486	real
3191	2144	1151478732	real
3191	11549	17251681513422	private_dummy
3192	2173	1168458172	real
3192	2175	1168458172	real
3192	11550	17251681513422	private_dummy
3193	2222	1160581975	real
3193	2224	1160581975	real
3193	2246	1103469220	real
3193	11551	17251681513422	private_dummy
3194	2264	1184357587	real
3194	2266	1184357587	real
3194	11552	17251681513422	private_dummy
3195	2298	1241675220	real
3195	2300	1241675220	real
3195	2314	1184562466	real
3195	11553	17251681513422	private_dummy
3196	2322	1338005600	real
3196	2324	1338005600	real
3196	11554	17251681513422	private_dummy
3197	2344	1759226661	real
3197	2345	1759226661	real
3197	2347	1702113907	real
3197	2348	1702113907	real
3197	11555	17251681513422	private_dummy
3198	2078	1184562466	real
3198	2080	1263230939	real
3198	2350	1184562466	real
3198	2351	1184562466	real
3198	11556	17251681513422	private_dummy
3199	983	1536494450	real
3199	984	1593607205	real
3199	1344	1536494450	real
3199	11557	17251681513422	private_dummy
3200	1579	1347326682	real
3200	1580	1404439436	real
3200	1911	1347326682	real
3200	11558	17251681513422	private_dummy
3201	2122	1151478732	real
3201	2124	1208591486	real
3201	2149	1151478732	real
3201	11559	17251681513422	private_dummy
3202	2181	1111345418	real
3202	2183	1168458172	real
3202	2203	1111345418	real
3202	11560	17251681513422	private_dummy
3203	2230	1103469220	real
3203	2232	1160581975	real
3203	11561	17251681513422	private_dummy
3204	2272	1127244833	real
3204	2274	1184357587	real
3204	2288	1127244833	real
3204	11562	17251681513422	private_dummy
3205	2306	1184562466	real
3205	2308	1241675220	real
3205	11563	17251681513422	private_dummy
3206	2330	1280892846	real
3206	2332	1338005600	real
3206	2340	1280892846	real
3206	11564	17251681513422	private_dummy
3207	2347	1430048205	real
3207	2349	1487160959	real
3207	11565	17251681513422	private_dummy
3208	5418	1536494450	real
3208	11566	17251681513422	private_dummy
3209	5420	1347326682	real
3209	11567	17251681513422	private_dummy
3210	5422	921841024	real
3210	11568	17251681513422	private_dummy
3211	5424	685312258	real
3211	11569	17251681513422	private_dummy
3212	5426	576800968	real
3212	11570	17251681513422	private_dummy
3213	5428	527988788	real
3213	11571	17251681513422	private_dummy
3214	5430	527988788	real
3214	11572	17251681513422	private_dummy
3215	5432	576800968	real
3215	11573	17251681513422	private_dummy
3216	258	1869695623	real
3216	259	1869695623	real
3216	663	1869695623	real
3216	11574	17251681513422	private_dummy
3217	980	1593607205	real
3217	981	1593607205	real
3217	11575	17251681513422	private_dummy
3218	1576	1404439436	real
3218	1577	1404439436	real
3218	11576	17251681513422	private_dummy
3219	2119	1208591486	real
3219	2121	1208591486	real
3219	11577	17251681513422	private_dummy
3220	2178	1168458172	real
3220	2180	1168458172	real
3220	11578	17251681513422	private_dummy
3221	2227	1160581975	real
3221	2229	1160581975	real
3221	2249	1103469220	real
3221	11579	17251681513422	private_dummy
3222	2269	1184357587	real
3222	2271	1184357587	real
3222	11580	17251681513422	private_dummy
3223	2303	1241675220	real
3223	2305	1241675220	real
3223	2317	1184562466	real
3223	11581	17251681513422	private_dummy
3224	2327	1338005600	real
3224	2329	1338005600	real
3224	11582	17251681513422	private_dummy
3225	2344	1487160959	real
3225	2346	1487160959	real
3225	2354	1430048205	real
3225	11583	17251681513422	private_dummy
3226	2083	1184562466	real
3226	2085	1184562466	real
3226	2359	1184562466	real
3226	2360	1184562466	real
3226	11584	17251681513422	private_dummy
3227	1582	1347326682	real
3227	1583	1404439436	real
3227	11585	17251681513422	private_dummy
3228	2125	1151478732	real
3228	2127	1208591486	real
3228	11586	17251681513422	private_dummy
3229	2184	1111345418	real
3229	2186	1168458172	real
3229	11587	17251681513422	private_dummy
3230	2233	1103469220	real
3230	2235	1160581975	real
3230	2250	1103469220	real
3230	11588	17251681513422	private_dummy
3231	2275	1127244833	real
3231	2277	1184357587	real
3231	11589	17251681513422	private_dummy
3232	2333	1280892846	real
3232	2335	1338005600	real
3232	11590	17251681513422	private_dummy
3233	2350	1430048205	real
3233	2352	1487160959	real
3233	2355	1430048205	real
3233	11591	17251681513422	private_dummy
3234	2359	1702113907	real
3234	2361	1759226661	real
3234	2362	1702113907	real
3234	11592	17251681513422	private_dummy
3235	215	1869695623	real
3235	216	1869695623	real
3235	645	1869695623	real
3235	11593	17251681513422	private_dummy
3236	938	1536494450	real
3236	939	1536494450	real
3236	1325	1536494450	real
3236	11594	17251681513422	private_dummy
3237	1535	1347326682	real
3237	1536	1347326682	real
3237	11595	17251681513422	private_dummy
3238	2052	1151478732	real
3238	2053	1151478732	real
3238	2055	1151478732	real
3238	11596	17251681513422	private_dummy
3239	2057	1111345418	real
3239	2058	1111345418	real
3239	11597	17251681513422	private_dummy
3240	2061	1103469220	real
3240	2062	1103469220	real
3240	11598	17251681513422	private_dummy
3241	2065	1127244833	real
3241	2066	1127244833	real
3241	11599	17251681513422	private_dummy
3242	2069	1184562466	real
3242	2070	1184562466	real
3242	2072	1184562466	real
3242	11600	17251681513422	private_dummy
3243	2074	1280892846	real
3243	2075	1280892846	real
3243	11601	17251681513422	private_dummy
3244	2078	1430048205	real
3244	2079	1430048205	real
3244	2081	1430048205	real
3244	11602	17251681513422	private_dummy
3245	2083	1702113907	real
3245	2084	1702113907	real
3245	2086	1702113907	real
3245	11603	17251681513422	private_dummy
3246	5324	1109557844	real
3246	11604	17251681513422	private_dummy
3247	5324	1109557844	real
3247	11605	17251681513422	private_dummy
3248	5325	726099236	real
3248	11606	17251681513422	private_dummy
3249	5325	726099236	real
3249	11607	17251681513422	private_dummy
3250	5326	484134439	real
3250	11608	17251681513422	private_dummy
3251	5326	541247193	real
3251	11609	17251681513422	private_dummy
3252	5327	403816026	real
3252	11610	17251681513422	private_dummy
3253	5327	460928780	real
3253	11611	17251681513422	private_dummy
3254	5328	543514117	real
3254	11612	17251681513422	private_dummy
3255	5328	600626871	real
3255	11613	17251681513422	private_dummy
3256	5329	773434364	real
3256	11614	17251681513422	private_dummy
3257	5329	773434364	real
3257	11615	17251681513422	private_dummy
3258	2495	1430048205	real
3258	11616	17251681513422	private_dummy
3259	2473	1184562466	real
3259	11617	17251681513422	private_dummy
3260	2437	1103469220	real
3260	11618	17251681513422	private_dummy
3261	2471	1184562466	real
3261	11619	17251681513422	private_dummy
3262	2435	1103469220	real
3262	11620	17251681513422	private_dummy
3263	2468	1184562466	real
3263	11621	17251681513422	private_dummy
3264	2432	1103469220	real
3264	11622	17251681513422	private_dummy
3265	2418	1280892846	real
3265	11623	17251681513422	private_dummy
3266	2077	1227292212	real
3266	11624	17251681513422	private_dummy
3267	2073	1227292212	real
3267	11625	17251681513422	private_dummy
3268	2439	1127244833	real
3268	11626	17251681513422	private_dummy
3269	2068	1227292212	real
3269	11627	17251681513422	private_dummy
3270	2064	1227292212	real
3270	11628	17251681513422	private_dummy
3271	2060	1227292212	real
3271	11629	17251681513422	private_dummy
3272	2387	1151478732	real
3272	11630	17251681513422	private_dummy
3273	1891	1227292212	real
3273	11631	17251681513422	private_dummy
3274	1324	1227292212	real
3274	11632	17251681513422	private_dummy
3275	644	1227292212	real
3275	11633	17251681513422	private_dummy
3276	5487	757626495	real
3276	11634	17251681513422	private_dummy
3277	5485	757626495	real
3277	11635	17251681513422	private_dummy
3278	5490	1151478732	real
3278	11636	17251681513422	private_dummy
3279	5490	1151478732	real
3279	11637	17251681513422	private_dummy
3280	5476	332251490	real
3280	5478	332251490	real
3280	11638	17251681513422	private_dummy
3281	5483	806438676	real
3281	5484	806438676	real
3281	11639	17251681513422	private_dummy
3282	5471	343859956	real
3282	5472	515190466	real
3282	11640	17251681513422	private_dummy
3283	5473	597775802	real
3283	5475	597775802	real
3283	11641	17251681513422	private_dummy
3284	5497	554789753	real
3284	11642	17251681513422	private_dummy
3285	5472	515190466	real
3285	11643	17251681513422	private_dummy
3286	5481	597775802	real
3286	11644	17251681513422	private_dummy
3287	5499	554789753	real
3287	11645	17251681513422	private_dummy
3288	5471	640890500	real
3288	11646	17251681513422	private_dummy
3289	5479	300745258	real
3289	11647	17251681513422	private_dummy
3290	5501	1103469220	real
3290	11648	17251681513422	private_dummy
3291	5475	332251490	real
3291	5478	332251490	real
3291	11649	17251681513422	private_dummy
3292	5486	450514758	real
3292	11650	17251681513422	private_dummy
3293	5503	574687520	real
3293	11651	17251681513422	private_dummy
3294	5473	516840406	real
3294	5476	516840406	real
3294	11652	17251681513422	private_dummy
3295	5479	310695772	real
3295	5481	310695772	real
3295	11653	17251681513422	private_dummy
3296	5505	713772147	real
3296	11654	17251681513422	private_dummy
3297	5492	1111879445	real
3297	11655	17251681513422	private_dummy
3298	5492	1090323727	real
3298	11656	17251681513422	private_dummy
3299	5490	1157383734	real
3299	5491	718027208	real
3299	5496	560694755	real
3299	11657	17251681513422	private_dummy
3300	5500	489589235	real
3300	11658	17251681513422	private_dummy
3301	5502	489589235	real
3301	11659	17251681513422	private_dummy
3302	5490	1171259123	real
3302	5491	983551520	real
3302	5498	826219067	real
3302	11660	17251681513422	private_dummy
3303	5500	686520976	real
3303	11661	17251681513422	private_dummy
3304	5502	489589235	real
3304	11662	17251681513422	private_dummy
3305	5489	686520976	real
3305	11663	17251681513422	private_dummy
3306	5504	410915471	real
3306	11664	17251681513422	private_dummy
3307	5506	436521993	real
3307	11665	17251681513422	private_dummy
3308	5489	686520976	real
3308	11666	17251681513422	private_dummy
3309	5504	410915471	real
3309	11667	17251681513422	private_dummy
3310	5506	436521993	real
3310	11668	17251681513422	private_dummy
3311	5488	686520976	real
3311	11669	17251681513422	private_dummy
3312	5488	983551520	real
3312	11670	17251681513422	private_dummy
3313	5444	371846286	real
3313	5445	371846286	real
3313	11671	17251681513422	private_dummy
3314	5474	634805329	real
3314	11672	17251681513422	private_dummy
3315	5470	897324586	real
3315	11673	17251681513422	private_dummy
3316	5470	596248529	real
3316	11674	17251681513422	private_dummy
3317	5434	798782256	real
3317	5435	855895011	real
3317	11675	17251681513422	private_dummy
3318	5436	597771310	real
3318	5437	597771310	real
3318	11676	17251681513422	private_dummy
3319	5438	577990920	real
3319	5439	577990920	real
3319	11677	17251681513422	private_dummy
3320	5440	895769196	real
3320	5441	895769196	real
3320	11678	17251681513422	private_dummy
3321	5442	783211990	real
3321	5443	783211990	real
3321	11679	17251681513422	private_dummy
3322	5514	804658057	real
3322	11680	17251681513422	private_dummy
3323	5514	503582000	real
3323	11681	17251681513422	private_dummy
3324	5435	855895011	real
3324	11682	17251681513422	private_dummy
3325	5453	300740766	real
3325	5454	300740766	real
3325	11683	17251681513422	private_dummy
3326	5455	459723160	real
3326	11684	17251681513422	private_dummy
3327	5477	407325250	real
3327	11685	17251681513422	private_dummy
3328	5516	804658057	real
3328	11686	17251681513422	private_dummy
3329	5516	503582000	real
3329	11687	17251681513422	private_dummy
3330	5434	1052445090	real
3330	11688	17251681513422	private_dummy
3331	5446	440438857	real
3331	5447	497551611	real
3331	11689	17251681513422	private_dummy
3332	5448	300740766	real
3332	5449	300740766	real
3332	11690	17251681513422	private_dummy
3333	5450	525124244	real
3333	11691	17251681513422	private_dummy
3334	5451	483553555	real
3334	5452	483553555	real
3334	11692	17251681513422	private_dummy
3335	5518	897324586	real
3335	11693	17251681513422	private_dummy
3336	5518	699323789	real
3336	11694	17251681513422	private_dummy
3337	5437	597771310	real
3337	11695	17251681513422	private_dummy
3338	5447	497551611	real
3338	11696	17251681513422	private_dummy
3339	5462	459723160	real
3339	5463	459723160	real
3339	11697	17251681513422	private_dummy
3340	5480	407325250	real
3340	11698	17251681513422	private_dummy
3341	5520	576220084	real
3341	11699	17251681513422	private_dummy
3342	5520	378219287	real
3342	11700	17251681513422	private_dummy
3343	5436	670359104	real
3343	11701	17251681513422	private_dummy
3344	5446	670359104	real
3344	11702	17251681513422	private_dummy
3345	5456	371846286	real
3345	5457	428959040	real
3345	11703	17251681513422	private_dummy
3346	5458	438906293	real
3346	5459	438906293	real
3346	11704	17251681513422	private_dummy
3347	5460	383454751	real
3347	5461	383454751	real
3347	11705	17251681513422	private_dummy
3348	5522	806140331	real
3348	11706	17251681513422	private_dummy
3349	5522	239590252	real
3349	11707	17251681513422	private_dummy
3350	5439	577990920	real
3350	5445	577990920	real
3350	11708	17251681513422	private_dummy
3351	5449	300740766	real
3351	5454	300740766	real
3351	11709	17251681513422	private_dummy
3352	5457	428959040	real
3352	11710	17251681513422	private_dummy
3353	5466	647430763	real
3353	11711	17251681513422	private_dummy
3354	5467	634805329	real
3354	11712	17251681513422	private_dummy
3355	5524	664959966	real
3355	11713	17251681513422	private_dummy
3356	5524	468028226	real
3356	11714	17251681513422	private_dummy
3357	5438	568241738	real
3357	5444	568241738	real
3357	11715	17251681513422	private_dummy
3358	5448	339803765	real
3358	5453	339803765	real
3358	11716	17251681513422	private_dummy
3359	5456	568241738	real
3359	11717	17251681513422	private_dummy
3360	5464	525124244	real
3360	11718	17251681513422	private_dummy
3361	5465	483553555	real
3361	11719	17251681513422	private_dummy
3362	5526	704022965	real
3362	11720	17251681513422	private_dummy
3363	5526	468028226	real
3363	11721	17251681513422	private_dummy
3364	5441	895769196	real
3364	11722	17251681513422	private_dummy
3365	5459	438906293	real
3365	5463	438906293	real
3365	11723	17251681513422	private_dummy
3366	5482	1031550423	real
3366	11724	17251681513422	private_dummy
3367	5528	975561394	real
3367	11725	17251681513422	private_dummy
3368	5528	511126187	real
3368	11726	17251681513422	private_dummy
3369	5440	726099236	real
3369	11727	17251681513422	private_dummy
3370	5450	381059179	real
3370	5455	381059179	real
3370	11728	17251681513422	private_dummy
3371	5458	332246999	real
3371	5462	332246999	real
3371	11729	17251681513422	private_dummy
3372	5464	489570469	real
3372	5466	489570469	real
3372	11730	17251681513422	private_dummy
3373	5468	895769196	real
3373	5469	1088663177	real
3373	11731	17251681513422	private_dummy
3374	5530	831496330	real
3374	11732	17251681513422	private_dummy
3375	5530	511126187	real
3375	11733	17251681513422	private_dummy
3376	5443	685312258	real
3376	11734	17251681513422	private_dummy
3377	5452	407325250	real
3377	11735	17251681513422	private_dummy
3378	5461	349558832	real
3378	11736	17251681513422	private_dummy
3379	5469	1088663177	real
3379	11737	17251681513422	private_dummy
3380	5532	839021880	real
3380	11738	17251681513422	private_dummy
3381	5532	597775802	real
3381	11739	17251681513422	private_dummy
3382	5442	1109557844	real
3382	11740	17251681513422	private_dummy
3383	5451	727471858	real
3383	11741	17251681513422	private_dummy
3384	5460	625354492	real
3384	11742	17251681513422	private_dummy
3385	5465	685312258	real
3385	5467	685312258	real
3385	11743	17251681513422	private_dummy
3386	5468	1211545455	real
3386	11744	17251681513422	private_dummy
3387	5534	1103170875	real
3387	11745	17251681513422	private_dummy
3388	5534	597775802	real
3388	11746	17251681513422	private_dummy
3389	5494	482026282	real
3389	5513	482026282	real
3389	11747	17251681513422	private_dummy
3390	5517	573948669	real
3390	11748	17251681513422	private_dummy
3391	5519	367804034	real
3391	11749	17251681513422	private_dummy
3392	5494	585101542	real
3392	5515	585101542	real
3392	11750	17251681513422	private_dummy
3393	5517	652617141	real
3393	11751	17251681513422	private_dummy
3394	5519	367804034	real
3394	11752	17251681513422	private_dummy
3395	5521	296698515	real
3395	11753	17251681513422	private_dummy
3396	5523	296698515	real
3396	11754	17251681513422	private_dummy
3397	5521	296698515	real
3397	11755	17251681513422	private_dummy
3398	5523	296698515	real
3398	11756	17251681513422	private_dummy
3399	5525	367804034	real
3399	11757	17251681513422	private_dummy
3400	5527	573948669	real
3400	11758	17251681513422	private_dummy
3401	5525	367804034	real
3401	11759	17251681513422	private_dummy
3402	5527	573948669	real
3402	11760	17251681513422	private_dummy
3403	5529	489570469	real
3403	11761	17251681513422	private_dummy
3404	5531	489570469	real
3404	11762	17251681513422	private_dummy
3405	5529	489570469	real
3405	11763	17251681513422	private_dummy
3406	5531	489570469	real
3406	11764	17251681513422	private_dummy
3407	5533	582236998	real
3407	11765	17251681513422	private_dummy
3408	5535	600626871	real
3408	11766	17251681513422	private_dummy
3409	5533	582236998	real
3409	11767	17251681513422	private_dummy
3410	5535	600626871	real
3410	11768	17251681513422	private_dummy
3411	5495	482026282	real
3411	11769	17251681513422	private_dummy
3412	5495	585101542	real
3412	11770	17251681513422	private_dummy
3413	5492	1125877502	real
3413	5493	875878519	real
3413	11771	17251681513422	private_dummy
3414	5492	1090323727	real
3414	5493	840324744	real
3414	11772	17251681513422	private_dummy
3415	282	1869695623	real
3415	11773	17251681513422	private_dummy
3416	2086	1227292212	real
3416	2087	1227292212	real
3416	11774	17251681513422	private_dummy
3417	2494	1487160959	real
3417	2496	1430048205	real
3417	11775	17251681513422	private_dummy
3418	2485	1338005600	real
3418	2486	1280892846	real
3418	2490	1280892846	real
3418	11776	17251681513422	private_dummy
3419	2472	1241675220	real
3419	2478	1184562466	real
3419	11777	17251681513422	private_dummy
3420	2456	1184357587	real
3420	2457	1127244833	real
3420	2463	1127244833	real
3420	11778	17251681513422	private_dummy
3421	2436	1160581975	real
3421	2443	1103469220	real
3421	11779	17251681513422	private_dummy
3422	2411	1168458172	real
3422	2412	1111345418	real
3422	2420	1111345418	real
3422	11780	17251681513422	private_dummy
3423	2385	1208591486	real
3423	2386	1151478732	real
3423	2392	1151478732	real
3423	11781	17251681513422	private_dummy
3424	1602	1404439436	real
3424	1603	1347326682	real
3424	1924	1347326682	real
3424	11782	17251681513422	private_dummy
3425	1004	1593607205	real
3425	1005	1536494450	real
3425	1358	1536494450	real
3425	11783	17251681513422	private_dummy
3426	280	1869695623	real
3426	281	1869695623	real
3426	11784	17251681513422	private_dummy
3427	2084	1227292212	real
3427	2085	1227292212	real
3427	11785	17251681513422	private_dummy
3428	5537	1109557844	real
3428	11786	17251681513422	private_dummy
3429	5539	934563483	real
3429	11787	17251681513422	private_dummy
3430	5541	830547118	real
3430	11788	17251681513422	private_dummy
3431	5543	773151825	real
3431	11789	17251681513422	private_dummy
3432	5545	754689937	real
3432	11790	17251681513422	private_dummy
3433	5547	773151825	real
3433	11791	17251681513422	private_dummy
3434	5549	691918083	real
3434	11792	17251681513422	private_dummy
3435	5551	704543517	real
3435	11793	17251681513422	private_dummy
3436	2496	1702113907	real
3436	2497	1702113907	real
3436	11794	17251681513422	private_dummy
3437	2384	1151478732	real
3437	11795	17251681513422	private_dummy
3438	2081	1227292212	real
3438	2082	1227292212	real
3438	11796	17251681513422	private_dummy
3439	2494	1759226661	real
3439	11797	17251681513422	private_dummy
3440	2482	1338005600	real
3440	2484	1280892846	real
3440	2489	1280892846	real
3440	11798	17251681513422	private_dummy
3441	2469	1241675220	real
3441	2477	1184562466	real
3441	11799	17251681513422	private_dummy
3442	2453	1184357587	real
3442	2455	1127244833	real
3442	2462	1127244833	real
3442	11800	17251681513422	private_dummy
3443	2433	1160581975	real
3443	2442	1103469220	real
3443	11801	17251681513422	private_dummy
3444	2408	1168458172	real
3444	2410	1111345418	real
3444	2419	1111345418	real
3444	11802	17251681513422	private_dummy
3445	2381	1208591486	real
3445	2383	1151478732	real
3445	11803	17251681513422	private_dummy
3446	1600	1404439436	real
3446	1601	1347326682	real
3446	1922	1347326682	real
3446	11804	17251681513422	private_dummy
3447	1002	1593607205	real
3447	1003	1536494450	real
3447	1356	1536494450	real
3447	11805	17251681513422	private_dummy
3448	278	1869695623	real
3448	279	1869695623	real
3448	677	1869695623	real
3448	11806	17251681513422	private_dummy
3449	2079	1227292212	real
3449	2080	1305960685	real
3449	11807	17251681513422	private_dummy
3450	5554	1245339071	real
3450	11808	17251681513422	private_dummy
3451	5556	934563483	real
3451	11809	17251681513422	private_dummy
3452	5558	770586556	real
3452	11810	17251681513422	private_dummy
3453	5560	679295344	real
3453	11811	17251681513422	private_dummy
3454	5562	636962957	real
3454	11812	17251681513422	private_dummy
3455	5564	636962957	real
3455	11813	17251681513422	private_dummy
3456	5566	540666309	real
3456	11814	17251681513422	private_dummy
3457	5568	546683223	real
3457	11815	17251681513422	private_dummy
3458	2490	1702113907	real
3458	2491	1702113907	real
3458	11816	17251681513422	private_dummy
3459	2489	1430048205	real
3459	11817	17251681513422	private_dummy
3460	2407	1111345418	real
3460	11818	17251681513422	private_dummy
3461	1599	1347326682	real
3461	11819	17251681513422	private_dummy
3462	2485	1759226661	real
3462	11820	17251681513422	private_dummy
3463	2482	1487160959	real
3463	2483	1430048205	real
3463	11821	17251681513422	private_dummy
3464	2467	1241675220	real
3464	2475	1184562466	real
3464	11822	17251681513422	private_dummy
3465	2451	1184357587	real
3465	2452	1127244833	real
3465	2460	1127244833	real
3465	11823	17251681513422	private_dummy
3466	2431	1160581975	real
3466	2440	1103469220	real
3466	11824	17251681513422	private_dummy
3467	2405	1168458172	real
3467	2406	1111345418	real
3467	11825	17251681513422	private_dummy
3468	2379	1208591486	real
3468	2380	1151478732	real
3468	2390	1151478732	real
3468	11826	17251681513422	private_dummy
3469	1597	1404439436	real
3469	1598	1347326682	real
3469	11827	17251681513422	private_dummy
3470	1000	1593607205	real
3470	1001	1536494450	real
3470	1354	1536494450	real
3470	11828	17251681513422	private_dummy
3471	276	1869695623	real
3471	277	1869695623	real
3471	675	1869695623	real
3471	11829	17251681513422	private_dummy
3472	2075	1227292212	real
3472	2076	1284404966	real
3472	2487	1227292212	real
3472	11830	17251681513422	private_dummy
3473	5571	1430048205	real
3473	11831	17251681513422	private_dummy
3474	5573	1130305272	real
3474	11832	17251681513422	private_dummy
3475	5575	830547118	real
3475	11833	17251681513422	private_dummy
3476	5577	679295344	real
3476	11834	17251681513422	private_dummy
3477	5579	603067038	real
3477	11835	17251681513422	private_dummy
3478	5581	579196540	real
3478	11836	17251681513422	private_dummy
3479	5583	464438004	real
3479	11837	17251681513422	private_dummy
3480	5585	462578721	real
3480	11838	17251681513422	private_dummy
3481	2478	1702113907	real
3481	2479	1702113907	real
3481	11839	17251681513422	private_dummy
3482	2477	1430048205	real
3482	11840	17251681513422	private_dummy
3483	2475	1280892846	real
3483	2476	1280892846	real
3483	11841	17251681513422	private_dummy
3484	2450	1127244833	real
3484	11842	17251681513422	private_dummy
3485	2429	1103469220	real
3485	2430	1103469220	real
3485	11843	17251681513422	private_dummy
3486	2378	1151478732	real
3486	11844	17251681513422	private_dummy
3487	998	1536494450	real
3487	11845	17251681513422	private_dummy
3488	2472	1759226661	real
3488	11846	17251681513422	private_dummy
3489	2469	1487160959	real
3489	2470	1430048205	real
3489	11847	17251681513422	private_dummy
3490	2467	1338005600	real
3490	11848	17251681513422	private_dummy
3491	2447	1184357587	real
3491	2449	1127244833	real
3491	11849	17251681513422	private_dummy
3492	2427	1160581975	real
3492	11850	17251681513422	private_dummy
3493	2402	1168458172	real
3493	2404	1111345418	real
3493	2417	1111345418	real
3493	11851	17251681513422	private_dummy
3494	2375	1208591486	real
3494	2377	1151478732	real
3494	11852	17251681513422	private_dummy
3495	1594	1404439436	real
3495	1595	1347326682	real
3495	1920	1347326682	real
3495	11853	17251681513422	private_dummy
3496	996	1593607205	real
3496	997	1536494450	real
3496	11854	17251681513422	private_dummy
3497	273	1869695623	real
3497	274	1869695623	real
3497	674	1869695623	real
3497	11855	17251681513422	private_dummy
3498	2070	1227292212	real
3498	2071	1284404966	real
3498	2474	1227292212	real
3498	11856	17251681513422	private_dummy
3499	5588	1430048205	real
3499	11857	17251681513422	private_dummy
3500	5590	1280892846	real
3500	11858	17251681513422	private_dummy
3501	5592	1060184826	real
3501	11859	17251681513422	private_dummy
3502	5594	773151825	real
3502	11860	17251681513422	private_dummy
3503	5596	636962957	real
3503	11861	17251681513422	private_dummy
3504	5598	579196540	real
3504	11862	17251681513422	private_dummy
3505	5600	440567505	real
3505	11863	17251681513422	private_dummy
3506	5602	428959040	real
3506	11864	17251681513422	private_dummy
3507	2463	1702113907	real
3507	2464	1702113907	real
3507	11865	17251681513422	private_dummy
3508	2462	1430048205	real
3508	11866	17251681513422	private_dummy
3509	2460	1280892846	real
3509	2461	1280892846	real
3509	11867	17251681513422	private_dummy
3510	2425	1103469220	real
3510	2426	1103469220	real
3510	11868	17251681513422	private_dummy
3511	1593	1347326682	real
3511	11869	17251681513422	private_dummy
3512	2456	1759226661	real
3512	11870	17251681513422	private_dummy
3513	2453	1487160959	real
3513	2454	1430048205	real
3513	11871	17251681513422	private_dummy
3514	2451	1338005600	real
3514	11872	17251681513422	private_dummy
3515	2447	1241675220	real
3515	2448	1184562466	real
3515	2450	1184562466	real
3515	11873	17251681513422	private_dummy
3516	2424	1160581975	real
3516	11874	17251681513422	private_dummy
3517	2400	1168458172	real
3517	2401	1111345418	real
3517	2415	1111345418	real
3517	11875	17251681513422	private_dummy
3518	2373	1208591486	real
3518	2374	1151478732	real
3518	2388	1151478732	real
3518	11876	17251681513422	private_dummy
3519	1591	1404439436	real
3519	1592	1347326682	real
3519	11877	17251681513422	private_dummy
3520	994	1593607205	real
3520	995	1536494450	real
3520	1352	1536494450	real
3520	11878	17251681513422	private_dummy
3521	271	1869695623	real
3521	272	1869695623	real
3521	672	1869695623	real
3521	11879	17251681513422	private_dummy
3522	2066	1227292212	real
3522	2067	1284404966	real
3522	2458	1227292212	real
3522	11880	17251681513422	private_dummy
3523	5605	1430048205	real
3523	11881	17251681513422	private_dummy
3524	5607	1280892846	real
3524	11882	17251681513422	private_dummy
3525	5609	1184562466	real
3525	11883	17251681513422	private_dummy
3526	5611	1026660031	real
3526	11884	17251681513422	private_dummy
3527	5613	754689937	real
3527	11885	17251681513422	private_dummy
3528	5615	636962957	real
3528	11886	17251681513422	private_dummy
3529	5617	464438004	real
3529	11887	17251681513422	private_dummy
3530	5619	440026725	real
3530	11888	17251681513422	private_dummy
3531	2443	1702113907	real
3531	2444	1702113907	real
3531	11889	17251681513422	private_dummy
3532	2442	1430048205	real
3532	11890	17251681513422	private_dummy
3533	2440	1280892846	real
3533	2441	1280892846	real
3533	11891	17251681513422	private_dummy
3534	2399	1111345418	real
3534	11892	17251681513422	private_dummy
3535	2372	1151478732	real
3535	11893	17251681513422	private_dummy
3536	2436	1759226661	real
3536	11894	17251681513422	private_dummy
3537	2433	1487160959	real
3537	2434	1430048205	real
3537	11895	17251681513422	private_dummy
3538	2431	1338005600	real
3538	11896	17251681513422	private_dummy
3539	2427	1241675220	real
3539	2428	1184562466	real
3539	2429	1184562466	real
3539	11897	17251681513422	private_dummy
3540	2424	1184357587	real
3540	2425	1127244833	real
3540	11898	17251681513422	private_dummy
3541	2396	1168458172	real
3541	2398	1111345418	real
3541	11899	17251681513422	private_dummy
3542	2369	1208591486	real
3542	2371	1151478732	real
3542	11900	17251681513422	private_dummy
3543	1588	1404439436	real
3543	1589	1347326682	real
3543	1918	1347326682	real
3543	11901	17251681513422	private_dummy
3544	991	1593607205	real
3544	992	1536494450	real
3544	1351	1536494450	real
3544	11902	17251681513422	private_dummy
3545	268	1869695623	real
3545	269	1869695623	real
3545	671	1869695623	real
3545	11903	17251681513422	private_dummy
3546	2062	1227292212	real
3546	2063	1284404966	real
3546	2438	1227292212	real
3546	11904	17251681513422	private_dummy
3547	5622	1430048205	real
3547	11905	17251681513422	private_dummy
3548	5624	1280892846	real
3548	11906	17251681513422	private_dummy
3549	5626	1184562466	real
3549	11907	17251681513422	private_dummy
3550	5628	1127244833	real
3550	11908	17251681513422	private_dummy
3551	5630	1026660031	real
3551	11909	17251681513422	private_dummy
3552	5632	773151825	real
3552	11910	17251681513422	private_dummy
3553	5634	540666309	real
3553	11911	17251681513422	private_dummy
3554	5636	497551611	real
3554	11912	17251681513422	private_dummy
3555	2420	1702113907	real
3555	2421	1702113907	real
3555	11913	17251681513422	private_dummy
3556	2419	1430048205	real
3556	11914	17251681513422	private_dummy
3557	2417	1184562466	real
3557	11915	17251681513422	private_dummy
3558	2415	1127244833	real
3558	2416	1127244833	real
3558	11916	17251681513422	private_dummy
3559	2368	1151478732	real
3559	11917	17251681513422	private_dummy
3560	2411	1759226661	real
3560	11918	17251681513422	private_dummy
3561	2408	1487160959	real
3561	2409	1430048205	real
3561	11919	17251681513422	private_dummy
3562	2405	1338005600	real
3562	2407	1280892846	real
3562	11920	17251681513422	private_dummy
3563	2402	1241675220	real
3563	2403	1184562466	real
3563	11921	17251681513422	private_dummy
3564	2400	1184357587	real
3564	11922	17251681513422	private_dummy
3565	2396	1160581975	real
3565	2397	1103469220	real
3565	2399	1103469220	real
3565	11923	17251681513422	private_dummy
3566	2365	1208591486	real
3566	2367	1151478732	real
3566	11924	17251681513422	private_dummy
3567	1586	1404439436	real
3567	1587	1347326682	real
3567	1916	1347326682	real
3567	11925	17251681513422	private_dummy
3568	989	1593607205	real
3568	990	1536494450	real
3568	1349	1536494450	real
3568	11926	17251681513422	private_dummy
3569	266	1869695623	real
3569	267	1869695623	real
3569	669	1869695623	real
3569	11927	17251681513422	private_dummy
3570	2058	1227292212	real
3570	2059	1284404966	real
3570	2413	1227292212	real
3570	11928	17251681513422	private_dummy
3571	5639	1430048205	real
3571	11929	17251681513422	private_dummy
3572	5641	1280892846	real
3572	11930	17251681513422	private_dummy
3573	5643	1184562466	real
3573	11931	17251681513422	private_dummy
3574	5645	1127244833	real
3574	11932	17251681513422	private_dummy
3575	5647	1103469220	real
3575	11933	17251681513422	private_dummy
3576	5649	1060184826	real
3576	11934	17251681513422	private_dummy
3577	5651	691918083	real
3577	11935	17251681513422	private_dummy
3578	5653	613249611	real
3578	11936	17251681513422	private_dummy
3579	2392	1702113907	real
3579	2393	1702113907	real
3579	11937	17251681513422	private_dummy
3580	2390	1280892846	real
3580	2391	1280892846	real
3580	11938	17251681513422	private_dummy
3581	2388	1127244833	real
3581	2389	1127244833	real
3581	11939	17251681513422	private_dummy
3582	2055	1227292212	real
3582	2056	1227292212	real
3582	11940	17251681513422	private_dummy
3583	2385	1759226661	real
3583	11941	17251681513422	private_dummy
3584	2381	1487160959	real
3584	2382	1430048205	real
3584	2384	1430048205	real
3584	11942	17251681513422	private_dummy
3585	2379	1338005600	real
3585	11943	17251681513422	private_dummy
3586	2375	1241675220	real
3586	2376	1184562466	real
3586	2378	1184562466	real
3586	11944	17251681513422	private_dummy
3587	2373	1184357587	real
3587	11945	17251681513422	private_dummy
3588	2369	1160581975	real
3588	2370	1103469220	real
3588	2372	1103469220	real
3588	11946	17251681513422	private_dummy
3589	2365	1168458172	real
3589	2366	1111345418	real
3589	2368	1111345418	real
3589	11947	17251681513422	private_dummy
3590	1584	1404439436	real
3590	1585	1347326682	real
3590	1914	1347326682	real
3590	11948	17251681513422	private_dummy
3591	987	1593607205	real
3591	988	1536494450	real
3591	1347	1536494450	real
3591	11949	17251681513422	private_dummy
3592	264	1869695623	real
3592	265	1869695623	real
3592	667	1869695623	real
3592	11950	17251681513422	private_dummy
3593	2053	1227292212	real
3593	2054	1284404966	real
3593	11951	17251681513422	private_dummy
3594	5656	1430048205	real
3594	11952	17251681513422	private_dummy
3595	5658	1280892846	real
3595	11953	17251681513422	private_dummy
3596	5660	1184562466	real
3596	11954	17251681513422	private_dummy
3597	5662	1127244833	real
3597	11955	17251681513422	private_dummy
3598	5664	1103469220	real
3598	11956	17251681513422	private_dummy
3599	5666	1111345418	real
3599	11957	17251681513422	private_dummy
3600	5668	1105898485	real
3600	11958	17251681513422	private_dummy
3601	5670	970117258	real
3601	11959	17251681513422	private_dummy
3602	1534	1284404966	real
3602	1536	1227292212	real
3602	1604	1227292212	real
3602	11960	17251681513422	private_dummy
3603	4717	1430048205	real
3603	4719	1659968452	real
3603	11961	17251681513422	private_dummy
3604	4858	1280892846	real
3604	11962	17251681513422	private_dummy
3605	4711	1184562466	real
3605	11963	17251681513422	private_dummy
3606	4856	1127244833	real
3606	11964	17251681513422	private_dummy
3607	4705	1103469220	real
3607	11965	17251681513422	private_dummy
3608	4702	1111345418	real
3608	11966	17251681513422	private_dummy
3609	4700	1151478732	real
3609	11967	17251681513422	private_dummy
3610	4854	1124216952	real
3610	11968	17251681513422	private_dummy
3611	937	1284404966	real
3611	939	1227292212	real
3611	1006	1227292212	real
3611	11969	17251681513422	private_dummy
3612	4188	1430048205	real
3612	4190	1659968452	real
3612	11970	17251681513422	private_dummy
3613	4331	1280892846	real
3613	11971	17251681513422	private_dummy
3614	4182	1184562466	real
3614	11972	17251681513422	private_dummy
3615	4329	1127244833	real
3615	11973	17251681513422	private_dummy
3616	4176	1103469220	real
3616	11974	17251681513422	private_dummy
3617	4173	1111345418	real
3617	11975	17251681513422	private_dummy
3618	4171	1151478732	real
3618	11976	17251681513422	private_dummy
3619	4327	1088663177	real
3619	11977	17251681513422	private_dummy
3620	214	1284404966	real
3620	216	1227292212	real
3620	283	1227292212	real
3620	11978	17251681513422	private_dummy
3621	3626	1430048205	real
3621	3628	1659968452	real
3621	11979	17251681513422	private_dummy
3622	3770	1280892846	real
3622	11980	17251681513422	private_dummy
3623	3620	1184562466	real
3623	11981	17251681513422	private_dummy
3624	3768	1127244833	real
3624	11982	17251681513422	private_dummy
3625	3614	1103469220	real
3625	11983	17251681513422	private_dummy
3626	3611	1111345418	real
3626	11984	17251681513422	private_dummy
3627	3609	1151478732	real
3627	11985	17251681513422	private_dummy
3628	3766	1088663177	real
3628	11986	17251681513422	private_dummy
3629	2487	1280892846	real
3629	2488	1280892846	real
3629	11987	17251681513422	private_dummy
3630	2474	1184562466	real
3630	11988	17251681513422	private_dummy
3631	2458	1127244833	real
3631	2459	1127244833	real
3631	11989	17251681513422	private_dummy
3632	2438	1103469220	real
3632	11990	17251681513422	private_dummy
3633	2413	1111345418	real
3633	2414	1111345418	real
3633	11991	17251681513422	private_dummy
3634	1604	1347326682	real
3634	1605	1347326682	real
3634	11992	17251681513422	private_dummy
3635	1006	1536494450	real
3635	1007	1536494450	real
3635	11993	17251681513422	private_dummy
3636	283	1869695623	real
3636	284	1869695623	real
3636	11994	17251681513422	private_dummy
3637	5507	796682206	real
3637	11995	17251681513422	private_dummy
3638	5507	796682206	real
3638	11996	17251681513422	private_dummy
3639	5508	482026282	real
3639	11997	17251681513422	private_dummy
3640	5508	482026282	real
3640	11998	17251681513422	private_dummy
3641	5509	482026282	real
3641	11999	17251681513422	private_dummy
3642	5509	482026282	real
3642	12000	17251681513422	private_dummy
3643	5510	796682206	real
3643	12001	17251681513422	private_dummy
3644	5510	796682206	real
3644	12002	17251681513422	private_dummy
3645	5511	952881950	real
3645	12003	17251681513422	private_dummy
3646	5511	895769196	real
3646	12004	17251681513422	private_dummy
3647	5512	934563483	real
3647	12005	17251681513422	private_dummy
3648	5512	934563483	real
3648	12006	17251681513422	private_dummy
3649	324	1869695623	real
3649	699	1869695623	real
3649	12007	17251681513422	private_dummy
3650	326	1869695623	real
3650	12008	17251681513422	private_dummy
3651	1030	1593607205	real
3651	1372	1536494450	real
3651	12009	17251681513422	private_dummy
3652	1049	1593607205	real
3652	12010	17251681513422	private_dummy
3653	1623	1404439436	real
3653	1934	1347326682	real
3653	12011	17251681513422	private_dummy
3654	1633	1404439436	real
3654	1940	1347326682	real
3654	12012	17251681513422	private_dummy
3655	1925	1127244833	real
3655	12013	17251681513422	private_dummy
3656	2094	1284404966	real
3656	12014	17251681513422	private_dummy
3657	2098	1284404966	real
3657	12015	17251681513422	private_dummy
3658	2108	1284404966	real
3658	12016	17251681513422	private_dummy
3659	2118	1284404966	real
3659	12017	17251681513422	private_dummy
3660	2363	1127244833	real
3660	12018	17251681513422	private_dummy
3661	2537	1168458172	real
3661	2572	1111345418	real
3661	12019	17251681513422	private_dummy
3662	2573	1184357587	real
3662	12020	17251681513422	private_dummy
3663	2575	1241675220	real
3663	12021	17251681513422	private_dummy
3664	2553	1168458172	real
3664	2580	1111345418	real
3664	12022	17251681513422	private_dummy
3665	2581	1487160959	real
3665	12023	17251681513422	private_dummy
3666	2583	1759226661	real
3666	12024	17251681513422	private_dummy
3667	2503	1127244833	real
3667	2585	1127244833	real
3667	12025	17251681513422	private_dummy
3668	2593	1160581975	real
3668	12026	17251681513422	private_dummy
3669	2598	1160581975	real
3669	12027	17251681513422	private_dummy
3670	2625	1338005600	real
3670	2627	1280892846	real
3670	12028	17251681513422	private_dummy
3671	2628	1487160959	real
3671	12029	17251681513422	private_dummy
3672	2630	1759226661	real
3672	12030	17251681513422	private_dummy
3673	2507	1127244833	real
3673	2632	1127244833	real
3673	12031	17251681513422	private_dummy
3674	2641	1184357587	real
3674	12032	17251681513422	private_dummy
3675	2665	1338005600	real
3675	2667	1280892846	real
3675	12033	17251681513422	private_dummy
3676	2668	1487160959	real
3676	12034	17251681513422	private_dummy
3677	2670	1759226661	real
3677	12035	17251681513422	private_dummy
3678	2511	1127244833	real
3678	2672	1127244833	real
3678	12036	17251681513422	private_dummy
3679	2696	1338005600	real
3679	2697	1280892846	real
3679	12037	17251681513422	private_dummy
3680	2699	1487160959	real
3680	12038	17251681513422	private_dummy
3681	2701	1759226661	real
3681	12039	17251681513422	private_dummy
3682	2695	1241675220	real
3682	12040	17251681513422	private_dummy
3683	2722	1487160959	real
3683	12041	17251681513422	private_dummy
3684	2724	1759226661	real
3684	12042	17251681513422	private_dummy
3685	2520	1127244833	real
3685	2726	1127244833	real
3685	12043	17251681513422	private_dummy
3686	2740	1759226661	real
3686	12044	17251681513422	private_dummy
3687	2525	1127244833	real
3687	2742	1127244833	real
3687	12045	17251681513422	private_dummy
3688	2530	1127244833	real
3688	2750	1127244833	real
3688	12046	17251681513422	private_dummy
3689	5775	1427002987	real
3689	12047	17251681513422	private_dummy
3690	5773	633453734	real
3690	12048	17251681513422	private_dummy
3691	5778	757626495	real
3691	12049	17251681513422	private_dummy
3692	5778	751721493	real
3692	12050	17251681513422	private_dummy
3693	5764	93856481	real
3693	5766	93856481	real
3693	12051	17251681513422	private_dummy
3694	5771	400968218	real
3694	5772	400968218	real
3694	12052	17251681513422	private_dummy
3695	5759	328667456	real
3695	5760	328667456	real
3695	12053	17251681513422	private_dummy
3696	5761	265191483	real
3696	5763	265191483	real
3696	12054	17251681513422	private_dummy
3697	5785	539597253	real
3697	12055	17251681513422	private_dummy
3698	5760	328667456	real
3698	12056	17251681513422	private_dummy
3699	5769	560694755	real
3699	12057	17251681513422	private_dummy
3700	5787	539597253	real
3700	12058	17251681513422	private_dummy
3701	5759	502842350	real
3701	12059	17251681513422	private_dummy
3702	5767	389364245	real
3702	12060	17251681513422	private_dummy
3703	5789	713772147	real
3703	12061	17251681513422	private_dummy
3704	5763	562222027	real
3704	5766	562222027	real
3704	12062	17251681513422	private_dummy
3705	5774	631800274	real
3705	12063	17251681513422	private_dummy
3706	5791	773151825	real
3706	12064	17251681513422	private_dummy
3707	5761	347364688	real
3707	5764	347364688	real
3707	12065	17251681513422	private_dummy
3708	5767	440031217	real
3708	5769	611361727	real
3708	12066	17251681513422	private_dummy
3709	5793	636962957	real
3709	12067	17251681513422	private_dummy
3710	5780	712122206	real
3710	12068	17251681513422	private_dummy
3711	5780	633453734	real
3711	12069	17251681513422	private_dummy
3712	5778	633453734	real
3712	5779	633453734	real
3712	5784	343855464	real
3712	12070	17251681513422	private_dummy
3713	5788	713772147	real
3713	12071	17251681513422	private_dummy
3714	5790	436521993	real
3714	12072	17251681513422	private_dummy
3715	5778	726120263	real
3715	5779	804788735	real
3715	5786	436521993	real
3715	12073	17251681513422	private_dummy
3716	5788	885107149	real
3716	12074	17251681513422	private_dummy
3717	5790	607856995	real
3717	12075	17251681513422	private_dummy
3718	5777	572298728	real
3718	12076	17251681513422	private_dummy
3719	5792	507627513	real
3719	12077	17251681513422	private_dummy
3720	5794	692216429	real
3720	12078	17251681513422	private_dummy
3721	5777	789596235	real
3721	12079	17251681513422	private_dummy
3722	5792	678962514	real
3722	12080	17251681513422	private_dummy
3723	5794	909513936	real
3723	12081	17251681513422	private_dummy
3724	5776	789596235	real
3724	12082	17251681513422	private_dummy
3725	5776	963771130	real
3725	12083	17251681513422	private_dummy
3726	5682	459723160	real
3726	5685	459723160	real
3726	12084	17251681513422	private_dummy
3727	5762	543514117	real
3727	12085	17251681513422	private_dummy
3728	5758	1027230012	real
3728	12086	17251681513422	private_dummy
3729	5758	1048785731	real
3729	12087	17251681513422	private_dummy
3730	5672	895769196	real
3730	5673	952881950	real
3730	12088	17251681513422	private_dummy
3731	5674	577990920	real
3731	5675	577990920	real
3731	12089	17251681513422	private_dummy
3732	5676	597771310	real
3732	5677	597771310	real
3732	12090	17251681513422	private_dummy
3733	5678	798782256	real
3733	5679	798782256	real
3733	12091	17251681513422	private_dummy
3734	5680	597771310	real
3734	5681	597771310	real
3734	12092	17251681513422	private_dummy
3735	5802	934563483	real
3735	12093	17251681513422	private_dummy
3736	5802	956119202	real
3736	12094	17251681513422	private_dummy
3737	5673	952881950	real
3737	12095	17251681513422	private_dummy
3738	5701	285548266	real
3738	5704	285548266	real
3738	12096	17251681513422	private_dummy
3739	5705	405465967	real
3739	12097	17251681513422	private_dummy
3740	5765	543514117	real
3740	12098	17251681513422	private_dummy
3741	5804	934563483	real
3741	12099	17251681513422	private_dummy
3742	5804	956119202	real
3742	12100	17251681513422	private_dummy
3743	5672	1211545455	real
3743	12101	17251681513422	private_dummy
3744	5686	381059179	real
3744	5687	381059179	real
3744	12102	17251681513422	private_dummy
3745	5690	332246999	real
3745	5691	332246999	real
3745	12103	17251681513422	private_dummy
3746	5694	489570469	real
3746	12104	17251681513422	private_dummy
3747	5695	426440801	real
3747	5696	426440801	real
3747	12105	17251681513422	private_dummy
3748	5806	1208973745	real
3748	12106	17251681513422	private_dummy
3749	5806	1208973745	real
3749	12107	17251681513422	private_dummy
3750	5675	577990920	real
3750	12108	17251681513422	private_dummy
3751	5687	381059179	real
3751	12109	17251681513422	private_dummy
3752	5731	440438857	real
3752	5734	440438857	real
3752	12110	17251681513422	private_dummy
3753	5768	486071794	real
3753	12111	17251681513422	private_dummy
3754	5808	424173877	real
3754	12112	17251681513422	private_dummy
3755	5808	459727652	real
3755	12113	17251681513422	private_dummy
3756	5674	628199503	real
3756	12114	17251681513422	private_dummy
3757	5686	489570469	real
3757	12115	17251681513422	private_dummy
3758	5712	382913971	real
3758	5715	440026725	real
3758	12116	17251681513422	private_dummy
3759	5718	382913971	real
3759	5721	382913971	real
3759	12117	17251681513422	private_dummy
3760	5723	625354492	real
3760	5724	625354492	real
3760	12118	17251681513422	private_dummy
3761	5810	568238941	real
3761	12119	17251681513422	private_dummy
3762	5810	459727652	real
3762	12120	17251681513422	private_dummy
3763	5677	597771310	real
3763	5685	597771310	real
3763	12121	17251681513422	private_dummy
3764	5691	332246999	real
3764	5704	332246999	real
3764	12122	17251681513422	private_dummy
3765	5715	440026725	real
3765	12123	17251681513422	private_dummy
3766	5747	855895011	real
3766	12124	17251681513422	private_dummy
3767	5751	389359753	real
3767	12125	17251681513422	private_dummy
3768	5812	446930724	real
3768	12126	17251681513422	private_dummy
3769	5812	285552758	real
3769	12127	17251681513422	private_dummy
3770	5676	568241738	real
3770	5682	568241738	real
3770	12128	17251681513422	private_dummy
3771	5690	332246999	real
3771	5701	332246999	real
3771	12129	17251681513422	private_dummy
3772	5712	568241738	real
3772	12130	17251681513422	private_dummy
3773	5740	556136856	real
3773	12131	17251681513422	private_dummy
3774	5744	370656334	real
3774	12132	17251681513422	private_dummy
3775	5814	459733537	real
3775	12133	17251681513422	private_dummy
3776	5814	285552758	real
3776	12134	17251681513422	private_dummy
3777	5679	798782256	real
3777	12135	17251681513422	private_dummy
3778	5721	382913971	real
3778	5734	382913971	real
3778	12136	17251681513422	private_dummy
3779	5770	796689494	real
3779	12137	17251681513422	private_dummy
3780	5816	612888999	real
3780	12138	17251681513422	private_dummy
3781	5816	382918462	real
3781	12139	17251681513422	private_dummy
3782	5678	670359104	real
3782	12140	17251681513422	private_dummy
3783	5694	381059179	real
3783	5705	381059179	real
3783	12141	17251681513422	private_dummy
3784	5718	339803765	real
3784	5731	339803765	real
3784	12142	17251681513422	private_dummy
3785	5740	670359104	real
3785	5747	727471858	real
3785	12143	17251681513422	private_dummy
3786	5755	496019047	real
3786	5756	553131802	real
3786	12144	17251681513422	private_dummy
3787	5818	512253907	real
3787	12145	17251681513422	private_dummy
3788	5818	382918462	real
3788	12146	17251681513422	private_dummy
3789	5681	670359104	real
3789	12147	17251681513422	private_dummy
3790	5696	577692575	real
3790	12148	17251681513422	private_dummy
3791	5724	625354492	real
3791	12149	17251681513422	private_dummy
3792	5756	553131802	real
3792	12150	17251681513422	private_dummy
3793	5820	851521952	real
3793	12151	17251681513422	private_dummy
3794	5820	597775802	real
3794	12152	17251681513422	private_dummy
3795	5680	1052445090	real
3795	12153	17251681513422	private_dummy
3796	5695	726099236	real
3796	12154	17251681513422	private_dummy
3797	5723	625354492	real
3797	12155	17251681513422	private_dummy
3798	5744	727471858	real
3798	5751	727471858	real
3798	12156	17251681513422	private_dummy
3799	5755	1109557844	real
3799	12157	17251681513422	private_dummy
3800	5822	851521952	real
3800	12158	17251681513422	private_dummy
3801	5822	700851062	real
3801	12159	17251681513422	private_dummy
3802	5782	1105898485	real
3802	5801	970117258	real
3802	12160	17251681513422	private_dummy
3803	5805	934563483	real
3803	12161	17251681513422	private_dummy
3804	5807	934563483	real
3804	12162	17251681513422	private_dummy
3805	5782	1208973745	real
3805	5803	1073192518	real
3805	12163	17251681513422	private_dummy
3806	5805	1013231956	real
3806	12164	17251681513422	private_dummy
3807	5807	934563483	real
3807	12165	17251681513422	private_dummy
3808	5809	568238941	real
3808	12166	17251681513422	private_dummy
3809	5811	424173877	real
3809	12167	17251681513422	private_dummy
3810	5809	568238941	real
3810	12168	17251681513422	private_dummy
3811	5811	424173877	real
3811	12169	17251681513422	private_dummy
3812	5813	356658278	real
3812	12170	17251681513422	private_dummy
3813	5815	343855464	real
3813	12171	17251681513422	private_dummy
3814	5813	356658278	real
3814	12172	17251681513422	private_dummy
3815	5815	343855464	real
3815	12173	17251681513422	private_dummy
3816	5817	382918462	real
3816	12174	17251681513422	private_dummy
3817	5819	483553555	real
3817	12175	17251681513422	private_dummy
3818	5817	382918462	real
3818	12176	17251681513422	private_dummy
3819	5819	483553555	real
3819	12177	17251681513422	private_dummy
3820	5821	713473802	real
3820	12178	17251681513422	private_dummy
3821	5823	770586556	real
3821	12179	17251681513422	private_dummy
3822	5821	713473802	real
3822	12180	17251681513422	private_dummy
3823	5823	770586556	real
3823	12181	17251681513422	private_dummy
3824	5783	322299745	real
3824	12182	17251681513422	private_dummy
3825	5783	460928780	real
3825	12183	17251681513422	private_dummy
3826	5780	633453734	real
3826	5781	361899033	real
3826	12184	17251681513422	private_dummy
3827	5780	633453734	real
3827	5781	476121280	real
3827	12185	17251681513422	private_dummy
3828	679	1127244833	real
3828	680	1127244833	real
3828	12186	17251681513422	private_dummy
3829	4088	1268658209	real
3829	4090	1347326682	real
3829	12187	17251681513422	private_dummy
3830	4086	1124216952	real
3830	12188	17251681513422	private_dummy
3831	4084	796682206	real
3831	12189	17251681513422	private_dummy
3832	4082	573948669	real
3832	12190	17251681513422	private_dummy
3833	4080	482026282	real
3833	12191	17251681513422	private_dummy
3834	4078	454030968	real
3834	12192	17251681513422	private_dummy
3835	4076	482026282	real
3835	12193	17251681513422	private_dummy
3836	4074	573948669	real
3836	12194	17251681513422	private_dummy
3837	285	1184357587	real
3837	286	1127244833	real
3837	325	1127244833	real
3837	12195	17251681513422	private_dummy
3838	1359	1127244833	real
3838	1360	1127244833	real
3838	12196	17251681513422	private_dummy
3839	4649	1268658209	real
3839	4651	1347326682	real
3839	12197	17251681513422	private_dummy
3840	4647	1009994705	real
3840	12198	17251681513422	private_dummy
3841	4645	639349752	real
3841	12199	17251681513422	private_dummy
3842	4643	416616215	real
3842	12200	17251681513422	private_dummy
3843	4641	324693828	real
3843	12201	17251681513422	private_dummy
3844	4639	296698515	real
3844	12202	17251681513422	private_dummy
3845	4637	324693828	real
3845	12203	17251681513422	private_dummy
3846	4635	416616215	real
3846	12204	17251681513422	private_dummy
3847	1008	1184357587	real
3847	1009	1127244833	real
3847	1048	1127244833	real
3847	12205	17251681513422	private_dummy
3848	5176	1536494450	real
3848	5178	1593607205	real
3848	12206	17251681513422	private_dummy
3849	5174	1124216952	real
3849	12207	17251681513422	private_dummy
3850	5172	639349752	real
3850	12208	17251681513422	private_dummy
3851	5170	416616215	real
3851	12209	17251681513422	private_dummy
3852	5168	324693828	real
3852	12210	17251681513422	private_dummy
3853	5166	296698515	real
3853	12211	17251681513422	private_dummy
3854	5164	324693828	real
3854	12212	17251681513422	private_dummy
3855	5162	416616215	real
3855	12213	17251681513422	private_dummy
3856	1606	1184357587	real
3856	1607	1127244833	real
3856	1645	1127244833	real
3856	1646	1127244833	real
3856	12214	17251681513422	private_dummy
3857	5669	1536494450	real
3857	5671	1672275677	real
3857	12215	17251681513422	private_dummy
3858	5667	1347326682	real
3858	12216	17251681513422	private_dummy
3859	5665	875350678	real
3859	12217	17251681513422	private_dummy
3860	5663	652617141	real
3860	12218	17251681513422	private_dummy
3861	5661	560694755	real
3861	12219	17251681513422	private_dummy
3862	5659	532699441	real
3862	12220	17251681513422	private_dummy
3863	5657	560694755	real
3863	12221	17251681513422	private_dummy
3864	5655	652617141	real
3864	12222	17251681513422	private_dummy
3865	2088	1184357587	real
3865	2089	1127244833	real
3865	2125	1127244833	real
3865	2126	1127244833	real
3865	12223	17251681513422	private_dummy
3866	291	1869695623	real
3866	292	1869695623	real
3866	683	1869695623	real
3866	12224	17251681513422	private_dummy
3867	1014	1536494450	real
3867	1015	1593607205	real
3867	1363	1536494450	real
3867	12225	17251681513422	private_dummy
3868	1612	1347326682	real
3868	1613	1404439436	real
3868	1928	1347326682	real
3868	12226	17251681513422	private_dummy
3869	2569	1103469220	real
3869	2570	1160581975	real
3869	2571	1103469220	real
3869	12227	17251681513422	private_dummy
3870	2577	1280892846	real
3870	2578	1338005600	real
3870	2579	1280892846	real
3870	12228	17251681513422	private_dummy
3871	5825	1536494450	real
3871	12229	17251681513422	private_dummy
3872	5827	1347326682	real
3872	12230	17251681513422	private_dummy
3873	5698	1227292212	real
3873	12231	17251681513422	private_dummy
3874	5829	713772147	real
3874	12232	17251681513422	private_dummy
3875	5711	507627513	real
3875	12233	17251681513422	private_dummy
3876	5714	436521993	real
3876	12234	17251681513422	private_dummy
3877	5831	436521993	real
3877	12235	17251681513422	private_dummy
3878	5720	507627513	real
3878	12236	17251681513422	private_dummy
3879	289	1869695623	real
3879	290	1869695623	real
3879	12237	17251681513422	private_dummy
3880	1012	1593607205	real
3880	1013	1593607205	real
3880	12238	17251681513422	private_dummy
3881	1610	1404439436	real
3881	1611	1404439436	real
3881	12239	17251681513422	private_dummy
3882	2092	1284404966	real
3882	2093	1284404966	real
3882	2366	1227292212	real
3882	2367	1227292212	real
3882	12240	17251681513422	private_dummy
3883	2534	1160581975	real
3883	2535	1160581975	real
3883	12241	17251681513422	private_dummy
3884	2538	1184357587	real
3884	2539	1184357587	real
3884	2541	1127244833	real
3884	2542	1127244833	real
3884	12242	17251681513422	private_dummy
3885	2544	1241675220	real
3885	2545	1241675220	real
3885	2547	1184562466	real
3885	2548	1184562466	real
3885	12243	17251681513422	private_dummy
3886	2550	1338005600	real
3886	2551	1338005600	real
3886	12244	17251681513422	private_dummy
3887	2554	1487160959	real
3887	2555	1487160959	real
3887	2557	1430048205	real
3887	2558	1430048205	real
3887	12245	17251681513422	private_dummy
3888	2560	1759226661	real
3888	2561	1759226661	real
3888	2563	1702113907	real
3888	2564	1702113907	real
3888	12246	17251681513422	private_dummy
3889	2500	1127244833	real
3889	2502	1184357587	real
3889	2566	1127244833	real
3889	2567	1127244833	real
3889	12247	17251681513422	private_dummy
3890	296	1869695623	real
3890	297	1869695623	real
3890	686	1869695623	real
3890	12248	17251681513422	private_dummy
3891	1019	1536494450	real
3891	1020	1593607205	real
3891	1366	1536494450	real
3891	12249	17251681513422	private_dummy
3892	1617	1347326682	real
3892	1618	1404439436	real
3892	1931	1347326682	real
3892	12250	17251681513422	private_dummy
3893	2619	1127244833	real
3893	2620	1184357587	real
3893	12251	17251681513422	private_dummy
3894	2622	1184562466	real
3894	2623	1241675220	real
3894	12252	17251681513422	private_dummy
3895	5833	1536494450	real
3895	12253	17251681513422	private_dummy
3896	5835	1347326682	real
3896	12254	17251681513422	private_dummy
3897	5700	1227292212	real
3897	12255	17251681513422	private_dummy
3898	5709	857837211	real
3898	12256	17251681513422	private_dummy
3899	5837	507627513	real
3899	12257	17251681513422	private_dummy
3900	5839	322299745	real
3900	12258	17251681513422	private_dummy
3901	5730	279189539	real
3901	12259	17251681513422	private_dummy
3902	5733	322299745	real
3902	12260	17251681513422	private_dummy
3903	294	1869695623	real
3903	295	1869695623	real
3903	12261	17251681513422	private_dummy
3904	1017	1593607205	real
3904	1018	1593607205	real
3904	12262	17251681513422	private_dummy
3905	1615	1404439436	real
3905	1616	1404439436	real
3905	12263	17251681513422	private_dummy
3906	2096	1284404966	real
3906	2097	1284404966	real
3906	2370	1227292212	real
3906	2371	1227292212	real
3906	12264	17251681513422	private_dummy
3907	2534	1168458172	real
3907	2536	1168458172	real
3907	2569	1111345418	real
3907	12265	17251681513422	private_dummy
3908	2589	1184357587	real
3908	2590	1184357587	real
3908	2592	1127244833	real
3908	12266	17251681513422	private_dummy
3909	2594	1241675220	real
3909	2595	1241675220	real
3909	2597	1184562466	real
3909	12267	17251681513422	private_dummy
3910	2599	1338005600	real
3910	2600	1338005600	real
3910	2602	1280892846	real
3910	12268	17251681513422	private_dummy
3911	2604	1487160959	real
3911	2605	1487160959	real
3911	2607	1430048205	real
3911	2608	1430048205	real
3911	12269	17251681513422	private_dummy
3912	2610	1759226661	real
3912	2611	1759226661	real
3912	2613	1702113907	real
3912	2614	1702113907	real
3912	12270	17251681513422	private_dummy
3913	2504	1127244833	real
3913	2506	1184357587	real
3913	2616	1127244833	real
3913	2617	1127244833	real
3913	12271	17251681513422	private_dummy
3914	302	1869695623	real
3914	303	1869695623	real
3914	688	1869695623	real
3914	12272	17251681513422	private_dummy
3915	1025	1536494450	real
3915	1026	1593607205	real
3915	1368	1536494450	real
3915	12273	17251681513422	private_dummy
3916	2103	1227292212	real
3916	2104	1284404966	real
3916	12274	17251681513422	private_dummy
3917	2541	1111345418	real
3917	2543	1168458172	real
3917	2574	1111345418	real
3917	12275	17251681513422	private_dummy
3918	2662	1184562466	real
3918	2663	1241675220	real
3918	12276	17251681513422	private_dummy
3919	5841	1536494450	real
3919	12277	17251681513422	private_dummy
3920	5689	1347326682	real
3920	12278	17251681513422	private_dummy
3921	5843	1227292212	real
3921	12279	17251681513422	private_dummy
3922	5845	857837211	real
3922	12280	17251681513422	private_dummy
3923	5726	635103674	real
3923	12281	17251681513422	private_dummy
3924	5847	460928780	real
3924	12282	17251681513422	private_dummy
3925	5739	303596327	real
3925	12283	17251681513422	private_dummy
3926	5742	303596327	real
3926	12284	17251681513422	private_dummy
3927	299	1869695623	real
3927	300	1869695623	real
3927	12285	17251681513422	private_dummy
3928	1022	1593607205	real
3928	1023	1593607205	real
3928	12286	17251681513422	private_dummy
3929	1620	1404439436	real
3929	1621	1404439436	real
3929	1933	1347326682	real
3929	12287	17251681513422	private_dummy
3930	2100	1284404966	real
3930	2101	1284404966	real
3930	2374	1227292212	real
3930	12288	17251681513422	private_dummy
3931	2538	1168458172	real
3931	2540	1168458172	real
3931	12289	17251681513422	private_dummy
3932	2589	1160581975	real
3932	2591	1160581975	real
3932	2619	1103469220	real
3932	2621	1103469220	real
3932	12290	17251681513422	private_dummy
3933	2637	1241675220	real
3933	2638	1241675220	real
3933	2640	1184562466	real
3933	12291	17251681513422	private_dummy
3934	2642	1338005600	real
3934	2643	1338005600	real
3934	2645	1280892846	real
3934	12292	17251681513422	private_dummy
3935	2647	1487160959	real
3935	2648	1487160959	real
3935	2650	1430048205	real
3935	2651	1430048205	real
3935	12293	17251681513422	private_dummy
3936	2653	1759226661	real
3936	2654	1759226661	real
3936	2656	1702113907	real
3936	2657	1702113907	real
3936	12294	17251681513422	private_dummy
3937	2508	1127244833	real
3937	2510	1184357587	real
3937	2659	1127244833	real
3937	2660	1127244833	real
3937	12295	17251681513422	private_dummy
3938	307	1869695623	real
3938	308	1869695623	real
3938	691	1869695623	real
3938	12296	17251681513422	private_dummy
3939	1627	1347326682	real
3939	1628	1404439436	real
3939	1937	1347326682	real
3939	12297	17251681513422	private_dummy
3940	2547	1111345418	real
3940	2549	1168458172	real
3940	2576	1111345418	real
3940	12298	17251681513422	private_dummy
3941	2515	1127244833	real
3941	2516	1127244833	real
3941	2703	1127244833	real
3941	12299	17251681513422	private_dummy
3942	5684	1536494450	real
3942	12300	17251681513422	private_dummy
3943	5849	1347326682	real
3943	12301	17251681513422	private_dummy
3944	5703	1227292212	real
3944	12302	17251681513422	private_dummy
3945	5851	857837211	real
3945	12303	17251681513422	private_dummy
3946	5728	635103674	real
3946	12304	17251681513422	private_dummy
3947	5737	543181287	real
3947	12305	17251681513422	private_dummy
3948	5746	476121280	real
3948	12306	17251681513422	private_dummy
3949	5749	361899033	real
3949	12307	17251681513422	private_dummy
3950	305	1869695623	real
3950	306	1869695623	real
3950	12308	17251681513422	private_dummy
3951	1028	1593607205	real
3951	1029	1593607205	real
3951	1370	1536494450	real
3951	12309	17251681513422	private_dummy
3952	1625	1404439436	real
3952	1626	1404439436	real
3952	12310	17251681513422	private_dummy
3953	2106	1284404966	real
3953	2107	1284404966	real
3953	2376	1227292212	real
3953	2377	1227292212	real
3953	12311	17251681513422	private_dummy
3954	2544	1168458172	real
3954	2546	1168458172	real
3954	12312	17251681513422	private_dummy
3955	2594	1160581975	real
3955	2596	1160581975	real
3955	2622	1103469220	real
3955	2624	1103469220	real
3955	12313	17251681513422	private_dummy
3956	2637	1184357587	real
3956	2639	1184357587	real
3956	2662	1127244833	real
3956	2664	1127244833	real
3956	12314	17251681513422	private_dummy
3957	2677	1338005600	real
3957	2678	1338005600	real
3957	2680	1280892846	real
3957	12315	17251681513422	private_dummy
3958	2682	1487160959	real
3958	2683	1487160959	real
3958	2685	1430048205	real
3958	2686	1430048205	real
3958	12316	17251681513422	private_dummy
3959	2688	1759226661	real
3959	2689	1759226661	real
3959	2691	1702113907	real
3959	2692	1702113907	real
3959	12317	17251681513422	private_dummy
3960	2512	1127244833	real
3960	2514	1184357587	real
3960	2694	1127244833	real
3960	12318	17251681513422	private_dummy
3961	313	1869695623	real
3961	314	1869695623	real
3961	693	1869695623	real
3961	12319	17251681513422	private_dummy
3962	1035	1536494450	real
3962	1036	1593607205	real
3962	1374	1536494450	real
3962	12320	17251681513422	private_dummy
3963	2113	1227292212	real
3963	2114	1284404966	real
3963	12321	17251681513422	private_dummy
3964	2602	1103469220	real
3964	2603	1160581975	real
3964	12322	17251681513422	private_dummy
3965	2645	1127244833	real
3965	2646	1184357587	real
3965	12323	17251681513422	private_dummy
3966	2680	1184562466	real
3966	2681	1241675220	real
3966	2698	1184562466	real
3966	12324	17251681513422	private_dummy
3967	5853	1536494450	real
3967	12325	17251681513422	private_dummy
3968	5693	1347326682	real
3968	12326	17251681513422	private_dummy
3969	5855	1227292212	real
3969	12327	17251681513422	private_dummy
3970	5717	857837211	real
3970	12328	17251681513422	private_dummy
3971	5857	635103674	real
3971	12329	17251681513422	private_dummy
3972	5859	543181287	real
3972	12330	17251681513422	private_dummy
3973	5861	515185974	real
3973	12331	17251681513422	private_dummy
3974	5753	558294485	real
3974	12332	17251681513422	private_dummy
3975	310	1869695623	real
3975	311	1869695623	real
3975	12333	17251681513422	private_dummy
3976	1032	1593607205	real
3976	1033	1593607205	real
3976	12334	17251681513422	private_dummy
3977	1630	1404439436	real
3977	1631	1404439436	real
3977	1939	1347326682	real
3977	12335	17251681513422	private_dummy
3978	2110	1284404966	real
3978	2111	1284404966	real
3978	2380	1227292212	real
3978	12336	17251681513422	private_dummy
3979	2550	1168458172	real
3979	2552	1168458172	real
3979	2577	1111345418	real
3979	12337	17251681513422	private_dummy
3980	2599	1160581975	real
3980	2601	1160581975	real
3980	2626	1103469220	real
3980	12338	17251681513422	private_dummy
3981	2642	1184357587	real
3981	2644	1184357587	real
3981	2666	1127244833	real
3981	12339	17251681513422	private_dummy
3982	2677	1241675220	real
3982	2679	1241675220	real
3982	12340	17251681513422	private_dummy
3983	2707	1487160959	real
3983	2708	1487160959	real
3983	2710	1430048205	real
3983	2711	1430048205	real
3983	12341	17251681513422	private_dummy
3984	2713	1759226661	real
3984	2714	1759226661	real
3984	2716	1702113907	real
3984	2717	1702113907	real
3984	12342	17251681513422	private_dummy
3985	2517	1127244833	real
3985	2519	1184357587	real
3985	2719	1127244833	real
3985	2720	1127244833	real
3985	12343	17251681513422	private_dummy
3986	318	1869695623	real
3986	319	1869695623	real
3986	696	1869695623	real
3986	12344	17251681513422	private_dummy
3987	1040	1536494450	real
3987	1041	1593607205	real
3987	1377	1536494450	real
3987	12345	17251681513422	private_dummy
3988	1637	1347326682	real
3988	1638	1404439436	real
3988	1943	1347326682	real
3988	12346	17251681513422	private_dummy
3989	2557	1111345418	real
3989	2559	1168458172	real
3989	2582	1111345418	real
3989	12347	17251681513422	private_dummy
3990	2607	1103469220	real
3990	2609	1160581975	real
3990	12348	17251681513422	private_dummy
3991	2650	1127244833	real
3991	2652	1184357587	real
3991	12349	17251681513422	private_dummy
3992	2685	1184562466	real
3992	2687	1241675220	real
3992	2700	1184562466	real
3992	12350	17251681513422	private_dummy
3993	2710	1280892846	real
3993	2712	1338005600	real
3993	12351	17251681513422	private_dummy
3994	5863	1536494450	real
3994	12352	17251681513422	private_dummy
3995	5865	1347326682	real
3995	12353	17251681513422	private_dummy
3996	5707	1227292212	real
3996	12354	17251681513422	private_dummy
3997	5867	857837211	real
3997	12355	17251681513422	private_dummy
3998	5869	635103674	real
3998	12356	17251681513422	private_dummy
3999	5871	543181287	real
3999	12357	17251681513422	private_dummy
4000	5873	515185974	real
4000	12358	17251681513422	private_dummy
4001	5875	543181287	real
4001	12359	17251681513422	private_dummy
4002	316	1869695623	real
4002	317	1869695623	real
4002	12360	17251681513422	private_dummy
4003	1038	1593607205	real
4003	1039	1593607205	real
4003	12361	17251681513422	private_dummy
4004	1635	1404439436	real
4004	1636	1404439436	real
4004	12362	17251681513422	private_dummy
4005	2116	1284404966	real
4005	2117	1284404966	real
4005	2382	1227292212	real
4005	2383	1227292212	real
4005	12363	17251681513422	private_dummy
4006	2554	1168458172	real
4006	2556	1168458172	real
4006	12364	17251681513422	private_dummy
4007	2604	1160581975	real
4007	2606	1160581975	real
4007	2629	1103469220	real
4007	12365	17251681513422	private_dummy
4008	2647	1184357587	real
4008	2649	1184357587	real
4008	2669	1127244833	real
4008	12366	17251681513422	private_dummy
4009	2682	1241675220	real
4009	2684	1241675220	real
4009	12367	17251681513422	private_dummy
4010	2707	1338005600	real
4010	2709	1338005600	real
4010	2723	1280892846	real
4010	12368	17251681513422	private_dummy
4011	2731	1759226661	real
4011	2732	1759226661	real
4011	2734	1702113907	real
4011	2735	1702113907	real
4011	12369	17251681513422	private_dummy
4012	2521	1127244833	real
4012	2523	1205913306	real
4012	2737	1127244833	real
4012	2738	1127244833	real
4012	12370	17251681513422	private_dummy
4013	1046	1536494450	real
4013	1047	1593607205	real
4013	1379	1536494450	real
4013	12371	17251681513422	private_dummy
4014	1643	1347326682	real
4014	1644	1404439436	real
4014	1945	1347326682	real
4014	12372	17251681513422	private_dummy
4015	2123	1227292212	real
4015	2124	1284404966	real
4015	12373	17251681513422	private_dummy
4016	2563	1111345418	real
4016	2565	1168458172	real
4016	2584	1111345418	real
4016	12374	17251681513422	private_dummy
4017	2613	1103469220	real
4017	2615	1160581975	real
4017	12375	17251681513422	private_dummy
4018	2656	1127244833	real
4018	2658	1184357587	real
4018	12376	17251681513422	private_dummy
4019	2691	1184562466	real
4019	2693	1241675220	real
4019	2702	1184562466	real
4019	12377	17251681513422	private_dummy
4020	2716	1280892846	real
4020	2718	1338005600	real
4020	12378	17251681513422	private_dummy
4021	2734	1430048205	real
4021	2736	1487160959	real
4021	12379	17251681513422	private_dummy
4022	5877	1536494450	real
4022	12380	17251681513422	private_dummy
4023	5879	1347326682	real
4023	12381	17251681513422	private_dummy
4024	5881	1227292212	real
4024	12382	17251681513422	private_dummy
4025	5883	857837211	real
4025	12383	17251681513422	private_dummy
4026	5885	635103674	real
4026	12384	17251681513422	private_dummy
4027	5887	543181287	real
4027	12385	17251681513422	private_dummy
4028	5889	515185974	real
4028	12386	17251681513422	private_dummy
4029	5891	543181287	real
4029	12387	17251681513422	private_dummy
4030	321	1869695623	real
4030	322	1869695623	real
4030	698	1869695623	real
4030	12388	17251681513422	private_dummy
4031	1043	1593607205	real
4031	1044	1593607205	real
4031	12389	17251681513422	private_dummy
4032	1640	1404439436	real
4032	1641	1404439436	real
4032	12390	17251681513422	private_dummy
4033	2120	1284404966	real
4033	2121	1284404966	real
4033	2386	1227292212	real
4033	12391	17251681513422	private_dummy
4034	2560	1168458172	real
4034	2562	1168458172	real
4034	12392	17251681513422	private_dummy
4035	2610	1160581975	real
4035	2612	1160581975	real
4035	2631	1103469220	real
4035	12393	17251681513422	private_dummy
4036	2653	1184357587	real
4036	2655	1184357587	real
4036	2671	1127244833	real
4036	12394	17251681513422	private_dummy
4037	2688	1241675220	real
4037	2690	1241675220	real
4037	12395	17251681513422	private_dummy
4038	2713	1338005600	real
4038	2715	1338005600	real
4038	2725	1280892846	real
4038	12396	17251681513422	private_dummy
4039	2731	1487160959	real
4039	2733	1487160959	real
4039	2741	1430048205	real
4039	12397	17251681513422	private_dummy
4040	2526	1127244833	real
4040	2528	1127244833	real
4040	2747	1127244833	real
4040	2748	1127244833	real
4040	12398	17251681513422	private_dummy
4041	1646	1347326682	real
4041	1647	1404439436	real
4041	12399	17251681513422	private_dummy
4042	2126	1227292212	real
4042	2127	1284404966	real
4042	2387	1227292212	real
4042	12400	17251681513422	private_dummy
4043	2566	1111345418	real
4043	2568	1168458172	real
4043	12401	17251681513422	private_dummy
4044	2616	1103469220	real
4044	2618	1160581975	real
4044	2633	1103469220	real
4044	12402	17251681513422	private_dummy
4045	2659	1127244833	real
4045	2661	1184357587	real
4045	2673	1127244833	real
4045	12403	17251681513422	private_dummy
4046	2719	1280892846	real
4046	2721	1338005600	real
4046	2727	1280892846	real
4046	12404	17251681513422	private_dummy
4047	2737	1430048205	real
4047	2739	1487160959	real
4047	2743	1430048205	real
4047	12405	17251681513422	private_dummy
4048	2747	1702113907	real
4048	2749	1759226661	real
4048	2751	1702113907	real
4048	12406	17251681513422	private_dummy
4049	286	1869695623	real
4049	287	1869695623	real
4049	680	1869695623	real
4049	12407	17251681513422	private_dummy
4050	1009	1536494450	real
4050	1010	1536494450	real
4050	1360	1536494450	real
4050	12408	17251681513422	private_dummy
4051	1607	1347326682	real
4051	1608	1347326682	real
4051	12409	17251681513422	private_dummy
4052	2089	1227292212	real
4052	2090	1227292212	real
4052	2364	1227292212	real
4052	12410	17251681513422	private_dummy
4053	2500	1111345418	real
4053	2501	1111345418	real
4053	12411	17251681513422	private_dummy
4054	2504	1103469220	real
4054	2505	1103469220	real
4054	12412	17251681513422	private_dummy
4055	2508	1127244833	real
4055	2509	1127244833	real
4055	12413	17251681513422	private_dummy
4056	2512	1184562466	real
4056	2513	1184562466	real
4056	2515	1184562466	real
4056	12414	17251681513422	private_dummy
4057	2517	1280892846	real
4057	2518	1280892846	real
4057	12415	17251681513422	private_dummy
4058	2521	1430048205	real
4058	2522	1430048205	real
4058	2524	1430048205	real
4058	12416	17251681513422	private_dummy
4059	2526	1702113907	real
4059	2527	1702113907	real
4059	2529	1702113907	real
4059	12417	17251681513422	private_dummy
4060	5795	934563483	real
4060	12418	17251681513422	private_dummy
4061	5795	934563483	real
4061	12419	17251681513422	private_dummy
4062	5796	934563483	real
4062	12420	17251681513422	private_dummy
4063	5796	934563483	real
4063	12421	17251681513422	private_dummy
4064	5797	577990920	real
4064	12422	17251681513422	private_dummy
4065	5797	635103674	real
4065	12423	17251681513422	private_dummy
4066	5798	403816026	real
4066	12424	17251681513422	private_dummy
4067	5798	460928780	real
4067	12425	17251681513422	private_dummy
4068	5799	501181730	real
4068	12426	17251681513422	private_dummy
4069	5799	558294485	real
4069	12427	17251681513422	private_dummy
4070	5800	716039070	real
4070	12428	17251681513422	private_dummy
4071	5800	716039070	real
4071	12429	17251681513422	private_dummy
4072	2846	1430048205	real
4072	12430	17251681513422	private_dummy
4073	2838	1280892846	real
4073	12431	17251681513422	private_dummy
4074	2811	1127244833	real
4074	12432	17251681513422	private_dummy
4075	2792	1103469220	real
4075	12433	17251681513422	private_dummy
4076	2149	1227292212	real
4076	12434	17251681513422	private_dummy
4077	2836	1280892846	real
4077	12435	17251681513422	private_dummy
4078	2809	1127244833	real
4078	12436	17251681513422	private_dummy
4079	2790	1103469220	real
4079	12437	17251681513422	private_dummy
4080	2807	1127244833	real
4080	12438	17251681513422	private_dummy
4081	2788	1103469220	real
4081	12439	17251681513422	private_dummy
4082	2143	1227292212	real
4082	12440	17251681513422	private_dummy
4083	2520	1151478732	real
4083	12441	17251681513422	private_dummy
4084	2813	1184562466	real
4084	12442	17251681513422	private_dummy
4085	2795	1184562466	real
4085	12443	17251681513422	private_dummy
4086	2516	1151478732	real
4086	12444	17251681513422	private_dummy
4087	2794	1127244833	real
4087	12445	17251681513422	private_dummy
4088	2137	1227292212	real
4088	12446	17251681513422	private_dummy
4089	2511	1151478732	real
4089	12447	17251681513422	private_dummy
4090	2507	1151478732	real
4090	12448	17251681513422	private_dummy
4091	2503	1151478732	real
4091	12449	17251681513422	private_dummy
4092	1925	1151478732	real
4092	12450	17251681513422	private_dummy
4093	1359	1151478732	real
4093	12451	17251681513422	private_dummy
4094	679	1151478732	real
4094	12452	17251681513422	private_dummy
4095	5946	757626495	real
4095	12453	17251681513422	private_dummy
4096	5944	527988788	real
4096	12454	17251681513422	private_dummy
4097	5949	891702124	real
4097	12455	17251681513422	private_dummy
4098	5949	884804312	real
4098	12456	17251681513422	private_dummy
4099	5935	208078729	real
4099	5937	208078729	real
4099	12457	17251681513422	private_dummy
4100	5942	499991779	real
4100	5943	499991779	real
4100	12458	17251681513422	private_dummy
4101	5930	92666530	real
4101	5931	263997040	real
4101	12459	17251681513422	private_dummy
4102	5932	459727652	real
4102	5934	459727652	real
4102	12460	17251681513422	private_dummy
4103	5956	263997040	real
4103	12461	17251681513422	private_dummy
4104	5931	263997040	real
4104	12462	17251681513422	private_dummy
4105	5940	657736364	real
4105	12463	17251681513422	private_dummy
4106	5958	303596327	real
4106	12464	17251681513422	private_dummy
4107	5930	619334782	real
4107	12465	17251681513422	private_dummy
4108	5938	229637708	real
4108	12466	17251681513422	private_dummy
4109	5960	1103469220	real
4109	12467	17251681513422	private_dummy
4110	5934	285552758	real
4110	5937	285552758	real
4110	12468	17251681513422	private_dummy
4111	5945	343855464	real
4111	12469	17251681513422	private_dummy
4112	5962	527988788	real
4112	12470	17251681513422	private_dummy
4113	5932	516840406	real
4113	5935	516840406	real
4113	12471	17251681513422	private_dummy
4114	5938	275141997	real
4114	5940	370656334	real
4114	12472	17251681513422	private_dummy
4115	5964	713772147	real
4115	12473	17251681513422	private_dummy
4116	5951	852102836	real
4116	12474	17251681513422	private_dummy
4117	5951	830547118	real
4117	12475	17251681513422	private_dummy
4118	5949	891702124	real
4118	5950	482484499	real
4118	5955	325152045	real
4118	12476	17251681513422	private_dummy
4119	5959	560694755	real
4119	12477	17251681513422	private_dummy
4120	5961	285552758	real
4120	12478	17251681513422	private_dummy
4121	5949	907356308	real
4121	5950	734133422	real
4121	5957	576800968	real
4121	12479	17251681513422	private_dummy
4122	5959	757626495	real
4122	12480	17251681513422	private_dummy
4123	5961	285552758	real
4123	12481	17251681513422	private_dummy
4124	5948	402626074	real
4124	12482	17251681513422	private_dummy
4125	5963	304256177	real
4125	12483	17251681513422	private_dummy
4126	5965	402626074	real
4126	12484	17251681513422	private_dummy
4127	5948	402626074	real
4127	12485	17251681513422	private_dummy
4128	5963	304256177	real
4128	12486	17251681513422	private_dummy
4129	5965	402626074	real
4129	12487	17251681513422	private_dummy
4130	5947	402626074	real
4130	12488	17251681513422	private_dummy
4131	5947	929294326	real
4131	12489	17251681513422	private_dummy
4132	5903	199321332	real
4132	5904	199321332	real
4132	12490	17251681513422	private_dummy
4133	5933	543514117	real
4133	12491	17251681513422	private_dummy
4134	5929	826219067	real
4134	12492	17251681513422	private_dummy
4135	5929	596248529	real
4135	12493	17251681513422	private_dummy
4136	5893	798782256	real
4136	5894	855895011	real
4136	12494	17251681513422	private_dummy
4137	5895	597771310	real
4137	5896	597771310	real
4137	12495	17251681513422	private_dummy
4138	5897	405465967	real
4138	5898	405465967	real
4138	12496	17251681513422	private_dummy
4139	5899	895769196	real
4139	5900	895769196	real
4139	12497	17251681513422	private_dummy
4140	5901	685312258	real
4140	5902	685312258	real
4140	12498	17251681513422	private_dummy
4141	5973	733552537	real
4141	12499	17251681513422	private_dummy
4142	5973	503582000	real
4142	12500	17251681513422	private_dummy
4143	5894	855895011	real
4143	12501	17251681513422	private_dummy
4144	5912	128215813	real
4144	5913	128215813	real
4144	12502	17251681513422	private_dummy
4145	5914	459723160	real
4145	12503	17251681513422	private_dummy
4146	5936	349558832	real
4146	12504	17251681513422	private_dummy
4147	5975	733552537	real
4147	12505	17251681513422	private_dummy
4148	5975	503582000	real
4148	12506	17251681513422	private_dummy
4149	5893	1052445090	real
4149	12507	17251681513422	private_dummy
4150	5905	440438857	real
4150	5906	497551611	real
4150	12508	17251681513422	private_dummy
4151	5907	128215813	real
4151	5908	128215813	real
4151	12509	17251681513422	private_dummy
4152	5909	525124244	real
4152	12510	17251681513422	private_dummy
4153	5910	407325250	real
4153	5911	407325250	real
4153	12511	17251681513422	private_dummy
4154	5977	826219067	real
4154	12512	17251681513422	private_dummy
4155	5977	699323789	real
4155	12513	17251681513422	private_dummy
4156	5896	597771310	real
4156	12514	17251681513422	private_dummy
4157	5906	497551611	real
4157	12515	17251681513422	private_dummy
4158	5921	459723160	real
4158	5922	459723160	real
4158	12516	17251681513422	private_dummy
4159	5939	407325250	real
4159	12517	17251681513422	private_dummy
4160	5979	576220084	real
4160	12518	17251681513422	private_dummy
4161	5979	449324807	real
4161	12519	17251681513422	private_dummy
4162	5895	670359104	real
4162	12520	17251681513422	private_dummy
4163	5905	670359104	real
4163	12521	17251681513422	private_dummy
4164	5915	199321332	real
4164	5916	256434086	real
4164	12522	17251681513422	private_dummy
4165	5917	438906293	real
4165	5918	438906293	real
4165	12523	17251681513422	private_dummy
4166	5919	349558832	real
4166	5920	349558832	real
4166	12524	17251681513422	private_dummy
4167	5981	806140331	real
4167	12525	17251681513422	private_dummy
4168	5981	310695772	real
4168	12526	17251681513422	private_dummy
4169	5898	628199503	real
4169	5904	628199503	real
4169	12527	17251681513422	private_dummy
4170	5908	313543580	real
4170	5913	313543580	real
4170	12528	17251681513422	private_dummy
4171	5916	370656334	real
4171	12529	17251681513422	private_dummy
4172	5925	952881950	real
4172	12530	17251681513422	private_dummy
4173	5926	783211990	real
4173	12531	17251681513422	private_dummy
4174	5983	677762780	real
4174	12532	17251681513422	private_dummy
4175	5983	356658278	real
4175	12533	17251681513422	private_dummy
4176	5897	568241738	real
4176	5903	568241738	real
4176	12534	17251681513422	private_dummy
4177	5907	339803765	real
4177	5912	339803765	real
4177	12535	17251681513422	private_dummy
4178	5915	568241738	real
4178	12536	17251681513422	private_dummy
4179	5923	525124244	real
4179	12537	17251681513422	private_dummy
4180	5924	543514117	real
4180	12538	17251681513422	private_dummy
4181	5985	704022965	real
4181	12539	17251681513422	private_dummy
4182	5985	299545523	real
4182	12540	17251681513422	private_dummy
4183	5900	895769196	real
4183	12541	17251681513422	private_dummy
4184	5918	438906293	real
4184	5922	438906293	real
4184	12542	17251681513422	private_dummy
4185	5941	861880462	real
4185	12543	17251681513422	private_dummy
4186	5987	938155625	real
4186	12544	17251681513422	private_dummy
4187	5987	367061123	real
4187	12545	17251681513422	private_dummy
4188	5899	726099236	real
4188	12546	17251681513422	private_dummy
4189	5909	381059179	real
4189	5914	381059179	real
4189	12547	17251681513422	private_dummy
4190	5917	332246999	real
4190	5921	332246999	real
4190	12548	17251681513422	private_dummy
4191	5923	489570469	real
4191	5925	546683223	real
4191	12549	17251681513422	private_dummy
4192	5927	647430763	real
4192	5928	783211990	real
4192	12550	17251681513422	private_dummy
4193	5989	794090560	real
4193	12551	17251681513422	private_dummy
4194	5989	367061123	real
4194	12552	17251681513422	private_dummy
4195	5902	635103674	real
4195	12553	17251681513422	private_dummy
4196	5911	383454751	real
4196	12554	17251681513422	private_dummy
4197	5920	383454751	real
4197	12555	17251681513422	private_dummy
4198	5928	783211990	real
4198	12556	17251681513422	private_dummy
4199	5991	783886680	real
4199	12557	17251681513422	private_dummy
4200	5991	521547497	real
4200	12558	17251681513422	private_dummy
4201	5901	1109557844	real
4201	12559	17251681513422	private_dummy
4202	5910	727471858	real
4202	12560	17251681513422	private_dummy
4203	5919	625354492	real
4203	12561	17251681513422	private_dummy
4204	5924	546683223	real
4204	5926	546683223	real
4204	12562	17251681513422	private_dummy
4205	5927	1211545455	real
4205	12563	17251681513422	private_dummy
4206	5993	1060838489	real
4206	12564	17251681513422	private_dummy
4207	5993	521547497	real
4207	12565	17251681513422	private_dummy
4208	5953	482026282	real
4208	5972	482026282	real
4208	12566	17251681513422	private_dummy
4209	5976	553131802	real
4209	12567	17251681513422	private_dummy
4210	5978	367804034	real
4210	12568	17251681513422	private_dummy
4211	5953	585101542	real
4211	5974	585101542	real
4211	12569	17251681513422	private_dummy
4212	5976	631800274	real
4212	12570	17251681513422	private_dummy
4213	5978	367804034	real
4213	12571	17251681513422	private_dummy
4214	5980	324693828	real
4214	12572	17251681513422	private_dummy
4215	5982	367804034	real
4215	12573	17251681513422	private_dummy
4216	5980	324693828	real
4216	12574	17251681513422	private_dummy
4217	5982	367804034	real
4217	12575	17251681513422	private_dummy
4218	5984	553131802	real
4218	12576	17251681513422	private_dummy
4219	5986	405465967	real
4219	12577	17251681513422	private_dummy
4220	5984	553131802	real
4220	12578	17251681513422	private_dummy
4221	5986	405465967	real
4221	12579	17251681513422	private_dummy
4222	5988	345505405	real
4222	12580	17251681513422	private_dummy
4223	5990	405465967	real
4223	12581	17251681513422	private_dummy
4224	5988	345505405	real
4224	12582	17251681513422	private_dummy
4225	5990	405465967	real
4225	12583	17251681513422	private_dummy
4226	5992	516835914	real
4226	12584	17251681513422	private_dummy
4227	5994	558294485	real
4227	12585	17251681513422	private_dummy
4228	5992	516835914	real
4228	12586	17251681513422	private_dummy
4229	5994	558294485	real
4229	12587	17251681513422	private_dummy
4230	5954	277989805	real
4230	12588	17251681513422	private_dummy
4231	5954	370656334	real
4231	12589	17251681513422	private_dummy
4232	5951	830547118	real
4232	5952	613249611	real
4232	12590	17251681513422	private_dummy
4233	5951	830547118	real
4233	5952	691918083	real
4233	12591	17251681513422	private_dummy
4234	345	1869695623	real
4234	12592	17251681513422	private_dummy
4235	2529	1151478732	real
4235	2530	1151478732	real
4235	12593	17251681513422	private_dummy
4236	2845	1487160959	real
4236	2847	1430048205	real
4236	12594	17251681513422	private_dummy
4237	2837	1338005600	real
4237	2842	1280892846	real
4237	12595	17251681513422	private_dummy
4238	2825	1241675220	real
4238	2826	1184562466	real
4238	2832	1184562466	real
4238	12596	17251681513422	private_dummy
4239	2810	1184357587	real
4239	2817	1127244833	real
4239	12597	17251681513422	private_dummy
4240	2791	1160581975	real
4240	2799	1103469220	real
4240	12598	17251681513422	private_dummy
4241	2767	1168458172	real
4241	2768	1111345418	real
4241	2777	1111345418	real
4241	12599	17251681513422	private_dummy
4242	2148	1284404966	real
4242	2393	1227292212	real
4242	12600	17251681513422	private_dummy
4243	1666	1404439436	real
4243	1667	1347326682	real
4243	1953	1347326682	real
4243	12601	17251681513422	private_dummy
4244	1067	1593607205	real
4244	1068	1536494450	real
4244	1388	1536494450	real
4244	12602	17251681513422	private_dummy
4245	343	1869695623	real
4245	344	1869695623	real
4245	12603	17251681513422	private_dummy
4246	2527	1151478732	real
4246	2528	1151478732	real
4246	12604	17251681513422	private_dummy
4247	5996	1109557844	real
4247	12605	17251681513422	private_dummy
4248	5998	934563483	real
4248	12606	17251681513422	private_dummy
4249	6000	830547118	real
4249	12607	17251681513422	private_dummy
4250	6002	773151825	real
4250	12608	17251681513422	private_dummy
4251	6004	754689937	real
4251	12609	17251681513422	private_dummy
4252	6006	600626871	real
4252	12610	17251681513422	private_dummy
4253	6008	546683223	real
4253	12611	17251681513422	private_dummy
4254	6010	546683223	real
4254	12612	17251681513422	private_dummy
4255	2847	1702113907	real
4255	2848	1702113907	real
4255	12613	17251681513422	private_dummy
4256	2146	1227292212	real
4256	2147	1227292212	real
4256	12614	17251681513422	private_dummy
4257	2524	1151478732	real
4257	2525	1151478732	real
4257	12615	17251681513422	private_dummy
4258	2845	1759226661	real
4258	12616	17251681513422	private_dummy
4259	2835	1338005600	real
4259	2840	1280892846	real
4259	12617	17251681513422	private_dummy
4260	2823	1241675220	real
4260	2824	1184562466	real
4260	2830	1184562466	real
4260	12618	17251681513422	private_dummy
4261	2808	1184357587	real
4261	2815	1127244833	real
4261	12619	17251681513422	private_dummy
4262	2789	1160581975	real
4262	2797	1103469220	real
4262	12620	17251681513422	private_dummy
4263	2765	1168458172	real
4263	2766	1111345418	real
4263	2775	1111345418	real
4263	12621	17251681513422	private_dummy
4264	2145	1284404966	real
4264	12622	17251681513422	private_dummy
4265	1664	1404439436	real
4265	1665	1347326682	real
4265	1951	1347326682	real
4265	12623	17251681513422	private_dummy
4266	1065	1593607205	real
4266	1066	1536494450	real
4266	1386	1536494450	real
4266	12624	17251681513422	private_dummy
4267	341	1869695623	real
4267	342	1869695623	real
4267	707	1869695623	real
4267	12625	17251681513422	private_dummy
4268	2522	1151478732	real
4268	2523	1230147205	real
4268	12626	17251681513422	private_dummy
4269	6013	1245339071	real
4269	12627	17251681513422	private_dummy
4270	6015	934563483	real
4270	12628	17251681513422	private_dummy
4271	6017	770586556	real
4271	12629	17251681513422	private_dummy
4272	6019	679295344	real
4272	12630	17251681513422	private_dummy
4273	6021	636962957	real
4273	12631	17251681513422	private_dummy
4274	6023	464438004	real
4274	12632	17251681513422	private_dummy
4275	6025	402618159	real
4275	12633	17251681513422	private_dummy
4276	6027	402618159	real
4276	12634	17251681513422	private_dummy
4277	2842	1702113907	real
4277	2843	1702113907	real
4277	12635	17251681513422	private_dummy
4278	2840	1430048205	real
4278	2841	1430048205	real
4278	12636	17251681513422	private_dummy
4279	2764	1111345418	real
4279	12637	17251681513422	private_dummy
4280	1662	1347326682	real
4280	12638	17251681513422	private_dummy
4281	2837	1759226661	real
4281	12639	17251681513422	private_dummy
4282	2835	1487160959	real
4282	12640	17251681513422	private_dummy
4283	2820	1241675220	real
4283	2822	1184562466	real
4283	2829	1184562466	real
4283	12641	17251681513422	private_dummy
4284	2805	1184357587	real
4284	2814	1127244833	real
4284	12642	17251681513422	private_dummy
4285	2786	1160581975	real
4285	2796	1103469220	real
4285	12643	17251681513422	private_dummy
4286	2761	1168458172	real
4286	2763	1111345418	real
4286	12644	17251681513422	private_dummy
4287	2142	1284404966	real
4287	2391	1227292212	real
4287	12645	17251681513422	private_dummy
4288	1660	1404439436	real
4288	1661	1347326682	real
4288	12646	17251681513422	private_dummy
4289	1062	1593607205	real
4289	1063	1536494450	real
4289	1385	1536494450	real
4289	12647	17251681513422	private_dummy
4290	338	1869695623	real
4290	339	1869695623	real
4290	706	1869695623	real
4290	12648	17251681513422	private_dummy
4291	2518	1151478732	real
4291	2519	1208591486	real
4291	2839	1151478732	real
4291	12649	17251681513422	private_dummy
4292	6030	1430048205	real
4292	12650	17251681513422	private_dummy
4293	6032	1130305272	real
4293	12651	17251681513422	private_dummy
4294	6034	830547118	real
4294	12652	17251681513422	private_dummy
4295	6036	679295344	real
4295	12653	17251681513422	private_dummy
4296	6038	603067038	real
4296	12654	17251681513422	private_dummy
4297	6040	406671586	real
4297	12655	17251681513422	private_dummy
4298	6042	335102559	real
4298	12656	17251681513422	private_dummy
4299	6044	335102559	real
4299	12657	17251681513422	private_dummy
4300	2832	1702113907	real
4300	2833	1702113907	real
4300	12658	17251681513422	private_dummy
4301	2830	1430048205	real
4301	2831	1430048205	real
4301	12659	17251681513422	private_dummy
4302	2829	1280892846	real
4302	12660	17251681513422	private_dummy
4303	2803	1127244833	real
4303	2804	1127244833	real
4303	12661	17251681513422	private_dummy
4304	2784	1103469220	real
4304	2785	1103469220	real
4304	12662	17251681513422	private_dummy
4305	2140	1227292212	real
4305	2141	1227292212	real
4305	12663	17251681513422	private_dummy
4306	1061	1536494450	real
4306	12664	17251681513422	private_dummy
4307	2825	1759226661	real
4307	12665	17251681513422	private_dummy
4308	2823	1487160959	real
4308	12666	17251681513422	private_dummy
4309	2820	1338005600	real
4309	2821	1280892846	real
4309	12667	17251681513422	private_dummy
4310	2802	1184357587	real
4310	12668	17251681513422	private_dummy
4311	2783	1160581975	real
4311	12669	17251681513422	private_dummy
4312	2759	1168458172	real
4312	2760	1111345418	real
4312	2773	1111345418	real
4312	12670	17251681513422	private_dummy
4313	2139	1284404966	real
4313	12671	17251681513422	private_dummy
4314	1658	1404439436	real
4314	1659	1347326682	real
4314	1949	1347326682	real
4314	12672	17251681513422	private_dummy
4315	1059	1593607205	real
4315	1060	1536494450	real
4315	12673	17251681513422	private_dummy
4316	336	1869695623	real
4316	337	1869695623	real
4316	704	1869695623	real
4316	12674	17251681513422	private_dummy
4317	2513	1151478732	real
4317	2514	1208591486	real
4317	2827	1151478732	real
4317	12675	17251681513422	private_dummy
4318	6047	1430048205	real
4318	12676	17251681513422	private_dummy
4319	6049	1280892846	real
4319	12677	17251681513422	private_dummy
4320	6051	1060184826	real
4320	12678	17251681513422	private_dummy
4321	6053	773151825	real
4321	12679	17251681513422	private_dummy
4322	6055	636962957	real
4322	12680	17251681513422	private_dummy
4323	6057	406671586	real
4323	12681	17251681513422	private_dummy
4324	6059	322299745	real
4324	12682	17251681513422	private_dummy
4325	6061	322299745	real
4325	12683	17251681513422	private_dummy
4326	2817	1702113907	real
4326	2818	1702113907	real
4326	12684	17251681513422	private_dummy
4327	2815	1430048205	real
4327	2816	1430048205	real
4327	12685	17251681513422	private_dummy
4328	2814	1280892846	real
4328	12686	17251681513422	private_dummy
4329	2781	1103469220	real
4329	2782	1103469220	real
4329	12687	17251681513422	private_dummy
4330	1656	1347326682	real
4330	12688	17251681513422	private_dummy
4331	2810	1759226661	real
4331	12689	17251681513422	private_dummy
4332	2808	1487160959	real
4332	12690	17251681513422	private_dummy
4333	2805	1338005600	real
4333	2806	1280892846	real
4333	12691	17251681513422	private_dummy
4334	2802	1241675220	real
4334	2803	1184562466	real
4334	12692	17251681513422	private_dummy
4335	2780	1160581975	real
4335	12693	17251681513422	private_dummy
4336	2757	1168458172	real
4336	2758	1111345418	real
4336	2771	1111345418	real
4336	12694	17251681513422	private_dummy
4337	2136	1284404966	real
4337	2389	1227292212	real
4337	12695	17251681513422	private_dummy
4338	1654	1404439436	real
4338	1655	1347326682	real
4338	12696	17251681513422	private_dummy
4339	1056	1593607205	real
4339	1057	1536494450	real
4339	1383	1536494450	real
4339	12697	17251681513422	private_dummy
4340	333	1869695623	real
4340	334	1869695623	real
4340	703	1869695623	real
4340	12698	17251681513422	private_dummy
4341	2509	1151478732	real
4341	2510	1208591486	real
4341	2812	1151478732	real
4341	12699	17251681513422	private_dummy
4342	6064	1430048205	real
4342	12700	17251681513422	private_dummy
4343	6066	1280892846	real
4343	12701	17251681513422	private_dummy
4344	6068	1184562466	real
4344	12702	17251681513422	private_dummy
4345	6070	1026660031	real
4345	12703	17251681513422	private_dummy
4346	6072	754689937	real
4346	12704	17251681513422	private_dummy
4347	6074	464438004	real
4347	12705	17251681513422	private_dummy
4348	6076	361362744	real
4348	12706	17251681513422	private_dummy
4349	6078	361362744	real
4349	12707	17251681513422	private_dummy
4350	2799	1702113907	real
4350	2800	1702113907	real
4350	12708	17251681513422	private_dummy
4351	2797	1430048205	real
4351	2798	1430048205	real
4351	12709	17251681513422	private_dummy
4352	2796	1280892846	real
4352	12710	17251681513422	private_dummy
4353	2756	1111345418	real
4353	12711	17251681513422	private_dummy
4354	2134	1227292212	real
4354	2135	1227292212	real
4354	12712	17251681513422	private_dummy
4355	2791	1759226661	real
4355	12713	17251681513422	private_dummy
4356	2789	1487160959	real
4356	12714	17251681513422	private_dummy
4357	2786	1338005600	real
4357	2787	1280892846	real
4357	12715	17251681513422	private_dummy
4358	2783	1241675220	real
4358	2784	1184562466	real
4358	12716	17251681513422	private_dummy
4359	2780	1184357587	real
4359	2781	1127244833	real
4359	12717	17251681513422	private_dummy
4360	2753	1168458172	real
4360	2755	1111345418	real
4360	12718	17251681513422	private_dummy
4361	2133	1284404966	real
4361	12719	17251681513422	private_dummy
4362	1652	1404439436	real
4362	1653	1347326682	real
4362	1947	1347326682	real
4362	12720	17251681513422	private_dummy
4363	1054	1593607205	real
4363	1055	1536494450	real
4363	1381	1536494450	real
4363	12721	17251681513422	private_dummy
4364	331	1869695623	real
4364	332	1869695623	real
4364	701	1869695623	real
4364	12722	17251681513422	private_dummy
4365	2505	1151478732	real
4365	2506	1208591486	real
4365	2793	1151478732	real
4365	12723	17251681513422	private_dummy
4366	6081	1430048205	real
4366	12724	17251681513422	private_dummy
4367	6083	1280892846	real
4367	12725	17251681513422	private_dummy
4368	6085	1184562466	real
4368	12726	17251681513422	private_dummy
4369	6087	1127244833	real
4369	12727	17251681513422	private_dummy
4370	6089	1026660031	real
4370	12728	17251681513422	private_dummy
4371	6091	600626871	real
4371	12729	17251681513422	private_dummy
4372	6093	461997836	real
4372	12730	17251681513422	private_dummy
4373	6095	461997836	real
4373	12731	17251681513422	private_dummy
4374	2777	1702113907	real
4374	2778	1702113907	real
4374	12732	17251681513422	private_dummy
4375	2775	1430048205	real
4375	2776	1430048205	real
4375	12733	17251681513422	private_dummy
4376	2773	1184562466	real
4376	2774	1184562466	real
4376	12734	17251681513422	private_dummy
4377	2771	1127244833	real
4377	2772	1127244833	real
4377	12735	17251681513422	private_dummy
4378	2130	1227292212	real
4378	2131	1227292212	real
4378	12736	17251681513422	private_dummy
4379	2767	1759226661	real
4379	12737	17251681513422	private_dummy
4380	2765	1487160959	real
4380	12738	17251681513422	private_dummy
4381	2761	1338005600	real
4381	2762	1280892846	real
4381	2764	1280892846	real
4381	12739	17251681513422	private_dummy
4382	2759	1241675220	real
4382	12740	17251681513422	private_dummy
4383	2757	1184357587	real
4383	12741	17251681513422	private_dummy
4384	2753	1160581975	real
4384	2754	1103469220	real
4384	2756	1103469220	real
4384	12742	17251681513422	private_dummy
4385	2129	1284404966	real
4385	12743	17251681513422	private_dummy
4386	1649	1404439436	real
4386	1650	1347326682	real
4386	1946	1347326682	real
4386	12744	17251681513422	private_dummy
4387	1051	1593607205	real
4387	1052	1536494450	real
4387	1380	1536494450	real
4387	12745	17251681513422	private_dummy
4388	328	1869695623	real
4388	329	1869695623	real
4388	700	1869695623	real
4388	12746	17251681513422	private_dummy
4389	2501	1151478732	real
4389	2502	1208591486	real
4389	2769	1151478732	real
4389	12747	17251681513422	private_dummy
4390	6098	1430048205	real
4390	12748	17251681513422	private_dummy
4391	6100	1280892846	real
4391	12749	17251681513422	private_dummy
4392	6102	1184562466	real
4392	12750	17251681513422	private_dummy
4393	6104	1127244833	real
4393	12751	17251681513422	private_dummy
4394	6106	1103469220	real
4394	12752	17251681513422	private_dummy
4395	6108	1001882120	real
4395	12753	17251681513422	private_dummy
4396	6110	806140331	real
4396	12754	17251681513422	private_dummy
4397	6112	806140331	real
4397	12755	17251681513422	private_dummy
4398	2363	1151478732	real
4398	2364	1151478732	real
4398	12756	17251681513422	private_dummy
4399	2088	1208591486	real
4399	2090	1151478732	real
4399	12757	17251681513422	private_dummy
4400	5236	1644905545	real
4400	5363	1430048205	real
4400	12758	17251681513422	private_dummy
4401	5231	1280892846	real
4401	12759	17251681513422	private_dummy
4402	5361	1184562466	real
4402	12760	17251681513422	private_dummy
4403	5225	1127244833	real
4403	12761	17251681513422	private_dummy
4404	5359	1103469220	real
4404	12762	17251681513422	private_dummy
4405	5357	1111345418	real
4405	12763	17251681513422	private_dummy
4406	5355	954546992	real
4406	12764	17251681513422	private_dummy
4407	5353	818765765	real
4407	12765	17251681513422	private_dummy
4408	1606	1208591486	real
4408	1608	1151478732	real
4408	1668	1151478732	real
4408	12766	17251681513422	private_dummy
4409	4737	1644905545	real
4409	4870	1430048205	real
4409	12767	17251681513422	private_dummy
4410	4732	1280892846	real
4410	12768	17251681513422	private_dummy
4411	4868	1184562466	real
4411	12769	17251681513422	private_dummy
4412	4726	1127244833	real
4412	12770	17251681513422	private_dummy
4413	4866	1103469220	real
4413	12771	17251681513422	private_dummy
4414	4864	1111345418	real
4414	12772	17251681513422	private_dummy
4415	4862	978953779	real
4415	12773	17251681513422	private_dummy
4416	4860	761656271	real
4416	12774	17251681513422	private_dummy
4417	1008	1208591486	real
4417	1010	1151478732	real
4417	1069	1151478732	real
4417	12775	17251681513422	private_dummy
4418	4208	1644905545	real
4418	4343	1430048205	real
4418	12776	17251681513422	private_dummy
4419	4203	1280892846	real
4419	12777	17251681513422	private_dummy
4420	4341	1184562466	real
4420	12778	17251681513422	private_dummy
4421	4197	1127244833	real
4421	12779	17251681513422	private_dummy
4422	4339	1103469220	real
4422	12780	17251681513422	private_dummy
4423	4337	1111345418	real
4423	12781	17251681513422	private_dummy
4424	4335	978953779	real
4424	12782	17251681513422	private_dummy
4425	4333	840324744	real
4425	12783	17251681513422	private_dummy
4426	285	1208591486	real
4426	287	1151478732	real
4426	346	1151478732	real
4426	12784	17251681513422	private_dummy
4427	3646	1644905545	real
4427	3782	1430048205	real
4427	12785	17251681513422	private_dummy
4428	3641	1280892846	real
4428	12786	17251681513422	private_dummy
4429	3780	1184562466	real
4429	12787	17251681513422	private_dummy
4430	3635	1127244833	real
4430	12788	17251681513422	private_dummy
4431	3778	1103469220	real
4431	12789	17251681513422	private_dummy
4432	3776	1111345418	real
4432	12790	17251681513422	private_dummy
4433	3774	978953779	real
4433	12791	17251681513422	private_dummy
4434	3772	840324744	real
4434	12792	17251681513422	private_dummy
4435	2839	1280892846	real
4435	12793	17251681513422	private_dummy
4436	2827	1184562466	real
4436	2828	1184562466	real
4436	12794	17251681513422	private_dummy
4437	2812	1127244833	real
4437	12795	17251681513422	private_dummy
4438	2793	1103469220	real
4438	12796	17251681513422	private_dummy
4439	2769	1111345418	real
4439	2770	1111345418	real
4439	12797	17251681513422	private_dummy
4440	1668	1347326682	real
4440	1669	1347326682	real
4440	12798	17251681513422	private_dummy
4441	1069	1536494450	real
4441	1070	1536494450	real
4441	12799	17251681513422	private_dummy
4442	346	1869695623	real
4442	347	1869695623	real
4442	12800	17251681513422	private_dummy
4443	5966	759276436	real
4443	12801	17251681513422	private_dummy
4444	5966	759276436	real
4444	12802	17251681513422	private_dummy
4445	5967	482026282	real
4445	12803	17251681513422	private_dummy
4446	5967	482026282	real
4446	12804	17251681513422	private_dummy
4447	5968	553131802	real
4447	12805	17251681513422	private_dummy
4448	5968	553131802	real
4448	12806	17251681513422	private_dummy
4449	5969	628199503	real
4449	12807	17251681513422	private_dummy
4450	5969	628199503	real
4450	12808	17251681513422	private_dummy
4451	5970	783211990	real
4451	12809	17251681513422	private_dummy
4452	5970	726099236	real
4452	12810	17251681513422	private_dummy
4453	5971	830547118	real
4453	12811	17251681513422	private_dummy
4454	5971	830547118	real
4454	12812	17251681513422	private_dummy
4455	383	1869695623	real
4455	725	1869695623	real
4455	12813	17251681513422	private_dummy
4456	385	1869695623	real
4456	12814	17251681513422	private_dummy
4457	1089	1593607205	real
4457	1398	1536494450	real
4457	12815	17251681513422	private_dummy
4458	1108	1593607205	real
4458	12816	17251681513422	private_dummy
4459	1682	1404439436	real
4459	1960	1347326682	real
4459	12817	17251681513422	private_dummy
4460	1692	1404439436	real
4460	1966	1347326682	real
4460	12818	17251681513422	private_dummy
4461	1954	1103469220	real
4461	1971	1103469220	real
4461	12819	17251681513422	private_dummy
4462	2156	1284404966	real
4462	12820	17251681513422	private_dummy
4463	2167	1284404966	real
4463	12821	17251681513422	private_dummy
4464	2177	1284404966	real
4464	12822	17251681513422	private_dummy
4465	2394	1103469220	real
4465	2413	1103469220	real
4465	12823	17251681513422	private_dummy
4466	2537	1208591486	real
4466	12824	17251681513422	private_dummy
4467	2553	1208591486	real
4467	12825	17251681513422	private_dummy
4468	2752	1103469220	real
4468	2769	1103469220	real
4468	12826	17251681513422	private_dummy
4469	2883	1160581975	real
4469	2912	1103469220	real
4469	12827	17251681513422	private_dummy
4470	2887	1160581975	real
4470	2916	1103469220	real
4470	12828	17251681513422	private_dummy
4471	2917	1338005600	real
4471	12829	17251681513422	private_dummy
4472	2919	1487160959	real
4472	12830	17251681513422	private_dummy
4473	2921	1759226661	real
4473	12831	17251681513422	private_dummy
4474	2853	1103469220	real
4474	2923	1103469220	real
4474	12832	17251681513422	private_dummy
4475	2930	1184357587	real
4475	2955	1127244833	real
4475	12833	17251681513422	private_dummy
4476	2956	1338005600	real
4476	12834	17251681513422	private_dummy
4477	2958	1487160959	real
4477	12835	17251681513422	private_dummy
4478	2960	1759226661	real
4478	12836	17251681513422	private_dummy
4479	2857	1103469220	real
4479	2962	1103469220	real
4479	12837	17251681513422	private_dummy
4480	2986	1338005600	real
4480	12838	17251681513422	private_dummy
4481	2988	1487160959	real
4481	12839	17251681513422	private_dummy
4482	2990	1759226661	real
4482	12840	17251681513422	private_dummy
4483	2985	1241675220	real
4483	2993	1184562466	real
4483	12841	17251681513422	private_dummy
4484	3012	1487160959	real
4484	12842	17251681513422	private_dummy
4485	3014	1759226661	real
4485	12843	17251681513422	private_dummy
4486	2866	1103469220	real
4486	3016	1103469220	real
4486	12844	17251681513422	private_dummy
4487	3030	1759226661	real
4487	12845	17251681513422	private_dummy
4488	2871	1103469220	real
4488	3032	1103469220	real
4488	12846	17251681513422	private_dummy
4489	2876	1103469220	real
4489	3040	1103469220	real
4489	12847	17251681513422	private_dummy
4490	6208	1003072071	real
4490	12848	17251681513422	private_dummy
4491	6206	460928780	real
4491	12849	17251681513422	private_dummy
4492	6211	657324232	real
4492	12850	17251681513422	private_dummy
4493	6211	714436986	real
4493	12851	17251681513422	private_dummy
4494	6197	0	real
4494	6199	0	real
4494	12852	17251681513422	private_dummy
4495	6204	367072299	real
4495	6205	367072299	real
4495	12853	17251681513422	private_dummy
4496	6192	111369948	real
4496	6193	249998983	real
4496	12854	17251681513422	private_dummy
4497	6194	249998983	real
4497	6196	249998983	real
4497	12855	17251681513422	private_dummy
4498	6218	228443265	real
4498	12856	17251681513422	private_dummy
4499	6193	445740772	real
4499	12857	17251681513422	private_dummy
4500	6202	652617141	real
4500	12858	17251681513422	private_dummy
4501	6220	539597253	real
4501	12859	17251681513422	private_dummy
4502	6192	424173877	real
4502	12860	17251681513422	private_dummy
4503	6200	186523010	real
4503	12861	17251681513422	private_dummy
4504	6222	831499126	real
4504	12862	17251681513422	private_dummy
4505	6196	347364688	real
4505	6199	347364688	real
4505	12863	17251681513422	private_dummy
4506	6207	383454751	real
4506	12864	17251681513422	private_dummy
4507	6224	558294485	real
4507	12865	17251681513422	private_dummy
4508	6194	347364688	real
4508	6197	347364688	real
4508	12866	17251681513422	private_dummy
4509	6200	164967292	real
4509	6202	322299745	real
4509	12867	17251681513422	private_dummy
4510	6226	636962957	real
4510	12868	17251681513422	private_dummy
4511	6213	735992705	real
4511	12869	17251681513422	private_dummy
4512	6213	657324232	real
4512	12870	17251681513422	private_dummy
4513	6211	735992705	real
4513	6212	539597253	real
4513	6217	249998983	real
4513	12871	17251681513422	private_dummy
4514	6221	713772147	real
4514	12872	17251681513422	private_dummy
4515	6223	343855464	real
4515	12873	17251681513422	private_dummy
4516	6211	768694180	real
4516	6212	789596235	real
4516	6219	421329493	real
4516	12874	17251681513422	private_dummy
4517	6221	963771130	real
4517	12875	17251681513422	private_dummy
4518	6223	422523937	real
4518	12876	17251681513422	private_dummy
4519	6210	460928780	real
4519	12877	17251681513422	private_dummy
4520	6225	383454751	real
4520	12878	17251681513422	private_dummy
4521	6227	558294485	real
4521	12879	17251681513422	private_dummy
4522	6210	539597253	real
4522	12880	17251681513422	private_dummy
4523	6225	462123224	real
4523	12881	17251681513422	private_dummy
4524	6227	636962957	real
4524	12882	17251681513422	private_dummy
4525	6209	735339042	real
4525	12883	17251681513422	private_dummy
4526	6209	852401182	real
4526	12884	17251681513422	private_dummy
4527	6124	459723160	real
4527	6127	459723160	real
4527	12885	17251681513422	private_dummy
4528	6195	501181730	real
4528	12886	17251681513422	private_dummy
4529	6191	727471858	real
4529	12887	17251681513422	private_dummy
4530	6191	806140331	real
4530	12888	17251681513422	private_dummy
4531	6114	895769196	real
4531	6115	952881950	real
4531	12889	17251681513422	private_dummy
4532	6116	405465967	real
4532	6117	405465967	real
4532	12890	17251681513422	private_dummy
4533	6118	597771310	real
4533	6119	597771310	real
4533	12891	17251681513422	private_dummy
4534	6120	798782256	real
4534	6121	798782256	real
4534	12892	17251681513422	private_dummy
4535	6122	568241738	real
4535	6123	568241738	real
4535	12893	17251681513422	private_dummy
4536	6235	634805329	real
4536	12894	17251681513422	private_dummy
4537	6235	713473802	real
4537	12895	17251681513422	private_dummy
4538	6115	952881950	real
4538	12896	17251681513422	private_dummy
4539	6141	285548266	real
4539	6144	285548266	real
4539	12897	17251681513422	private_dummy
4540	6145	405465967	real
4540	12898	17251681513422	private_dummy
4541	6198	407325250	real
4541	12899	17251681513422	private_dummy
4542	6237	634805329	real
4542	12900	17251681513422	private_dummy
4543	6237	713473802	real
4543	12901	17251681513422	private_dummy
4544	6114	1211545455	real
4544	12902	17251681513422	private_dummy
4545	6128	266836932	real
4545	6129	323949686	real
4545	12903	17251681513422	private_dummy
4546	6132	332246999	real
4546	6133	332246999	real
4546	12904	17251681513422	private_dummy
4547	6136	489570469	real
4547	12905	17251681513422	private_dummy
4548	6137	350212495	real
4548	6138	350212495	real
4548	12906	17251681513422	private_dummy
4549	6239	830547118	real
4549	12907	17251681513422	private_dummy
4550	6239	1001882120	real
4550	12908	17251681513422	private_dummy
4551	6117	577990920	real
4551	12909	17251681513422	private_dummy
4552	6129	438171934	real
4552	12910	17251681513422	private_dummy
4553	6164	440438857	real
4553	6167	440438857	real
4553	12911	17251681513422	private_dummy
4554	6201	692216429	real
4554	12912	17251681513422	private_dummy
4555	6241	424173877	real
4555	12913	17251681513422	private_dummy
4556	6241	562802912	real
4556	12914	17251681513422	private_dummy
4557	6116	726099236	real
4557	12915	17251681513422	private_dummy
4558	6128	726099236	real
4558	12916	17251681513422	private_dummy
4559	6150	300740766	real
4559	6151	357853520	real
4559	12917	17251681513422	private_dummy
4560	6154	371846286	real
4560	6155	371846286	real
4560	12918	17251681513422	private_dummy
4561	6156	501181730	real
4561	6157	444068976	real
4561	12919	17251681513422	private_dummy
4562	6243	861880462	real
4562	12920	17251681513422	private_dummy
4563	6243	367061123	real
4563	12921	17251681513422	private_dummy
4564	6119	597771310	real
4564	6127	597771310	real
4564	12922	17251681513422	private_dummy
4565	6133	332246999	real
4565	6144	332246999	real
4565	12923	17251681513422	private_dummy
4566	6151	243631273	real
4566	12924	17251681513422	private_dummy
4567	6180	855895011	real
4567	12925	17251681513422	private_dummy
4568	6184	438171934	real
4568	12926	17251681513422	private_dummy
4569	6245	539597253	real
4569	12927	17251681513422	private_dummy
4570	6245	192886229	real
4570	12928	17251681513422	private_dummy
4571	6118	568241738	real
4571	6124	568241738	real
4571	12929	17251681513422	private_dummy
4572	6132	332246999	real
4572	6141	332246999	real
4572	12930	17251681513422	private_dummy
4573	6150	371846286	real
4573	12931	17251681513422	private_dummy
4574	6173	556136856	real
4574	12932	17251681513422	private_dummy
4575	6177	462578721	real
4575	12933	17251681513422	private_dummy
4576	6247	552400067	real
4576	12934	17251681513422	private_dummy
4577	6247	192886229	real
4577	12935	17251681513422	private_dummy
4578	6121	798782256	real
4578	12936	17251681513422	private_dummy
4579	6155	186518519	real
4579	6167	186518519	real
4579	12937	17251681513422	private_dummy
4580	6203	806438676	real
4580	12938	17251681513422	private_dummy
4581	6249	679295344	real
4581	12939	17251681513422	private_dummy
4582	6249	232485516	real
4582	12940	17251681513422	private_dummy
4583	6120	670359104	real
4583	12941	17251681513422	private_dummy
4584	6136	381059179	real
4584	6145	381059179	real
4584	12942	17251681513422	private_dummy
4585	6154	143408313	real
4585	6164	143408313	real
4585	12943	17251681513422	private_dummy
4586	6173	670359104	real
4586	6180	727471858	real
4586	12944	17251681513422	private_dummy
4587	6188	516835914	real
4587	6189	573948669	real
4587	12945	17251681513422	private_dummy
4588	6251	578660251	real
4588	12946	17251681513422	private_dummy
4589	6251	232485516	real
4589	12947	17251681513422	private_dummy
4590	6123	597771310	real
4590	12948	17251681513422	private_dummy
4591	6138	426440801	real
4591	12949	17251681513422	private_dummy
4592	6157	444068976	real
4592	12950	17251681513422	private_dummy
4593	6189	573948669	real
4593	12951	17251681513422	private_dummy
4594	6253	679295344	real
4594	12952	17251681513422	private_dummy
4595	6253	428880968	real
4595	12953	17251681513422	private_dummy
4596	6122	1052445090	real
4596	12954	17251681513422	private_dummy
4597	6137	726099236	real
4597	12955	17251681513422	private_dummy
4598	6156	428959040	real
4598	12956	17251681513422	private_dummy
4599	6177	727471858	real
4599	6184	727471858	real
4599	12957	17251681513422	private_dummy
4600	6188	1109557844	real
4600	12958	17251681513422	private_dummy
4601	6255	909215591	real
4601	12959	17251681513422	private_dummy
4602	6255	485993722	real
4602	12960	17251681513422	private_dummy
4603	6215	806140331	real
4603	6234	727471858	real
4603	12961	17251681513422	private_dummy
4604	6238	770586556	real
4604	12962	17251681513422	private_dummy
4605	6240	691918083	real
4605	12963	17251681513422	private_dummy
4606	6215	909215591	real
4606	6236	830547118	real
4606	12964	17251681513422	private_dummy
4607	6238	849255029	real
4607	12965	17251681513422	private_dummy
4608	6240	691918083	real
4608	12966	17251681513422	private_dummy
4609	6242	770586556	real
4609	12967	17251681513422	private_dummy
4610	6244	484134439	real
4610	12968	17251681513422	private_dummy
4611	6242	770586556	real
4611	12969	17251681513422	private_dummy
4612	6244	484134439	real
4612	12970	17251681513422	private_dummy
4613	6246	356658278	real
4613	12971	17251681513422	private_dummy
4614	6248	309959545	real
4614	12972	17251681513422	private_dummy
4615	6246	356658278	real
4615	12973	17251681513422	private_dummy
4616	6248	309959545	real
4616	12974	17251681513422	private_dummy
4617	6250	325152045	real
4617	12975	17251681513422	private_dummy
4618	6252	407325250	real
4618	12976	17251681513422	private_dummy
4619	6250	325152045	real
4619	12977	17251681513422	private_dummy
4620	6252	407325250	real
4620	12978	17251681513422	private_dummy
4621	6254	622182589	real
4621	12979	17251681513422	private_dummy
4622	6256	679295344	real
4622	12980	17251681513422	private_dummy
4623	6254	622182589	real
4623	12981	17251681513422	private_dummy
4624	6256	679295344	real
4624	12982	17251681513422	private_dummy
4625	6216	265186991	real
4625	12983	17251681513422	private_dummy
4626	6216	403816026	real
4626	12984	17251681513422	private_dummy
4627	6213	657324232	real
4627	6214	385769531	real
4627	12985	17251681513422	private_dummy
4628	6213	657324232	real
4628	6214	499991779	real
4628	12986	17251681513422	private_dummy
4629	709	1103469220	real
4629	710	1103469220	real
4629	726	1103469220	real
4629	12987	17251681513422	private_dummy
4630	4071	1268658209	real
4630	4073	1407287244	real
4630	12988	17251681513422	private_dummy
4631	4069	1124216952	real
4631	12989	17251681513422	private_dummy
4632	4067	1033210972	real
4632	12990	17251681513422	private_dummy
4633	4065	759276436	real
4633	12991	17251681513422	private_dummy
4634	4063	553131802	real
4634	12992	17251681513422	private_dummy
4635	4061	482026282	real
4635	12993	17251681513422	private_dummy
4636	4059	482026282	real
4636	12994	17251681513422	private_dummy
4637	4057	553131802	real
4637	12995	17251681513422	private_dummy
4638	348	1160581975	real
4638	349	1103469220	real
4638	384	1103469220	real
4638	12996	17251681513422	private_dummy
4639	1389	1103469220	real
4639	1390	1103469220	real
4639	1406	1103469220	real
4639	12997	17251681513422	private_dummy
4640	4632	1268658209	real
4640	4634	1407287244	real
4640	12998	17251681513422	private_dummy
4641	4630	1009994705	real
4641	12999	17251681513422	private_dummy
4642	4628	875878519	real
4642	13000	17251681513422	private_dummy
4643	4626	573948669	real
4643	13001	17251681513422	private_dummy
4644	4624	367804034	real
4644	13002	17251681513422	private_dummy
4645	4622	296698515	real
4645	13003	17251681513422	private_dummy
4646	4620	296698515	real
4646	13004	17251681513422	private_dummy
4647	4618	367804034	real
4647	13005	17251681513422	private_dummy
4648	1071	1160581975	real
4648	1072	1103469220	real
4648	1107	1103469220	real
4648	13006	17251681513422	private_dummy
4649	5159	1536494450	real
4649	5161	1629160979	real
4649	13007	17251681513422	private_dummy
4650	5157	1124216952	real
4650	13008	17251681513422	private_dummy
4651	5155	875878519	real
4651	13009	17251681513422	private_dummy
4652	5153	530838463	real
4652	13010	17251681513422	private_dummy
4653	5151	324693828	real
4653	13011	17251681513422	private_dummy
4654	5149	253588309	real
4654	13012	17251681513422	private_dummy
4655	5147	253588309	real
4655	13013	17251681513422	private_dummy
4656	5145	324693828	real
4656	13014	17251681513422	private_dummy
4657	1670	1160581975	real
4657	1671	1103469220	real
4657	1705	1103469220	real
4657	1706	1103469220	real
4657	13015	17251681513422	private_dummy
4658	5652	1536494450	real
4658	5654	1672275677	real
4658	13016	17251681513422	private_dummy
4659	5650	1347326682	real
4659	13017	17251681513422	private_dummy
4660	5648	1033210972	real
4660	13018	17251681513422	private_dummy
4661	5646	573948669	real
4661	13019	17251681513422	private_dummy
4662	5644	367804034	real
4662	13020	17251681513422	private_dummy
4663	5642	296698515	real
4663	13021	17251681513422	private_dummy
4664	5640	296698515	real
4664	13022	17251681513422	private_dummy
4665	5638	367804034	real
4665	13023	17251681513422	private_dummy
4666	2150	1160581975	real
4666	2151	1103469220	real
4666	2184	1103469220	real
4666	2185	1103469220	real
4666	13024	17251681513422	private_dummy
4667	6111	1536494450	real
4667	6113	1732236239	real
4667	13025	17251681513422	private_dummy
4668	6109	1347326682	real
4668	13026	17251681513422	private_dummy
4669	6107	1227292212	real
4669	13027	17251681513422	private_dummy
4670	6105	837944909	real
4670	13028	17251681513422	private_dummy
4671	6103	631800274	real
4671	13029	17251681513422	private_dummy
4672	6101	560694755	real
4672	13030	17251681513422	private_dummy
4673	6099	560694755	real
4673	13031	17251681513422	private_dummy
4674	6097	631800274	real
4674	13032	17251681513422	private_dummy
4675	2531	1160581975	real
4675	2532	1103469220	real
4675	2566	1103469220	real
4675	2567	1103469220	real
4675	13033	17251681513422	private_dummy
4676	354	1869695623	real
4676	355	1869695623	real
4676	713	1869695623	real
4676	13034	17251681513422	private_dummy
4677	1077	1536494450	real
4677	1078	1593607205	real
4677	1393	1536494450	real
4677	13035	17251681513422	private_dummy
4678	1676	1347326682	real
4678	1677	1404439436	real
4678	1957	1347326682	real
4678	13036	17251681513422	private_dummy
4679	2909	1127244833	real
4679	2910	1184357587	real
4679	2911	1127244833	real
4679	13037	17251681513422	private_dummy
4680	2913	1184562466	real
4680	2914	1241675220	real
4680	2915	1184562466	real
4680	13038	17251681513422	private_dummy
4681	6258	1536494450	real
4681	13039	17251681513422	private_dummy
4682	6260	1347326682	real
4682	13040	17251681513422	private_dummy
4683	6140	1227292212	real
4683	13041	17251681513422	private_dummy
4684	6149	1151478732	real
4684	13042	17251681513422	private_dummy
4685	6262	704022965	real
4685	13043	17251681513422	private_dummy
4686	6264	518695198	real
4686	13044	17251681513422	private_dummy
4687	6163	475584991	real
4687	13045	17251681513422	private_dummy
4688	6166	518695198	real
4688	13046	17251681513422	private_dummy
4689	352	1869695623	real
4689	353	1869695623	real
4689	13047	17251681513422	private_dummy
4690	1075	1593607205	real
4690	1076	1593607205	real
4690	13048	17251681513422	private_dummy
4691	1674	1404439436	real
4691	1675	1404439436	real
4691	13049	17251681513422	private_dummy
4692	2154	1284404966	real
4692	2155	1284404966	real
4692	2397	1227292212	real
4692	2398	1227292212	real
4692	13050	17251681513422	private_dummy
4693	2535	1208591486	real
4693	2536	1208591486	real
4693	2754	1151478732	real
4693	2755	1151478732	real
4693	13051	17251681513422	private_dummy
4694	2880	1184357587	real
4694	2881	1184357587	real
4694	13052	17251681513422	private_dummy
4695	2884	1241675220	real
4695	2885	1241675220	real
4695	13053	17251681513422	private_dummy
4696	2888	1338005600	real
4696	2889	1338005600	real
4696	2891	1280892846	real
4696	2892	1280892846	real
4696	13054	17251681513422	private_dummy
4697	2894	1487160959	real
4697	2895	1487160959	real
4697	2897	1430048205	real
4697	2898	1430048205	real
4697	13055	17251681513422	private_dummy
4698	2900	1759226661	real
4698	2901	1759226661	real
4698	2903	1702113907	real
4698	2904	1702113907	real
4698	13056	17251681513422	private_dummy
4699	2850	1103469220	real
4699	2852	1160581975	real
4699	2906	1103469220	real
4699	2907	1103469220	real
4699	13057	17251681513422	private_dummy
4700	360	1869695623	real
4700	361	1869695623	real
4700	715	1869695623	real
4700	13058	17251681513422	private_dummy
4701	1083	1536494450	real
4701	1084	1593607205	real
4701	1395	1536494450	real
4701	13059	17251681513422	private_dummy
4702	2161	1227292212	real
4702	2162	1284404966	real
4702	13060	17251681513422	private_dummy
4703	2542	1151478732	real
4703	2543	1208591486	real
4703	13061	17251681513422	private_dummy
4704	2952	1184562466	real
4704	2953	1241675220	real
4704	2954	1184562466	real
4704	13062	17251681513422	private_dummy
4705	6266	1536494450	real
4705	13063	17251681513422	private_dummy
4706	6131	1347326682	real
4706	13064	17251681513422	private_dummy
4707	6268	1227292212	real
4707	13065	17251681513422	private_dummy
4708	6270	1151478732	real
4708	13066	17251681513422	private_dummy
4709	6159	831499126	real
4709	13067	17251681513422	private_dummy
4710	6272	518695198	real
4710	13068	17251681513422	private_dummy
4711	6172	361362744	real
4711	13069	17251681513422	private_dummy
4712	6175	361362744	real
4712	13070	17251681513422	private_dummy
4713	357	1869695623	real
4713	358	1869695623	real
4713	13071	17251681513422	private_dummy
4714	1080	1593607205	real
4714	1081	1593607205	real
4714	13072	17251681513422	private_dummy
4715	1679	1404439436	real
4715	1680	1404439436	real
4715	1959	1347326682	real
4715	13073	17251681513422	private_dummy
4716	2158	1284404966	real
4716	2159	1284404966	real
4716	2401	1227292212	real
4716	13074	17251681513422	private_dummy
4717	2539	1208591486	real
4717	2540	1208591486	real
4717	2758	1151478732	real
4717	13075	17251681513422	private_dummy
4718	2880	1160581975	real
4718	2882	1160581975	real
4718	2909	1103469220	real
4718	13076	17251681513422	private_dummy
4719	2927	1241675220	real
4719	2928	1241675220	real
4719	13077	17251681513422	private_dummy
4720	2931	1338005600	real
4720	2932	1338005600	real
4720	2934	1280892846	real
4720	2935	1280892846	real
4720	13078	17251681513422	private_dummy
4721	2937	1487160959	real
4721	2938	1487160959	real
4721	2940	1430048205	real
4721	2941	1430048205	real
4721	13079	17251681513422	private_dummy
4722	2943	1759226661	real
4722	2944	1759226661	real
4722	2946	1702113907	real
4722	2947	1702113907	real
4722	13080	17251681513422	private_dummy
4723	2854	1103469220	real
4723	2856	1160581975	real
4723	2949	1103469220	real
4723	2950	1103469220	real
4723	13081	17251681513422	private_dummy
4724	366	1869695623	real
4724	367	1869695623	real
4724	717	1869695623	real
4724	13082	17251681513422	private_dummy
4725	1687	1347326682	real
4725	1688	1404439436	real
4725	1962	1347326682	real
4725	13083	17251681513422	private_dummy
4726	2548	1151478732	real
4726	2549	1208591486	real
4726	13084	17251681513422	private_dummy
4727	2861	1103469220	real
4727	2862	1103469220	real
4727	2992	1103469220	real
4727	13085	17251681513422	private_dummy
4728	6126	1536494450	real
4728	13086	17251681513422	private_dummy
4729	6274	1347326682	real
4729	13087	17251681513422	private_dummy
4730	6143	1227292212	real
4730	13088	17251681513422	private_dummy
4731	6276	1151478732	real
4731	13089	17251681513422	private_dummy
4732	6161	831499126	real
4732	13090	17251681513422	private_dummy
4733	6170	625354492	real
4733	13091	17251681513422	private_dummy
4734	6179	499991779	real
4734	13092	17251681513422	private_dummy
4735	6182	385769531	real
4735	13093	17251681513422	private_dummy
4736	363	1869695623	real
4736	364	1869695623	real
4736	13094	17251681513422	private_dummy
4737	1086	1593607205	real
4737	1087	1593607205	real
4737	1397	1536494450	real
4737	13095	17251681513422	private_dummy
4738	1684	1404439436	real
4738	1685	1404439436	real
4738	13096	17251681513422	private_dummy
4739	2164	1284404966	real
4739	2165	1284404966	real
4739	2403	1227292212	real
4739	2404	1227292212	real
4739	13097	17251681513422	private_dummy
4740	2545	1208591486	real
4740	2546	1208591486	real
4740	2760	1151478732	real
4740	13098	17251681513422	private_dummy
4741	2884	1160581975	real
4741	2886	1160581975	real
4741	2913	1103469220	real
4741	13099	17251681513422	private_dummy
4742	2927	1184357587	real
4742	2929	1184357587	real
4742	2952	1127244833	real
4742	13100	17251681513422	private_dummy
4743	2966	1338005600	real
4743	2967	1338005600	real
4743	2969	1280892846	real
4743	2970	1280892846	real
4743	13101	17251681513422	private_dummy
4744	2972	1487160959	real
4744	2973	1487160959	real
4744	2975	1430048205	real
4744	2976	1430048205	real
4744	13102	17251681513422	private_dummy
4745	2978	1759226661	real
4745	2979	1759226661	real
4745	2981	1702113907	real
4745	2982	1702113907	real
4745	13103	17251681513422	private_dummy
4746	2858	1103469220	real
4746	2860	1160581975	real
4746	2984	1103469220	real
4746	13104	17251681513422	private_dummy
4747	371	1869695623	real
4747	372	1869695623	real
4747	720	1869695623	real
4747	13105	17251681513422	private_dummy
4748	1093	1536494450	real
4748	1094	1593607205	real
4748	1401	1536494450	real
4748	13106	17251681513422	private_dummy
4749	2171	1227292212	real
4749	2172	1284404966	real
4749	13107	17251681513422	private_dummy
4750	2891	1103469220	real
4750	2893	1160581975	real
4750	2918	1103469220	real
4750	13108	17251681513422	private_dummy
4751	2934	1127244833	real
4751	2936	1184357587	real
4751	2957	1127244833	real
4751	13109	17251681513422	private_dummy
4752	2969	1184562466	real
4752	2971	1241675220	real
4752	13110	17251681513422	private_dummy
4753	6278	1536494450	real
4753	13111	17251681513422	private_dummy
4754	6135	1347326682	real
4754	13112	17251681513422	private_dummy
4755	6280	1227292212	real
4755	13113	17251681513422	private_dummy
4756	6153	1151478732	real
4756	13114	17251681513422	private_dummy
4757	6282	831499126	real
4757	13115	17251681513422	private_dummy
4758	6284	625354492	real
4758	13116	17251681513422	private_dummy
4759	6286	554248972	real
4759	13117	17251681513422	private_dummy
4760	6186	558294485	real
4760	13118	17251681513422	private_dummy
4761	369	1869695623	real
4761	370	1869695623	real
4761	13119	17251681513422	private_dummy
4762	1091	1593607205	real
4762	1092	1593607205	real
4762	13120	17251681513422	private_dummy
4763	1690	1404439436	real
4763	1691	1404439436	real
4763	1964	1347326682	real
4763	13121	17251681513422	private_dummy
4764	2169	1284404966	real
4764	2170	1284404966	real
4764	2406	1227292212	real
4764	13122	17251681513422	private_dummy
4765	2551	1208591486	real
4765	2552	1208591486	real
4765	2762	1151478732	real
4765	2763	1151478732	real
4765	13123	17251681513422	private_dummy
4766	2888	1160581975	real
4766	2890	1160581975	real
4766	13124	17251681513422	private_dummy
4767	2931	1184357587	real
4767	2933	1184357587	real
4767	13125	17251681513422	private_dummy
4768	2966	1241675220	real
4768	2968	1241675220	real
4768	2987	1184562466	real
4768	13126	17251681513422	private_dummy
4769	2997	1487160959	real
4769	2998	1487160959	real
4769	3000	1430048205	real
4769	3001	1430048205	real
4769	13127	17251681513422	private_dummy
4770	3003	1759226661	real
4770	3004	1759226661	real
4770	3006	1702113907	real
4770	3007	1702113907	real
4770	13128	17251681513422	private_dummy
4771	2863	1103469220	real
4771	2865	1160581975	real
4771	3009	1103469220	real
4771	3010	1103469220	real
4771	13129	17251681513422	private_dummy
4772	377	1869695623	real
4772	378	1869695623	real
4772	722	1869695623	real
4772	13130	17251681513422	private_dummy
4773	1099	1536494450	real
4773	1100	1593607205	real
4773	1403	1536494450	real
4773	13131	17251681513422	private_dummy
4774	1697	1347326682	real
4774	1698	1404439436	real
4774	1968	1347326682	real
4774	13132	17251681513422	private_dummy
4775	2558	1151478732	real
4775	2559	1208591486	real
4775	13133	17251681513422	private_dummy
4776	2897	1103469220	real
4776	2899	1160581975	real
4776	2920	1103469220	real
4776	13134	17251681513422	private_dummy
4777	2940	1127244833	real
4777	2942	1184357587	real
4777	2959	1127244833	real
4777	13135	17251681513422	private_dummy
4778	2975	1184562466	real
4778	2977	1241675220	real
4778	13136	17251681513422	private_dummy
4779	3000	1280892846	real
4779	3002	1338005600	real
4779	13137	17251681513422	private_dummy
4780	6288	1536494450	real
4780	13138	17251681513422	private_dummy
4781	6290	1347326682	real
4781	13139	17251681513422	private_dummy
4782	6147	1227292212	real
4782	13140	17251681513422	private_dummy
4783	6292	1151478732	real
4783	13141	17251681513422	private_dummy
4784	6294	831499126	real
4784	13142	17251681513422	private_dummy
4785	6296	625354492	real
4785	13143	17251681513422	private_dummy
4786	6298	554248972	real
4786	13144	17251681513422	private_dummy
4787	6300	554248972	real
4787	13145	17251681513422	private_dummy
4788	374	1869695623	real
4788	375	1869695623	real
4788	13146	17251681513422	private_dummy
4789	1096	1593607205	real
4789	1097	1593607205	real
4789	13147	17251681513422	private_dummy
4790	1694	1404439436	real
4790	1695	1404439436	real
4790	13148	17251681513422	private_dummy
4791	2174	1284404966	real
4791	2175	1284404966	real
4791	2409	1227292212	real
4791	2410	1227292212	real
4791	13149	17251681513422	private_dummy
4792	2555	1208591486	real
4792	2556	1208591486	real
4792	2766	1151478732	real
4792	13150	17251681513422	private_dummy
4793	2894	1160581975	real
4793	2896	1160581975	real
4793	13151	17251681513422	private_dummy
4794	2937	1184357587	real
4794	2939	1184357587	real
4794	13152	17251681513422	private_dummy
4795	2972	1241675220	real
4795	2974	1241675220	real
4795	2989	1184562466	real
4795	13153	17251681513422	private_dummy
4796	2997	1338005600	real
4796	2999	1338005600	real
4796	3013	1280892846	real
4796	13154	17251681513422	private_dummy
4797	3021	1759226661	real
4797	3022	1759226661	real
4797	3024	1702113907	real
4797	3025	1702113907	real
4797	13155	17251681513422	private_dummy
4798	2867	1103469220	real
4798	2869	1182137693	real
4798	3027	1103469220	real
4798	3028	1103469220	real
4798	13156	17251681513422	private_dummy
4799	1105	1536494450	real
4799	1106	1593607205	real
4799	1405	1536494450	real
4799	13157	17251681513422	private_dummy
4800	1703	1347326682	real
4800	1704	1404439436	real
4800	1970	1347326682	real
4800	13158	17251681513422	private_dummy
4801	2182	1227292212	real
4801	2183	1284404966	real
4801	13159	17251681513422	private_dummy
4802	2564	1151478732	real
4802	2565	1208591486	real
4802	13160	17251681513422	private_dummy
4803	2903	1103469220	real
4803	2905	1160581975	real
4803	2922	1103469220	real
4803	13161	17251681513422	private_dummy
4804	2946	1127244833	real
4804	2948	1184357587	real
4804	2961	1127244833	real
4804	13162	17251681513422	private_dummy
4805	2981	1184562466	real
4805	2983	1241675220	real
4805	13163	17251681513422	private_dummy
4806	3006	1280892846	real
4806	3008	1338005600	real
4806	13164	17251681513422	private_dummy
4807	3024	1430048205	real
4807	3026	1487160959	real
4807	13165	17251681513422	private_dummy
4808	6302	1536494450	real
4808	13166	17251681513422	private_dummy
4809	6304	1347326682	real
4809	13167	17251681513422	private_dummy
4810	6306	1227292212	real
4810	13168	17251681513422	private_dummy
4811	6308	1151478732	real
4811	13169	17251681513422	private_dummy
4812	6310	831499126	real
4812	13170	17251681513422	private_dummy
4813	6312	625354492	real
4813	13171	17251681513422	private_dummy
4814	6314	554248972	real
4814	13172	17251681513422	private_dummy
4815	6316	554248972	real
4815	13173	17251681513422	private_dummy
4816	380	1869695623	real
4816	381	1869695623	real
4816	724	1869695623	real
4816	13174	17251681513422	private_dummy
4817	1102	1593607205	real
4817	1103	1593607205	real
4817	13175	17251681513422	private_dummy
4818	1700	1404439436	real
4818	1701	1404439436	real
4818	13176	17251681513422	private_dummy
4819	2179	1284404966	real
4819	2180	1284404966	real
4819	2412	1227292212	real
4819	13177	17251681513422	private_dummy
4820	2561	1208591486	real
4820	2562	1208591486	real
4820	2768	1151478732	real
4820	13178	17251681513422	private_dummy
4821	2900	1160581975	real
4821	2902	1160581975	real
4821	13179	17251681513422	private_dummy
4822	2943	1184357587	real
4822	2945	1184357587	real
4822	13180	17251681513422	private_dummy
4823	2978	1241675220	real
4823	2980	1241675220	real
4823	2991	1184562466	real
4823	13181	17251681513422	private_dummy
4824	3003	1338005600	real
4824	3005	1338005600	real
4824	3015	1280892846	real
4824	13182	17251681513422	private_dummy
4825	3021	1487160959	real
4825	3023	1487160959	real
4825	3031	1430048205	real
4825	13183	17251681513422	private_dummy
4826	2872	1103469220	real
4826	2874	1103469220	real
4826	3037	1103469220	real
4826	3038	1103469220	real
4826	13184	17251681513422	private_dummy
4827	1706	1347326682	real
4827	1707	1404439436	real
4827	13185	17251681513422	private_dummy
4828	2185	1227292212	real
4828	2186	1284404966	real
4828	2414	1227292212	real
4828	13186	17251681513422	private_dummy
4829	2567	1151478732	real
4829	2568	1208591486	real
4829	2770	1151478732	real
4829	13187	17251681513422	private_dummy
4830	2906	1103469220	real
4830	2908	1160581975	real
4830	13188	17251681513422	private_dummy
4831	2949	1127244833	real
4831	2951	1184357587	real
4831	13189	17251681513422	private_dummy
4832	3009	1280892846	real
4832	3011	1338005600	real
4832	3017	1280892846	real
4832	13190	17251681513422	private_dummy
4833	3027	1430048205	real
4833	3029	1487160959	real
4833	3033	1430048205	real
4833	13191	17251681513422	private_dummy
4834	3037	1702113907	real
4834	3039	1759226661	real
4834	3041	1702113907	real
4834	13192	17251681513422	private_dummy
4835	349	1869695623	real
4835	350	1869695623	real
4835	710	1869695623	real
4835	13193	17251681513422	private_dummy
4836	1072	1536494450	real
4836	1073	1536494450	real
4836	1390	1536494450	real
4836	13194	17251681513422	private_dummy
4837	1671	1347326682	real
4837	1672	1347326682	real
4837	13195	17251681513422	private_dummy
4838	2151	1227292212	real
4838	2152	1227292212	real
4838	2395	1227292212	real
4838	13196	17251681513422	private_dummy
4839	2532	1151478732	real
4839	2533	1151478732	real
4839	13197	17251681513422	private_dummy
4840	2850	1103469220	real
4840	2851	1103469220	real
4840	13198	17251681513422	private_dummy
4841	2854	1127244833	real
4841	2855	1127244833	real
4841	13199	17251681513422	private_dummy
4842	2858	1184562466	real
4842	2859	1184562466	real
4842	2861	1184562466	real
4842	13200	17251681513422	private_dummy
4843	2863	1280892846	real
4843	2864	1280892846	real
4843	13201	17251681513422	private_dummy
4844	2867	1430048205	real
4844	2868	1430048205	real
4844	2870	1430048205	real
4844	13202	17251681513422	private_dummy
4845	2872	1702113907	real
4845	2873	1702113907	real
4845	2875	1702113907	real
4845	13203	17251681513422	private_dummy
4846	6228	830547118	real
4846	13204	17251681513422	private_dummy
4847	6228	830547118	real
4847	13205	17251681513422	private_dummy
4848	6229	691918083	real
4848	13206	17251681513422	private_dummy
4849	6229	691918083	real
4849	13207	17251681513422	private_dummy
4850	6230	577990920	real
4850	13208	17251681513422	private_dummy
4851	6230	577990920	real
4851	13209	17251681513422	private_dummy
4852	6231	461582443	real
4852	13210	17251681513422	private_dummy
4853	6231	518695198	real
4853	13211	17251681513422	private_dummy
4854	6232	501181730	real
4854	13212	17251681513422	private_dummy
4855	6232	558294485	real
4855	13213	17251681513422	private_dummy
4856	6233	697577182	real
4856	13214	17251681513422	private_dummy
4857	6233	697577182	real
4857	13215	17251681513422	private_dummy
4858	3110	1430048205	real
4858	13216	17251681513422	private_dummy
4859	3102	1280892846	real
4859	13217	17251681513422	private_dummy
4860	3090	1184562466	real
4860	13218	17251681513422	private_dummy
4861	2584	1151478732	real
4861	13219	17251681513422	private_dummy
4862	2203	1227292212	real
4862	13220	17251681513422	private_dummy
4863	3100	1280892846	real
4863	13221	17251681513422	private_dummy
4864	3088	1184562466	real
4864	13222	17251681513422	private_dummy
4865	2582	1151478732	real
4865	13223	17251681513422	private_dummy
4866	3086	1184562466	real
4866	13224	17251681513422	private_dummy
4867	2198	1227292212	real
4867	13225	17251681513422	private_dummy
4868	2866	1111345418	real
4868	13226	17251681513422	private_dummy
4869	2576	1151478732	real
4869	13227	17251681513422	private_dummy
4870	2862	1111345418	real
4870	13228	17251681513422	private_dummy
4871	2574	1151478732	real
4871	13229	17251681513422	private_dummy
4872	2192	1227292212	real
4872	13230	17251681513422	private_dummy
4873	2857	1111345418	real
4873	13231	17251681513422	private_dummy
4874	2853	1111345418	real
4874	13232	17251681513422	private_dummy
4875	2752	1111345418	real
4875	13233	17251681513422	private_dummy
4876	1954	1111345418	real
4876	13234	17251681513422	private_dummy
4877	1389	1111345418	real
4877	13235	17251681513422	private_dummy
4878	709	1111345418	real
4878	13236	17251681513422	private_dummy
4879	6371	806438676	real
4879	13237	17251681513422	private_dummy
4880	6369	449324807	real
4880	13238	17251681513422	private_dummy
4881	6374	740450349	real
4881	13239	17251681513422	private_dummy
4882	6374	714849119	real
4882	13240	17251681513422	private_dummy
4883	6360	114222248	real
4883	6362	114222248	real
4883	13241	17251681513422	private_dummy
4884	6367	382264799	real
4884	6368	382264799	real
4884	13242	17251681513422	private_dummy
4885	6355	171335002	real
4885	6356	342665512	real
4885	13243	17251681513422	private_dummy
4886	6357	332251490	real
4886	6359	332251490	real
4886	13244	17251681513422	private_dummy
4887	6381	185333059	real
4887	13245	17251681513422	private_dummy
4888	6356	499997966	real
4888	13246	17251681513422	private_dummy
4889	6365	769106312	real
4889	13247	17251681513422	private_dummy
4890	6383	539597253	real
4890	13248	17251681513422	private_dummy
4891	6355	640890500	real
4891	13249	17251681513422	private_dummy
4892	6363	311153989	real
4892	13250	17251681513422	private_dummy
4893	6385	1103469220	real
4893	13251	17251681513422	private_dummy
4894	6359	300745258	real
4894	6362	300745258	real
4894	13252	17251681513422	private_dummy
4895	6370	325152045	real
4895	13253	17251681513422	private_dummy
4896	6387	543181287	real
4896	13254	17251681513422	private_dummy
4897	6357	516840406	real
4897	6360	516840406	real
4897	13255	17251681513422	private_dummy
4898	6363	413771032	real
4898	6365	482026282	real
4898	13256	17251681513422	private_dummy
4899	6389	713772147	real
4899	13257	17251681513422	private_dummy
4900	6376	700851062	real
4900	13258	17251681513422	private_dummy
4901	6376	679295344	real
4901	13259	17251681513422	private_dummy
4902	6374	725257849	real
4902	6375	388628018	real
4902	6380	231295564	real
4902	13260	17251681513422	private_dummy
4903	6384	766839389	real
4903	13261	17251681513422	private_dummy
4904	6386	285552758	real
4904	13262	17251681513422	private_dummy
4905	6374	746355351	real
4905	6375	606657260	real
4905	6382	449324807	real
4905	13263	17251681513422	private_dummy
4906	6384	963771130	real
4906	13264	17251681513422	private_dummy
4907	6386	285552758	real
4907	13265	17251681513422	private_dummy
4908	6373	342665512	real
4908	13266	17251681513422	private_dummy
4909	6388	285552758	real
4909	13267	17251681513422	private_dummy
4910	6390	436521993	real
4910	13268	17251681513422	private_dummy
4911	6373	342665512	real
4911	13269	17251681513422	private_dummy
4912	6388	285552758	real
4912	13270	17251681513422	private_dummy
4913	6390	436521993	real
4913	13271	17251681513422	private_dummy
4914	6372	499997966	real
4914	13272	17251681513422	private_dummy
4915	6372	812221010	real
4915	13273	17251681513422	private_dummy
4916	6328	405465967	real
4916	6329	405465967	real
4916	13274	17251681513422	private_dummy
4917	6358	501181730	real
4917	13275	17251681513422	private_dummy
4918	6354	668886613	real
4918	13276	17251681513422	private_dummy
4919	6354	645060710	real
4919	13277	17251681513422	private_dummy
4920	6318	798782256	real
4920	6319	855895011	real
4920	13278	17251681513422	private_dummy
4921	6320	597771310	real
4921	6321	597771310	real
4921	13279	17251681513422	private_dummy
4922	6322	628199503	real
4922	6323	628199503	real
4922	13280	17251681513422	private_dummy
4923	6324	895769196	real
4923	6325	895769196	real
4923	13281	17251681513422	private_dummy
4924	6326	635103674	real
4924	6327	635103674	real
4924	13282	17251681513422	private_dummy
4925	6398	576220084	real
4925	13283	17251681513422	private_dummy
4926	6398	552394181	real
4926	13284	17251681513422	private_dummy
4927	6319	855895011	real
4927	13285	17251681513422	private_dummy
4928	6337	285548266	real
4928	6338	285548266	real
4928	13286	17251681513422	private_dummy
4929	6339	459723160	real
4929	13287	17251681513422	private_dummy
4930	6361	349558832	real
4930	13288	17251681513422	private_dummy
4931	6400	576220084	real
4931	13289	17251681513422	private_dummy
4932	6400	552394181	real
4932	13290	17251681513422	private_dummy
4933	6318	1052445090	real
4933	13291	17251681513422	private_dummy
4934	6330	440438857	real
4934	6331	497551611	real
4934	13292	17251681513422	private_dummy
4935	6332	313543580	real
4935	6333	313543580	real
4935	13293	17251681513422	private_dummy
4936	6334	525124244	real
4936	13294	17251681513422	private_dummy
4937	6335	383454751	real
4937	6336	383454751	real
4937	13295	17251681513422	private_dummy
4938	6402	668886613	real
4938	13296	17251681513422	private_dummy
4939	6402	748135970	real
4939	13297	17251681513422	private_dummy
4940	6321	597771310	real
4940	13298	17251681513422	private_dummy
4941	6331	497551611	real
4941	13299	17251681513422	private_dummy
4942	6346	459723160	real
4942	6347	459723160	real
4942	13300	17251681513422	private_dummy
4943	6364	501181730	real
4943	13301	17251681513422	private_dummy
4944	6404	576220084	real
4944	13302	17251681513422	private_dummy
4945	6404	655469441	real
4945	13303	17251681513422	private_dummy
4946	6320	670359104	real
4946	13304	17251681513422	private_dummy
4947	6330	670359104	real
4947	13305	17251681513422	private_dummy
4948	6340	313543580	real
4948	6341	313543580	real
4948	13306	17251681513422	private_dummy
4949	6342	438906293	real
4949	6343	438906293	real
4949	13307	17251681513422	private_dummy
4950	6344	383454751	real
4950	6345	383454751	real
4950	13308	17251681513422	private_dummy
4951	6406	806140331	real
4951	13309	17251681513422	private_dummy
4952	6406	516840406	real
4952	13310	17251681513422	private_dummy
4953	6323	628199503	real
4953	6329	628199503	real
4953	13311	17251681513422	private_dummy
4954	6333	313543580	real
4954	6338	313543580	real
4954	13312	17251681513422	private_dummy
4955	6341	313543580	real
4955	13313	17251681513422	private_dummy
4956	6350	952881950	real
4956	13314	17251681513422	private_dummy
4957	6351	546683223	real
4957	13315	17251681513422	private_dummy
4958	6408	677762780	real
4958	13316	17251681513422	private_dummy
4959	6408	299545523	real
4959	13317	17251681513422	private_dummy
4960	6322	577990920	real
4960	6328	577990920	real
4960	13318	17251681513422	private_dummy
4961	6332	300740766	real
4961	6337	300740766	real
4961	13319	17251681513422	private_dummy
4962	6340	371846286	real
4962	13320	17251681513422	private_dummy
4963	6348	647430763	real
4963	13321	17251681513422	private_dummy
4964	6349	628199503	real
4964	13322	17251681513422	private_dummy
4965	6410	664959966	real
4965	13323	17251681513422	private_dummy
4966	6410	299545523	real
4966	13324	17251681513422	private_dummy
4967	6325	895769196	real
4967	13325	17251681513422	private_dummy
4968	6343	438906293	real
4968	6347	438906293	real
4968	13326	17251681513422	private_dummy
4969	6366	763980730	real
4969	13327	17251681513422	private_dummy
4970	6412	889343444	real
4970	13328	17251681513422	private_dummy
4971	6412	299545523	real
4971	13329	17251681513422	private_dummy
4972	6324	726099236	real
4972	13330	17251681513422	private_dummy
4973	6334	381059179	real
4973	6339	381059179	real
4973	13331	17251681513422	private_dummy
4974	6342	332246999	real
4974	6346	332246999	real
4974	13332	17251681513422	private_dummy
4975	6348	726099236	real
4975	6350	783211990	real
4975	13333	17251681513422	private_dummy
4976	6352	525124244	real
4976	6353	660905471	real
4976	13334	17251681513422	private_dummy
4977	6414	745278379	real
4977	13335	17251681513422	private_dummy
4978	6414	299545523	real
4978	13336	17251681513422	private_dummy
4979	6327	625354492	real
4979	13337	17251681513422	private_dummy
4980	6336	407325250	real
4980	13338	17251681513422	private_dummy
4981	6345	501181730	real
4981	13339	17251681513422	private_dummy
4982	6353	660905471	real
4982	13340	17251681513422	private_dummy
4983	6416	765183261	real
4983	13341	17251681513422	private_dummy
4984	6416	497676999	real
4984	13342	17251681513422	private_dummy
4985	6326	1109557844	real
4985	13343	17251681513422	private_dummy
4986	6335	727471858	real
4986	13344	17251681513422	private_dummy
4987	6344	625354492	real
4987	13345	17251681513422	private_dummy
4988	6349	726099236	real
4988	6351	783211990	real
4988	13346	17251681513422	private_dummy
4989	6352	1211545455	real
4989	13347	17251681513422	private_dummy
4990	6418	1003072071	real
4990	13348	17251681513422	private_dummy
4991	6418	497676999	real
4991	13349	17251681513422	private_dummy
4992	6378	530838463	real
4992	6397	530838463	real
4992	13350	17251681513422	private_dummy
4993	6401	573948669	real
4993	13351	17251681513422	private_dummy
4994	6403	416616215	real
4994	13352	17251681513422	private_dummy
4995	6378	633913723	real
4995	6399	633913723	real
4995	13353	17251681513422	private_dummy
4996	6401	652617141	real
4996	13354	17251681513422	private_dummy
4997	6403	416616215	real
4997	13355	17251681513422	private_dummy
4998	6405	416616215	real
4998	13356	17251681513422	private_dummy
4999	6407	573948669	real
4999	13357	17251681513422	private_dummy
5000	6405	416616215	real
5000	13358	17251681513422	private_dummy
5001	6407	573948669	real
5001	13359	17251681513422	private_dummy
5002	6409	371846286	real
5002	13360	17251681513422	private_dummy
5003	6411	277989805	real
5003	13361	17251681513422	private_dummy
5004	6409	371846286	real
5004	13362	17251681513422	private_dummy
5005	6411	277989805	real
5005	13363	17251681513422	private_dummy
5006	6413	277989805	real
5006	13364	17251681513422	private_dummy
5007	6415	371846286	real
5007	13365	17251681513422	private_dummy
5008	6413	277989805	real
5008	13366	17251681513422	private_dummy
5009	6415	371846286	real
5009	13367	17251681513422	private_dummy
5010	6417	496019047	real
5010	13368	17251681513422	private_dummy
5011	6419	558294485	real
5011	13369	17251681513422	private_dummy
5012	6417	496019047	real
5012	13370	17251681513422	private_dummy
5013	6419	558294485	real
5013	13371	17251681513422	private_dummy
5014	6379	277989805	real
5014	13372	17251681513422	private_dummy
5015	6379	335102559	real
5015	13373	17251681513422	private_dummy
5016	6376	679295344	real
5016	6377	461997836	real
5016	13374	17251681513422	private_dummy
5017	6376	679295344	real
5017	6377	540666309	real
5017	13375	17251681513422	private_dummy
5018	400	1869695623	real
5018	13376	17251681513422	private_dummy
5019	2875	1111345418	real
5019	2876	1111345418	real
5019	13377	17251681513422	private_dummy
5020	3109	1487160959	real
5020	3111	1430048205	real
5020	13378	17251681513422	private_dummy
5021	3101	1338005600	real
5021	3106	1280892846	real
5021	13379	17251681513422	private_dummy
5022	3089	1241675220	real
5022	3096	1184562466	real
5022	13380	17251681513422	private_dummy
5023	3074	1184357587	real
5023	3075	1127244833	real
5023	3082	1127244833	real
5023	13381	17251681513422	private_dummy
5024	3055	1160581975	real
5024	3056	1103469220	real
5024	3063	1103469220	real
5024	13382	17251681513422	private_dummy
5025	2583	1208591486	real
5025	2778	1151478732	real
5025	13383	17251681513422	private_dummy
5026	2202	1284404966	real
5026	2421	1227292212	real
5026	13384	17251681513422	private_dummy
5027	1722	1404439436	real
5027	1723	1347326682	real
5027	1979	1347326682	real
5027	13385	17251681513422	private_dummy
5028	1122	1593607205	real
5028	1123	1536494450	real
5028	1415	1536494450	real
5028	13386	17251681513422	private_dummy
5029	398	1869695623	real
5029	399	1869695623	real
5029	13387	17251681513422	private_dummy
5030	2873	1111345418	real
5030	2874	1111345418	real
5030	13388	17251681513422	private_dummy
5031	6421	1109557844	real
5031	13389	17251681513422	private_dummy
5032	6423	934563483	real
5032	13390	17251681513422	private_dummy
5033	6425	830547118	real
5033	13391	17251681513422	private_dummy
5034	6427	773151825	real
5034	13392	17251681513422	private_dummy
5035	6429	558294485	real
5035	13393	17251681513422	private_dummy
5036	6431	462578721	real
5036	13394	17251681513422	private_dummy
5037	6433	402618159	real
5037	13395	17251681513422	private_dummy
5038	6435	462578721	real
5038	13396	17251681513422	private_dummy
5039	3111	1702113907	real
5039	3112	1702113907	real
5039	13397	17251681513422	private_dummy
5040	2200	1227292212	real
5040	2201	1227292212	real
5040	13398	17251681513422	private_dummy
5041	2870	1111345418	real
5041	2871	1111345418	real
5041	13399	17251681513422	private_dummy
5042	3109	1759226661	real
5042	13400	17251681513422	private_dummy
5043	3099	1338005600	real
5043	3104	1280892846	real
5043	13401	17251681513422	private_dummy
5044	3087	1241675220	real
5044	3094	1184562466	real
5044	13402	17251681513422	private_dummy
5045	3072	1184357587	real
5045	3073	1127244833	real
5045	3080	1127244833	real
5045	13403	17251681513422	private_dummy
5046	3053	1160581975	real
5046	3054	1103469220	real
5046	3061	1103469220	real
5046	13404	17251681513422	private_dummy
5047	2581	1208591486	real
5047	2776	1151478732	real
5047	13405	17251681513422	private_dummy
5048	2199	1284404966	real
5048	13406	17251681513422	private_dummy
5049	1720	1404439436	real
5049	1721	1347326682	real
5049	1977	1347326682	real
5049	13407	17251681513422	private_dummy
5050	1120	1593607205	real
5050	1121	1536494450	real
5050	1413	1536494450	real
5050	13408	17251681513422	private_dummy
5051	396	1869695623	real
5051	397	1869695623	real
5051	734	1869695623	real
5051	13409	17251681513422	private_dummy
5052	2868	1111345418	real
5052	2869	1190013890	real
5052	13410	17251681513422	private_dummy
5053	6438	1245339071	real
5053	13411	17251681513422	private_dummy
5054	6440	934563483	real
5054	13412	17251681513422	private_dummy
5055	6442	770586556	real
5055	13413	17251681513422	private_dummy
5056	6444	679295344	real
5056	13414	17251681513422	private_dummy
5057	6446	440567505	real
5057	13415	17251681513422	private_dummy
5058	6448	335102559	real
5058	13416	17251681513422	private_dummy
5059	6450	275141997	real
5059	13417	17251681513422	private_dummy
5060	6452	335102559	real
5060	13418	17251681513422	private_dummy
5061	3106	1702113907	real
5061	3107	1702113907	real
5061	13419	17251681513422	private_dummy
5062	3104	1430048205	real
5062	3105	1430048205	real
5062	13420	17251681513422	private_dummy
5063	2579	1151478732	real
5063	2580	1151478732	real
5063	13421	17251681513422	private_dummy
5064	1719	1347326682	real
5064	13422	17251681513422	private_dummy
5065	3101	1759226661	real
5065	13423	17251681513422	private_dummy
5066	3099	1487160959	real
5066	13424	17251681513422	private_dummy
5067	3085	1241675220	real
5067	3092	1184562466	real
5067	13425	17251681513422	private_dummy
5068	3070	1184357587	real
5068	3071	1127244833	real
5068	3078	1127244833	real
5068	13426	17251681513422	private_dummy
5069	3051	1160581975	real
5069	3052	1103469220	real
5069	3059	1103469220	real
5069	13427	17251681513422	private_dummy
5070	2578	1208591486	real
5070	13428	17251681513422	private_dummy
5071	2197	1284404966	real
5071	2418	1227292212	real
5071	13429	17251681513422	private_dummy
5072	1717	1404439436	real
5072	1718	1347326682	real
5072	13430	17251681513422	private_dummy
5073	1118	1593607205	real
5073	1119	1536494450	real
5073	1411	1536494450	real
5073	13431	17251681513422	private_dummy
5074	394	1869695623	real
5074	395	1869695623	real
5074	732	1869695623	real
5074	13432	17251681513422	private_dummy
5075	2864	1111345418	real
5075	2865	1168458172	real
5075	3103	1111345418	real
5075	13433	17251681513422	private_dummy
5076	6455	1430048205	real
5076	13434	17251681513422	private_dummy
5077	6457	1130305272	real
5077	13435	17251681513422	private_dummy
5078	6459	830547118	real
5078	13436	17251681513422	private_dummy
5079	6461	679295344	real
5079	13437	17251681513422	private_dummy
5080	6463	406671586	real
5080	13438	17251681513422	private_dummy
5081	6465	288403827	real
5081	13439	17251681513422	private_dummy
5082	6467	228443265	real
5082	13440	17251681513422	private_dummy
5083	6469	288403827	real
5083	13441	17251681513422	private_dummy
5084	3096	1702113907	real
5084	3097	1702113907	real
5084	13442	17251681513422	private_dummy
5085	3094	1430048205	real
5085	3095	1430048205	real
5085	13443	17251681513422	private_dummy
5086	3092	1280892846	real
5086	3093	1280892846	real
5086	13444	17251681513422	private_dummy
5087	3069	1127244833	real
5087	13445	17251681513422	private_dummy
5088	3050	1103469220	real
5088	13446	17251681513422	private_dummy
5089	2194	1227292212	real
5089	2195	1227292212	real
5089	13447	17251681513422	private_dummy
5090	1116	1536494450	real
5090	13448	17251681513422	private_dummy
5091	3089	1759226661	real
5091	13449	17251681513422	private_dummy
5092	3087	1487160959	real
5092	13450	17251681513422	private_dummy
5093	3085	1338005600	real
5093	13451	17251681513422	private_dummy
5094	3066	1184357587	real
5094	3068	1127244833	real
5094	13452	17251681513422	private_dummy
5095	3047	1160581975	real
5095	3049	1103469220	real
5095	13453	17251681513422	private_dummy
5096	2575	1208591486	real
5096	2774	1151478732	real
5096	13454	17251681513422	private_dummy
5097	2193	1284404966	real
5097	13455	17251681513422	private_dummy
5098	1714	1404439436	real
5098	1715	1347326682	real
5098	1975	1347326682	real
5098	13456	17251681513422	private_dummy
5099	1114	1593607205	real
5099	1115	1536494450	real
5099	13457	17251681513422	private_dummy
5100	391	1869695623	real
5100	392	1869695623	real
5100	731	1869695623	real
5100	13458	17251681513422	private_dummy
5101	2859	1111345418	real
5101	2860	1168458172	real
5101	3091	1111345418	real
5101	13459	17251681513422	private_dummy
5102	6472	1430048205	real
5102	13460	17251681513422	private_dummy
5103	6474	1280892846	real
5103	13461	17251681513422	private_dummy
5104	6476	1060184826	real
5104	13462	17251681513422	private_dummy
5105	6478	773151825	real
5105	13463	17251681513422	private_dummy
5106	6480	440567505	real
5106	13464	17251681513422	private_dummy
5107	6482	303596327	real
5107	13465	17251681513422	private_dummy
5108	6484	243635765	real
5108	13466	17251681513422	private_dummy
5109	6486	303596327	real
5109	13467	17251681513422	private_dummy
5110	3082	1702113907	real
5110	3083	1702113907	real
5110	13468	17251681513422	private_dummy
5111	3080	1430048205	real
5111	3081	1430048205	real
5111	13469	17251681513422	private_dummy
5112	3078	1280892846	real
5112	3079	1280892846	real
5112	13470	17251681513422	private_dummy
5113	3046	1103469220	real
5113	13471	17251681513422	private_dummy
5114	1713	1347326682	real
5114	13472	17251681513422	private_dummy
5115	3074	1759226661	real
5115	13473	17251681513422	private_dummy
5116	3072	1487160959	real
5116	13474	17251681513422	private_dummy
5117	3070	1338005600	real
5117	13475	17251681513422	private_dummy
5118	3066	1241675220	real
5118	3067	1184562466	real
5118	3069	1184562466	real
5118	13476	17251681513422	private_dummy
5119	3043	1160581975	real
5119	3045	1103469220	real
5119	13477	17251681513422	private_dummy
5120	2573	1208591486	real
5120	2772	1151478732	real
5120	13478	17251681513422	private_dummy
5121	2191	1284404966	real
5121	2416	1227292212	real
5121	13479	17251681513422	private_dummy
5122	1711	1404439436	real
5122	1712	1347326682	real
5122	13480	17251681513422	private_dummy
5123	1112	1593607205	real
5123	1113	1536494450	real
5123	1409	1536494450	real
5123	13481	17251681513422	private_dummy
5124	389	1869695623	real
5124	390	1869695623	real
5124	729	1869695623	real
5124	13482	17251681513422	private_dummy
5125	2855	1111345418	real
5125	2856	1168458172	real
5125	3076	1111345418	real
5125	13483	17251681513422	private_dummy
5126	6489	1430048205	real
5126	13484	17251681513422	private_dummy
5127	6491	1280892846	real
5127	13485	17251681513422	private_dummy
5128	6493	1184562466	real
5128	13486	17251681513422	private_dummy
5129	6495	1026660031	real
5129	13487	17251681513422	private_dummy
5130	6497	558294485	real
5130	13488	17251681513422	private_dummy
5131	6499	385769531	real
5131	13489	17251681513422	private_dummy
5132	6501	325808969	real
5132	13490	17251681513422	private_dummy
5133	6503	385769531	real
5133	13491	17251681513422	private_dummy
5134	3063	1702113907	real
5134	3064	1702113907	real
5134	13492	17251681513422	private_dummy
5135	3061	1430048205	real
5135	3062	1430048205	real
5135	13493	17251681513422	private_dummy
5136	3059	1280892846	real
5136	3060	1280892846	real
5136	13494	17251681513422	private_dummy
5137	2571	1151478732	real
5137	2572	1151478732	real
5137	13495	17251681513422	private_dummy
5138	2189	1227292212	real
5138	2190	1227292212	real
5138	13496	17251681513422	private_dummy
5139	3055	1759226661	real
5139	13497	17251681513422	private_dummy
5140	3053	1487160959	real
5140	13498	17251681513422	private_dummy
5141	3051	1338005600	real
5141	13499	17251681513422	private_dummy
5142	3047	1241675220	real
5142	3048	1184562466	real
5142	3050	1184562466	real
5142	13500	17251681513422	private_dummy
5143	3043	1184357587	real
5143	3044	1127244833	real
5143	3046	1127244833	real
5143	13501	17251681513422	private_dummy
5144	2570	1208591486	real
5144	13502	17251681513422	private_dummy
5145	2188	1284404966	real
5145	13503	17251681513422	private_dummy
5146	1709	1404439436	real
5146	1710	1347326682	real
5146	1972	1347326682	real
5146	13504	17251681513422	private_dummy
5147	1110	1593607205	real
5147	1111	1536494450	real
5147	1407	1536494450	real
5147	13505	17251681513422	private_dummy
5148	387	1869695623	real
5148	388	1869695623	real
5148	727	1869695623	real
5148	13506	17251681513422	private_dummy
5149	2851	1111345418	real
5149	2852	1168458172	real
5149	3057	1111345418	real
5149	13507	17251681513422	private_dummy
5150	6506	1430048205	real
5150	13508	17251681513422	private_dummy
5151	6508	1280892846	real
5151	13509	17251681513422	private_dummy
5152	6510	1184562466	real
5152	13510	17251681513422	private_dummy
5153	6512	1127244833	real
5153	13511	17251681513422	private_dummy
5154	6514	944486826	real
5154	13512	17251681513422	private_dummy
5155	6516	714849119	real
5155	13513	17251681513422	private_dummy
5156	6518	654888557	real
5156	13514	17251681513422	private_dummy
5157	6520	714849119	real
5157	13515	17251681513422	private_dummy
5158	2531	1168458172	real
5158	2533	1111345418	real
5158	2585	1111345418	real
5158	13516	17251681513422	private_dummy
5159	5719	1430048205	real
5159	5722	1626443657	real
5159	13517	17251681513422	private_dummy
5160	5830	1280892846	real
5160	13518	17251681513422	private_dummy
5161	5713	1184562466	real
5161	13519	17251681513422	private_dummy
5162	5710	1127244833	real
5162	13520	17251681513422	private_dummy
5163	5828	1103469220	real
5163	13521	17251681513422	private_dummy
5164	5697	856647260	real
5164	13522	17251681513422	private_dummy
5165	5826	660905471	real
5165	13523	17251681513422	private_dummy
5166	5824	660905471	real
5166	13524	17251681513422	private_dummy
5167	2394	1111345418	real
5167	2395	1111345418	real
5167	13525	17251681513422	private_dummy
5168	2150	1168458172	real
5168	2152	1111345418	real
5168	13526	17251681513422	private_dummy
5169	5248	1430048205	real
5169	5251	1626443657	real
5169	13527	17251681513422	private_dummy
5170	5371	1280892846	real
5170	13528	17251681513422	private_dummy
5171	5242	1184562466	real
5171	13529	17251681513422	private_dummy
5172	5239	1127244833	real
5172	13530	17251681513422	private_dummy
5173	5369	1103469220	real
5173	13531	17251681513422	private_dummy
5174	5221	914949965	real
5174	13532	17251681513422	private_dummy
5175	5367	603795977	real
5175	13533	17251681513422	private_dummy
5176	5365	546683223	real
5176	13534	17251681513422	private_dummy
5177	1670	1168458172	real
5177	1672	1111345418	real
5177	1724	1111345418	real
5177	13535	17251681513422	private_dummy
5178	4749	1430048205	real
5178	4752	1626443657	real
5178	13536	17251681513422	private_dummy
5179	4878	1280892846	real
5179	13537	17251681513422	private_dummy
5180	4743	1184562466	real
5180	13538	17251681513422	private_dummy
5181	4740	1127244833	real
5181	13539	17251681513422	private_dummy
5182	4876	1103469220	real
5182	13540	17251681513422	private_dummy
5183	4722	914949965	real
5183	13541	17251681513422	private_dummy
5184	4874	742425012	real
5184	13542	17251681513422	private_dummy
5185	4872	639349752	real
5185	13543	17251681513422	private_dummy
5186	1071	1168458172	real
5186	1073	1111345418	real
5186	1124	1111345418	real
5186	13544	17251681513422	private_dummy
5187	4220	1430048205	real
5187	4223	1626443657	real
5187	13545	17251681513422	private_dummy
5188	4351	1280892846	real
5188	13546	17251681513422	private_dummy
5189	4214	1184562466	real
5189	13547	17251681513422	private_dummy
5190	4211	1127244833	real
5190	13548	17251681513422	private_dummy
5191	4349	1103469220	real
5191	13549	17251681513422	private_dummy
5192	4193	914949965	real
5192	13550	17251681513422	private_dummy
5193	4347	742425012	real
5193	13551	17251681513422	private_dummy
5194	4345	718018225	real
5194	13552	17251681513422	private_dummy
5195	348	1168458172	real
5195	350	1111345418	real
5195	401	1111345418	real
5195	13553	17251681513422	private_dummy
5196	3658	1430048205	real
5196	3661	1626443657	real
5196	13554	17251681513422	private_dummy
5197	3790	1280892846	real
5197	13555	17251681513422	private_dummy
5198	3652	1184562466	real
5198	13556	17251681513422	private_dummy
5199	3649	1127244833	real
5199	13557	17251681513422	private_dummy
5200	3788	1103469220	real
5200	13558	17251681513422	private_dummy
5201	3631	914949965	real
5201	13559	17251681513422	private_dummy
5202	3786	742425012	real
5202	13560	17251681513422	private_dummy
5203	3784	718018225	real
5203	13561	17251681513422	private_dummy
5204	3103	1280892846	real
5204	13562	17251681513422	private_dummy
5205	3091	1184562466	real
5205	13563	17251681513422	private_dummy
5206	3076	1127244833	real
5206	3077	1127244833	real
5206	13564	17251681513422	private_dummy
5207	3057	1103469220	real
5207	3058	1103469220	real
5207	13565	17251681513422	private_dummy
5208	2585	1151478732	real
5208	13566	17251681513422	private_dummy
5209	1724	1347326682	real
5209	1725	1347326682	real
5209	13567	17251681513422	private_dummy
5210	1124	1536494450	real
5210	1125	1536494450	real
5210	13568	17251681513422	private_dummy
5211	401	1869695623	real
5211	402	1869695623	real
5211	13569	17251681513422	private_dummy
5212	6391	759276436	real
5212	13570	17251681513422	private_dummy
5213	6391	759276436	real
5213	13571	17251681513422	private_dummy
5214	6392	530838463	real
5214	13572	17251681513422	private_dummy
5215	6392	530838463	real
5215	13573	17251681513422	private_dummy
5216	6393	759276436	real
5216	13574	17251681513422	private_dummy
5217	6393	759276436	real
5217	13575	17251681513422	private_dummy
5218	6394	685312258	real
5218	13576	17251681513422	private_dummy
5219	6394	628199503	real
5219	13577	17251681513422	private_dummy
5220	6395	685312258	real
5220	13578	17251681513422	private_dummy
5221	6395	628199503	real
5221	13579	17251681513422	private_dummy
5222	6396	773151825	real
5222	13580	17251681513422	private_dummy
5223	6396	773151825	real
5223	13581	17251681513422	private_dummy
5224	432	1869695623	real
5224	750	1869695623	real
5224	13582	17251681513422	private_dummy
5225	434	1869695623	real
5225	13583	17251681513422	private_dummy
5226	1137	1593607205	real
5226	1424	1536494450	real
5226	13584	17251681513422	private_dummy
5227	1157	1593607205	real
5227	13585	17251681513422	private_dummy
5228	1732	1404439436	real
5228	13586	17251681513422	private_dummy
5229	1742	1404439436	real
5229	13587	17251681513422	private_dummy
5230	1980	1111345418	real
5230	1995	1111345418	real
5230	13588	17251681513422	private_dummy
5231	2215	1284404966	real
5231	2430	1227292212	real
5231	13589	17251681513422	private_dummy
5232	2226	1284404966	real
5232	2435	1227292212	real
5232	13590	17251681513422	private_dummy
5233	2422	1111345418	real
5233	2438	1111345418	real
5233	13591	17251681513422	private_dummy
5234	2603	1208591486	real
5234	2788	1151478732	real
5234	13592	17251681513422	private_dummy
5235	2779	1111345418	real
5235	2793	1111345418	real
5235	13593	17251681513422	private_dummy
5236	2883	1168458172	real
5236	13594	17251681513422	private_dummy
5237	2887	1168458172	real
5237	13595	17251681513422	private_dummy
5238	3042	1111345418	real
5238	3057	1111345418	real
5238	13596	17251681513422	private_dummy
5239	3143	1184357587	real
5239	3168	1127244833	real
5239	13597	17251681513422	private_dummy
5240	3169	1338005600	real
5240	13598	17251681513422	private_dummy
5241	3171	1487160959	real
5241	13599	17251681513422	private_dummy
5242	3173	1759226661	real
5242	13600	17251681513422	private_dummy
5243	3117	1111345418	real
5243	3175	1111345418	real
5243	13601	17251681513422	private_dummy
5244	3199	1338005600	real
5244	13602	17251681513422	private_dummy
5245	3201	1487160959	real
5245	13603	17251681513422	private_dummy
5246	3203	1759226661	real
5246	13604	17251681513422	private_dummy
5247	3198	1241675220	real
5247	3206	1184562466	real
5247	13605	17251681513422	private_dummy
5248	3225	1487160959	real
5248	13606	17251681513422	private_dummy
5249	3227	1759226661	real
5249	13607	17251681513422	private_dummy
5250	3126	1111345418	real
5250	3229	1111345418	real
5250	13608	17251681513422	private_dummy
5251	3243	1759226661	real
5251	13609	17251681513422	private_dummy
5252	3131	1111345418	real
5252	3245	1111345418	real
5252	13610	17251681513422	private_dummy
5253	3136	1111345418	real
5253	3253	1111345418	real
5253	13611	17251681513422	private_dummy
5254	6607	851820297	real
5254	13612	17251681513422	private_dummy
5255	6605	436521993	real
5255	13613	17251681513422	private_dummy
5256	6610	733552537	real
5256	13614	17251681513422	private_dummy
5257	6610	826219067	real
5257	13615	17251681513422	private_dummy
5258	6596	0	real
5258	6598	0	real
5258	13616	17251681513422	private_dummy
5259	6603	400968218	real
5259	6604	400968218	real
5259	13617	17251681513422	private_dummy
5260	6591	190038421	real
5260	6592	361368931	real
5260	13618	17251681513422	private_dummy
5261	6593	296697716	real
5261	6595	296697716	real
5261	13619	17251681513422	private_dummy
5262	6617	204036478	real
5262	13620	17251681513422	private_dummy
5263	6592	499997966	real
5263	13621	17251681513422	private_dummy
5264	6601	875350678	real
5264	13622	17251681513422	private_dummy
5265	6619	539597253	real
5265	13623	17251681513422	private_dummy
5266	6591	782688641	real
5266	13624	17251681513422	private_dummy
5267	6599	265191483	real
5267	13625	17251681513422	private_dummy
5268	6621	1383315512	real
5268	13626	17251681513422	private_dummy
5269	6595	265191483	real
5269	6598	265191483	real
5269	13627	17251681513422	private_dummy
5270	6606	289598270	real
5270	13628	17251681513422	private_dummy
5271	6623	476121280	real
5271	13629	17251681513422	private_dummy
5272	6593	347364688	real
5272	6596	347364688	real
5272	13630	17251681513422	private_dummy
5273	6599	243635765	real
5273	6601	322299745	real
5273	13631	17251681513422	private_dummy
5274	6625	636962957	real
5274	13632	17251681513422	private_dummy
5275	6612	812221010	real
5275	13633	17251681513422	private_dummy
5276	6612	733552537	real
5276	13634	17251681513422	private_dummy
5277	6610	836627797	real
5277	6611	539597253	real
5277	6616	249998983	real
5277	13635	17251681513422	private_dummy
5278	6620	944486826	real
5278	13636	17251681513422	private_dummy
5279	6622	343855464	real
5279	13637	17251681513422	private_dummy
5280	6610	857725299	real
5280	6611	836294968	real
5280	6618	468028226	real
5280	13638	17251681513422	private_dummy
5281	6620	1220087040	real
5281	13639	17251681513422	private_dummy
5282	6622	422523937	real
5282	13640	17251681513422	private_dummy
5283	6609	400968218	real
5283	13641	17251681513422	private_dummy
5284	6624	289598270	real
5284	13642	17251681513422	private_dummy
5285	6626	440567505	real
5285	13643	17251681513422	private_dummy
5286	6609	479636691	real
5286	13644	17251681513422	private_dummy
5287	6624	368266743	real
5287	13645	17251681513422	private_dummy
5288	6626	519235978	real
5288	13646	17251681513422	private_dummy
5289	6608	618265726	real
5289	13647	17251681513422	private_dummy
5290	6608	1072286911	real
5290	13648	17251681513422	private_dummy
5291	6532	459723160	real
5291	6535	459723160	real
5291	13649	17251681513422	private_dummy
5292	6594	501181730	real
5292	13650	17251681513422	private_dummy
5293	6590	660905471	real
5293	13651	17251681513422	private_dummy
5294	6590	690442331	real
5294	13652	17251681513422	private_dummy
5295	6522	895769196	real
5295	6523	952881950	real
5295	13653	17251681513422	private_dummy
5296	6524	628199503	real
5296	6525	628199503	real
5296	13654	17251681513422	private_dummy
5297	6526	597771310	real
5297	6527	597771310	real
5297	13655	17251681513422	private_dummy
5298	6528	798782256	real
5298	6529	798782256	real
5298	13656	17251681513422	private_dummy
5299	6530	577990920	real
5299	6531	577990920	real
5299	13657	17251681513422	private_dummy
5300	6634	568238941	real
5300	13658	17251681513422	private_dummy
5301	6634	597775802	real
5301	13659	17251681513422	private_dummy
5302	6523	952881950	real
5302	13660	17251681513422	private_dummy
5303	6547	285548266	real
5303	6550	285548266	real
5303	13661	17251681513422	private_dummy
5304	6551	405465967	real
5304	13662	17251681513422	private_dummy
5305	6597	349558832	real
5305	13663	17251681513422	private_dummy
5306	6636	568238941	real
5306	13664	17251681513422	private_dummy
5307	6636	597775802	real
5307	13665	17251681513422	private_dummy
5308	6522	1211545455	real
5308	13666	17251681513422	private_dummy
5309	6536	489570469	real
5309	6537	546683223	real
5309	13667	17251681513422	private_dummy
5310	6540	332246999	real
5310	6541	332246999	real
5310	13668	17251681513422	private_dummy
5311	6544	489570469	real
5311	13669	17251681513422	private_dummy
5312	6545	326341997	real
5312	6546	326341997	real
5312	13670	17251681513422	private_dummy
5313	6638	763980730	real
5313	13671	17251681513422	private_dummy
5314	6638	896592851	real
5314	13672	17251681513422	private_dummy
5315	6525	628199503	real
5315	13673	17251681513422	private_dummy
5316	6537	546683223	real
5316	13674	17251681513422	private_dummy
5317	6566	382913971	real
5317	6567	382913971	real
5317	13675	17251681513422	private_dummy
5318	6600	501181730	real
5318	13676	17251681513422	private_dummy
5319	6640	568238941	real
5319	13677	17251681513422	private_dummy
5320	6640	700851062	real
5320	13678	17251681513422	private_dummy
5321	6524	726099236	real
5321	13679	17251681513422	private_dummy
5322	6536	726099236	real
5322	13680	17251681513422	private_dummy
5323	6554	300740766	real
5323	6555	300740766	real
5323	13681	17251681513422	private_dummy
5324	6558	371846286	real
5324	6559	371846286	real
5324	13682	17251681513422	private_dummy
5325	6560	326341997	real
5325	6561	326341997	real
5325	13683	17251681513422	private_dummy
5326	6642	861880462	real
5326	13684	17251681513422	private_dummy
5327	6642	562222027	real
5327	13685	17251681513422	private_dummy
5328	6527	597771310	real
5328	6535	597771310	real
5328	13686	17251681513422	private_dummy
5329	6541	332246999	real
5329	6550	332246999	real
5329	13687	17251681513422	private_dummy
5330	6555	300740766	real
5330	13688	17251681513422	private_dummy
5331	6579	855895011	real
5331	13689	17251681513422	private_dummy
5332	6583	546683223	real
5332	13690	17251681513422	private_dummy
5333	6644	633453734	real
5333	13691	17251681513422	private_dummy
5334	6644	286742710	real
5334	13692	17251681513422	private_dummy
5335	6526	568241738	real
5335	6532	568241738	real
5335	13693	17251681513422	private_dummy
5336	6540	332246999	real
5336	6547	332246999	real
5336	13694	17251681513422	private_dummy
5337	6554	371846286	real
5337	13695	17251681513422	private_dummy
5338	6572	556136856	real
5338	13696	17251681513422	private_dummy
5339	6576	685312258	real
5339	13697	17251681513422	private_dummy
5340	6646	646256547	real
5340	13698	17251681513422	private_dummy
5341	6646	286742710	real
5341	13699	17251681513422	private_dummy
5342	6529	798782256	real
5342	13700	17251681513422	private_dummy
5343	6559	371846286	real
5343	6567	371846286	real
5343	13701	17251681513422	private_dummy
5344	6602	856647260	real
5344	13702	17251681513422	private_dummy
5345	6648	773151825	real
5345	13703	17251681513422	private_dummy
5346	6648	232485516	real
5346	13704	17251681513422	private_dummy
5347	6528	670359104	real
5347	13705	17251681513422	private_dummy
5348	6544	381059179	real
5348	6551	381059179	real
5348	13706	17251681513422	private_dummy
5349	6558	300740766	real
5349	6566	300740766	real
5349	13707	17251681513422	private_dummy
5350	6572	670359104	real
5350	6579	727471858	real
5350	13708	17251681513422	private_dummy
5351	6587	582236998	real
5351	6588	639349752	real
5351	13709	17251681513422	private_dummy
5352	6650	672516732	real
5352	13710	17251681513422	private_dummy
5353	6650	232485516	real
5353	13711	17251681513422	private_dummy
5354	6531	568241738	real
5354	13712	17251681513422	private_dummy
5355	6546	350212495	real
5355	13713	17251681513422	private_dummy
5356	6561	444068976	real
5356	13714	17251681513422	private_dummy
5357	6588	639349752	real
5357	13715	17251681513422	private_dummy
5358	6652	672516732	real
5358	13716	17251681513422	private_dummy
5359	6652	405010469	real
5359	13717	17251681513422	private_dummy
5360	6530	1052445090	real
5360	13718	17251681513422	private_dummy
5361	6545	726099236	real
5361	13719	17251681513422	private_dummy
5362	6560	577990920	real
5362	13720	17251681513422	private_dummy
5363	6576	727471858	real
5363	6583	727471858	real
5363	13721	17251681513422	private_dummy
5364	6587	1109557844	real
5364	13722	17251681513422	private_dummy
5365	6654	1003072071	real
5365	13723	17251681513422	private_dummy
5366	6654	462123224	real
5366	13724	17251681513422	private_dummy
5367	6614	654888557	real
5367	6633	611773859	real
5367	13725	17251681513422	private_dummy
5368	6637	679295344	real
5368	13726	17251681513422	private_dummy
5369	6639	576220084	real
5369	13727	17251681513422	private_dummy
5370	6614	757963816	real
5370	6635	714849119	real
5370	13728	17251681513422	private_dummy
5371	6637	757963816	real
5371	13729	17251681513422	private_dummy
5372	6639	576220084	real
5372	13730	17251681513422	private_dummy
5373	6641	540666309	real
5373	13731	17251681513422	private_dummy
5374	6643	679295344	real
5374	13732	17251681513422	private_dummy
5375	6641	540666309	real
5375	13733	17251681513422	private_dummy
5376	6643	679295344	real
5376	13734	17251681513422	private_dummy
5377	6645	450514758	real
5377	13735	17251681513422	private_dummy
5378	6647	343855464	real
5378	13736	17251681513422	private_dummy
5379	6645	450514758	real
5379	13737	17251681513422	private_dummy
5380	6647	343855464	real
5380	13738	17251681513422	private_dummy
5381	6649	325152045	real
5381	13739	17251681513422	private_dummy
5382	6651	383454751	real
5382	13740	17251681513422	private_dummy
5383	6649	325152045	real
5383	13741	17251681513422	private_dummy
5384	6651	383454751	real
5384	13742	17251681513422	private_dummy
5385	6653	579850203	real
5385	13743	17251681513422	private_dummy
5386	6655	636962957	real
5386	13744	17251681513422	private_dummy
5387	6653	579850203	real
5387	13745	17251681513422	private_dummy
5388	6655	636962957	real
5388	13746	17251681513422	private_dummy
5389	6615	265186991	real
5389	13747	17251681513422	private_dummy
5390	6615	322299745	real
5390	13748	17251681513422	private_dummy
5391	6612	733552537	real
5391	6613	461997836	real
5391	13749	17251681513422	private_dummy
5392	6612	733552537	real
5392	6613	576220084	real
5392	13750	17251681513422	private_dummy
5393	736	1111345418	real
5393	737	1111345418	real
5393	751	1111345418	real
5393	13751	17251681513422	private_dummy
5394	4054	1268658209	real
5394	4056	1441183163	real
5394	13752	17251681513422	private_dummy
5395	4052	1124216952	real
5395	13753	17251681513422	private_dummy
5396	4050	1033210972	real
5396	13754	17251681513422	private_dummy
5397	4048	982009973	real
5397	13755	17251681513422	private_dummy
5398	4046	759276436	real
5398	13756	17251681513422	private_dummy
5399	4044	573948669	real
5399	13757	17251681513422	private_dummy
5400	4042	530838463	real
5400	13758	17251681513422	private_dummy
5401	4040	573948669	real
5401	13759	17251681513422	private_dummy
5402	403	1168458172	real
5402	404	1111345418	real
5402	433	1111345418	real
5402	13760	17251681513422	private_dummy
5403	1416	1111345418	real
5403	1417	1111345418	real
5403	1431	1111345418	real
5403	13761	17251681513422	private_dummy
5404	4615	1268658209	real
5404	4617	1441183163	real
5404	13762	17251681513422	private_dummy
5405	4613	1009994705	real
5405	13763	17251681513422	private_dummy
5406	4611	875878519	real
5406	13764	17251681513422	private_dummy
5407	4609	796682206	real
5407	13765	17251681513422	private_dummy
5408	4607	553131802	real
5408	13766	17251681513422	private_dummy
5409	4605	367804034	real
5409	13767	17251681513422	private_dummy
5410	4603	324693828	real
5410	13768	17251681513422	private_dummy
5411	4601	367804034	real
5411	13769	17251681513422	private_dummy
5412	1126	1168458172	real
5412	1127	1111345418	real
5412	1156	1111345418	real
5412	13770	17251681513422	private_dummy
5413	5142	1536494450	real
5413	5144	1647864398	real
5413	13771	17251681513422	private_dummy
5414	5140	1124216952	real
5414	13772	17251681513422	private_dummy
5415	5138	875878519	real
5415	13773	17251681513422	private_dummy
5416	5136	753572000	real
5416	13774	17251681513422	private_dummy
5417	5134	482026282	real
5417	13775	17251681513422	private_dummy
5418	5132	296698515	real
5418	13776	17251681513422	private_dummy
5419	5130	253588309	real
5419	13777	17251681513422	private_dummy
5420	5128	296698515	real
5420	13778	17251681513422	private_dummy
5421	1726	1168458172	real
5421	1727	1111345418	real
5421	1755	1111345418	real
5421	1756	1111345418	real
5421	13779	17251681513422	private_dummy
5422	5635	1536494450	real
5422	5637	1672275677	real
5422	13780	17251681513422	private_dummy
5423	5633	1347326682	real
5423	13781	17251681513422	private_dummy
5424	5631	1033210972	real
5424	13782	17251681513422	private_dummy
5425	5629	796682206	real
5425	13783	17251681513422	private_dummy
5426	5627	482026282	real
5426	13784	17251681513422	private_dummy
5427	5625	296698515	real
5427	13785	17251681513422	private_dummy
5428	5623	253588309	real
5428	13786	17251681513422	private_dummy
5429	5621	296698515	real
5429	13787	17251681513422	private_dummy
5430	2204	1168458172	real
5430	2205	1111345418	real
5430	2233	1111345418	real
5430	2234	1111345418	real
5430	13788	17251681513422	private_dummy
5431	6094	1536494450	real
5431	6096	1732236239	real
5431	13789	17251681513422	private_dummy
5432	6092	1347326682	real
5432	13790	17251681513422	private_dummy
5433	6090	1227292212	real
5433	13791	17251681513422	private_dummy
5434	6088	982009973	real
5434	13792	17251681513422	private_dummy
5435	6086	553131802	real
5435	13793	17251681513422	private_dummy
5436	6084	367804034	real
5436	13794	17251681513422	private_dummy
5437	6082	324693828	real
5437	13795	17251681513422	private_dummy
5438	6080	367804034	real
5438	13796	17251681513422	private_dummy
5439	2586	1168458172	real
5439	2587	1111345418	real
5439	2616	1111345418	real
5439	2617	1111345418	real
5439	13797	17251681513422	private_dummy
5440	6519	1536494450	real
5440	6521	1766132158	real
5440	13798	17251681513422	private_dummy
5441	6517	1347326682	real
5441	13799	17251681513422	private_dummy
5442	6515	1227292212	real
5442	13800	17251681513422	private_dummy
5443	6513	1151478732	real
5443	13801	17251681513422	private_dummy
5444	6511	837944909	real
5444	13802	17251681513422	private_dummy
5445	6509	652617141	real
5445	13803	17251681513422	private_dummy
5446	6507	609506935	real
5446	13804	17251681513422	private_dummy
5447	6505	652617141	real
5447	13805	17251681513422	private_dummy
5448	2877	1168458172	real
5448	2878	1111345418	real
5448	2906	1111345418	real
5448	2907	1111345418	real
5448	13806	17251681513422	private_dummy
5449	409	1869695623	real
5449	410	1869695623	real
5449	740	1869695623	real
5449	13807	17251681513422	private_dummy
5450	1132	1536494450	real
5450	1133	1593607205	real
5450	1420	1536494450	real
5450	13808	17251681513422	private_dummy
5451	2210	1227292212	real
5451	2211	1284404966	real
5451	2426	1227292212	real
5451	13809	17251681513422	private_dummy
5452	2592	1151478732	real
5452	2593	1208591486	real
5452	2782	1151478732	real
5452	13810	17251681513422	private_dummy
5453	3165	1184562466	real
5453	3166	1241675220	real
5453	3167	1184562466	real
5453	13811	17251681513422	private_dummy
5454	6657	1536494450	real
5454	13812	17251681513422	private_dummy
5455	6539	1347326682	real
5455	13813	17251681513422	private_dummy
5456	6659	1227292212	real
5456	13814	17251681513422	private_dummy
5457	6661	1151478732	real
5457	13815	17251681513422	private_dummy
5458	6563	1111345418	real
5458	13816	17251681513422	private_dummy
5459	6663	733552537	real
5459	13817	17251681513422	private_dummy
5460	6571	576220084	real
5460	13818	17251681513422	private_dummy
5461	6574	576220084	real
5461	13819	17251681513422	private_dummy
5462	407	1869695623	real
5462	408	1869695623	real
5462	13820	17251681513422	private_dummy
5463	1130	1593607205	real
5463	1131	1593607205	real
5463	13821	17251681513422	private_dummy
5464	1730	1404439436	real
5464	1731	1404439436	real
5464	1982	1347326682	real
5464	1983	1347326682	real
5464	13822	17251681513422	private_dummy
5465	2208	1284404966	real
5465	2209	1284404966	real
5465	13823	17251681513422	private_dummy
5466	2590	1208591486	real
5466	2591	1208591486	real
5466	13824	17251681513422	private_dummy
5467	2881	1168458172	real
5467	2882	1168458172	real
5467	3044	1111345418	real
5467	3045	1111345418	real
5467	13825	17251681513422	private_dummy
5468	3140	1241675220	real
5468	3141	1241675220	real
5468	13826	17251681513422	private_dummy
5469	3144	1338005600	real
5469	3145	1338005600	real
5469	3147	1280892846	real
5469	3148	1280892846	real
5469	13827	17251681513422	private_dummy
5470	3150	1487160959	real
5470	3151	1487160959	real
5470	3153	1430048205	real
5470	3154	1430048205	real
5470	13828	17251681513422	private_dummy
5471	3156	1759226661	real
5471	3157	1759226661	real
5471	3159	1702113907	real
5471	3160	1702113907	real
5471	13829	17251681513422	private_dummy
5472	3114	1111345418	real
5472	3116	1168458172	real
5472	3162	1111345418	real
5472	3163	1111345418	real
5472	13830	17251681513422	private_dummy
5473	414	1869695623	real
5473	415	1869695623	real
5473	743	1869695623	real
5473	13831	17251681513422	private_dummy
5474	1736	1347326682	real
5474	1737	1404439436	real
5474	13832	17251681513422	private_dummy
5475	2597	1151478732	real
5475	2598	1208591486	real
5475	2785	1151478732	real
5475	13833	17251681513422	private_dummy
5476	3121	1111345418	real
5476	3122	1111345418	real
5476	3205	1111345418	real
5476	13834	17251681513422	private_dummy
5477	6534	1536494450	real
5477	13835	17251681513422	private_dummy
5478	6665	1347326682	real
5478	13836	17251681513422	private_dummy
5479	6549	1227292212	real
5479	13837	17251681513422	private_dummy
5480	6667	1151478732	real
5480	13838	17251681513422	private_dummy
5481	6565	1111345418	real
5481	13839	17251681513422	private_dummy
5482	6569	840211832	real
5482	13840	17251681513422	private_dummy
5483	6578	576220084	real
5483	13841	17251681513422	private_dummy
5484	6581	461997836	real
5484	13842	17251681513422	private_dummy
5485	412	1869695623	real
5485	413	1869695623	real
5485	13843	17251681513422	private_dummy
5486	1135	1593607205	real
5486	1136	1593607205	real
5486	1422	1536494450	real
5486	13844	17251681513422	private_dummy
5487	1734	1404439436	real
5487	1735	1404439436	real
5487	1986	1347326682	real
5487	13845	17251681513422	private_dummy
5488	2213	1284404966	real
5488	2214	1284404966	real
5488	2428	1227292212	real
5488	13846	17251681513422	private_dummy
5489	2595	1208591486	real
5489	2596	1208591486	real
5489	13847	17251681513422	private_dummy
5490	2885	1168458172	real
5490	2886	1168458172	real
5490	3048	1111345418	real
5490	3049	1111345418	real
5490	13848	17251681513422	private_dummy
5491	3140	1184357587	real
5491	3142	1184357587	real
5491	3165	1127244833	real
5491	13849	17251681513422	private_dummy
5492	3179	1338005600	real
5492	3180	1338005600	real
5492	3182	1280892846	real
5492	3183	1280892846	real
5492	13850	17251681513422	private_dummy
5493	3185	1487160959	real
5493	3186	1487160959	real
5493	3188	1430048205	real
5493	3189	1430048205	real
5493	13851	17251681513422	private_dummy
5494	3191	1759226661	real
5494	3192	1759226661	real
5494	3194	1702113907	real
5494	3195	1702113907	real
5494	13852	17251681513422	private_dummy
5495	3118	1111345418	real
5495	3120	1168458172	real
5495	3197	1111345418	real
5495	13853	17251681513422	private_dummy
5496	420	1869695623	real
5496	421	1869695623	real
5496	745	1869695623	real
5496	13854	17251681513422	private_dummy
5497	1142	1536494450	real
5497	1143	1593607205	real
5497	1426	1536494450	real
5497	13855	17251681513422	private_dummy
5498	2220	1227292212	real
5498	2221	1284404966	real
5498	2432	1227292212	real
5498	13856	17251681513422	private_dummy
5499	2892	1111345418	real
5499	2893	1168458172	real
5499	13857	17251681513422	private_dummy
5500	3147	1127244833	real
5500	3149	1184357587	real
5500	3170	1127244833	real
5500	13858	17251681513422	private_dummy
5501	3182	1184562466	real
5501	3184	1241675220	real
5501	13859	17251681513422	private_dummy
5502	6669	1536494450	real
5502	13860	17251681513422	private_dummy
5503	6543	1347326682	real
5503	13861	17251681513422	private_dummy
5504	6671	1227292212	real
5504	13862	17251681513422	private_dummy
5505	6557	1151478732	real
5505	13863	17251681513422	private_dummy
5506	6673	1111345418	real
5506	13864	17251681513422	private_dummy
5507	6675	840211832	real
5507	13865	17251681513422	private_dummy
5508	6677	654884065	real
5508	13866	17251681513422	private_dummy
5509	6585	600626871	real
5509	13867	17251681513422	private_dummy
5510	417	1869695623	real
5510	418	1869695623	real
5510	13868	17251681513422	private_dummy
5511	1139	1593607205	real
5511	1140	1593607205	real
5511	13869	17251681513422	private_dummy
5512	1739	1404439436	real
5512	1740	1404439436	real
5512	1989	1347326682	real
5512	1990	1347326682	real
5512	13870	17251681513422	private_dummy
5513	2217	1284404966	real
5513	2218	1284404966	real
5513	13871	17251681513422	private_dummy
5514	2600	1208591486	real
5514	2601	1208591486	real
5514	2787	1151478732	real
5514	13872	17251681513422	private_dummy
5515	2889	1168458172	real
5515	2890	1168458172	real
5515	3052	1111345418	real
5515	13873	17251681513422	private_dummy
5516	3144	1184357587	real
5516	3146	1184357587	real
5516	13874	17251681513422	private_dummy
5517	3179	1241675220	real
5517	3181	1241675220	real
5517	3200	1184562466	real
5517	13875	17251681513422	private_dummy
5518	3210	1487160959	real
5518	3211	1487160959	real
5518	3213	1430048205	real
5518	3214	1430048205	real
5518	13876	17251681513422	private_dummy
5519	3216	1759226661	real
5519	3217	1759226661	real
5519	3219	1702113907	real
5519	3220	1702113907	real
5519	13877	17251681513422	private_dummy
5520	3123	1111345418	real
5520	3125	1168458172	real
5520	3222	1111345418	real
5520	3223	1111345418	real
5520	13878	17251681513422	private_dummy
5521	426	1869695623	real
5521	427	1869695623	real
5521	747	1869695623	real
5521	13879	17251681513422	private_dummy
5522	1148	1536494450	real
5522	1149	1593607205	real
5522	1428	1536494450	real
5522	13880	17251681513422	private_dummy
5523	1747	1347326682	real
5523	1748	1404439436	real
5523	13881	17251681513422	private_dummy
5524	2608	1151478732	real
5524	2609	1208591486	real
5524	2790	1151478732	real
5524	13882	17251681513422	private_dummy
5525	2898	1111345418	real
5525	2899	1168458172	real
5525	13883	17251681513422	private_dummy
5526	3153	1127244833	real
5526	3155	1184357587	real
5526	3172	1127244833	real
5526	13884	17251681513422	private_dummy
5527	3188	1184562466	real
5527	3190	1241675220	real
5527	13885	17251681513422	private_dummy
5528	3213	1280892846	real
5528	3215	1338005600	real
5528	13886	17251681513422	private_dummy
5529	6679	1536494450	real
5529	13887	17251681513422	private_dummy
5530	6681	1347326682	real
5530	13888	17251681513422	private_dummy
5531	6553	1227292212	real
5531	13889	17251681513422	private_dummy
5532	6683	1151478732	real
5532	13890	17251681513422	private_dummy
5533	6685	1111345418	real
5533	13891	17251681513422	private_dummy
5534	6687	840211832	real
5534	13892	17251681513422	private_dummy
5535	6689	654884065	real
5535	13893	17251681513422	private_dummy
5536	6691	611773859	real
5536	13894	17251681513422	private_dummy
5537	423	1869695623	real
5537	424	1869695623	real
5537	13895	17251681513422	private_dummy
5538	1145	1593607205	real
5538	1146	1593607205	real
5538	13896	17251681513422	private_dummy
5539	1744	1404439436	real
5539	1745	1404439436	real
5539	1992	1347326682	real
5539	13897	17251681513422	private_dummy
5540	2223	1284404966	real
5540	2224	1284404966	real
5540	2434	1227292212	real
5540	13898	17251681513422	private_dummy
5541	2605	1208591486	real
5541	2606	1208591486	real
5541	13899	17251681513422	private_dummy
5542	2895	1168458172	real
5542	2896	1168458172	real
5542	3054	1111345418	real
5542	13900	17251681513422	private_dummy
5543	3150	1184357587	real
5543	3152	1184357587	real
5543	13901	17251681513422	private_dummy
5544	3185	1241675220	real
5544	3187	1241675220	real
5544	3202	1184562466	real
5544	13902	17251681513422	private_dummy
5545	3210	1338005600	real
5545	3212	1338005600	real
5545	3226	1280892846	real
5545	13903	17251681513422	private_dummy
5546	3234	1759226661	real
5546	3235	1759226661	real
5546	3237	1702113907	real
5546	3238	1702113907	real
5546	13904	17251681513422	private_dummy
5547	3127	1111345418	real
5547	3129	1190013890	real
5547	3240	1111345418	real
5547	3241	1111345418	real
5547	13905	17251681513422	private_dummy
5548	1154	1536494450	real
5548	1155	1593607205	real
5548	1430	1536494450	real
5548	13906	17251681513422	private_dummy
5549	1753	1347326682	real
5549	1754	1404439436	real
5549	13907	17251681513422	private_dummy
5550	2231	1227292212	real
5550	2232	1284404966	real
5550	2437	1227292212	real
5550	13908	17251681513422	private_dummy
5551	2614	1151478732	real
5551	2615	1208591486	real
5551	2792	1151478732	real
5551	13909	17251681513422	private_dummy
5552	2904	1111345418	real
5552	2905	1168458172	real
5552	13910	17251681513422	private_dummy
5553	3159	1127244833	real
5553	3161	1184357587	real
5553	3174	1127244833	real
5553	13911	17251681513422	private_dummy
5554	3194	1184562466	real
5554	3196	1241675220	real
5554	13912	17251681513422	private_dummy
5555	3219	1280892846	real
5555	3221	1338005600	real
5555	13913	17251681513422	private_dummy
5556	3237	1430048205	real
5556	3239	1487160959	real
5556	13914	17251681513422	private_dummy
5557	6693	1536494450	real
5557	13915	17251681513422	private_dummy
5558	6695	1347326682	real
5558	13916	17251681513422	private_dummy
5559	6697	1227292212	real
5559	13917	17251681513422	private_dummy
5560	6699	1151478732	real
5560	13918	17251681513422	private_dummy
5561	6701	1111345418	real
5561	13919	17251681513422	private_dummy
5562	6703	840211832	real
5562	13920	17251681513422	private_dummy
5563	6705	654884065	real
5563	13921	17251681513422	private_dummy
5564	6707	611773859	real
5564	13922	17251681513422	private_dummy
5565	429	1869695623	real
5565	430	1869695623	real
5565	749	1869695623	real
5565	13923	17251681513422	private_dummy
5566	1151	1593607205	real
5566	1152	1593607205	real
5566	13924	17251681513422	private_dummy
5567	1750	1404439436	real
5567	1751	1404439436	real
5567	1994	1347326682	real
5567	13925	17251681513422	private_dummy
5568	2228	1284404966	real
5568	2229	1284404966	real
5568	13926	17251681513422	private_dummy
5569	2611	1208591486	real
5569	2612	1208591486	real
5569	13927	17251681513422	private_dummy
5570	2901	1168458172	real
5570	2902	1168458172	real
5570	3056	1111345418	real
5570	13928	17251681513422	private_dummy
5571	3156	1184357587	real
5571	3158	1184357587	real
5571	13929	17251681513422	private_dummy
5572	3191	1241675220	real
5572	3193	1241675220	real
5572	3204	1184562466	real
5572	13930	17251681513422	private_dummy
5573	3216	1338005600	real
5573	3218	1338005600	real
5573	3228	1280892846	real
5573	13931	17251681513422	private_dummy
5574	3234	1487160959	real
5574	3236	1487160959	real
5574	3244	1430048205	real
5574	13932	17251681513422	private_dummy
5575	3132	1111345418	real
5575	3134	1111345418	real
5575	3250	1111345418	real
5575	3251	1111345418	real
5575	13933	17251681513422	private_dummy
5576	1756	1347326682	real
5576	1757	1404439436	real
5576	1996	1347326682	real
5576	13934	17251681513422	private_dummy
5577	2234	1227292212	real
5577	2235	1284404966	real
5577	13935	17251681513422	private_dummy
5578	2617	1151478732	real
5578	2618	1208591486	real
5578	13936	17251681513422	private_dummy
5579	2907	1111345418	real
5579	2908	1168458172	real
5579	3058	1111345418	real
5579	13937	17251681513422	private_dummy
5580	3162	1127244833	real
5580	3164	1184357587	real
5580	13938	17251681513422	private_dummy
5581	3222	1280892846	real
5581	3224	1338005600	real
5581	3230	1280892846	real
5581	13939	17251681513422	private_dummy
5582	3240	1430048205	real
5582	3242	1487160959	real
5582	3246	1430048205	real
5582	13940	17251681513422	private_dummy
5583	3250	1702113907	real
5583	3252	1759226661	real
5583	3254	1702113907	real
5583	13941	17251681513422	private_dummy
5584	404	1869695623	real
5584	405	1869695623	real
5584	737	1869695623	real
5584	13942	17251681513422	private_dummy
5585	1127	1536494450	real
5585	1128	1536494450	real
5585	1417	1536494450	real
5585	13943	17251681513422	private_dummy
5586	1727	1347326682	real
5586	1728	1347326682	real
5586	13944	17251681513422	private_dummy
5587	2205	1227292212	real
5587	2206	1227292212	real
5587	2423	1227292212	real
5587	13945	17251681513422	private_dummy
5588	2587	1151478732	real
5588	2588	1151478732	real
5588	13946	17251681513422	private_dummy
5589	2878	1111345418	real
5589	2879	1111345418	real
5589	13947	17251681513422	private_dummy
5590	3114	1127244833	real
5590	3115	1127244833	real
5590	13948	17251681513422	private_dummy
5591	3118	1184562466	real
5591	3119	1184562466	real
5591	3121	1184562466	real
5591	13949	17251681513422	private_dummy
5592	3123	1280892846	real
5592	3124	1280892846	real
5592	13950	17251681513422	private_dummy
5593	3127	1430048205	real
5593	3128	1430048205	real
5593	3130	1430048205	real
5593	13951	17251681513422	private_dummy
5594	3132	1702113907	real
5594	3133	1702113907	real
5594	3135	1702113907	real
5594	13952	17251681513422	private_dummy
5595	6627	773151825	real
5595	13953	17251681513422	private_dummy
5596	6627	773151825	real
5596	13954	17251681513422	private_dummy
5597	6628	576220084	real
5597	13955	17251681513422	private_dummy
5598	6628	576220084	real
5598	13956	17251681513422	private_dummy
5599	6629	773151825	real
5599	13957	17251681513422	private_dummy
5600	6629	773151825	real
5600	13958	17251681513422	private_dummy
5601	6630	597771310	real
5601	13959	17251681513422	private_dummy
5602	6630	654884065	real
5602	13960	17251681513422	private_dummy
5603	6631	543514117	real
5603	13961	17251681513422	private_dummy
5604	6631	600626871	real
5604	13962	17251681513422	private_dummy
5605	6632	716039070	real
5605	13963	17251681513422	private_dummy
5606	6632	716039070	real
5606	13964	17251681513422	private_dummy
5607	3300	1430048205	real
5607	13965	17251681513422	private_dummy
5608	3292	1280892846	real
5608	13966	17251681513422	private_dummy
5609	3280	1184562466	real
5609	13967	17251681513422	private_dummy
5610	2922	1111345418	real
5610	13968	17251681513422	private_dummy
5611	1771	1347326682	real
5611	13969	17251681513422	private_dummy
5612	3290	1280892846	real
5612	13970	17251681513422	private_dummy
5613	3278	1184562466	real
5613	13971	17251681513422	private_dummy
5614	2920	1111345418	real
5614	13972	17251681513422	private_dummy
5615	1769	1347326682	real
5615	13973	17251681513422	private_dummy
5616	3276	1184562466	real
5616	13974	17251681513422	private_dummy
5617	2918	1111345418	real
5617	13975	17251681513422	private_dummy
5618	3126	1103469220	real
5618	13976	17251681513422	private_dummy
5619	1764	1347326682	real
5619	13977	17251681513422	private_dummy
5620	3122	1103469220	real
5620	13978	17251681513422	private_dummy
5621	3117	1103469220	real
5621	13979	17251681513422	private_dummy
5622	3042	1103469220	real
5622	13980	17251681513422	private_dummy
5623	2779	1103469220	real
5623	13981	17251681513422	private_dummy
5624	2250	1227292212	real
5624	13982	17251681513422	private_dummy
5625	1980	1103469220	real
5625	13983	17251681513422	private_dummy
5626	1416	1103469220	real
5626	13984	17251681513422	private_dummy
5627	736	1103469220	real
5627	13985	17251681513422	private_dummy
5628	6762	914949965	real
5628	13986	17251681513422	private_dummy
5629	6760	473731594	real
5629	13987	17251681513422	private_dummy
5630	6765	664222044	real
5630	13988	17251681513422	private_dummy
5631	6765	603067038	real
5631	13989	17251681513422	private_dummy
5632	6751	114222248	real
5632	6753	114222248	real
5632	13990	17251681513422	private_dummy
5633	6758	348368880	real
5633	6759	348368880	real
5633	13991	17251681513422	private_dummy
5634	6746	92666530	real
5634	6747	231295564	real
5634	13992	17251681513422	private_dummy
5635	6748	285552758	real
5635	6750	285552758	real
5635	13993	17251681513422	private_dummy
5636	6772	209739846	real
5636	13994	17251681513422	private_dummy
5637	6747	445740772	real
5637	13995	17251681513422	private_dummy
5638	6756	652617141	real
5638	13996	17251681513422	private_dummy
5639	6774	539597253	real
5639	13997	17251681513422	private_dummy
5640	6746	347364688	real
5640	13998	17251681513422	private_dummy
5641	6754	129410256	real
5641	13999	17251681513422	private_dummy
5642	6776	754689937	real
5642	14000	17251681513422	private_dummy
5643	6750	382918462	real
5643	6753	382918462	real
5643	14001	17251681513422	private_dummy
5644	6761	383454751	real
5644	14002	17251681513422	private_dummy
5645	6778	625354492	real
5645	14003	17251681513422	private_dummy
5646	6748	516840406	real
5646	6751	516840406	real
5646	14004	17251681513422	private_dummy
5647	6754	232027299	real
5647	6756	446472507	real
5647	14005	17251681513422	private_dummy
5648	6780	713772147	real
5648	14006	17251681513422	private_dummy
5649	6767	624622757	real
5649	14007	17251681513422	private_dummy
5650	6767	603067038	real
5650	14008	17251681513422	private_dummy
5651	6765	624622757	real
5651	6766	388628018	real
5651	6771	231295564	real
5651	14009	17251681513422	private_dummy
5652	6775	540250916	real
5652	14010	17251681513422	private_dummy
5653	6777	249998983	real
5653	14011	17251681513422	private_dummy
5654	6765	657324232	real
5654	6766	559958528	real
5654	6773	402626074	real
5654	14012	17251681513422	private_dummy
5655	6775	711581426	real
5655	14013	17251681513422	private_dummy
5656	6777	249998983	real
5656	14014	17251681513422	private_dummy
5657	6764	402626074	real
5657	14015	17251681513422	private_dummy
5658	6779	343855464	real
5658	14016	17251681513422	private_dummy
5659	6781	554248972	real
5659	14017	17251681513422	private_dummy
5660	6764	402626074	real
5660	14018	17251681513422	private_dummy
5661	6779	343855464	real
5661	14019	17251681513422	private_dummy
5662	6781	554248972	real
5662	14020	17251681513422	private_dummy
5663	6763	617071282	real
5663	14021	17251681513422	private_dummy
5664	6763	657324232	real
5664	14022	17251681513422	private_dummy
5665	6719	405465967	real
5665	6720	405465967	real
5665	14023	17251681513422	private_dummy
5666	6749	501181730	real
5666	14024	17251681513422	private_dummy
5667	6745	696462506	real
5667	14025	17251681513422	private_dummy
5668	6745	718018225	real
5668	14026	17251681513422	private_dummy
5669	6709	798782256	real
5669	6710	855895011	real
5669	14027	17251681513422	private_dummy
5670	6711	382913971	real
5670	6712	382913971	real
5670	14028	17251681513422	private_dummy
5671	6713	628199503	real
5671	6714	628199503	real
5671	14029	17251681513422	private_dummy
5672	6715	895769196	real
5672	6716	895769196	real
5672	14030	17251681513422	private_dummy
5673	6717	625354492	real
5673	6718	625354492	real
5673	14031	17251681513422	private_dummy
5674	6789	603795977	real
5674	14032	17251681513422	private_dummy
5675	6789	625351696	real
5675	14033	17251681513422	private_dummy
5676	6710	855895011	real
5676	14034	17251681513422	private_dummy
5677	6728	285548266	real
5677	6729	285548266	real
5677	14035	17251681513422	private_dummy
5678	6730	459723160	real
5678	14036	17251681513422	private_dummy
5679	6752	407325250	real
5679	14037	17251681513422	private_dummy
5680	6791	603795977	real
5680	14038	17251681513422	private_dummy
5681	6791	625351696	real
5681	14039	17251681513422	private_dummy
5682	6709	1052445090	real
5682	14040	17251681513422	private_dummy
5683	6721	225581517	real
5683	6722	282694271	real
5683	14041	17251681513422	private_dummy
5684	6723	313543580	real
5684	6724	313543580	real
5684	14042	17251681513422	private_dummy
5685	6725	525124244	real
5685	14043	17251681513422	private_dummy
5686	6726	407325250	real
5686	6727	407325250	real
5686	14044	17251681513422	private_dummy
5687	6793	696462506	real
5687	14045	17251681513422	private_dummy
5688	6793	810684754	real
5688	14046	17251681513422	private_dummy
5689	6712	568241738	real
5689	14047	17251681513422	private_dummy
5690	6722	396916519	real
5690	14048	17251681513422	private_dummy
5691	6737	525124244	real
5691	6738	525124244	real
5691	14049	17251681513422	private_dummy
5692	6755	713772147	real
5692	14050	17251681513422	private_dummy
5693	6795	475584991	real
5693	14051	17251681513422	private_dummy
5694	6795	521547497	real
5694	14052	17251681513422	private_dummy
5695	6711	670359104	real
5695	14053	17251681513422	private_dummy
5696	6721	670359104	real
5696	14054	17251681513422	private_dummy
5697	6731	313543580	real
5697	6732	370656334	real
5697	14055	17251681513422	private_dummy
5698	6733	438906293	real
5698	6734	438906293	real
5698	14056	17251681513422	private_dummy
5699	6735	501181730	real
5699	6736	501181730	real
5699	14057	17251681513422	private_dummy
5700	6797	806140331	real
5700	14058	17251681513422	private_dummy
5701	6797	325805708	real
5701	14059	17251681513422	private_dummy
5702	6714	628199503	real
5702	6720	628199503	real
5702	14060	17251681513422	private_dummy
5703	6724	313543580	real
5703	6729	313543580	real
5703	14061	17251681513422	private_dummy
5704	6732	256434086	real
5704	14062	17251681513422	private_dummy
5705	6741	952881950	real
5705	14063	17251681513422	private_dummy
5706	6742	381059179	real
5706	14064	17251681513422	private_dummy
5707	6799	606657260	real
5707	14065	17251681513422	private_dummy
5708	6799	192886229	real
5708	14066	17251681513422	private_dummy
5709	6713	577990920	real
5709	6719	577990920	real
5709	14067	17251681513422	private_dummy
5710	6723	300740766	real
5710	6728	300740766	real
5710	14068	17251681513422	private_dummy
5711	6731	371846286	real
5711	14069	17251681513422	private_dummy
5712	6739	647430763	real
5712	14070	17251681513422	private_dummy
5713	6740	405465967	real
5713	14071	17251681513422	private_dummy
5714	6801	593854447	real
5714	14072	17251681513422	private_dummy
5715	6801	192886229	real
5715	14073	17251681513422	private_dummy
5716	6716	895769196	real
5716	14074	17251681513422	private_dummy
5717	6734	253578526	real
5717	6738	253578526	real
5717	14075	17251681513422	private_dummy
5718	6757	713772147	real
5718	14076	17251681513422	private_dummy
5719	6803	818237924	real
5719	14077	17251681513422	private_dummy
5720	6803	286742710	real
5720	14078	17251681513422	private_dummy
5721	6715	726099236	real
5721	14079	17251681513422	private_dummy
5722	6725	381059179	real
5722	6730	381059179	real
5722	14080	17251681513422	private_dummy
5723	6733	174914545	real
5723	6737	174914545	real
5723	14081	17251681513422	private_dummy
5724	6739	726099236	real
5724	6741	783211990	real
5724	14082	17251681513422	private_dummy
5725	6743	459723160	real
5725	6744	595504387	real
5725	14083	17251681513422	private_dummy
5726	6805	674172860	real
5726	14084	17251681513422	private_dummy
5727	6805	286742710	real
5727	14085	17251681513422	private_dummy
5728	6718	654884065	real
5728	14086	17251681513422	private_dummy
5729	6727	483553555	real
5729	14087	17251681513422	private_dummy
5730	6736	501181730	real
5730	14088	17251681513422	private_dummy
5731	6744	595504387	real
5731	14089	17251681513422	private_dummy
5732	6807	771961873	real
5732	14090	17251681513422	private_dummy
5733	6807	521547497	real
5733	14091	17251681513422	private_dummy
5734	6717	1109557844	real
5734	14092	17251681513422	private_dummy
5735	6726	727471858	real
5735	14093	17251681513422	private_dummy
5736	6735	428959040	real
5736	14094	17251681513422	private_dummy
5737	6740	726099236	real
5737	6742	726099236	real
5737	14095	17251681513422	private_dummy
5738	6743	1211545455	real
5738	14096	17251681513422	private_dummy
5739	6809	909215591	real
5739	14097	17251681513422	private_dummy
5740	6809	521547497	real
5740	14098	17251681513422	private_dummy
5741	6769	639349752	real
5741	6788	639349752	real
5741	14099	17251681513422	private_dummy
5742	6792	639349752	real
5742	14100	17251681513422	private_dummy
5743	6794	525127505	real
5743	14101	17251681513422	private_dummy
5744	6769	742425012	real
5744	6790	742425012	real
5744	14102	17251681513422	private_dummy
5745	6792	718018225	real
5745	14103	17251681513422	private_dummy
5746	6794	525127505	real
5746	14104	17251681513422	private_dummy
5747	6796	639349752	real
5747	14105	17251681513422	private_dummy
5748	6798	382913971	real
5748	14106	17251681513422	private_dummy
5749	6796	639349752	real
5749	14107	17251681513422	private_dummy
5750	6798	382913971	real
5750	14108	17251681513422	private_dummy
5751	6800	265186991	real
5751	14109	17251681513422	private_dummy
5752	6802	231291072	real
5752	14110	17251681513422	private_dummy
5753	6800	265186991	real
5753	14111	17251681513422	private_dummy
5754	6802	231291072	real
5754	14112	17251681513422	private_dummy
5755	6804	265186991	real
5755	14113	17251681513422	private_dummy
5756	6806	382913971	real
5756	14114	17251681513422	private_dummy
5757	6804	265186991	real
5757	14115	17251681513422	private_dummy
5758	6806	382913971	real
5758	14116	17251681513422	private_dummy
5759	6808	516835914	real
5759	14117	17251681513422	private_dummy
5760	6810	600626871	real
5760	14118	17251681513422	private_dummy
5761	6808	516835914	real
5761	14119	17251681513422	private_dummy
5762	6810	600626871	real
5762	14120	17251681513422	private_dummy
5763	6770	277989805	real
5763	14121	17251681513422	private_dummy
5764	6770	416618840	real
5764	14122	17251681513422	private_dummy
5765	6767	603067038	real
5765	6768	385769531	real
5765	14123	17251681513422	private_dummy
5766	6767	603067038	real
5766	6768	464438004	real
5766	14124	17251681513422	private_dummy
5767	447	1869695623	real
5767	14125	17251681513422	private_dummy
5768	3135	1103469220	real
5768	3136	1103469220	real
5768	14126	17251681513422	private_dummy
5769	3299	1487160959	real
5769	3301	1430048205	real
5769	14127	17251681513422	private_dummy
5770	3291	1338005600	real
5770	3296	1280892846	real
5770	14128	17251681513422	private_dummy
5771	3279	1241675220	real
5771	3286	1184562466	real
5771	14129	17251681513422	private_dummy
5772	3264	1184357587	real
5772	3265	1127244833	real
5772	3272	1127244833	real
5772	14130	17251681513422	private_dummy
5773	2921	1168458172	real
5773	3064	1111345418	real
5773	14131	17251681513422	private_dummy
5774	2630	1208591486	real
5774	2631	1151478732	real
5774	2800	1151478732	real
5774	14132	17251681513422	private_dummy
5775	2248	1284404966	real
5775	2249	1227292212	real
5775	2444	1227292212	real
5775	14133	17251681513422	private_dummy
5776	1770	1404439436	real
5776	2002	1347326682	real
5776	14134	17251681513422	private_dummy
5777	1169	1593607205	real
5777	1170	1536494450	real
5777	1438	1536494450	real
5777	14135	17251681513422	private_dummy
5778	445	1869695623	real
5778	446	1869695623	real
5778	14136	17251681513422	private_dummy
5779	3133	1103469220	real
5779	3134	1103469220	real
5779	14137	17251681513422	private_dummy
5780	6812	1109557844	real
5780	14138	17251681513422	private_dummy
5781	6814	934563483	real
5781	14139	17251681513422	private_dummy
5782	6816	830547118	real
5782	14140	17251681513422	private_dummy
5783	6818	558294485	real
5783	14141	17251681513422	private_dummy
5784	6820	428959040	real
5784	14142	17251681513422	private_dummy
5785	6822	335102559	real
5785	14143	17251681513422	private_dummy
5786	6824	335102559	real
5786	14144	17251681513422	private_dummy
5787	6826	428959040	real
5787	14145	17251681513422	private_dummy
5788	3301	1702113907	real
5788	3302	1702113907	real
5788	14146	17251681513422	private_dummy
5789	2247	1227292212	real
5789	14147	17251681513422	private_dummy
5790	3130	1103469220	real
5790	3131	1103469220	real
5790	14148	17251681513422	private_dummy
5791	3299	1759226661	real
5791	14149	17251681513422	private_dummy
5792	3289	1338005600	real
5792	3294	1280892846	real
5792	14150	17251681513422	private_dummy
5793	3277	1241675220	real
5793	3284	1184562466	real
5793	14151	17251681513422	private_dummy
5794	3262	1184357587	real
5794	3263	1127244833	real
5794	3270	1127244833	real
5794	14152	17251681513422	private_dummy
5795	2919	1168458172	real
5795	3062	1111345418	real
5795	14153	17251681513422	private_dummy
5796	2628	1208591486	real
5796	2629	1151478732	real
5796	2798	1151478732	real
5796	14154	17251681513422	private_dummy
5797	2245	1284404966	real
5797	2246	1227292212	real
5797	14155	17251681513422	private_dummy
5798	1768	1404439436	real
5798	2000	1347326682	real
5798	14156	17251681513422	private_dummy
5799	1167	1593607205	real
5799	1168	1536494450	real
5799	1436	1536494450	real
5799	14157	17251681513422	private_dummy
5800	443	1869695623	real
5800	444	1869695623	real
5800	757	1869695623	real
5800	14158	17251681513422	private_dummy
5801	3128	1103469220	real
5801	3129	1182137693	real
5801	14159	17251681513422	private_dummy
5802	6829	1245339071	real
5802	14160	17251681513422	private_dummy
5803	6831	934563483	real
5803	14161	17251681513422	private_dummy
5804	6833	770586556	real
5804	14162	17251681513422	private_dummy
5805	6835	464438004	real
5805	14163	17251681513422	private_dummy
5806	6837	322299745	real
5806	14164	17251681513422	private_dummy
5807	6839	228443265	real
5807	14165	17251681513422	private_dummy
5808	6841	228443265	real
5808	14166	17251681513422	private_dummy
5809	6843	322299745	real
5809	14167	17251681513422	private_dummy
5810	3296	1702113907	real
5810	3297	1702113907	real
5810	14168	17251681513422	private_dummy
5811	3294	1430048205	real
5811	3295	1430048205	real
5811	14169	17251681513422	private_dummy
5812	2627	1151478732	real
5812	14170	17251681513422	private_dummy
5813	1766	1347326682	real
5813	1767	1347326682	real
5813	14171	17251681513422	private_dummy
5814	3291	1759226661	real
5814	14172	17251681513422	private_dummy
5815	3289	1487160959	real
5815	14173	17251681513422	private_dummy
5816	3275	1241675220	real
5816	3282	1184562466	real
5816	14174	17251681513422	private_dummy
5817	3260	1184357587	real
5817	3261	1127244833	real
5817	3268	1127244833	real
5817	14175	17251681513422	private_dummy
5818	2917	1168458172	real
5818	3060	1111345418	real
5818	14176	17251681513422	private_dummy
5819	2625	1208591486	real
5819	2626	1151478732	real
5819	14177	17251681513422	private_dummy
5820	2243	1284404966	real
5820	2244	1227292212	real
5820	2441	1227292212	real
5820	14178	17251681513422	private_dummy
5821	1765	1404439436	real
5821	14179	17251681513422	private_dummy
5822	1165	1593607205	real
5822	1166	1536494450	real
5822	1434	1536494450	real
5822	14180	17251681513422	private_dummy
5823	441	1869695623	real
5823	442	1869695623	real
5823	755	1869695623	real
5823	14181	17251681513422	private_dummy
5824	3124	1103469220	real
5824	3125	1160581975	real
5824	3293	1103469220	real
5824	14182	17251681513422	private_dummy
5825	6846	1430048205	real
5825	14183	17251681513422	private_dummy
5826	6848	1130305272	real
5826	14184	17251681513422	private_dummy
5827	6850	830547118	real
5827	14185	17251681513422	private_dummy
5828	6852	464438004	real
5828	14186	17251681513422	private_dummy
5829	6854	303596327	real
5829	14187	17251681513422	private_dummy
5830	6856	209739846	real
5830	14188	17251681513422	private_dummy
5831	6858	209739846	real
5831	14189	17251681513422	private_dummy
5832	6860	303596327	real
5832	14190	17251681513422	private_dummy
5833	3286	1702113907	real
5833	3287	1702113907	real
5833	14191	17251681513422	private_dummy
5834	3284	1430048205	real
5834	3285	1430048205	real
5834	14192	17251681513422	private_dummy
5835	3282	1280892846	real
5835	3283	1280892846	real
5835	14193	17251681513422	private_dummy
5836	3259	1127244833	real
5836	14194	17251681513422	private_dummy
5837	2915	1111345418	real
5837	2916	1111345418	real
5837	14195	17251681513422	private_dummy
5838	2242	1227292212	real
5838	14196	17251681513422	private_dummy
5839	1164	1536494450	real
5839	14197	17251681513422	private_dummy
5840	3279	1759226661	real
5840	14198	17251681513422	private_dummy
5841	3277	1487160959	real
5841	14199	17251681513422	private_dummy
5842	3275	1338005600	real
5842	14200	17251681513422	private_dummy
5843	3256	1184357587	real
5843	3258	1127244833	real
5843	14201	17251681513422	private_dummy
5844	2914	1168458172	real
5844	14202	17251681513422	private_dummy
5845	2623	1208591486	real
5845	2624	1151478732	real
5845	2795	1151478732	real
5845	14203	17251681513422	private_dummy
5846	2240	1284404966	real
5846	2241	1227292212	real
5846	14204	17251681513422	private_dummy
5847	1763	1404439436	real
5847	1997	1347326682	real
5847	14205	17251681513422	private_dummy
5848	1162	1593607205	real
5848	1163	1536494450	real
5848	14206	17251681513422	private_dummy
5849	439	1869695623	real
5849	440	1869695623	real
5849	753	1869695623	real
5849	14207	17251681513422	private_dummy
5850	3119	1103469220	real
5850	3120	1160581975	real
5850	3281	1103469220	real
5850	14208	17251681513422	private_dummy
5851	6863	1430048205	real
5851	14209	17251681513422	private_dummy
5852	6865	1280892846	real
5852	14210	17251681513422	private_dummy
5853	6867	1060184826	real
5853	14211	17251681513422	private_dummy
5854	6869	558294485	real
5854	14212	17251681513422	private_dummy
5855	6871	361899033	real
5855	14213	17251681513422	private_dummy
5856	6873	268042552	real
5856	14214	17251681513422	private_dummy
5857	6875	268042552	real
5857	14215	17251681513422	private_dummy
5858	6877	361899033	real
5858	14216	17251681513422	private_dummy
5859	3272	1702113907	real
5859	3273	1702113907	real
5859	14217	17251681513422	private_dummy
5860	3270	1430048205	real
5860	3271	1430048205	real
5860	14218	17251681513422	private_dummy
5861	3268	1280892846	real
5861	3269	1280892846	real
5861	14219	17251681513422	private_dummy
5862	2911	1111345418	real
5862	2912	1111345418	real
5862	14220	17251681513422	private_dummy
5863	1760	1347326682	real
5863	1761	1347326682	real
5863	14221	17251681513422	private_dummy
5864	3264	1759226661	real
5864	14222	17251681513422	private_dummy
5865	3262	1487160959	real
5865	14223	17251681513422	private_dummy
5866	3260	1338005600	real
5866	14224	17251681513422	private_dummy
5867	3256	1241675220	real
5867	3257	1184562466	real
5867	3259	1184562466	real
5867	14225	17251681513422	private_dummy
5868	2910	1168458172	real
5868	14226	17251681513422	private_dummy
5869	2620	1208591486	real
5869	2621	1151478732	real
5869	2794	1151478732	real
5869	14227	17251681513422	private_dummy
5870	2237	1284404966	real
5870	2238	1227292212	real
5870	2439	1227292212	real
5870	14228	17251681513422	private_dummy
5871	1759	1404439436	real
5871	14229	17251681513422	private_dummy
5872	1159	1593607205	real
5872	1160	1536494450	real
5872	1432	1536494450	real
5872	14230	17251681513422	private_dummy
5873	436	1869695623	real
5873	437	1869695623	real
5873	752	1869695623	real
5873	14231	17251681513422	private_dummy
5874	3115	1103469220	real
5874	3116	1160581975	real
5874	3266	1103469220	real
5874	14232	17251681513422	private_dummy
5875	6880	1430048205	real
5875	14233	17251681513422	private_dummy
5876	6882	1280892846	real
5876	14234	17251681513422	private_dummy
5877	6884	1184562466	real
5877	14235	17251681513422	private_dummy
5878	6886	926024938	real
5878	14236	17251681513422	private_dummy
5879	6888	672516732	real
5879	14237	17251681513422	private_dummy
5880	6890	578660251	real
5880	14238	17251681513422	private_dummy
5881	6892	578660251	real
5881	14239	17251681513422	private_dummy
5882	6894	672516732	real
5882	14240	17251681513422	private_dummy
5883	2877	1160581975	real
5883	2879	1103469220	real
5883	2923	1103469220	real
5883	14241	17251681513422	private_dummy
5884	6165	1430048205	real
5884	6168	1602573158	real
5884	14242	17251681513422	private_dummy
5885	6162	1280892846	real
5885	14243	17251681513422	private_dummy
5886	6263	1184562466	real
5886	14244	17251681513422	private_dummy
5887	6261	1127244833	real
5887	14245	17251681513422	private_dummy
5888	6148	806438676	real
5888	14246	17251681513422	private_dummy
5889	6139	576800968	real
5889	14247	17251681513422	private_dummy
5890	6259	516840406	real
5890	14248	17251681513422	private_dummy
5891	6257	576800968	real
5891	14249	17251681513422	private_dummy
5892	2586	1160581975	real
5892	2588	1103469220	real
5892	2632	1103469220	real
5892	14250	17251681513422	private_dummy
5893	5732	1430048205	real
5893	5735	1602573158	real
5893	14251	17251681513422	private_dummy
5894	5729	1280892846	real
5894	14252	17251681513422	private_dummy
5895	5838	1184562466	real
5895	14253	17251681513422	private_dummy
5896	5836	1127244833	real
5896	14254	17251681513422	private_dummy
5897	5708	888611881	real
5897	14255	17251681513422	private_dummy
5898	5699	519691475	real
5898	14256	17251681513422	private_dummy
5899	5834	402618159	real
5899	14257	17251681513422	private_dummy
5900	5832	402618159	real
5900	14258	17251681513422	private_dummy
5901	2422	1103469220	real
5901	2423	1103469220	real
5901	14259	17251681513422	private_dummy
5902	2204	1160581975	real
5902	2206	1103469220	real
5902	14260	17251681513422	private_dummy
5903	5261	1430048205	real
5903	5264	1602573158	real
5903	14261	17251681513422	private_dummy
5904	5258	1280892846	real
5904	14262	17251681513422	private_dummy
5905	5379	1184562466	real
5905	14263	17251681513422	private_dummy
5906	5377	1127244833	real
5906	14264	17251681513422	private_dummy
5907	5237	888611881	real
5907	14265	17251681513422	private_dummy
5908	5223	692216429	real
5908	14266	17251681513422	private_dummy
5909	5375	495284688	real
5909	14267	17251681513422	private_dummy
5910	5373	462578721	real
5910	14268	17251681513422	private_dummy
5911	1726	1160581975	real
5911	1728	1103469220	real
5911	1772	1103469220	real
5911	14269	17251681513422	private_dummy
5912	4762	1430048205	real
5912	4765	1602573158	real
5912	14270	17251681513422	private_dummy
5913	4759	1280892846	real
5913	14271	17251681513422	private_dummy
5914	4886	1184562466	real
5914	14272	17251681513422	private_dummy
5915	4884	1127244833	real
5915	14273	17251681513422	private_dummy
5916	4738	888611881	real
5916	14274	17251681513422	private_dummy
5917	4724	692216429	real
5917	14275	17251681513422	private_dummy
5918	4882	633913723	real
5918	14276	17251681513422	private_dummy
5919	4880	573948669	real
5919	14277	17251681513422	private_dummy
5920	1126	1160581975	real
5920	1128	1103469220	real
5920	1171	1103469220	real
5920	14278	17251681513422	private_dummy
5921	4233	1430048205	real
5921	4236	1602573158	real
5921	14279	17251681513422	private_dummy
5922	4230	1280892846	real
5922	14280	17251681513422	private_dummy
5923	4359	1184562466	real
5923	14281	17251681513422	private_dummy
5924	4357	1127244833	real
5924	14282	17251681513422	private_dummy
5925	4209	888611881	real
5925	14283	17251681513422	private_dummy
5926	4195	692216429	real
5926	14284	17251681513422	private_dummy
5927	4355	633913723	real
5927	14285	17251681513422	private_dummy
5928	4353	652617141	real
5928	14286	17251681513422	private_dummy
5929	403	1160581975	real
5929	405	1103469220	real
5929	448	1103469220	real
5929	14287	17251681513422	private_dummy
5930	3671	1430048205	real
5930	3674	1602573158	real
5930	14288	17251681513422	private_dummy
5931	3668	1280892846	real
5931	14289	17251681513422	private_dummy
5932	3798	1184562466	real
5932	14290	17251681513422	private_dummy
5933	3796	1127244833	real
5933	14291	17251681513422	private_dummy
5934	3647	888611881	real
5934	14292	17251681513422	private_dummy
5935	3633	692216429	real
5935	14293	17251681513422	private_dummy
5936	3794	633913723	real
5936	14294	17251681513422	private_dummy
5937	3792	652617141	real
5937	14295	17251681513422	private_dummy
5938	3293	1280892846	real
5938	14296	17251681513422	private_dummy
5939	3281	1184562466	real
5939	14297	17251681513422	private_dummy
5940	3266	1127244833	real
5940	3267	1127244833	real
5940	14298	17251681513422	private_dummy
5941	2923	1111345418	real
5941	14299	17251681513422	private_dummy
5942	2632	1151478732	real
5942	2633	1151478732	real
5942	14300	17251681513422	private_dummy
5943	1772	1347326682	real
5943	14301	17251681513422	private_dummy
5944	1171	1536494450	real
5944	1172	1536494450	real
5944	14302	17251681513422	private_dummy
5945	448	1869695623	real
5945	449	1869695623	real
5945	14303	17251681513422	private_dummy
5946	6782	796682206	real
5946	14304	17251681513422	private_dummy
5947	6782	796682206	real
5947	14305	17251681513422	private_dummy
5948	6783	639349752	real
5948	14306	17251681513422	private_dummy
5949	6783	639349752	real
5949	14307	17251681513422	private_dummy
5950	6784	568241738	real
5950	14308	17251681513422	private_dummy
5951	6784	568241738	real
5951	14309	17251681513422	private_dummy
5952	6785	541247193	real
5952	14310	17251681513422	private_dummy
5953	6785	484134439	real
5953	14311	17251681513422	private_dummy
5954	6786	635103674	real
5954	14312	17251681513422	private_dummy
5955	6786	577990920	real
5955	14313	17251681513422	private_dummy
5956	6787	754689937	real
5956	14314	17251681513422	private_dummy
5957	6787	754689937	real
5957	14315	17251681513422	private_dummy
5958	474	1869695623	real
5958	770	1869695623	real
5958	14316	17251681513422	private_dummy
5959	476	1869695623	real
5959	14317	17251681513422	private_dummy
5960	1179	1593607205	real
5960	14318	17251681513422	private_dummy
5961	1199	1593607205	real
5961	1452	1536494450	real
5961	14319	17251681513422	private_dummy
5962	1785	1404439436	real
5962	2009	1347326682	real
5962	14320	17251681513422	private_dummy
5963	2003	1151478732	real
5963	2014	1151478732	real
5963	14321	17251681513422	private_dummy
5964	2257	1284404966	real
5964	14322	17251681513422	private_dummy
5965	2268	1284404966	real
5965	14323	17251681513422	private_dummy
5966	2445	1151478732	real
5966	2458	1151478732	real
5966	14324	17251681513422	private_dummy
5967	2646	1208591486	real
5967	2807	1151478732	real
5967	14325	17251681513422	private_dummy
5968	2801	1151478732	real
5968	2812	1151478732	real
5968	14326	17251681513422	private_dummy
5969	2930	1168458172	real
5969	14327	17251681513422	private_dummy
5970	3065	1151478732	real
5970	3076	1151478732	real
5970	14328	17251681513422	private_dummy
5971	3143	1160581975	real
5971	14329	17251681513422	private_dummy
5972	3255	1151478732	real
5972	3266	1151478732	real
5972	14330	17251681513422	private_dummy
5973	3345	1338005600	real
5973	14331	17251681513422	private_dummy
5974	3347	1487160959	real
5974	14332	17251681513422	private_dummy
5975	3349	1759226661	real
5975	14333	17251681513422	private_dummy
5976	3344	1241675220	real
5976	3352	1184562466	real
5976	14334	17251681513422	private_dummy
5977	3370	1487160959	real
5977	14335	17251681513422	private_dummy
5978	3372	1759226661	real
5978	14336	17251681513422	private_dummy
5979	3312	1151478732	real
5979	3374	1151478732	real
5979	14337	17251681513422	private_dummy
5980	3387	1759226661	real
5980	14338	17251681513422	private_dummy
5981	3317	1151478732	real
5981	3389	1151478732	real
5981	14339	17251681513422	private_dummy
5982	3322	1151478732	real
5982	3396	1151478732	real
5982	14340	17251681513422	private_dummy
5983	6972	775591992	real
5983	14341	17251681513422	private_dummy
5984	6970	515185974	real
5984	14342	17251681513422	private_dummy
5985	6975	884804312	real
5985	14343	17251681513422	private_dummy
5986	6975	996174260	real
5986	14344	17251681513422	private_dummy
5987	6961	93856481	real
5987	6963	93856481	real
5987	14345	17251681513422	private_dummy
5988	6968	518695198	real
5988	6969	518695198	real
5988	14346	17251681513422	private_dummy
5989	6956	111369948	real
5989	6957	282700458	real
5989	14347	17251681513422	private_dummy
5990	6958	424173877	real
5990	6960	424173877	real
5990	14348	17251681513422	private_dummy
5991	6982	282700458	real
5991	14349	17251681513422	private_dummy
5992	6957	282700458	real
5992	14350	17251681513422	private_dummy
5993	6966	622182589	real
5993	14351	17251681513422	private_dummy
5994	6984	322299745	real
5994	14352	17251681513422	private_dummy
5995	6956	761132923	real
5995	14353	17251681513422	private_dummy
5996	6964	229637708	real
5996	14354	17251681513422	private_dummy
5997	6986	1383315512	real
5997	14355	17251681513422	private_dummy
5998	6960	249998983	real
5998	6963	249998983	real
5998	14356	17251681513422	private_dummy
5999	6971	289598270	real
5999	14357	17251681513422	private_dummy
6000	6988	460928780	real
6000	14358	17251681513422	private_dummy
6001	6958	347364688	real
6001	6961	347364688	real
6001	14359	17251681513422	private_dummy
6002	6964	150969236	real
6002	6966	210929798	real
6002	14360	17251681513422	private_dummy
6003	6990	636962957	real
6003	14361	17251681513422	private_dummy
6004	6977	963472784	real
6004	14362	17251681513422	private_dummy
6005	6977	884804312	real
6005	14363	17251681513422	private_dummy
6006	6975	1003072071	real
6006	6976	633453734	real
6006	6981	343855464	real
6006	14364	17251681513422	private_dummy
6007	6985	672516732	real
6007	14365	17251681513422	private_dummy
6008	6987	343855464	real
6008	14366	17251681513422	private_dummy
6009	6975	1018726256	real
6009	6976	963771130	real
6009	6983	595504387	real
6009	14367	17251681513422	private_dummy
6010	6985	948116945	real
6010	14368	17251681513422	private_dummy
6011	6987	422523937	real
6011	14369	17251681513422	private_dummy
6012	6974	460928780	real
6012	14370	17251681513422	private_dummy
6013	6989	289598270	real
6013	14371	17251681513422	private_dummy
6014	6991	406671586	real
6014	14372	17251681513422	private_dummy
6015	6974	539597253	real
6015	14373	17251681513422	private_dummy
6016	6989	368266743	real
6016	14374	17251681513422	private_dummy
6017	6991	485340059	real
6017	14375	17251681513422	private_dummy
6018	6973	539597253	real
6018	14376	17251681513422	private_dummy
6019	6973	1189360227	real
6019	14377	17251681513422	private_dummy
6020	6906	253578526	real
6020	6909	253578526	real
6020	14378	17251681513422	private_dummy
6021	6959	543514117	real
6021	14379	17251681513422	private_dummy
6022	6955	856647260	real
6022	14380	17251681513422	private_dummy
6023	6955	614214026	real
6023	14381	17251681513422	private_dummy
6024	6896	895769196	real
6024	6897	952881950	real
6024	14382	17251681513422	private_dummy
6025	6898	628199503	real
6025	6899	628199503	real
6025	14383	17251681513422	private_dummy
6026	6900	382913971	real
6026	6901	382913971	real
6026	14384	17251681513422	private_dummy
6027	6902	798782256	real
6027	6903	798782256	real
6027	14385	17251681513422	private_dummy
6028	6904	628199503	real
6028	6905	628199503	real
6028	14386	17251681513422	private_dummy
6029	6999	763980730	real
6029	14387	17251681513422	private_dummy
6030	6999	521547497	real
6030	14388	17251681513422	private_dummy
6031	6897	952881950	real
6031	14389	17251681513422	private_dummy
6032	6919	128215813	real
6032	6922	128215813	real
6032	14390	17251681513422	private_dummy
6033	6923	405465967	real
6033	14391	17251681513422	private_dummy
6034	6962	349558832	real
6034	14392	17251681513422	private_dummy
6035	7001	763980730	real
6035	14393	17251681513422	private_dummy
6036	7001	521547497	real
6036	14394	17251681513422	private_dummy
6037	6896	1211545455	real
6037	14395	17251681513422	private_dummy
6038	6910	489570469	real
6038	6911	546683223	real
6038	14396	17251681513422	private_dummy
6039	6912	146919231	real
6039	6913	146919231	real
6039	14397	17251681513422	private_dummy
6040	6916	489570469	real
6040	14398	17251681513422	private_dummy
6041	6917	350212495	real
6041	6918	350212495	real
6041	14399	17251681513422	private_dummy
6042	7003	959722519	real
6042	14400	17251681513422	private_dummy
6043	7003	820364546	real
6043	14401	17251681513422	private_dummy
6044	6899	628199503	real
6044	14402	17251681513422	private_dummy
6045	6911	546683223	real
6045	14403	17251681513422	private_dummy
6046	6936	382913971	real
6046	6937	382913971	real
6046	14404	17251681513422	private_dummy
6047	6965	407325250	real
6047	14405	17251681513422	private_dummy
6048	7005	625351696	real
6048	14406	17251681513422	private_dummy
6049	7005	485993722	real
6049	14407	17251681513422	private_dummy
6050	6898	726099236	real
6050	14408	17251681513422	private_dummy
6051	6910	726099236	real
6051	14409	17251681513422	private_dummy
6052	6926	186518519	real
6052	6927	243631273	real
6052	14410	17251681513422	private_dummy
6053	6930	371846286	real
6053	6931	371846286	real
6053	14411	17251681513422	private_dummy
6054	6932	292446078	real
6054	6933	292446078	real
6054	14412	17251681513422	private_dummy
6055	7007	918993217	real
6055	14413	17251681513422	private_dummy
6056	7007	347364688	real
6056	14414	17251681513422	private_dummy
6057	6901	597771310	real
6057	6909	597771310	real
6057	14415	17251681513422	private_dummy
6058	6913	332246999	real
6058	6922	332246999	real
6058	14416	17251681513422	private_dummy
6059	6927	357853520	real
6059	14417	17251681513422	private_dummy
6060	6944	855895011	real
6060	14418	17251681513422	private_dummy
6061	6948	726099236	real
6061	14419	17251681513422	private_dummy
6062	7009	633453734	real
6062	14420	17251681513422	private_dummy
6063	7009	343855464	real
6063	14421	17251681513422	private_dummy
6064	6900	577990920	real
6064	6906	577990920	real
6064	14422	17251681513422	private_dummy
6065	6912	381059179	real
6065	6919	381059179	real
6065	14423	17251681513422	private_dummy
6066	6926	577990920	real
6066	14424	17251681513422	private_dummy
6067	6940	440438857	real
6067	14425	17251681513422	private_dummy
6068	6941	543514117	real
6068	14426	17251681513422	private_dummy
6069	7011	713772147	real
6069	14427	17251681513422	private_dummy
6070	7011	286742710	real
6070	14428	17251681513422	private_dummy
6071	6903	798782256	real
6071	14429	17251681513422	private_dummy
6072	6931	371846286	real
6072	6937	371846286	real
6072	14430	17251681513422	private_dummy
6073	6967	954546992	real
6073	14431	17251681513422	private_dummy
6074	7013	830918242	real
6074	14432	17251681513422	private_dummy
6075	7013	290251933	real
6075	14433	17251681513422	private_dummy
6076	6902	670359104	real
6076	14434	17251681513422	private_dummy
6077	6916	381059179	real
6077	6923	381059179	real
6077	14435	17251681513422	private_dummy
6078	6930	300740766	real
6078	6936	300740766	real
6078	14436	17251681513422	private_dummy
6079	6940	440438857	real
6079	6944	497551611	real
6079	14437	17251681513422	private_dummy
6080	6952	704543517	real
6080	6953	761656271	real
6080	14438	17251681513422	private_dummy
6081	7015	730283149	real
6081	14439	17251681513422	private_dummy
6082	7015	290251933	real
6082	14440	17251681513422	private_dummy
6083	6905	577990920	real
6083	14441	17251681513422	private_dummy
6084	6918	326341997	real
6084	14442	17251681513422	private_dummy
6085	6933	326341997	real
6085	14443	17251681513422	private_dummy
6086	6953	761656271	real
6086	14444	17251681513422	private_dummy
6087	7017	691220151	real
6087	14445	17251681513422	private_dummy
6088	7017	428880968	real
6088	14446	17251681513422	private_dummy
6089	6904	1052445090	real
6089	14447	17251681513422	private_dummy
6090	6917	726099236	real
6090	14448	17251681513422	private_dummy
6091	6932	577990920	real
6091	14449	17251681513422	private_dummy
6092	6941	497551611	real
6092	6948	440438857	real
6092	14450	17251681513422	private_dummy
6093	6952	1109557844	real
6093	14451	17251681513422	private_dummy
6094	7019	1060838489	real
6094	14452	17251681513422	private_dummy
6095	7019	485993722	real
6095	14453	17251681513422	private_dummy
6096	6979	578660251	real
6096	6998	554248972	real
6096	14454	17251681513422	private_dummy
6097	7002	636962957	real
6097	14455	17251681513422	private_dummy
6098	7004	518695198	real
6098	14456	17251681513422	private_dummy
6099	6979	681735511	real
6099	7000	657324232	real
6099	14457	17251681513422	private_dummy
6100	7002	715631430	real
6100	14458	17251681513422	private_dummy
6101	7004	518695198	real
6101	14459	17251681513422	private_dummy
6102	7006	440031217	real
6102	14460	17251681513422	private_dummy
6103	7008	464438004	real
6103	14461	17251681513422	private_dummy
6104	7006	440031217	real
6104	14462	17251681513422	private_dummy
6105	7008	464438004	real
6105	14463	17251681513422	private_dummy
6106	7010	636962957	real
6106	14464	17251681513422	private_dummy
6107	7012	461582443	real
6107	14465	17251681513422	private_dummy
6108	7010	636962957	real
6108	14466	17251681513422	private_dummy
6109	7012	461582443	real
6109	14467	17251681513422	private_dummy
6110	7014	382918462	real
6110	14468	17251681513422	private_dummy
6111	7016	407325250	real
6111	14469	17251681513422	private_dummy
6112	7014	382918462	real
6112	14470	17251681513422	private_dummy
6113	7016	407325250	real
6113	14471	17251681513422	private_dummy
6114	7018	579850203	real
6114	14472	17251681513422	private_dummy
6115	7020	636962957	real
6115	14473	17251681513422	private_dummy
6116	7018	579850203	real
6116	14474	17251681513422	private_dummy
6117	7020	636962957	real
6117	14475	17251681513422	private_dummy
6118	6980	265186991	real
6118	14476	17251681513422	private_dummy
6119	6980	357853520	real
6119	14477	17251681513422	private_dummy
6120	6977	884804312	real
6120	6978	613249611	real
6120	14478	17251681513422	private_dummy
6121	6977	884804312	real
6121	6978	727471858	real
6121	14479	17251681513422	private_dummy
6122	759	1151478732	real
6122	760	1151478732	real
6122	771	1151478732	real
6122	14480	17251681513422	private_dummy
6123	4037	1268658209	real
6123	4039	1465053661	real
6123	14481	17251681513422	private_dummy
6124	4035	1124216952	real
6124	14482	17251681513422	private_dummy
6125	4033	1033210972	real
6125	14483	17251681513422	private_dummy
6126	4031	982009973	real
6126	14484	17251681513422	private_dummy
6127	4029	965421070	real
6127	14485	17251681513422	private_dummy
6128	4027	796682206	real
6128	14486	17251681513422	private_dummy
6129	4025	639349752	real
6129	14487	17251681513422	private_dummy
6130	4023	639349752	real
6130	14488	17251681513422	private_dummy
6131	450	1208591486	real
6131	451	1151478732	real
6131	475	1151478732	real
6131	14489	17251681513422	private_dummy
6132	1439	1151478732	real
6132	1440	1151478732	real
6132	1451	1151478732	real
6132	14490	17251681513422	private_dummy
6133	4598	1268658209	real
6133	4600	1465053661	real
6133	14491	17251681513422	private_dummy
6134	4596	1009994705	real
6134	14492	17251681513422	private_dummy
6135	4594	875878519	real
6135	14493	17251681513422	private_dummy
6136	4592	796682206	real
6136	14494	17251681513422	private_dummy
6137	4590	759276436	real
6137	14495	17251681513422	private_dummy
6138	4588	573948669	real
6138	14496	17251681513422	private_dummy
6139	4586	416616215	real
6139	14497	17251681513422	private_dummy
6140	4584	416616215	real
6140	14498	17251681513422	private_dummy
6141	1173	1208591486	real
6141	1174	1151478732	real
6141	1198	1151478732	real
6141	14499	17251681513422	private_dummy
6142	5125	1536494450	real
6142	5127	1660667212	real
6142	14500	17251681513422	private_dummy
6143	5123	1124216952	real
6143	14501	17251681513422	private_dummy
6144	5121	875878519	real
6144	14502	17251681513422	private_dummy
6145	5119	753572000	real
6145	14503	17251681513422	private_dummy
6146	5117	688170916	real
6146	14504	17251681513422	private_dummy
6147	5115	482026282	real
6147	14505	17251681513422	private_dummy
6148	5113	324693828	real
6148	14506	17251681513422	private_dummy
6149	5111	324693828	real
6149	14507	17251681513422	private_dummy
6150	1773	1208591486	real
6150	1774	1151478732	real
6150	1798	1151478732	real
6150	1799	1151478732	real
6150	14508	17251681513422	private_dummy
6151	5618	1536494450	real
6151	5620	1672275677	real
6151	14509	17251681513422	private_dummy
6152	5616	1347326682	real
6152	14510	17251681513422	private_dummy
6153	5614	1033210972	real
6153	14511	17251681513422	private_dummy
6154	5612	796682206	real
6154	14512	17251681513422	private_dummy
6155	5610	688170916	real
6155	14513	17251681513422	private_dummy
6156	5608	454030968	real
6156	14514	17251681513422	private_dummy
6157	5606	296698515	real
6157	14515	17251681513422	private_dummy
6158	5604	296698515	real
6158	14516	17251681513422	private_dummy
6159	2251	1208591486	real
6159	2252	1151478732	real
6159	2275	1151478732	real
6159	2276	1151478732	real
6159	14517	17251681513422	private_dummy
6160	6077	1536494450	real
6160	6079	1732236239	real
6160	14518	17251681513422	private_dummy
6161	6075	1347326682	real
6161	14519	17251681513422	private_dummy
6162	6073	1227292212	real
6162	14520	17251681513422	private_dummy
6163	6071	982009973	real
6163	14521	17251681513422	private_dummy
6164	6069	759276436	real
6164	14522	17251681513422	private_dummy
6165	6067	482026282	real
6165	14523	17251681513422	private_dummy
6166	6065	324693828	real
6166	14524	17251681513422	private_dummy
6167	6063	324693828	real
6167	14525	17251681513422	private_dummy
6168	2634	1208591486	real
6168	2635	1151478732	real
6168	2659	1151478732	real
6168	2660	1151478732	real
6168	14526	17251681513422	private_dummy
6169	6502	1536494450	real
6169	6504	1766132158	real
6169	14527	17251681513422	private_dummy
6170	6500	1347326682	real
6170	14528	17251681513422	private_dummy
6171	6498	1227292212	real
6171	14529	17251681513422	private_dummy
6172	6496	1151478732	real
6172	14530	17251681513422	private_dummy
6173	6494	965421070	real
6173	14531	17251681513422	private_dummy
6174	6492	573948669	real
6174	14532	17251681513422	private_dummy
6175	6490	416616215	real
6175	14533	17251681513422	private_dummy
6176	6488	416616215	real
6176	14534	17251681513422	private_dummy
6177	2924	1208591486	real
6177	2925	1151478732	real
6177	2949	1151478732	real
6177	2950	1151478732	real
6177	14535	17251681513422	private_dummy
6178	6893	1536494450	real
6178	6895	1790002657	real
6178	14536	17251681513422	private_dummy
6179	6891	1347326682	real
6179	14537	17251681513422	private_dummy
6180	6889	1227292212	real
6180	14538	17251681513422	private_dummy
6181	6887	1151478732	real
6181	14539	17251681513422	private_dummy
6182	6885	1111345418	real
6182	14540	17251681513422	private_dummy
6183	6883	875350678	real
6183	14541	17251681513422	private_dummy
6184	6881	718018225	real
6184	14542	17251681513422	private_dummy
6185	6879	718018225	real
6185	14543	17251681513422	private_dummy
6186	3137	1208591486	real
6186	3138	1151478732	real
6186	3162	1151478732	real
6186	3163	1151478732	real
6186	14544	17251681513422	private_dummy
6187	456	1869695623	real
6187	457	1869695623	real
6187	763	1869695623	real
6187	14545	17251681513422	private_dummy
6188	1779	1347326682	real
6188	1780	1404439436	real
6188	2006	1347326682	real
6188	14546	17251681513422	private_dummy
6189	2640	1151478732	real
6189	2641	1208591486	real
6189	2804	1151478732	real
6189	14547	17251681513422	private_dummy
6190	3307	1151478732	real
6190	3308	1151478732	real
6190	3351	1151478732	real
6190	14548	17251681513422	private_dummy
6191	6908	1536494450	real
6191	14549	17251681513422	private_dummy
6192	7022	1347326682	real
6192	14550	17251681513422	private_dummy
6193	6921	1227292212	real
6193	14551	17251681513422	private_dummy
6194	7024	1151478732	real
6194	14552	17251681513422	private_dummy
6195	6935	1111345418	real
6195	14553	17251681513422	private_dummy
6196	6939	1103469220	real
6196	14554	17251681513422	private_dummy
6197	6943	806140331	real
6197	14555	17251681513422	private_dummy
6198	6946	691918083	real
6198	14556	17251681513422	private_dummy
6199	454	1869695623	real
6199	455	1869695623	real
6199	14557	17251681513422	private_dummy
6200	1177	1593607205	real
6200	1178	1593607205	real
6200	1442	1536494450	real
6200	1443	1536494450	real
6200	14558	17251681513422	private_dummy
6201	1777	1404439436	real
6201	1778	1404439436	real
6201	14559	17251681513422	private_dummy
6202	2255	1284404966	real
6202	2256	1284404966	real
6202	2448	1227292212	real
6202	2449	1227292212	real
6202	14560	17251681513422	private_dummy
6203	2638	1208591486	real
6203	2639	1208591486	real
6203	14561	17251681513422	private_dummy
6204	2928	1168458172	real
6204	2929	1168458172	real
6204	3067	1111345418	real
6204	3068	1111345418	real
6204	14562	17251681513422	private_dummy
6205	3141	1160581975	real
6205	3142	1160581975	real
6205	3257	1103469220	real
6205	3258	1103469220	real
6205	14563	17251681513422	private_dummy
6206	3326	1338005600	real
6206	3327	1338005600	real
6206	3329	1280892846	real
6206	3330	1280892846	real
6206	14564	17251681513422	private_dummy
6207	3332	1487160959	real
6207	3333	1487160959	real
6207	3335	1430048205	real
6207	3336	1430048205	real
6207	14565	17251681513422	private_dummy
6208	3338	1759226661	real
6208	3339	1759226661	real
6208	3341	1702113907	real
6208	3342	1702113907	real
6208	14566	17251681513422	private_dummy
6209	3304	1151478732	real
6209	3306	1208591486	real
6209	14567	17251681513422	private_dummy
6210	462	1869695623	real
6210	463	1869695623	real
6210	765	1869695623	real
6210	14568	17251681513422	private_dummy
6211	1184	1536494450	real
6211	1185	1593607205	real
6211	14569	17251681513422	private_dummy
6212	2262	1227292212	real
6212	2263	1284404966	real
6212	14570	17251681513422	private_dummy
6213	2935	1111345418	real
6213	2936	1168458172	real
6213	14571	17251681513422	private_dummy
6214	3148	1103469220	real
6214	3149	1160581975	real
6214	14572	17251681513422	private_dummy
6215	3329	1184562466	real
6215	3331	1241675220	real
6215	14573	17251681513422	private_dummy
6216	7026	1536494450	real
6216	14574	17251681513422	private_dummy
6217	6915	1347326682	real
6217	14575	17251681513422	private_dummy
6218	7028	1227292212	real
6218	14576	17251681513422	private_dummy
6219	6929	1151478732	real
6219	14577	17251681513422	private_dummy
6220	7030	1111345418	real
6220	14578	17251681513422	private_dummy
6221	7032	1103469220	real
6221	14579	17251681513422	private_dummy
6222	7034	884804312	real
6222	14580	17251681513422	private_dummy
6223	6950	691918083	real
6223	14581	17251681513422	private_dummy
6224	459	1869695623	real
6224	460	1869695623	real
6224	14582	17251681513422	private_dummy
6225	1181	1593607205	real
6225	1182	1593607205	real
6225	1446	1536494450	real
6225	14583	17251681513422	private_dummy
6226	1782	1404439436	real
6226	1783	1404439436	real
6226	2008	1347326682	real
6226	14584	17251681513422	private_dummy
6227	2259	1284404966	real
6227	2260	1284404966	real
6227	2452	1227292212	real
6227	14585	17251681513422	private_dummy
6228	2643	1208591486	real
6228	2644	1208591486	real
6228	2806	1151478732	real
6228	14586	17251681513422	private_dummy
6229	2932	1168458172	real
6229	2933	1168458172	real
6229	3071	1111345418	real
6229	14587	17251681513422	private_dummy
6230	3145	1160581975	real
6230	3146	1160581975	real
6230	3261	1103469220	real
6230	14588	17251681513422	private_dummy
6231	3326	1241675220	real
6231	3328	1241675220	real
6231	3346	1184562466	real
6231	14589	17251681513422	private_dummy
6232	3356	1487160959	real
6232	3357	1487160959	real
6232	3359	1430048205	real
6232	3360	1430048205	real
6232	14590	17251681513422	private_dummy
6233	3362	1759226661	real
6233	3363	1759226661	real
6233	3365	1702113907	real
6233	3366	1702113907	real
6233	14591	17251681513422	private_dummy
6234	3309	1151478732	real
6234	3311	1208591486	real
6234	3368	1151478732	real
6234	14592	17251681513422	private_dummy
6235	468	1869695623	real
6235	469	1869695623	real
6235	767	1869695623	real
6235	14593	17251681513422	private_dummy
6236	1190	1536494450	real
6236	1191	1593607205	real
6236	14594	17251681513422	private_dummy
6237	1790	1347326682	real
6237	1791	1404439436	real
6237	2011	1347326682	real
6237	14595	17251681513422	private_dummy
6238	2651	1151478732	real
6238	2652	1208591486	real
6238	2809	1151478732	real
6238	14596	17251681513422	private_dummy
6239	2941	1111345418	real
6239	2942	1168458172	real
6239	14597	17251681513422	private_dummy
6240	3154	1103469220	real
6240	3155	1160581975	real
6240	14598	17251681513422	private_dummy
6241	3335	1184562466	real
6241	3337	1241675220	real
6241	14599	17251681513422	private_dummy
6242	3359	1280892846	real
6242	3361	1338005600	real
6242	14600	17251681513422	private_dummy
6243	7036	1536494450	real
6243	14601	17251681513422	private_dummy
6244	7038	1347326682	real
6244	14602	17251681513422	private_dummy
6245	6925	1227292212	real
6245	14603	17251681513422	private_dummy
6246	7040	1151478732	real
6246	14604	17251681513422	private_dummy
6247	7042	1111345418	real
6247	14605	17251681513422	private_dummy
6248	7044	1103469220	real
6248	14606	17251681513422	private_dummy
6249	7046	884804312	real
6249	14607	17251681513422	private_dummy
6250	7048	727471858	real
6250	14608	17251681513422	private_dummy
6251	465	1869695623	real
6251	466	1869695623	real
6251	14609	17251681513422	private_dummy
6252	1187	1593607205	real
6252	1188	1593607205	real
6252	1448	1536494450	real
6252	14610	17251681513422	private_dummy
6253	1787	1404439436	real
6253	1788	1404439436	real
6253	14611	17251681513422	private_dummy
6254	2265	1284404966	real
6254	2266	1284404966	real
6254	2454	1227292212	real
6254	2455	1227292212	real
6254	14612	17251681513422	private_dummy
6255	2648	1208591486	real
6255	2649	1208591486	real
6255	14613	17251681513422	private_dummy
6256	2938	1168458172	real
6256	2939	1168458172	real
6256	3073	1111345418	real
6256	14614	17251681513422	private_dummy
6257	3151	1160581975	real
6257	3152	1160581975	real
6257	3263	1103469220	real
6257	14615	17251681513422	private_dummy
6258	3332	1241675220	real
6258	3334	1241675220	real
6258	3348	1184562466	real
6258	14616	17251681513422	private_dummy
6259	3356	1338005600	real
6259	3358	1338005600	real
6259	3371	1280892846	real
6259	14617	17251681513422	private_dummy
6260	3379	1759226661	real
6260	3380	1759226661	real
6260	3382	1702113907	real
6260	3383	1702113907	real
6260	14618	17251681513422	private_dummy
6261	3313	1151478732	real
6261	3315	1230147205	real
6261	3385	1151478732	real
6261	14619	17251681513422	private_dummy
6262	1196	1536494450	real
6262	1197	1593607205	real
6262	14620	17251681513422	private_dummy
6263	1796	1347326682	real
6263	1797	1404439436	real
6263	2013	1347326682	real
6263	14621	17251681513422	private_dummy
6264	2273	1227292212	real
6264	2274	1284404966	real
6264	14622	17251681513422	private_dummy
6265	2657	1151478732	real
6265	2658	1208591486	real
6265	2811	1151478732	real
6265	14623	17251681513422	private_dummy
6266	2947	1111345418	real
6266	2948	1168458172	real
6266	14624	17251681513422	private_dummy
6267	3160	1103469220	real
6267	3161	1160581975	real
6267	14625	17251681513422	private_dummy
6268	3341	1184562466	real
6268	3343	1241675220	real
6268	14626	17251681513422	private_dummy
6269	3365	1280892846	real
6269	3367	1338005600	real
6269	14627	17251681513422	private_dummy
6270	3382	1430048205	real
6270	3384	1487160959	real
6270	14628	17251681513422	private_dummy
6271	7050	1536494450	real
6271	14629	17251681513422	private_dummy
6272	7052	1347326682	real
6272	14630	17251681513422	private_dummy
6273	7054	1227292212	real
6273	14631	17251681513422	private_dummy
6274	7056	1151478732	real
6274	14632	17251681513422	private_dummy
6275	7058	1111345418	real
6275	14633	17251681513422	private_dummy
6276	7060	1103469220	real
6276	14634	17251681513422	private_dummy
6277	7062	884804312	real
6277	14635	17251681513422	private_dummy
6278	7064	727471858	real
6278	14636	17251681513422	private_dummy
6279	471	1869695623	real
6279	472	1869695623	real
6279	769	1869695623	real
6279	14637	17251681513422	private_dummy
6280	1193	1593607205	real
6280	1194	1593607205	real
6280	1450	1536494450	real
6280	14638	17251681513422	private_dummy
6281	1793	1404439436	real
6281	1794	1404439436	real
6281	14639	17251681513422	private_dummy
6282	2270	1284404966	real
6282	2271	1284404966	real
6282	2457	1227292212	real
6282	14640	17251681513422	private_dummy
6283	2654	1208591486	real
6283	2655	1208591486	real
6283	14641	17251681513422	private_dummy
6284	2944	1168458172	real
6284	2945	1168458172	real
6284	3075	1111345418	real
6284	14642	17251681513422	private_dummy
6285	3157	1160581975	real
6285	3158	1160581975	real
6285	3265	1103469220	real
6285	14643	17251681513422	private_dummy
6286	3338	1241675220	real
6286	3340	1241675220	real
6286	3350	1184562466	real
6286	14644	17251681513422	private_dummy
6287	3362	1338005600	real
6287	3364	1338005600	real
6287	3373	1280892846	real
6287	14645	17251681513422	private_dummy
6288	3379	1487160959	real
6288	3381	1487160959	real
6288	3388	1430048205	real
6288	14646	17251681513422	private_dummy
6289	3318	1151478732	real
6289	3320	1151478732	real
6289	3394	1151478732	real
6289	14647	17251681513422	private_dummy
6290	1799	1347326682	real
6290	1800	1404439436	real
6290	14648	17251681513422	private_dummy
6291	2276	1227292212	real
6291	2277	1284404966	real
6291	2459	1227292212	real
6291	14649	17251681513422	private_dummy
6292	2660	1151478732	real
6292	2661	1208591486	real
6292	14650	17251681513422	private_dummy
6293	2950	1111345418	real
6293	2951	1168458172	real
6293	3077	1111345418	real
6293	14651	17251681513422	private_dummy
6294	3163	1103469220	real
6294	3164	1160581975	real
6294	3267	1103469220	real
6294	14652	17251681513422	private_dummy
6295	3368	1280892846	real
6295	3369	1338005600	real
6295	3375	1280892846	real
6295	14653	17251681513422	private_dummy
6296	3385	1430048205	real
6296	3386	1487160959	real
6296	3390	1430048205	real
6296	14654	17251681513422	private_dummy
6297	3394	1702113907	real
6297	3395	1759226661	real
6297	14655	17251681513422	private_dummy
6298	451	1869695623	real
6298	452	1869695623	real
6298	760	1869695623	real
6298	14656	17251681513422	private_dummy
6299	1174	1536494450	real
6299	1175	1536494450	real
6299	1440	1536494450	real
6299	14657	17251681513422	private_dummy
6300	1774	1347326682	real
6300	1775	1347326682	real
6300	14658	17251681513422	private_dummy
6301	2252	1227292212	real
6301	2253	1227292212	real
6301	2446	1227292212	real
6301	14659	17251681513422	private_dummy
6302	2635	1151478732	real
6302	2636	1151478732	real
6302	14660	17251681513422	private_dummy
6303	2925	1111345418	real
6303	2926	1111345418	real
6303	14661	17251681513422	private_dummy
6304	3138	1103469220	real
6304	3139	1103469220	real
6304	14662	17251681513422	private_dummy
6305	3304	1184562466	real
6305	3305	1184562466	real
6305	3307	1184562466	real
6305	14663	17251681513422	private_dummy
6306	3309	1280892846	real
6306	3310	1280892846	real
6306	14664	17251681513422	private_dummy
6307	3313	1430048205	real
6307	3314	1430048205	real
6307	3316	1430048205	real
6307	14665	17251681513422	private_dummy
6308	3318	1702113907	real
6308	3319	1702113907	real
6308	3321	1702113907	real
6308	14666	17251681513422	private_dummy
6309	6992	754689937	real
6309	14667	17251681513422	private_dummy
6310	6992	754689937	real
6310	14668	17251681513422	private_dummy
6311	6993	518695198	real
6311	14669	17251681513422	private_dummy
6312	6993	518695198	real
6312	14670	17251681513422	private_dummy
6313	6994	558294485	real
6313	14671	17251681513422	private_dummy
6314	6994	558294485	real
6314	14672	17251681513422	private_dummy
6315	6995	597771310	real
6315	14673	17251681513422	private_dummy
6316	6995	597771310	real
6316	14674	17251681513422	private_dummy
6317	6996	634805329	real
6317	14675	17251681513422	private_dummy
6318	6996	691918083	real
6318	14676	17251681513422	private_dummy
6319	6997	773434364	real
6319	14677	17251681513422	private_dummy
6320	6997	773434364	real
6320	14678	17251681513422	private_dummy
6321	3426	1430048205	real
6321	14679	17251681513422	private_dummy
6322	3417	1280892846	real
6322	14680	17251681513422	private_dummy
6323	3404	1184562466	real
6323	14681	17251681513422	private_dummy
6324	3174	1103469220	real
6324	14682	17251681513422	private_dummy
6325	2961	1111345418	real
6325	14683	17251681513422	private_dummy
6326	2288	1227292212	real
6326	14684	17251681513422	private_dummy
6327	1209	1536494450	real
6327	14685	17251681513422	private_dummy
6328	3431	1702113907	real
6328	14686	17251681513422	private_dummy
6329	3415	1280892846	real
6329	14687	17251681513422	private_dummy
6330	3402	1184562466	real
6330	14688	17251681513422	private_dummy
6331	3172	1103469220	real
6331	14689	17251681513422	private_dummy
6332	2959	1111345418	real
6332	14690	17251681513422	private_dummy
6333	1207	1536494450	real
6333	14691	17251681513422	private_dummy
6334	3400	1184562466	real
6334	14692	17251681513422	private_dummy
6335	3170	1103469220	real
6335	14693	17251681513422	private_dummy
6336	2957	1111345418	real
6336	14694	17251681513422	private_dummy
6337	2283	1227292212	real
6337	14695	17251681513422	private_dummy
6338	1205	1536494450	real
6338	14696	17251681513422	private_dummy
6339	3312	1127244833	real
6339	14697	17251681513422	private_dummy
6340	3308	1127244833	real
6340	14698	17251681513422	private_dummy
6341	3255	1127244833	real
6341	14699	17251681513422	private_dummy
6342	3065	1127244833	real
6342	14700	17251681513422	private_dummy
6343	2801	1127244833	real
6343	14701	17251681513422	private_dummy
6344	2003	1127244833	real
6344	14702	17251681513422	private_dummy
6345	1439	1127244833	real
6345	14703	17251681513422	private_dummy
6346	759	1127244833	real
6346	14704	17251681513422	private_dummy
6347	7119	1151478732	real
6347	14705	17251681513422	private_dummy
6348	7117	646256547	real
6348	14706	17251681513422	private_dummy
6349	7122	640351545	real
6349	14707	17251681513422	private_dummy
6350	7122	640351545	real
6350	14708	17251681513422	private_dummy
6351	7108	208078729	real
6351	7110	208078729	real
6351	14709	17251681513422	private_dummy
6352	7115	382264799	real
6352	7116	382264799	real
6352	14710	17251681513422	private_dummy
6353	7103	328667456	real
6353	7104	328667456	real
6353	14711	17251681513422	private_dummy
6354	7105	300745258	real
6354	7107	300745258	real
6354	14712	17251681513422	private_dummy
6355	7129	539597253	real
6355	14713	17251681513422	private_dummy
6356	7104	328667456	real
6356	14714	17251681513422	private_dummy
6357	7113	606657260	real
6357	14715	17251681513422	private_dummy
6358	7131	539597253	real
6358	14716	17251681513422	private_dummy
6359	7103	426033160	real
6359	14717	17251681513422	private_dummy
6360	7111	332251490	real
6360	14718	17251681513422	private_dummy
6361	7133	636962957	real
6361	14719	17251681513422	private_dummy
6362	7107	597775802	real
6362	7110	597775802	real
6362	14720	17251681513422	private_dummy
6363	7118	704022965	real
6363	14721	17251681513422	private_dummy
6364	7135	840211832	real
6364	14722	17251681513422	private_dummy
6365	7105	516840406	real
6365	7108	516840406	real
6365	14723	17251681513422	private_dummy
6366	7111	516840406	real
6366	7113	791246176	real
6366	14724	17251681513422	private_dummy
6367	7137	713772147	real
6367	14725	17251681513422	private_dummy
6368	7124	600752258	real
6368	14726	17251681513422	private_dummy
6369	7124	579196540	real
6369	14727	17251681513422	private_dummy
6370	7122	522083786	real
6370	7123	482484499	real
6370	7128	325152045	real
6370	14728	17251681513422	private_dummy
6371	7132	540250916	real
6371	14729	17251681513422	private_dummy
6372	7134	388628018	real
6372	14730	17251681513422	private_dummy
6373	7122	614750315	real
6373	7123	575151028	real
6373	7130	417818574	real
6373	14731	17251681513422	private_dummy
6374	7132	632917445	real
6374	14732	17251681513422	private_dummy
6375	7134	481294547	real
6375	14733	17251681513422	private_dummy
6376	7121	513996022	real
6376	14734	17251681513422	private_dummy
6377	7136	540250916	real
6377	14735	17251681513422	private_dummy
6378	7138	688170916	real
6378	14736	17251681513422	private_dummy
6379	7121	671328476	real
6379	14737	17251681513422	private_dummy
6380	7136	632917445	real
6380	14738	17251681513422	private_dummy
6381	7138	845503370	real
6381	14739	17251681513422	private_dummy
6382	7120	671328476	real
6382	14740	17251681513422	private_dummy
6383	7120	768694180	real
6383	14741	17251681513422	private_dummy
6384	7076	405465967	real
6384	7077	405465967	real
6384	14742	17251681513422	private_dummy
6385	7106	543514117	real
6385	14743	17251681513422	private_dummy
6386	7102	932991273	real
6386	14744	17251681513422	private_dummy
6387	7102	897434237	real
6387	14745	17251681513422	private_dummy
6388	7066	798782256	real
6388	7067	855895011	real
6388	14746	17251681513422	private_dummy
6389	7068	568241738	real
6389	7069	568241738	real
6389	14747	17251681513422	private_dummy
6390	7070	628199503	real
6390	7071	628199503	real
6390	14748	17251681513422	private_dummy
6391	7072	895769196	real
6391	7073	895769196	real
6391	14749	17251681513422	private_dummy
6392	7074	654884065	real
6392	7075	654884065	real
6392	14750	17251681513422	private_dummy
6393	7146	840324744	real
6393	14751	17251681513422	private_dummy
6394	7146	804767708	real
6394	14752	17251681513422	private_dummy
6395	7067	855895011	real
6395	14753	17251681513422	private_dummy
6396	7085	285548266	real
6396	7086	285548266	real
6396	14754	17251681513422	private_dummy
6397	7087	459723160	real
6397	14755	17251681513422	private_dummy
6398	7109	543514117	real
6398	14756	17251681513422	private_dummy
6399	7148	840324744	real
6399	14757	17251681513422	private_dummy
6400	7148	804767708	real
6400	14758	17251681513422	private_dummy
6401	7066	1052445090	real
6401	14759	17251681513422	private_dummy
6402	7078	339803765	real
6402	7079	339803765	real
6402	14760	17251681513422	private_dummy
6403	7080	313543580	real
6403	7081	313543580	real
6403	14761	17251681513422	private_dummy
6404	7082	525124244	real
6404	14762	17251681513422	private_dummy
6405	7083	483553555	real
6405	7084	483553555	real
6405	14763	17251681513422	private_dummy
6406	7150	1047213521	real
6406	14764	17251681513422	private_dummy
6407	7150	954546992	real
6407	14765	17251681513422	private_dummy
6408	7069	568241738	real
6408	14766	17251681513422	private_dummy
6409	7079	339803765	real
6409	14767	17251681513422	private_dummy
6410	7094	525124244	real
6410	7095	525124244	real
6410	14768	17251681513422	private_dummy
6411	7112	428959040	real
6411	14769	17251681513422	private_dummy
6412	7152	475584991	real
6412	14770	17251681513422	private_dummy
6413	7152	418472237	real
6413	14771	17251681513422	private_dummy
6414	7068	597771310	real
6414	14772	17251681513422	private_dummy
6415	7078	440438857	real
6415	14773	17251681513422	private_dummy
6416	7088	405465967	real
6416	7089	462578721	real
6416	14774	17251681513422	private_dummy
6417	7090	459723160	real
6417	7091	459723160	real
6417	14775	17251681513422	private_dummy
6418	7092	568241738	real
6418	7093	625354492	real
6418	14776	17251681513422	private_dummy
6419	7154	576220084	real
6419	14777	17251681513422	private_dummy
6420	7154	418472237	real
6420	14778	17251681513422	private_dummy
6421	7071	628199503	real
6421	7077	628199503	real
6421	14779	17251681513422	private_dummy
6422	7081	313543580	real
6422	7086	313543580	real
6422	14780	17251681513422	private_dummy
6423	7089	462578721	real
6423	14781	17251681513422	private_dummy
6424	7098	952881950	real
6424	14782	17251681513422	private_dummy
6425	7099	332246999	real
6425	14783	17251681513422	private_dummy
6426	7156	449324807	real
6426	14784	17251681513422	private_dummy
6427	7156	266849339	real
6427	14785	17251681513422	private_dummy
6428	7070	577990920	real
6428	7076	577990920	real
6428	14786	17251681513422	private_dummy
6429	7080	300740766	real
6429	7085	300740766	real
6429	14787	17251681513422	private_dummy
6430	7088	577990920	real
6430	14788	17251681513422	private_dummy
6431	7096	647430763	real
6431	14789	17251681513422	private_dummy
6432	7097	313543580	real
6432	14790	17251681513422	private_dummy
6433	7158	436521993	real
6433	14791	17251681513422	private_dummy
6434	7158	266849339	real
6434	14792	17251681513422	private_dummy
6435	7073	895769196	real
6435	14793	17251681513422	private_dummy
6436	7091	459723160	real
6436	7095	459723160	real
6436	14794	17251681513422	private_dummy
6437	7114	704022965	real
6437	14795	17251681513422	private_dummy
6438	7160	660905471	real
6438	14796	17251681513422	private_dummy
6439	7160	418472237	real
6439	14797	17251681513422	private_dummy
6440	7072	726099236	real
6440	14798	17251681513422	private_dummy
6441	7082	381059179	real
6441	7087	381059179	real
6441	14799	17251681513422	private_dummy
6442	7090	381059179	real
6442	7094	381059179	real
6442	14800	17251681513422	private_dummy
6443	7096	726099236	real
6443	7098	783211990	real
6443	14801	17251681513422	private_dummy
6444	7100	438906293	real
6444	7101	574687520	real
6444	14802	17251681513422	private_dummy
6445	7162	516840406	real
6445	14803	17251681513422	private_dummy
6446	7162	418472237	real
6446	14804	17251681513422	private_dummy
6447	7075	727471858	real
6447	14805	17251681513422	private_dummy
6448	7084	634805329	real
6448	14806	17251681513422	private_dummy
6449	7093	625354492	real
6449	14807	17251681513422	private_dummy
6450	7101	574687520	real
6450	14808	17251681513422	private_dummy
6451	7164	944188481	real
6451	14809	17251681513422	private_dummy
6452	7164	690442331	real
6452	14810	17251681513422	private_dummy
6453	7074	1109557844	real
6453	14811	17251681513422	private_dummy
6454	7083	727471858	real
6454	14812	17251681513422	private_dummy
6455	7092	577990920	real
6455	14813	17251681513422	private_dummy
6456	7097	726099236	real
6456	7099	726099236	real
6456	14814	17251681513422	private_dummy
6457	7100	1211545455	real
6457	14815	17251681513422	private_dummy
6458	7166	851521952	real
6458	14816	17251681513422	private_dummy
6459	7166	700851062	real
6459	14817	17251681513422	private_dummy
6460	7126	875878519	real
6460	7145	875878519	real
6460	14818	17251681513422	private_dummy
6461	7149	761656271	real
6461	14819	17251681513422	private_dummy
6462	7151	761656271	real
6462	14820	17251681513422	private_dummy
6463	7126	978953779	real
6463	7147	978953779	real
6463	14821	17251681513422	private_dummy
6464	7149	840324744	real
6464	14822	17251681513422	private_dummy
6465	7151	761656271	real
6465	14823	17251681513422	private_dummy
6466	7153	440438857	real
6466	14824	17251681513422	private_dummy
6467	7155	304249990	real
6467	14825	17251681513422	private_dummy
6468	7153	440438857	real
6468	14826	17251681513422	private_dummy
6469	7155	304249990	real
6469	14827	17251681513422	private_dummy
6470	7157	246483572	real
6470	14828	17251681513422	private_dummy
6471	7159	246483572	real
6471	14829	17251681513422	private_dummy
6472	7157	246483572	real
6472	14830	17251681513422	private_dummy
6473	7159	246483572	real
6473	14831	17251681513422	private_dummy
6474	7161	304249990	real
6474	14832	17251681513422	private_dummy
6475	7163	440438857	real
6475	14833	17251681513422	private_dummy
6476	7161	304249990	real
6476	14834	17251681513422	private_dummy
6477	7163	440438857	real
6477	14835	17251681513422	private_dummy
6478	7165	582236998	real
6478	14836	17251681513422	private_dummy
6479	7167	691918083	real
6479	14837	17251681513422	private_dummy
6480	7165	582236998	real
6480	14838	17251681513422	private_dummy
6481	7167	691918083	real
6481	14839	17251681513422	private_dummy
6482	7127	335102559	real
6482	14840	17251681513422	private_dummy
6483	7127	473731594	real
6483	14841	17251681513422	private_dummy
6484	7124	579196540	real
6484	7125	361899033	real
6484	14842	17251681513422	private_dummy
6485	7124	579196540	real
6485	7125	440567505	real
6485	14843	17251681513422	private_dummy
6486	486	1869695623	real
6486	14844	17251681513422	private_dummy
6487	3321	1127244833	real
6487	3322	1127244833	real
6487	14845	17251681513422	private_dummy
6488	3425	1487160959	real
6488	3427	1430048205	real
6488	14846	17251681513422	private_dummy
6489	3416	1338005600	real
6489	3421	1280892846	real
6489	14847	17251681513422	private_dummy
6490	3403	1241675220	real
6490	3410	1184562466	real
6490	14848	17251681513422	private_dummy
6491	3173	1160581975	real
6491	3273	1103469220	real
6491	14849	17251681513422	private_dummy
6492	2960	1168458172	real
6492	3083	1111345418	real
6492	14850	17251681513422	private_dummy
6493	2670	1208591486	real
6493	2671	1151478732	real
6493	2818	1151478732	real
6493	14851	17251681513422	private_dummy
6494	2287	1284404966	real
6494	2464	1227292212	real
6494	14852	17251681513422	private_dummy
6495	1809	1404439436	real
6495	1810	1347326682	real
6495	2020	1347326682	real
6495	14853	17251681513422	private_dummy
6496	1208	1593607205	real
6496	1458	1536494450	real
6496	14854	17251681513422	private_dummy
6497	484	1869695623	real
6497	485	1869695623	real
6497	14855	17251681513422	private_dummy
6498	3319	1127244833	real
6498	3320	1127244833	real
6498	14856	17251681513422	private_dummy
6499	7169	1109557844	real
6499	14857	17251681513422	private_dummy
6500	7171	934563483	real
6500	14858	17251681513422	private_dummy
6501	7173	600626871	real
6501	14859	17251681513422	private_dummy
6502	7175	440026725	real
6502	14860	17251681513422	private_dummy
6503	7177	322299745	real
6503	14861	17251681513422	private_dummy
6504	7179	288403827	real
6504	14862	17251681513422	private_dummy
6505	7181	322299745	real
6505	14863	17251681513422	private_dummy
6506	7183	440026725	real
6506	14864	17251681513422	private_dummy
6507	3427	1702113907	real
6507	3428	1702113907	real
6507	14865	17251681513422	private_dummy
6508	2285	1227292212	real
6508	2286	1227292212	real
6508	14866	17251681513422	private_dummy
6509	3316	1127244833	real
6509	3317	1127244833	real
6509	14867	17251681513422	private_dummy
6510	3425	1759226661	real
6510	14868	17251681513422	private_dummy
6511	3414	1338005600	real
6511	3419	1280892846	real
6511	14869	17251681513422	private_dummy
6512	3401	1241675220	real
6512	3408	1184562466	real
6512	14870	17251681513422	private_dummy
6513	3171	1160581975	real
6513	3271	1103469220	real
6513	14871	17251681513422	private_dummy
6514	2958	1168458172	real
6514	3081	1111345418	real
6514	14872	17251681513422	private_dummy
6515	2668	1208591486	real
6515	2669	1151478732	real
6515	2816	1151478732	real
6515	14873	17251681513422	private_dummy
6516	2284	1284404966	real
6516	14874	17251681513422	private_dummy
6517	1807	1404439436	real
6517	1808	1347326682	real
6517	2018	1347326682	real
6517	14875	17251681513422	private_dummy
6518	1206	1593607205	real
6518	1456	1536494450	real
6518	14876	17251681513422	private_dummy
6519	482	1869695623	real
6519	483	1869695623	real
6519	776	1869695623	real
6519	14877	17251681513422	private_dummy
6520	3314	1127244833	real
6520	3315	1205913306	real
6520	14878	17251681513422	private_dummy
6521	7186	1245339071	real
6521	14879	17251681513422	private_dummy
6522	7188	934563483	real
6522	14880	17251681513422	private_dummy
6523	7190	540666309	real
6523	14881	17251681513422	private_dummy
6524	7192	361362744	real
6524	14882	17251681513422	private_dummy
6525	7194	243635765	real
6525	14883	17251681513422	private_dummy
6526	7196	209739846	real
6526	14884	17251681513422	private_dummy
6527	7198	243635765	real
6527	14885	17251681513422	private_dummy
6528	7200	361362744	real
6528	14886	17251681513422	private_dummy
6529	3421	1702113907	real
6529	3422	1702113907	real
6529	14887	17251681513422	private_dummy
6530	3419	1430048205	real
6530	3420	1430048205	real
6530	14888	17251681513422	private_dummy
6531	2667	1151478732	real
6531	14889	17251681513422	private_dummy
6532	1806	1347326682	real
6532	14890	17251681513422	private_dummy
6533	3416	1759226661	real
6533	14891	17251681513422	private_dummy
6534	3414	1487160959	real
6534	14892	17251681513422	private_dummy
6535	3399	1241675220	real
6535	3406	1184562466	real
6535	14893	17251681513422	private_dummy
6536	3169	1160581975	real
6536	3269	1103469220	real
6536	14894	17251681513422	private_dummy
6537	2956	1168458172	real
6537	3079	1111345418	real
6537	14895	17251681513422	private_dummy
6538	2665	1208591486	real
6538	2666	1151478732	real
6538	14896	17251681513422	private_dummy
6539	2282	1284404966	real
6539	2461	1227292212	real
6539	14897	17251681513422	private_dummy
6540	1804	1404439436	real
6540	1805	1347326682	real
6540	14898	17251681513422	private_dummy
6541	1204	1593607205	real
6541	1454	1536494450	real
6541	14899	17251681513422	private_dummy
6542	480	1869695623	real
6542	481	1869695623	real
6542	774	1869695623	real
6542	14900	17251681513422	private_dummy
6543	3310	1127244833	real
6543	3311	1184357587	real
6543	3418	1127244833	real
6543	14901	17251681513422	private_dummy
6544	7203	1430048205	real
6544	14902	17251681513422	private_dummy
6545	7205	1130305272	real
6545	14903	17251681513422	private_dummy
6546	7207	600626871	real
6546	14904	17251681513422	private_dummy
6547	7209	385769531	real
6547	14905	17251681513422	private_dummy
6548	7211	268042552	real
6548	14906	17251681513422	private_dummy
6549	7213	234146633	real
6549	14907	17251681513422	private_dummy
6550	7215	268042552	real
6550	14908	17251681513422	private_dummy
6551	7217	385769531	real
6551	14909	17251681513422	private_dummy
6552	3410	1702113907	real
6552	3411	1702113907	real
6552	14910	17251681513422	private_dummy
6553	3408	1430048205	real
6553	3409	1430048205	real
6553	14911	17251681513422	private_dummy
6554	3406	1280892846	real
6554	3407	1280892846	real
6554	14912	17251681513422	private_dummy
6555	3167	1103469220	real
6555	3168	1103469220	real
6555	14913	17251681513422	private_dummy
6556	2954	1111345418	real
6556	2955	1111345418	real
6556	14914	17251681513422	private_dummy
6557	2280	1227292212	real
6557	2281	1227292212	real
6557	14915	17251681513422	private_dummy
6558	1202	1536494450	real
6558	1203	1536494450	real
6558	14916	17251681513422	private_dummy
6559	3403	1759226661	real
6559	14917	17251681513422	private_dummy
6560	3401	1487160959	real
6560	14918	17251681513422	private_dummy
6561	3399	1338005600	real
6561	14919	17251681513422	private_dummy
6562	3166	1160581975	real
6562	14920	17251681513422	private_dummy
6563	2953	1168458172	real
6563	14921	17251681513422	private_dummy
6564	2663	1208591486	real
6564	2664	1151478732	real
6564	2813	1151478732	real
6564	14922	17251681513422	private_dummy
6565	2279	1284404966	real
6565	14923	17251681513422	private_dummy
6566	1802	1404439436	real
6566	1803	1347326682	real
6566	2015	1347326682	real
6566	14924	17251681513422	private_dummy
6567	1201	1593607205	real
6567	14925	17251681513422	private_dummy
6568	478	1869695623	real
6568	479	1869695623	real
6568	772	1869695623	real
6568	14926	17251681513422	private_dummy
6569	3305	1127244833	real
6569	3306	1184357587	real
6569	3405	1127244833	real
6569	14927	17251681513422	private_dummy
6570	7220	1430048205	real
6570	14928	17251681513422	private_dummy
6571	7222	1280892846	real
6571	14929	17251681513422	private_dummy
6572	7224	944486826	real
6572	14930	17251681513422	private_dummy
6573	7226	672516732	real
6573	14931	17251681513422	private_dummy
6574	7228	554789753	real
6574	14932	17251681513422	private_dummy
6575	7230	520893834	real
6575	14933	17251681513422	private_dummy
6576	7232	554789753	real
6576	14934	17251681513422	private_dummy
6577	7234	672516732	real
6577	14935	17251681513422	private_dummy
6578	3137	1184357587	real
6578	3139	1127244833	real
6578	3175	1127244833	real
6578	14936	17251681513422	private_dummy
6579	6573	1430048205	real
6579	6575	1568677239	real
6579	14937	17251681513422	private_dummy
6580	6570	1280892846	real
6580	14938	17251681513422	private_dummy
6581	6662	1184562466	real
6581	14939	17251681513422	private_dummy
6582	6562	796689494	real
6582	14940	17251681513422	private_dummy
6583	6660	543181287	real
6583	14941	17251681513422	private_dummy
6584	6658	449324807	real
6584	14942	17251681513422	private_dummy
6585	6538	449324807	real
6585	14943	17251681513422	private_dummy
6586	6656	543181287	real
6586	14944	17251681513422	private_dummy
6587	2924	1184357587	real
6587	2926	1127244833	real
6587	2962	1127244833	real
6587	14945	17251681513422	private_dummy
6588	6174	1430048205	real
6588	6176	1568677239	real
6588	14946	17251681513422	private_dummy
6589	6171	1280892846	real
6589	14947	17251681513422	private_dummy
6590	6271	1184562466	real
6590	14948	17251681513422	private_dummy
6591	6158	897324586	real
6591	14949	17251681513422	private_dummy
6592	6269	486071794	real
6592	14950	17251681513422	private_dummy
6593	6267	335102559	real
6593	14951	17251681513422	private_dummy
6594	6130	275141997	real
6594	14952	17251681513422	private_dummy
6595	6265	335102559	real
6595	14953	17251681513422	private_dummy
6596	2634	1184357587	real
6596	2636	1127244833	real
6596	2672	1127244833	real
6596	14954	17251681513422	private_dummy
6597	5741	1430048205	real
6597	5743	1568677239	real
6597	14955	17251681513422	private_dummy
6598	5738	1280892846	real
6598	14956	17251681513422	private_dummy
6599	5846	1184562466	real
6599	14957	17251681513422	private_dummy
6600	5725	897324586	real
6600	14958	17251681513422	private_dummy
6601	5844	682467246	real
6601	14959	17251681513422	private_dummy
6602	5842	427769088	real
6602	14960	17251681513422	private_dummy
6603	5688	335102559	real
6603	14961	17251681513422	private_dummy
6604	5840	335102559	real
6604	14962	17251681513422	private_dummy
6605	2445	1127244833	real
6605	2446	1127244833	real
6605	14963	17251681513422	private_dummy
6606	2251	1184357587	real
6606	2253	1127244833	real
6606	14964	17251681513422	private_dummy
6607	5270	1430048205	real
6607	5272	1568677239	real
6607	14965	17251681513422	private_dummy
6608	5267	1280892846	real
6608	14966	17251681513422	private_dummy
6609	5387	1184562466	real
6609	14967	17251681513422	private_dummy
6610	5254	897324586	real
6610	14968	17251681513422	private_dummy
6611	5385	682467246	real
6611	14969	17251681513422	private_dummy
6612	5383	600294042	real
6612	14970	17251681513422	private_dummy
6613	5212	446472507	real
6613	14971	17251681513422	private_dummy
6614	5381	428959040	real
6614	14972	17251681513422	private_dummy
6615	1773	1184357587	real
6615	1775	1127244833	real
6615	1811	1127244833	real
6615	14973	17251681513422	private_dummy
6616	4771	1430048205	real
6616	4773	1568677239	real
6616	14974	17251681513422	private_dummy
6617	4768	1280892846	real
6617	14975	17251681513422	private_dummy
6618	4894	1184562466	real
6618	14976	17251681513422	private_dummy
6619	4755	897324586	real
6619	14977	17251681513422	private_dummy
6620	4892	682467246	real
6620	14978	17251681513422	private_dummy
6621	4890	600294042	real
6621	14979	17251681513422	private_dummy
6622	4708	585101542	real
6622	14980	17251681513422	private_dummy
6623	4888	553131802	real
6623	14981	17251681513422	private_dummy
6624	1173	1184357587	real
6624	1175	1127244833	real
6624	1210	1127244833	real
6624	14982	17251681513422	private_dummy
6625	4242	1430048205	real
6625	4244	1568677239	real
6625	14983	17251681513422	private_dummy
6626	4239	1280892846	real
6626	14984	17251681513422	private_dummy
6627	4367	1184562466	real
6627	14985	17251681513422	private_dummy
6628	4226	897324586	real
6628	14986	17251681513422	private_dummy
6629	4365	682467246	real
6629	14987	17251681513422	private_dummy
6630	4363	600294042	real
6630	14988	17251681513422	private_dummy
6631	4179	585101542	real
6631	14989	17251681513422	private_dummy
6632	4361	631800274	real
6632	14990	17251681513422	private_dummy
6633	450	1184357587	real
6633	452	1127244833	real
6633	487	1127244833	real
6633	14991	17251681513422	private_dummy
6634	3680	1430048205	real
6634	3682	1568677239	real
6634	14992	17251681513422	private_dummy
6635	3677	1280892846	real
6635	14993	17251681513422	private_dummy
6636	3806	1184562466	real
6636	14994	17251681513422	private_dummy
6637	3664	897324586	real
6637	14995	17251681513422	private_dummy
6638	3804	682467246	real
6638	14996	17251681513422	private_dummy
6639	3802	600294042	real
6639	14997	17251681513422	private_dummy
6640	3617	585101542	real
6640	14998	17251681513422	private_dummy
6641	3800	631800274	real
6641	14999	17251681513422	private_dummy
6642	3418	1280892846	real
6642	15000	17251681513422	private_dummy
6643	3405	1184562466	real
6643	15001	17251681513422	private_dummy
6644	3175	1103469220	real
6644	15002	17251681513422	private_dummy
6645	2962	1111345418	real
6645	15003	17251681513422	private_dummy
6646	2672	1151478732	real
6646	2673	1151478732	real
6646	15004	17251681513422	private_dummy
6647	1811	1347326682	real
6647	1812	1347326682	real
6647	15005	17251681513422	private_dummy
6648	1210	1536494450	real
6648	15006	17251681513422	private_dummy
6649	487	1869695623	real
6649	488	1869695623	real
6649	15007	17251681513422	private_dummy
6650	7139	875878519	real
6650	15008	17251681513422	private_dummy
6651	7139	875878519	real
6651	15009	17251681513422	private_dummy
6652	7140	875878519	real
6652	15010	17251681513422	private_dummy
6653	7140	875878519	real
6653	15011	17251681513422	private_dummy
6654	7141	625354492	real
6654	15012	17251681513422	private_dummy
6655	7141	568241738	real
6655	15013	17251681513422	private_dummy
6656	7142	473731594	real
6656	15014	17251681513422	private_dummy
6657	7142	416618840	real
6657	15015	17251681513422	private_dummy
6658	7143	625354492	real
6658	15016	17251681513422	private_dummy
6659	7143	568241738	real
6659	15017	17251681513422	private_dummy
6660	7144	773151825	real
6660	15018	17251681513422	private_dummy
6661	7144	773151825	real
6661	15019	17251681513422	private_dummy
6662	508	1869695623	real
6662	786	1869695623	real
6662	15020	17251681513422	private_dummy
6663	509	1869695623	real
6663	15021	17251681513422	private_dummy
6664	1232	1593607205	real
6664	15022	17251681513422	private_dummy
6665	1820	1404439436	real
6665	15023	17251681513422	private_dummy
6666	2021	1227292212	real
6666	2029	1227292212	real
6666	15024	17251681513422	private_dummy
6667	2302	1284404966	real
6667	2471	1227292212	real
6667	15025	17251681513422	private_dummy
6668	2465	1227292212	real
6668	2474	1227292212	real
6668	15026	17251681513422	private_dummy
6669	2681	1208591486	real
6669	15027	17251681513422	private_dummy
6670	2819	1227292212	real
6670	2827	1227292212	real
6670	15028	17251681513422	private_dummy
6671	3084	1227292212	real
6671	3091	1227292212	real
6671	15029	17251681513422	private_dummy
6672	3274	1227292212	real
6672	3281	1227292212	real
6672	15030	17251681513422	private_dummy
6673	3344	1184357587	real
6673	15031	17251681513422	private_dummy
6674	3464	1487160959	real
6674	15032	17251681513422	private_dummy
6675	3466	1759226661	real
6675	15033	17251681513422	private_dummy
6676	3435	1227292212	real
6676	3468	1227292212	real
6676	15034	17251681513422	private_dummy
6677	3482	1759226661	real
6677	15035	17251681513422	private_dummy
6678	3440	1227292212	real
6678	3484	1227292212	real
6678	15036	17251681513422	private_dummy
6679	3445	1227292212	real
6679	3492	1227292212	real
6679	15037	17251681513422	private_dummy
6680	7299	751721493	real
6680	15038	17251681513422	private_dummy
6681	7297	751721493	real
6681	15039	17251681513422	private_dummy
6682	7302	1302830226	real
6682	15040	17251681513422	private_dummy
6683	7302	1421097985	real
6683	15041	17251681513422	private_dummy
6684	7288	218029243	real
6684	7290	218029243	real
6684	15042	17251681513422	private_dummy
6685	7295	837944909	real
6685	7296	837944909	real
6685	15043	17251681513422	private_dummy
6686	7283	375366188	real
6686	7284	546696698	real
6686	15044	17251681513422	private_dummy
6687	7285	562222027	real
6687	7287	562222027	real
6687	15045	17251681513422	private_dummy
6688	7309	586295985	real
6688	15046	17251681513422	private_dummy
6689	7284	546696698	real
6689	15047	17251681513422	private_dummy
6690	7293	562222027	real
6690	15048	17251681513422	private_dummy
6691	7311	586295985	real
6691	15049	17251681513422	private_dummy
6692	7283	782688641	real
6692	15050	17251681513422	private_dummy
6693	7291	265191483	real
6693	15051	17251681513422	private_dummy
6694	7313	1383315512	real
6694	15052	17251681513422	private_dummy
6695	7287	296697716	real
6695	7290	296697716	real
6695	15053	17251681513422	private_dummy
6696	7298	383454751	real
6696	15054	17251681513422	private_dummy
6697	7315	507627513	real
6697	15055	17251681513422	private_dummy
6698	7285	347364688	real
6698	7288	347364688	real
6698	15056	17251681513422	private_dummy
6699	7291	150969236	real
6699	7293	150969236	real
6699	15057	17251681513422	private_dummy
6700	7317	636962957	real
6700	15058	17251681513422	private_dummy
6701	7304	1381498698	real
6701	15059	17251681513422	private_dummy
6702	7304	1302830226	real
6702	15060	17251681513422	private_dummy
6703	7302	1427002987	real
6703	7303	875894255	real
6703	7308	586295985	real
6703	15061	17251681513422	private_dummy
6704	7312	554789753	real
6704	15062	17251681513422	private_dummy
6705	7314	554789753	real
6705	15063	17251681513422	private_dummy
6706	7302	1440878376	real
6706	7303	1220087040	real
6706	7310	851820297	real
6706	15064	17251681513422	private_dummy
6707	7312	830389966	real
6707	15065	17251681513422	private_dummy
6708	7314	633458225	real
6708	15066	17251681513422	private_dummy
6709	7301	757626495	real
6709	15067	17251681513422	private_dummy
6710	7316	383454751	real
6710	15068	17251681513422	private_dummy
6711	7318	440567505	real
6711	15069	17251681513422	private_dummy
6712	7301	836294968	real
6712	15070	17251681513422	private_dummy
6713	7316	462123224	real
6713	15071	17251681513422	private_dummy
6714	7318	519235978	real
6714	15072	17251681513422	private_dummy
6715	7300	836294968	real
6715	15073	17251681513422	private_dummy
6716	7300	1243617421	real
6716	15074	17251681513422	private_dummy
6717	7246	438906293	real
6717	7247	438906293	real
6717	15075	17251681513422	private_dummy
6718	7286	634805329	real
6718	15076	17251681513422	private_dummy
6719	7282	950503740	real
6719	15077	17251681513422	private_dummy
6720	7282	590343528	real
6720	15078	17251681513422	private_dummy
6721	7236	895769196	real
6721	7237	952881950	real
6721	15079	17251681513422	private_dummy
6722	7238	628199503	real
6722	7239	628199503	real
6722	15080	17251681513422	private_dummy
6723	7240	568241738	real
6723	7241	568241738	real
6723	15081	17251681513422	private_dummy
6724	7242	798782256	real
6724	7243	798782256	real
6724	15082	17251681513422	private_dummy
6725	7244	726099236	real
6725	7245	726099236	real
6725	15083	17251681513422	private_dummy
6726	7326	857837211	real
6726	15084	17251681513422	private_dummy
6727	7326	497676999	real
6727	15085	17251681513422	private_dummy
6728	7237	952881950	real
6728	15086	17251681513422	private_dummy
6729	7257	313543580	real
6729	7258	313543580	real
6729	15087	17251681513422	private_dummy
6730	7259	405465967	real
6730	15088	17251681513422	private_dummy
6731	7289	407325250	real
6731	15089	17251681513422	private_dummy
6732	7328	857837211	real
6732	15090	17251681513422	private_dummy
6733	7328	497676999	real
6733	15091	17251681513422	private_dummy
6734	7236	1211545455	real
6734	15092	17251681513422	private_dummy
6735	7248	489570469	real
6735	7249	546683223	real
6735	15093	17251681513422	private_dummy
6736	7250	332246999	real
6736	7251	332246999	real
6736	15094	17251681513422	private_dummy
6737	7254	489570469	real
6737	15095	17251681513422	private_dummy
6738	7255	426440801	real
6738	7256	426440801	real
6738	15096	17251681513422	private_dummy
6739	7330	1053579000	real
6739	15097	17251681513422	private_dummy
6740	7330	796494047	real
6740	15098	17251681513422	private_dummy
6741	7239	628199503	real
6741	15099	17251681513422	private_dummy
6742	7249	546683223	real
6742	15100	17251681513422	private_dummy
6743	7270	382913971	real
6743	7271	382913971	real
6743	15101	17251681513422	private_dummy
6744	7292	407325250	real
6744	15102	17251681513422	private_dummy
6745	7332	660905471	real
6745	15103	17251681513422	private_dummy
6746	7332	403820518	real
6746	15104	17251681513422	private_dummy
6747	7238	726099236	real
6747	15105	17251681513422	private_dummy
6748	7248	726099236	real
6748	15106	17251681513422	private_dummy
6749	7262	371846286	real
6749	7263	428959040	real
6749	15107	17251681513422	private_dummy
6750	7266	371846286	real
6750	7267	371846286	real
6750	15108	17251681513422	private_dummy
6751	7268	326341997	real
6751	7269	326341997	real
6751	15109	17251681513422	private_dummy
6752	7334	954546992	real
6752	15110	17251681513422	private_dummy
6753	7334	265191483	real
6753	15111	17251681513422	private_dummy
6754	7241	568241738	real
6754	7247	568241738	real
6754	15112	17251681513422	private_dummy
6755	7251	332246999	real
6755	7258	332246999	real
6755	15113	17251681513422	private_dummy
6756	7263	428959040	real
6756	15114	17251681513422	private_dummy
6757	7274	556136856	real
6757	15115	17251681513422	private_dummy
6758	7275	577692575	real
6758	15116	17251681513422	private_dummy
6759	7336	646256547	real
6759	15117	17251681513422	private_dummy
6760	7336	462123224	real
6760	15118	17251681513422	private_dummy
6761	7240	577990920	real
6761	7246	577990920	real
6761	15119	17251681513422	private_dummy
6762	7250	381059179	real
6762	7257	381059179	real
6762	15120	17251681513422	private_dummy
6763	7262	577990920	real
6763	15121	17251681513422	private_dummy
6764	7272	440438857	real
6764	15122	17251681513422	private_dummy
6765	7273	426440801	real
6765	15123	17251681513422	private_dummy
6766	7338	713772147	real
6766	15124	17251681513422	private_dummy
6767	7338	462123224	real
6767	15125	17251681513422	private_dummy
6768	7243	798782256	real
6768	15126	17251681513422	private_dummy
6769	7267	371846286	real
6769	7271	371846286	real
6769	15127	17251681513422	private_dummy
6770	7294	1124216952	real
6770	15128	17251681513422	private_dummy
6771	7340	873250628	real
6771	15129	17251681513422	private_dummy
6772	7340	426440801	real
6772	15130	17251681513422	private_dummy
6773	7242	670359104	real
6773	15131	17251681513422	private_dummy
6774	7254	381059179	real
6774	7259	381059179	real
6774	15132	17251681513422	private_dummy
6775	7266	300740766	real
6775	7270	300740766	real
6775	15133	17251681513422	private_dummy
6776	7272	440438857	real
6776	7274	440438857	real
6776	15134	17251681513422	private_dummy
6777	7279	952881950	real
6777	7280	1009994705	real
6777	15135	17251681513422	private_dummy
6778	7342	772615536	real
6778	15136	17251681513422	private_dummy
6779	7342	426440801	real
6779	15137	17251681513422	private_dummy
6780	7245	628199503	real
6780	15138	17251681513422	private_dummy
6781	7256	350212495	real
6781	15139	17251681513422	private_dummy
6782	7269	292446078	real
6782	15140	17251681513422	private_dummy
6783	7280	1009994705	real
6783	15141	17251681513422	private_dummy
6784	7344	746355351	real
6784	15142	17251681513422	private_dummy
6785	7344	505109273	real
6785	15143	17251681513422	private_dummy
6786	7244	1052445090	real
6786	15144	17251681513422	private_dummy
6787	7255	726099236	real
6787	15145	17251681513422	private_dummy
6788	7268	577990920	real
6788	15146	17251681513422	private_dummy
6789	7273	597771310	real
6789	7275	597771310	real
6789	15147	17251681513422	private_dummy
6790	7279	1109557844	real
6790	15148	17251681513422	private_dummy
6791	7346	1103170875	real
6791	15149	17251681513422	private_dummy
6792	7346	562222027	real
6792	15150	17251681513422	private_dummy
6793	7306	554789753	real
6793	7325	543181287	real
6793	15151	17251681513422	private_dummy
6794	7329	636962957	real
6794	15152	17251681513422	private_dummy
6795	7331	507627513	real
6795	15153	17251681513422	private_dummy
6796	7306	657865013	real
6796	7327	646256547	real
6796	15154	17251681513422	private_dummy
6797	7329	715631430	real
6797	15155	17251681513422	private_dummy
6798	7331	507627513	real
6798	15156	17251681513422	private_dummy
6799	7333	400968218	real
6799	15157	17251681513422	private_dummy
6800	7335	382264799	real
6800	15158	17251681513422	private_dummy
6801	7333	400968218	real
6801	15159	17251681513422	private_dummy
6802	7335	382264799	real
6802	15160	17251681513422	private_dummy
6803	7337	440567505	real
6803	15161	17251681513422	private_dummy
6804	7339	636962957	real
6804	15162	17251681513422	private_dummy
6805	7337	440567505	real
6805	15163	17251681513422	private_dummy
6806	7339	636962957	real
6806	15164	17251681513422	private_dummy
6807	7341	519107330	real
6807	15165	17251681513422	private_dummy
6808	7343	483553555	real
6808	15166	17251681513422	private_dummy
6809	7341	519107330	real
6809	15167	17251681513422	private_dummy
6810	7343	483553555	real
6810	15168	17251681513422	private_dummy
6811	7345	622182589	real
6811	15169	17251681513422	private_dummy
6812	7347	679295344	real
6812	15170	17251681513422	private_dummy
6813	7345	622182589	real
6813	15171	17251681513422	private_dummy
6814	7347	679295344	real
6814	15172	17251681513422	private_dummy
6815	7307	476121280	real
6815	15173	17251681513422	private_dummy
6816	7307	579196540	real
6816	15174	17251681513422	private_dummy
6817	7304	1381498698	real
6817	7305	991676238	real
6817	15175	17251681513422	private_dummy
6818	7304	1302830226	real
6818	7305	1027230012	real
6818	15176	17251681513422	private_dummy
6819	778	1227292212	real
6819	779	1227292212	real
6819	787	1227292212	real
6819	15177	17251681513422	private_dummy
6820	4020	1268658209	real
6820	4022	1483515549	real
6820	15178	17251681513422	private_dummy
6821	4018	1124216952	real
6821	15179	17251681513422	private_dummy
6822	4016	1033210972	real
6822	15180	17251681513422	private_dummy
6823	4014	982009973	real
6823	15181	17251681513422	private_dummy
6824	4012	965421070	real
6824	15182	17251681513422	private_dummy
6825	4010	982009973	real
6825	15183	17251681513422	private_dummy
6826	4008	875878519	real
6826	15184	17251681513422	private_dummy
6827	4006	761656271	real
6827	15185	17251681513422	private_dummy
6828	489	1284404966	real
6828	490	1227292212	real
6828	15186	17251681513422	private_dummy
6829	1459	1227292212	real
6829	1460	1227292212	real
6829	1467	1227292212	real
6829	15187	17251681513422	private_dummy
6830	4581	1268658209	real
6830	4583	1483515549	real
6830	15188	17251681513422	private_dummy
6831	4579	1009994705	real
6831	15189	17251681513422	private_dummy
6832	4577	875878519	real
6832	15190	17251681513422	private_dummy
6833	4575	796682206	real
6833	15191	17251681513422	private_dummy
6834	4573	759276436	real
6834	15192	17251681513422	private_dummy
6835	4571	759276436	real
6835	15193	17251681513422	private_dummy
6836	4569	639349752	real
6836	15194	17251681513422	private_dummy
6837	4567	525127505	real
6837	15195	17251681513422	private_dummy
6838	1211	1284404966	real
6838	1212	1227292212	real
6838	15196	17251681513422	private_dummy
6839	5108	1536494450	real
6839	5110	1670416394	real
6839	15197	17251681513422	private_dummy
6840	5106	1124216952	real
6840	15198	17251681513422	private_dummy
6841	5104	875878519	real
6841	15199	17251681513422	private_dummy
6842	5102	753572000	real
6842	15200	17251681513422	private_dummy
6843	5100	688170916	real
6843	15201	17251681513422	private_dummy
6844	5098	667354049	real
6844	15202	17251681513422	private_dummy
6845	5096	530838463	real
6845	15203	17251681513422	private_dummy
6846	5094	416616215	real
6846	15204	17251681513422	private_dummy
6847	1813	1284404966	real
6847	1814	1227292212	real
6847	1833	1227292212	real
6847	15205	17251681513422	private_dummy
6848	5601	1536494450	real
6848	5603	1672275677	real
6848	15206	17251681513422	private_dummy
6849	5599	1347326682	real
6849	15207	17251681513422	private_dummy
6850	5597	1033210972	real
6850	15208	17251681513422	private_dummy
6851	5595	796682206	real
6851	15209	17251681513422	private_dummy
6852	5593	688170916	real
6852	15210	17251681513422	private_dummy
6853	5591	639358736	real
6853	15211	17251681513422	private_dummy
6854	5589	482026282	real
6854	15212	17251681513422	private_dummy
6855	5587	367804034	real
6855	15213	17251681513422	private_dummy
6856	2289	1284404966	real
6856	2290	1227292212	real
6856	2309	1227292212	real
6856	15214	17251681513422	private_dummy
6857	6060	1536494450	real
6857	6062	1732236239	real
6857	15215	17251681513422	private_dummy
6858	6058	1347326682	real
6858	15216	17251681513422	private_dummy
6859	6056	1227292212	real
6859	15217	17251681513422	private_dummy
6860	6054	982009973	real
6860	15218	17251681513422	private_dummy
6861	6052	759276436	real
6861	15219	17251681513422	private_dummy
6862	6050	667354049	real
6862	15220	17251681513422	private_dummy
6863	6048	482026282	real
6863	15221	17251681513422	private_dummy
6864	6046	367804034	real
6864	15222	17251681513422	private_dummy
6865	2674	1284404966	real
6865	2675	1227292212	real
6865	2694	1227292212	real
6865	15223	17251681513422	private_dummy
6866	6485	1536494450	real
6866	6487	1766132158	real
6866	15224	17251681513422	private_dummy
6867	6483	1347326682	real
6867	15225	17251681513422	private_dummy
6868	6481	1227292212	real
6868	15226	17251681513422	private_dummy
6869	6479	1151478732	real
6869	15227	17251681513422	private_dummy
6870	6477	965421070	real
6870	15228	17251681513422	private_dummy
6871	6475	759276436	real
6871	15229	17251681513422	private_dummy
6872	6473	530838463	real
6872	15230	17251681513422	private_dummy
6873	6471	416616215	real
6873	15231	17251681513422	private_dummy
6874	2963	1284404966	real
6874	2964	1227292212	real
6874	2984	1227292212	real
6874	15232	17251681513422	private_dummy
6875	6876	1536494450	real
6875	6878	1790002657	real
6875	15233	17251681513422	private_dummy
6876	6874	1347326682	real
6876	15234	17251681513422	private_dummy
6877	6872	1227292212	real
6877	15235	17251681513422	private_dummy
6878	6870	1151478732	real
6878	15236	17251681513422	private_dummy
6879	6868	1111345418	real
6879	15237	17251681513422	private_dummy
6880	6866	982009973	real
6880	15238	17251681513422	private_dummy
6881	6864	639349752	real
6881	15239	17251681513422	private_dummy
6882	6862	525127505	real
6882	15240	17251681513422	private_dummy
6883	3176	1284404966	real
6883	3177	1227292212	real
6883	3197	1227292212	real
6883	15241	17251681513422	private_dummy
6884	3397	1227292212	real
6884	3398	1227292212	real
6884	3405	1227292212	real
6884	15242	17251681513422	private_dummy
6885	7233	1536494450	real
6885	7235	1808464545	real
6885	15243	17251681513422	private_dummy
6886	7231	1347326682	real
6886	15244	17251681513422	private_dummy
6887	7229	1227292212	real
6887	15245	17251681513422	private_dummy
6888	7227	1151478732	real
6888	15246	17251681513422	private_dummy
6889	7225	1111345418	real
6889	15247	17251681513422	private_dummy
6890	7223	1103469220	real
6890	15248	17251681513422	private_dummy
6891	7221	954546992	real
6891	15249	17251681513422	private_dummy
6892	7219	840324744	real
6892	15250	17251681513422	private_dummy
6893	3323	1284404966	real
6893	3324	1227292212	real
6893	15251	17251681513422	private_dummy
6894	496	1869695623	real
6894	497	1869695623	real
6894	781	1869695623	real
6894	15252	17251681513422	private_dummy
6895	1218	1536494450	real
6895	1219	1593607205	real
6895	1462	1536494450	real
6895	15253	17251681513422	private_dummy
6896	2296	1227292212	real
6896	2297	1284404966	real
6896	2468	1227292212	real
6896	15254	17251681513422	private_dummy
6897	2970	1111345418	real
6897	2971	1168458172	real
6897	3086	1111345418	real
6897	15255	17251681513422	private_dummy
6898	3183	1103469220	real
6898	3184	1160581975	real
6898	3276	1103469220	real
6898	15256	17251681513422	private_dummy
6899	3330	1127244833	real
6899	3331	1184357587	real
6899	3400	1127244833	real
6899	15257	17251681513422	private_dummy
6900	7349	1536494450	real
6900	15258	17251681513422	private_dummy
6901	7253	1347326682	real
6901	15259	17251681513422	private_dummy
6902	7351	1227292212	real
6902	15260	17251681513422	private_dummy
6903	7265	1151478732	real
6903	15261	17251681513422	private_dummy
6904	7353	1111345418	real
6904	15262	17251681513422	private_dummy
6905	7355	1103469220	real
6905	15263	17251681513422	private_dummy
6906	7357	1127244833	real
6906	15264	17251681513422	private_dummy
6907	7277	934563483	real
6907	15265	17251681513422	private_dummy
6908	493	1869695623	real
6908	494	1869695623	real
6908	15266	17251681513422	private_dummy
6909	1215	1593607205	real
6909	1216	1593607205	real
6909	15267	17251681513422	private_dummy
6910	1817	1404439436	real
6910	1818	1404439436	real
6910	2023	1347326682	real
6910	2024	1347326682	real
6910	15268	17251681513422	private_dummy
6911	2293	1284404966	real
6911	2294	1284404966	real
6911	15269	17251681513422	private_dummy
6912	2678	1208591486	real
6912	2679	1208591486	real
6912	2821	1151478732	real
6912	2822	1151478732	real
6912	15270	17251681513422	private_dummy
6913	2967	1168458172	real
6913	2968	1168458172	real
6913	15271	17251681513422	private_dummy
6914	3180	1160581975	real
6914	3181	1160581975	real
6914	15272	17251681513422	private_dummy
6915	3327	1184357587	real
6915	3328	1184357587	real
6915	15273	17251681513422	private_dummy
6916	3449	1487160959	real
6916	3450	1487160959	real
6916	3452	1430048205	real
6916	3453	1430048205	real
6916	15274	17251681513422	private_dummy
6917	3455	1759226661	real
6917	3456	1759226661	real
6917	3458	1702113907	real
6917	3459	1702113907	real
6917	15275	17251681513422	private_dummy
6918	3432	1227292212	real
6918	3434	1284404966	real
6918	3461	1227292212	real
6918	3462	1227292212	real
6918	15276	17251681513422	private_dummy
6919	502	1869695623	real
6919	503	1869695623	real
6919	783	1869695623	real
6919	15277	17251681513422	private_dummy
6920	1224	1536494450	real
6920	1225	1593607205	real
6920	1464	1536494450	real
6920	15278	17251681513422	private_dummy
6921	1825	1347326682	real
6921	1826	1404439436	real
6921	15279	17251681513422	private_dummy
6922	2686	1151478732	real
6922	2687	1208591486	real
6922	15280	17251681513422	private_dummy
6923	2976	1111345418	real
6923	2977	1168458172	real
6923	3088	1111345418	real
6923	15281	17251681513422	private_dummy
6924	3189	1103469220	real
6924	3190	1160581975	real
6924	3278	1103469220	real
6924	15282	17251681513422	private_dummy
6925	3336	1127244833	real
6925	3337	1184357587	real
6925	3402	1127244833	real
6925	15283	17251681513422	private_dummy
6926	3452	1280892846	real
6926	3454	1338005600	real
6926	15284	17251681513422	private_dummy
6927	7359	1536494450	real
6927	15285	17251681513422	private_dummy
6928	7361	1347326682	real
6928	15286	17251681513422	private_dummy
6929	7261	1227292212	real
6929	15287	17251681513422	private_dummy
6930	7363	1151478732	real
6930	15288	17251681513422	private_dummy
6931	7365	1111345418	real
6931	15289	17251681513422	private_dummy
6932	7367	1103469220	real
6932	15290	17251681513422	private_dummy
6933	7369	1127244833	real
6933	15291	17251681513422	private_dummy
6934	7371	970117258	real
6934	15292	17251681513422	private_dummy
6935	499	1869695623	real
6935	500	1869695623	real
6935	15293	17251681513422	private_dummy
6936	1221	1593607205	real
6936	1222	1593607205	real
6936	15294	17251681513422	private_dummy
6937	1822	1404439436	real
6937	1823	1404439436	real
6937	2026	1347326682	real
6937	15295	17251681513422	private_dummy
6938	2299	1284404966	real
6938	2300	1284404966	real
6938	2470	1227292212	real
6938	15296	17251681513422	private_dummy
6939	2683	1208591486	real
6939	2684	1208591486	real
6939	2824	1151478732	real
6939	15297	17251681513422	private_dummy
6940	2973	1168458172	real
6940	2974	1168458172	real
6940	15298	17251681513422	private_dummy
6941	3186	1160581975	real
6941	3187	1160581975	real
6941	15299	17251681513422	private_dummy
6942	3333	1184357587	real
6942	3334	1184357587	real
6942	15300	17251681513422	private_dummy
6943	3449	1338005600	real
6943	3451	1338005600	real
6943	3465	1280892846	real
6943	15301	17251681513422	private_dummy
6944	3473	1759226661	real
6944	3474	1759226661	real
6944	3476	1702113907	real
6944	3477	1702113907	real
6944	15302	17251681513422	private_dummy
6945	3436	1227292212	real
6945	3438	1305960685	real
6945	3479	1227292212	real
6945	3480	1227292212	real
6945	15303	17251681513422	private_dummy
6946	1230	1536494450	real
6946	1231	1593607205	real
6946	1466	1536494450	real
6946	15304	17251681513422	private_dummy
6947	1831	1347326682	real
6947	1832	1404439436	real
6947	15305	17251681513422	private_dummy
6948	2307	1227292212	real
6948	2308	1284404966	real
6948	2473	1227292212	real
6948	15306	17251681513422	private_dummy
6949	2692	1151478732	real
6949	2693	1208591486	real
6949	15307	17251681513422	private_dummy
6950	2982	1111345418	real
6950	2983	1168458172	real
6950	3090	1111345418	real
6950	15308	17251681513422	private_dummy
6951	3195	1103469220	real
6951	3196	1160581975	real
6951	3280	1103469220	real
6951	15309	17251681513422	private_dummy
6952	3342	1127244833	real
6952	3343	1184357587	real
6952	3404	1127244833	real
6952	15310	17251681513422	private_dummy
6953	3458	1280892846	real
6953	3460	1338005600	real
6953	15311	17251681513422	private_dummy
6954	3476	1430048205	real
6954	3478	1487160959	real
6954	15312	17251681513422	private_dummy
6955	7373	1536494450	real
6955	15313	17251681513422	private_dummy
6956	7375	1347326682	real
6956	15314	17251681513422	private_dummy
6957	7377	1227292212	real
6957	15315	17251681513422	private_dummy
6958	7379	1151478732	real
6958	15316	17251681513422	private_dummy
6959	7381	1111345418	real
6959	15317	17251681513422	private_dummy
6960	7383	1103469220	real
6960	15318	17251681513422	private_dummy
6961	7385	1127244833	real
6961	15319	17251681513422	private_dummy
6962	7387	970117258	real
6962	15320	17251681513422	private_dummy
6963	505	1869695623	real
6963	506	1869695623	real
6963	785	1869695623	real
6963	15321	17251681513422	private_dummy
6964	1227	1593607205	real
6964	1228	1593607205	real
6964	15322	17251681513422	private_dummy
6965	1828	1404439436	real
6965	1829	1404439436	real
6965	2028	1347326682	real
6965	15323	17251681513422	private_dummy
6966	2304	1284404966	real
6966	2305	1284404966	real
6966	15324	17251681513422	private_dummy
6967	2689	1208591486	real
6967	2690	1208591486	real
6967	2826	1151478732	real
6967	15325	17251681513422	private_dummy
6968	2979	1168458172	real
6968	2980	1168458172	real
6968	15326	17251681513422	private_dummy
6969	3192	1160581975	real
6969	3193	1160581975	real
6969	15327	17251681513422	private_dummy
6970	3339	1184357587	real
6970	3340	1184357587	real
6970	15328	17251681513422	private_dummy
6971	3455	1338005600	real
6971	3457	1338005600	real
6971	3467	1280892846	real
6971	15329	17251681513422	private_dummy
6972	3473	1487160959	real
6972	3475	1487160959	real
6972	3483	1430048205	real
6972	15330	17251681513422	private_dummy
6973	3441	1227292212	real
6973	3443	1227292212	real
6973	3489	1227292212	real
6973	3490	1227292212	real
6973	15331	17251681513422	private_dummy
6974	1833	1347326682	real
6974	1834	1404439436	real
6974	2030	1347326682	real
6974	15332	17251681513422	private_dummy
6975	2309	1227292212	real
6975	2310	1284404966	real
6975	15333	17251681513422	private_dummy
6976	2694	1151478732	real
6976	2695	1208591486	real
6976	2828	1151478732	real
6976	15334	17251681513422	private_dummy
6977	2984	1111345418	real
6977	2985	1168458172	real
6977	15335	17251681513422	private_dummy
6978	3197	1103469220	real
6978	3198	1160581975	real
6978	15336	17251681513422	private_dummy
6979	3461	1280892846	real
6979	3463	1338005600	real
6979	3469	1280892846	real
6979	15337	17251681513422	private_dummy
6980	3479	1430048205	real
6980	3481	1487160959	real
6980	3485	1430048205	real
6980	15338	17251681513422	private_dummy
6981	3489	1702113907	real
6981	3491	1759226661	real
6981	3493	1702113907	real
6981	15339	17251681513422	private_dummy
6982	490	1869695623	real
6982	491	1869695623	real
6982	779	1869695623	real
6982	15340	17251681513422	private_dummy
6983	1212	1536494450	real
6983	1213	1536494450	real
6983	1460	1536494450	real
6983	15341	17251681513422	private_dummy
6984	1814	1347326682	real
6984	1815	1347326682	real
6984	15342	17251681513422	private_dummy
6985	2290	1227292212	real
6985	2291	1227292212	real
6985	2466	1227292212	real
6985	15343	17251681513422	private_dummy
6986	2675	1151478732	real
6986	2676	1151478732	real
6986	15344	17251681513422	private_dummy
6987	2964	1111345418	real
6987	2965	1111345418	real
6987	15345	17251681513422	private_dummy
6988	3177	1103469220	real
6988	3178	1103469220	real
6988	15346	17251681513422	private_dummy
6989	3324	1127244833	real
6989	3325	1127244833	real
6989	3398	1127244833	real
6989	15347	17251681513422	private_dummy
6990	3432	1280892846	real
6990	3433	1280892846	real
6990	15348	17251681513422	private_dummy
6991	3436	1430048205	real
6991	3437	1430048205	real
6991	3439	1430048205	real
6991	15349	17251681513422	private_dummy
6992	3441	1702113907	real
6992	3442	1702113907	real
6992	3444	1702113907	real
6992	15350	17251681513422	private_dummy
6993	7319	773151825	real
6993	15351	17251681513422	private_dummy
6994	7319	773151825	real
6994	15352	17251681513422	private_dummy
6995	7320	507627513	real
6995	15353	17251681513422	private_dummy
6996	7320	507627513	real
6996	15354	17251681513422	private_dummy
6997	7321	476121280	real
6997	15355	17251681513422	private_dummy
6998	7321	476121280	real
6998	15356	17251681513422	private_dummy
6999	7322	773151825	real
6999	15357	17251681513422	private_dummy
7000	7322	773151825	real
7000	15358	17251681513422	private_dummy
7001	7323	798782256	real
7001	15359	17251681513422	private_dummy
7002	7323	855895011	real
7002	15360	17251681513422	private_dummy
7003	7324	877450729	real
7003	15361	17251681513422	private_dummy
7004	7324	877450729	real
7004	15362	17251681513422	private_dummy
7005	3506	1430048205	real
7005	15363	17251681513422	private_dummy
7006	3498	1280892846	real
7006	15364	17251681513422	private_dummy
7007	2702	1151478732	real
7007	15365	17251681513422	private_dummy
7008	1841	1347326682	real
7008	15366	17251681513422	private_dummy
7009	3496	1280892846	real
7009	15367	17251681513422	private_dummy
7010	2700	1151478732	real
7010	15368	17251681513422	private_dummy
7011	1839	1347326682	real
7011	15369	17251681513422	private_dummy
7012	3435	1184562466	real
7012	15370	17251681513422	private_dummy
7013	3397	1184562466	real
7013	15371	17251681513422	private_dummy
7014	3274	1184562466	real
7014	15372	17251681513422	private_dummy
7015	3084	1184562466	real
7015	15373	17251681513422	private_dummy
7016	2819	1184562466	real
7016	15374	17251681513422	private_dummy
7017	2318	1227292212	real
7017	15375	17251681513422	private_dummy
7018	2021	1184562466	real
7018	15376	17251681513422	private_dummy
7019	1459	1184562466	real
7019	15377	17251681513422	private_dummy
7020	778	1184562466	real
7020	15378	17251681513422	private_dummy
7021	7442	884804312	real
7021	15379	17251681513422	private_dummy
7022	7440	539597253	real
7022	15380	17251681513422	private_dummy
7023	7445	657324232	real
7023	15381	17251681513422	private_dummy
7024	7445	664222044	real
7024	15382	17251681513422	private_dummy
7025	7431	129410256	real
7025	7433	172524954	real
7025	15383	17251681513422	private_dummy
7026	7438	499991779	real
7026	7439	499991779	real
7026	15384	17251681513422	private_dummy
7027	7426	307111737	real
7027	7427	445740772	real
7027	15385	17251681513422	private_dummy
7028	7428	404477442	real
7028	7430	361362744	real
7028	15386	17251681513422	private_dummy
7029	7452	539597253	real
7029	15387	17251681513422	private_dummy
7030	7427	231295564	real
7030	15388	17251681513422	private_dummy
7031	7436	456883268	real
7031	15389	17251681513422	private_dummy
7032	7454	209739846	real
7032	15390	17251681513422	private_dummy
7033	7426	347364688	real
7033	15391	17251681513422	private_dummy
7034	7434	146923723	real
7034	15392	17251681513422	private_dummy
7035	7456	603067038	real
7035	15393	17251681513422	private_dummy
7036	7430	519107330	real
7036	7433	562222027	real
7036	15394	17251681513422	private_dummy
7037	7441	389359753	real
7037	15395	17251681513422	private_dummy
7038	7458	733552537	real
7038	15396	17251681513422	private_dummy
7039	7428	275141997	real
7039	7431	232027299	real
7039	15397	17251681513422	private_dummy
7040	7434	516840406	real
7040	7436	688170916	real
7040	15398	17251681513422	private_dummy
7041	7460	335102559	real
7041	15399	17251681513422	private_dummy
7042	7447	624622757	real
7042	15400	17251681513422	private_dummy
7043	7447	603067038	real
7043	15401	17251681513422	private_dummy
7044	7445	545954284	real
7044	7446	371114551	real
7044	7451	289598270	real
7044	15402	17251681513422	private_dummy
7045	7455	428880968	real
7045	15403	17251681513422	private_dummy
7046	7457	174182810	real
7046	15404	17251681513422	private_dummy
7047	7445	603067038	real
7047	7446	603067038	real
7047	7453	499991779	real
7047	15405	17251681513422	private_dummy
7048	7455	603067038	real
7048	15406	17251681513422	private_dummy
7049	7457	209739846	real
7049	15407	17251681513422	private_dummy
7050	7444	402626074	real
7050	15408	17251681513422	private_dummy
7051	7459	299545523	real
7051	15409	17251681513422	private_dummy
7052	7461	576800968	real
7052	15410	17251681513422	private_dummy
7053	7444	617071282	real
7053	15411	17251681513422	private_dummy
7054	7459	335102559	real
7054	15412	17251681513422	private_dummy
7055	7461	791246176	real
7055	15413	17251681513422	private_dummy
7056	7443	402626074	real
7056	15414	17251681513422	private_dummy
7057	7443	657324232	real
7057	15415	17251681513422	private_dummy
7058	7399	405465967	real
7058	7400	405465967	real
7058	15416	17251681513422	private_dummy
7059	7429	634805329	real
7059	15417	17251681513422	private_dummy
7060	7425	691918083	real
7060	15418	17251681513422	private_dummy
7061	7425	656361047	real
7061	15419	17251681513422	private_dummy
7062	7389	556136856	real
7062	7390	613249611	real
7062	15420	17251681513422	private_dummy
7063	7391	568241738	real
7063	7392	568241738	real
7063	15421	17251681513422	private_dummy
7064	7393	628199503	real
7064	7394	628199503	real
7064	15422	17251681513422	private_dummy
7065	7395	895769196	real
7065	7396	895769196	real
7065	15423	17251681513422	private_dummy
7066	7397	727471858	real
7066	7398	727471858	real
7066	15424	17251681513422	private_dummy
7067	7469	613249611	real
7067	15425	17251681513422	private_dummy
7068	7469	577692575	real
7068	15426	17251681513422	private_dummy
7069	7390	727471858	real
7069	15427	17251681513422	private_dummy
7070	7408	313543580	real
7070	7409	313543580	real
7070	15428	17251681513422	private_dummy
7071	7410	438906293	real
7071	15429	17251681513422	private_dummy
7072	7432	733552537	real
7072	15430	17251681513422	private_dummy
7073	7471	806140331	real
7073	15431	17251681513422	private_dummy
7074	7471	713473802	real
7074	15432	17251681513422	private_dummy
7075	7389	1052445090	real
7075	15433	17251681513422	private_dummy
7076	7401	339803765	real
7076	7402	396916519	real
7076	15434	17251681513422	private_dummy
7077	7403	313543580	real
7077	7404	313543580	real
7077	15435	17251681513422	private_dummy
7078	7405	525124244	real
7078	15436	17251681513422	private_dummy
7079	7406	634805329	real
7079	7407	634805329	real
7079	15437	17251681513422	private_dummy
7080	7473	898806860	real
7080	15438	17251681513422	private_dummy
7081	7473	944769366	real
7081	15439	17251681513422	private_dummy
7082	7392	568241738	real
7082	15440	17251681513422	private_dummy
7083	7402	282694271	real
7083	15441	17251681513422	private_dummy
7084	7417	525124244	real
7084	7418	525124244	real
7084	15442	17251681513422	private_dummy
7085	7435	357853520	real
7085	15443	17251681513422	private_dummy
7086	7475	325808969	real
7086	15444	17251681513422	private_dummy
7087	7475	404477442	real
7087	15445	17251681513422	private_dummy
7088	7391	597771310	real
7088	15446	17251681513422	private_dummy
7089	7401	440438857	real
7089	15447	17251681513422	private_dummy
7090	7411	405465967	real
7090	7412	462578721	real
7090	15448	17251681513422	private_dummy
7091	7413	459723160	real
7091	7414	459723160	real
7091	15449	17251681513422	private_dummy
7092	7415	382913971	real
7092	7416	382913971	real
7092	15450	17251681513422	private_dummy
7093	7477	540666309	real
7093	15451	17251681513422	private_dummy
7094	7477	325808969	real
7094	15452	17251681513422	private_dummy
7095	7394	628199503	real
7095	7400	628199503	real
7095	15453	17251681513422	private_dummy
7096	7404	128215813	real
7096	7409	128215813	real
7096	15454	17251681513422	private_dummy
7097	7412	462578721	real
7097	15455	17251681513422	private_dummy
7098	7421	952881950	real
7098	15456	17251681513422	private_dummy
7099	7422	332246999	real
7099	15457	17251681513422	private_dummy
7100	7479	425375005	real
7100	15458	17251681513422	private_dummy
7101	7479	268042552	real
7101	15459	17251681513422	private_dummy
7102	7393	577990920	real
7102	7399	577990920	real
7102	15460	17251681513422	private_dummy
7103	7403	143408313	real
7103	7408	143408313	real
7103	15461	17251681513422	private_dummy
7104	7411	577990920	real
7104	15462	17251681513422	private_dummy
7105	7419	647430763	real
7105	15463	17251681513422	private_dummy
7106	7420	285548266	real
7106	15464	17251681513422	private_dummy
7107	7481	440567505	real
7107	15465	17251681513422	private_dummy
7108	7481	268042552	real
7108	15466	17251681513422	private_dummy
7109	7396	895769196	real
7109	15467	17251681513422	private_dummy
7110	7414	459723160	real
7110	7418	459723160	real
7110	15468	17251681513422	private_dummy
7111	7437	733552537	real
7111	15469	17251681513422	private_dummy
7112	7483	668142471	real
7112	15470	17251681513422	private_dummy
7113	7483	461997836	real
7113	15471	17251681513422	private_dummy
7114	7395	726099236	real
7114	15472	17251681513422	private_dummy
7115	7405	174914545	real
7115	7410	174914545	real
7115	15473	17251681513422	private_dummy
7116	7413	381059179	real
7116	7417	381059179	real
7116	15474	17251681513422	private_dummy
7117	7419	726099236	real
7117	7421	783211990	real
7117	15475	17251681513422	private_dummy
7118	7423	459723160	real
7118	7424	595504387	real
7118	15476	17251681513422	private_dummy
7119	7485	540666309	real
7119	15477	17251681513422	private_dummy
7120	7485	461997836	real
7120	15478	17251681513422	private_dummy
7121	7398	855895011	real
7121	15479	17251681513422	private_dummy
7122	7407	634805329	real
7122	15480	17251681513422	private_dummy
7123	7416	382913971	real
7123	15481	17251681513422	private_dummy
7124	7424	595504387	real
7124	15482	17251681513422	private_dummy
7125	7487	1095440255	real
7125	15483	17251681513422	private_dummy
7126	7487	784584612	real
7126	15484	17251681513422	private_dummy
7127	7397	1109557844	real
7127	15485	17251681513422	private_dummy
7128	7406	497551611	real
7128	15486	17251681513422	private_dummy
7129	7415	577990920	real
7129	15487	17251681513422	private_dummy
7130	7420	726099236	real
7130	7422	726099236	real
7130	15488	17251681513422	private_dummy
7131	7423	1211545455	real
7131	15489	17251681513422	private_dummy
7132	7489	772853479	real
7132	15490	17251681513422	private_dummy
7133	7489	909215591	real
7133	15491	17251681513422	private_dummy
7134	7449	634805329	real
7134	7468	634805329	real
7134	15492	17251681513422	private_dummy
7135	7472	1009994705	real
7135	15493	17251681513422	private_dummy
7136	7474	556136856	real
7136	15494	17251681513422	private_dummy
7137	7449	727471858	real
7137	7470	727471858	real
7137	15495	17251681513422	private_dummy
7138	7472	1088663177	real
7138	15496	17251681513422	private_dummy
7139	7474	556136856	real
7139	15497	17251681513422	private_dummy
7140	7476	404885082	real
7140	15498	17251681513422	private_dummy
7141	7478	328656777	real
7141	15499	17251681513422	private_dummy
7142	7476	404885082	real
7142	15500	17251681513422	private_dummy
7143	7478	328656777	real
7143	15501	17251681513422	private_dummy
7144	7480	304786278	real
7144	15502	17251681513422	private_dummy
7145	7482	328656777	real
7145	15503	17251681513422	private_dummy
7146	7480	304786278	real
7146	15504	17251681513422	private_dummy
7147	7482	328656777	real
7147	15505	17251681513422	private_dummy
7148	7484	404885082	real
7148	15506	17251681513422	private_dummy
7149	7486	556136856	real
7149	15507	17251681513422	private_dummy
7150	7484	404885082	real
7150	15508	17251681513422	private_dummy
7151	7486	556136856	real
7151	15509	17251681513422	private_dummy
7152	7488	704543517	real
7152	15510	17251681513422	private_dummy
7153	7490	855895011	real
7153	15511	17251681513422	private_dummy
7154	7488	704543517	real
7154	15512	17251681513422	private_dummy
7155	7490	855895011	real
7155	15513	17251681513422	private_dummy
7156	7450	228443265	real
7156	15514	17251681513422	private_dummy
7157	7450	367072299	real
7157	15515	17251681513422	private_dummy
7158	7447	603067038	real
7158	7448	385769531	real
7158	15516	17251681513422	private_dummy
7159	7447	603067038	real
7159	7448	464438004	real
7159	15517	17251681513422	private_dummy
7160	516	1869695623	real
7160	15518	17251681513422	private_dummy
7161	3444	1184562466	real
7161	3445	1184562466	real
7161	15519	17251681513422	private_dummy
7162	3505	1487160959	real
7162	3507	1430048205	real
7162	15520	17251681513422	private_dummy
7163	3497	1338005600	real
7163	3502	1280892846	real
7163	15521	17251681513422	private_dummy
7164	3349	1184357587	real
7164	3350	1127244833	real
7164	3411	1127244833	real
7164	15522	17251681513422	private_dummy
7165	3203	1160581975	real
7165	3204	1103469220	real
7165	3287	1103469220	real
7165	15523	17251681513422	private_dummy
7166	2990	1168458172	real
7166	2991	1111345418	real
7166	3097	1111345418	real
7166	15524	17251681513422	private_dummy
7167	2701	1208591486	real
7167	2833	1151478732	real
7167	15525	17251681513422	private_dummy
7168	2316	1284404966	real
7168	2317	1227292212	real
7168	2479	1227292212	real
7168	15526	17251681513422	private_dummy
7169	1840	1404439436	real
7169	2035	1347326682	real
7169	15527	17251681513422	private_dummy
7170	1237	1593607205	real
7170	1238	1536494450	real
7170	1473	1536494450	real
7170	15528	17251681513422	private_dummy
7171	514	1869695623	real
7171	515	1869695623	real
7171	15529	17251681513422	private_dummy
7172	3442	1184562466	real
7172	3443	1184562466	real
7172	15530	17251681513422	private_dummy
7173	7492	1109557844	real
7173	15531	17251681513422	private_dummy
7174	7494	691918083	real
7174	15532	17251681513422	private_dummy
7175	7496	497551611	real
7175	15533	17251681513422	private_dummy
7176	7498	361362744	real
7176	15534	17251681513422	private_dummy
7177	7500	303596327	real
7177	15535	17251681513422	private_dummy
7178	7502	303596327	real
7178	15536	17251681513422	private_dummy
7179	7504	361362744	real
7179	15537	17251681513422	private_dummy
7180	7506	497551611	real
7180	15538	17251681513422	private_dummy
7181	3507	1702113907	real
7181	3508	1702113907	real
7181	15539	17251681513422	private_dummy
7182	2315	1227292212	real
7182	15540	17251681513422	private_dummy
7183	3439	1184562466	real
7183	3440	1184562466	real
7183	15541	17251681513422	private_dummy
7184	3505	1759226661	real
7184	15542	17251681513422	private_dummy
7185	3495	1338005600	real
7185	3500	1280892846	real
7185	15543	17251681513422	private_dummy
7186	3347	1184357587	real
7186	3348	1127244833	real
7186	3409	1127244833	real
7186	15544	17251681513422	private_dummy
7187	3201	1160581975	real
7187	3202	1103469220	real
7187	3285	1103469220	real
7187	15545	17251681513422	private_dummy
7188	2988	1168458172	real
7188	2989	1111345418	real
7188	3095	1111345418	real
7188	15546	17251681513422	private_dummy
7189	2699	1208591486	real
7189	2831	1151478732	real
7189	15547	17251681513422	private_dummy
7190	2313	1284404966	real
7190	2314	1227292212	real
7190	15548	17251681513422	private_dummy
7191	1838	1404439436	real
7191	2033	1347326682	real
7191	15549	17251681513422	private_dummy
7192	1235	1593607205	real
7192	1236	1536494450	real
7192	1471	1536494450	real
7192	15550	17251681513422	private_dummy
7193	512	1869695623	real
7193	513	1869695623	real
7193	791	1869695623	real
7193	15551	17251681513422	private_dummy
7194	3437	1184562466	real
7194	3438	1263230939	real
7194	15552	17251681513422	private_dummy
7195	7509	1245339071	real
7195	15553	17251681513422	private_dummy
7196	7511	691918083	real
7196	15554	17251681513422	private_dummy
7197	7513	461997836	real
7197	15555	17251681513422	private_dummy
7198	7515	325808969	real
7198	15556	17251681513422	private_dummy
7199	7517	268042552	real
7199	15557	17251681513422	private_dummy
7200	7519	268042552	real
7200	15558	17251681513422	private_dummy
7201	7521	325808969	real
7201	15559	17251681513422	private_dummy
7202	7523	461997836	real
7202	15560	17251681513422	private_dummy
7203	3502	1702113907	real
7203	3503	1702113907	real
7203	15561	17251681513422	private_dummy
7204	3500	1430048205	real
7204	3501	1430048205	real
7204	15562	17251681513422	private_dummy
7205	2697	1151478732	real
7205	2698	1151478732	real
7205	15563	17251681513422	private_dummy
7206	1836	1347326682	real
7206	1837	1347326682	real
7206	15564	17251681513422	private_dummy
7207	3497	1759226661	real
7207	15565	17251681513422	private_dummy
7208	3495	1487160959	real
7208	15566	17251681513422	private_dummy
7209	3345	1184357587	real
7209	3346	1127244833	real
7209	3407	1127244833	real
7209	15567	17251681513422	private_dummy
7210	3199	1160581975	real
7210	3200	1103469220	real
7210	3283	1103469220	real
7210	15568	17251681513422	private_dummy
7211	2986	1168458172	real
7211	2987	1111345418	real
7211	3093	1111345418	real
7211	15569	17251681513422	private_dummy
7212	2696	1208591486	real
7212	15570	17251681513422	private_dummy
7213	2311	1284404966	real
7213	2312	1227292212	real
7213	2476	1227292212	real
7213	15571	17251681513422	private_dummy
7214	1835	1404439436	real
7214	15572	17251681513422	private_dummy
7215	1233	1593607205	real
7215	1234	1536494450	real
7215	1469	1536494450	real
7215	15573	17251681513422	private_dummy
7216	510	1869695623	real
7216	511	1869695623	real
7216	789	1869695623	real
7216	15574	17251681513422	private_dummy
7217	3433	1184562466	real
7217	3434	1241675220	real
7217	3499	1184562466	real
7217	15575	17251681513422	private_dummy
7218	7526	1430048205	real
7218	15576	17251681513422	private_dummy
7219	7528	1001882120	real
7219	15577	17251681513422	private_dummy
7220	7530	714849119	real
7220	15578	17251681513422	private_dummy
7221	7532	578660251	real
7221	15579	17251681513422	private_dummy
7222	7534	520893834	real
7222	15580	17251681513422	private_dummy
7223	7536	520893834	real
7223	15581	17251681513422	private_dummy
7224	7538	578660251	real
7224	15582	17251681513422	private_dummy
7225	7540	714849119	real
7225	15583	17251681513422	private_dummy
7226	3323	1241675220	real
7226	3325	1184562466	real
7226	3351	1184562466	real
7226	15584	17251681513422	private_dummy
7227	6945	1430048205	real
7227	6947	1508716678	real
7227	15585	17251681513422	private_dummy
7228	6942	1280892846	real
7228	15586	17251681513422	private_dummy
7229	6938	826219067	real
7229	15587	17251681513422	private_dummy
7230	6934	554248972	real
7230	15588	17251681513422	private_dummy
7231	7023	436521993	real
7231	15589	17251681513422	private_dummy
7232	6920	402626074	real
7232	15590	17251681513422	private_dummy
7233	7021	436521993	real
7233	15591	17251681513422	private_dummy
7234	6907	554248972	real
7234	15592	17251681513422	private_dummy
7235	3176	1241675220	real
7235	3178	1184562466	real
7235	3205	1184562466	real
7235	15593	17251681513422	private_dummy
7236	6580	1430048205	real
7236	6582	1508716678	real
7236	15594	17251681513422	private_dummy
7237	6577	1280892846	real
7237	15595	17251681513422	private_dummy
7238	6568	941917066	real
7238	15596	17251681513422	private_dummy
7239	6564	497139479	real
7239	15597	17251681513422	private_dummy
7240	6666	322299745	real
7240	15598	17251681513422	private_dummy
7241	6548	228443265	real
7241	15599	17251681513422	private_dummy
7242	6664	228443265	real
7242	15600	17251681513422	private_dummy
7243	6533	322299745	real
7243	15601	17251681513422	private_dummy
7244	2963	1241675220	real
7244	2965	1184562466	real
7244	2992	1184562466	real
7244	15602	17251681513422	private_dummy
7245	6181	1430048205	real
7245	6183	1508716678	real
7245	15603	17251681513422	private_dummy
7246	6178	1280892846	real
7246	15604	17251681513422	private_dummy
7247	6169	941917066	real
7247	15605	17251681513422	private_dummy
7248	6160	711996819	real
7248	15606	17251681513422	private_dummy
7249	6275	414966275	real
7249	15607	17251681513422	private_dummy
7250	6142	288403827	real
7250	15608	17251681513422	private_dummy
7251	6273	228443265	real
7251	15609	17251681513422	private_dummy
7252	6125	288403827	real
7252	15610	17251681513422	private_dummy
7253	2674	1241675220	real
7253	2676	1184562466	real
7253	2703	1184562466	real
7253	15611	17251681513422	private_dummy
7254	5748	1430048205	real
7254	5750	1508716678	real
7254	15612	17251681513422	private_dummy
7255	5745	1280892846	real
7255	15613	17251681513422	private_dummy
7256	5736	941917066	real
7256	15614	17251681513422	private_dummy
7257	5727	711996819	real
7257	15615	17251681513422	private_dummy
7258	5850	611361727	real
7258	15616	17251681513422	private_dummy
7259	5702	399773775	real
7259	15617	17251681513422	private_dummy
7260	5848	322299745	real
7260	15618	17251681513422	private_dummy
7261	5683	322299745	real
7261	15619	17251681513422	private_dummy
7262	2465	1184562466	real
7262	2466	1184562466	real
7262	15620	17251681513422	private_dummy
7263	2289	1241675220	real
7263	2291	1184562466	real
7263	15621	17251681513422	private_dummy
7264	5277	1430048205	real
7264	5279	1508716678	real
7264	15622	17251681513422	private_dummy
7265	5274	1280892846	real
7265	15623	17251681513422	private_dummy
7266	5265	941917066	real
7266	15624	17251681513422	private_dummy
7267	5256	711996819	real
7267	15625	17251681513422	private_dummy
7268	5391	611361727	real
7268	15626	17251681513422	private_dummy
7269	5228	572298728	real
7269	15627	17251681513422	private_dummy
7270	5389	446472507	real
7270	15628	17251681513422	private_dummy
7271	5207	440026725	real
7271	15629	17251681513422	private_dummy
7272	1813	1241675220	real
7272	1815	1184562466	real
7272	1842	1184562466	real
7272	15630	17251681513422	private_dummy
7273	4778	1430048205	real
7273	4780	1508716678	real
7273	15631	17251681513422	private_dummy
7274	4775	1280892846	real
7274	15632	17251681513422	private_dummy
7275	4766	941917066	real
7275	15633	17251681513422	private_dummy
7276	4757	711996819	real
7276	15634	17251681513422	private_dummy
7277	4898	611361727	real
7277	15635	17251681513422	private_dummy
7278	4729	572298728	real
7278	15636	17251681513422	private_dummy
7279	4896	585101542	real
7279	15637	17251681513422	private_dummy
7280	4697	573948669	real
7280	15638	17251681513422	private_dummy
7281	1211	1241675220	real
7281	1213	1184562466	real
7281	1239	1184562466	real
7281	15639	17251681513422	private_dummy
7282	4249	1430048205	real
7282	4251	1508716678	real
7282	15640	17251681513422	private_dummy
7283	4246	1280892846	real
7283	15641	17251681513422	private_dummy
7284	4237	941917066	real
7284	15642	17251681513422	private_dummy
7285	4228	711996819	real
7285	15643	17251681513422	private_dummy
7286	4371	611361727	real
7286	15644	17251681513422	private_dummy
7287	4200	572298728	real
7287	15645	17251681513422	private_dummy
7288	4369	585101542	real
7288	15646	17251681513422	private_dummy
7289	4163	652617141	real
7289	15647	17251681513422	private_dummy
7290	489	1241675220	real
7290	491	1184562466	real
7290	517	1184562466	real
7290	15648	17251681513422	private_dummy
7291	3687	1430048205	real
7291	3689	1508716678	real
7291	15649	17251681513422	private_dummy
7292	3684	1280892846	real
7292	15650	17251681513422	private_dummy
7293	3675	941917066	real
7293	15651	17251681513422	private_dummy
7294	3666	711996819	real
7294	15652	17251681513422	private_dummy
7295	3810	611361727	real
7295	15653	17251681513422	private_dummy
7296	3638	572298728	real
7296	15654	17251681513422	private_dummy
7297	3808	585101542	real
7297	15655	17251681513422	private_dummy
7298	3601	652617141	real
7298	15656	17251681513422	private_dummy
7299	3499	1280892846	real
7299	15657	17251681513422	private_dummy
7300	3351	1127244833	real
7300	3352	1127244833	real
7300	15658	17251681513422	private_dummy
7301	3205	1103469220	real
7301	3206	1103469220	real
7301	15659	17251681513422	private_dummy
7302	2992	1111345418	real
7302	2993	1111345418	real
7302	15660	17251681513422	private_dummy
7303	2703	1151478732	real
7303	15661	17251681513422	private_dummy
7304	1842	1347326682	real
7304	15662	17251681513422	private_dummy
7305	1239	1536494450	real
7305	1240	1536494450	real
7305	15663	17251681513422	private_dummy
7306	517	1869695623	real
7306	518	1869695623	real
7306	15664	17251681513422	private_dummy
7307	7462	1009994705	real
7307	15665	17251681513422	private_dummy
7308	7462	1009994705	real
7308	15666	17251681513422	private_dummy
7309	7463	670359104	real
7309	15667	17251681513422	private_dummy
7310	7463	670359104	real
7310	15668	17251681513422	private_dummy
7311	7464	518695198	real
7311	15669	17251681513422	private_dummy
7312	7464	461582443	real
7312	15670	17251681513422	private_dummy
7313	7465	460928780	real
7313	15671	17251681513422	private_dummy
7314	7465	403816026	real
7314	15672	17251681513422	private_dummy
7315	7466	654884065	real
7315	15673	17251681513422	private_dummy
7316	7466	597771310	real
7316	15674	17251681513422	private_dummy
7317	7467	830547118	real
7317	15675	17251681513422	private_dummy
7318	7467	830547118	real
7318	15676	17251681513422	private_dummy
7319	532	1869695623	real
7319	799	1869695623	real
7319	15677	17251681513422	private_dummy
7320	534	1869695623	real
7320	15678	17251681513422	private_dummy
7321	1257	1593607205	real
7321	15679	17251681513422	private_dummy
7322	2036	1347326682	real
7322	2041	1347326682	real
7322	15680	17251681513422	private_dummy
7323	2326	1284404966	real
7323	15681	17251681513422	private_dummy
7324	2480	1347326682	real
7324	2487	1347326682	real
7324	15682	17251681513422	private_dummy
7325	2834	1347326682	real
7325	2839	1347326682	real
7325	15683	17251681513422	private_dummy
7326	3098	1347326682	real
7326	3103	1347326682	real
7326	15684	17251681513422	private_dummy
7327	3288	1347326682	real
7327	3293	1347326682	real
7327	15685	17251681513422	private_dummy
7328	3369	1184357587	real
7328	15686	17251681513422	private_dummy
7329	3494	1347326682	real
7329	3499	1347326682	real
7329	15687	17251681513422	private_dummy
7330	3532	1759226661	real
7330	15688	17251681513422	private_dummy
7331	3514	1347326682	real
7331	15689	17251681513422	private_dummy
7332	3519	1347326682	real
7332	15690	17251681513422	private_dummy
7333	7598	775591992	real
7333	15691	17251681513422	private_dummy
7334	7596	579196540	real
7334	15692	17251681513422	private_dummy
7335	7601	1073192518	real
7335	15693	17251681513422	private_dummy
7336	7601	1191460278	real
7336	15694	17251681513422	private_dummy
7337	7587	139360770	real
7337	7589	139360770	real
7337	15695	17251681513422	private_dummy
7338	7594	837944909	real
7338	7595	837944909	real
7338	15696	17251681513422	private_dummy
7339	7582	375366188	real
7339	7583	546696698	real
7339	15697	17251681513422	private_dummy
7340	7584	483553555	real
7340	7586	483553555	real
7340	15698	17251681513422	private_dummy
7341	7608	586295985	real
7341	15699	17251681513422	private_dummy
7342	7583	546696698	real
7342	15700	17251681513422	private_dummy
7343	7592	622182589	real
7343	15701	17251681513422	private_dummy
7344	7610	586295985	real
7344	15702	17251681513422	private_dummy
7345	7582	782688641	real
7345	15703	17251681513422	private_dummy
7346	7590	186523010	real
7346	15704	17251681513422	private_dummy
7347	7612	1383315512	real
7347	15705	17251681513422	private_dummy
7348	7586	402618159	real
7348	7589	402618159	real
7348	15706	17251681513422	private_dummy
7349	7597	383454751	real
7349	15707	17251681513422	private_dummy
7350	7614	635103674	real
7350	15708	17251681513422	private_dummy
7351	7584	72300763	real
7351	7587	72300763	real
7351	15709	17251681513422	private_dummy
7352	7590	72300763	real
7352	7592	210929798	real
7352	15710	17251681513422	private_dummy
7353	7616	361899033	real
7353	15711	17251681513422	private_dummy
7354	7603	1130305272	real
7354	15712	17251681513422	private_dummy
7355	7603	1073192518	real
7355	15713	17251681513422	private_dummy
7356	7601	1197365280	real
7356	7602	646256547	real
7356	7607	413771032	real
7356	15714	17251681513422	private_dummy
7357	7611	520893834	real
7357	15715	17251681513422	private_dummy
7358	7613	382264799	real
7358	15716	17251681513422	private_dummy
7359	7601	1211240668	real
7359	7602	990449332	real
7359	7609	679295344	real
7359	15717	17251681513422	private_dummy
7360	7611	796494047	real
7360	15718	17251681513422	private_dummy
7361	7613	460933272	real
7361	15719	17251681513422	private_dummy
7362	7600	757626495	real
7362	15720	17251681513422	private_dummy
7363	7615	383454751	real
7363	15721	17251681513422	private_dummy
7364	7617	558294485	real
7364	15722	17251681513422	private_dummy
7365	7600	836294968	real
7365	15723	17251681513422	private_dummy
7366	7615	462123224	real
7366	15724	17251681513422	private_dummy
7367	7617	636962957	real
7367	15725	17251681513422	private_dummy
7368	7599	836294968	real
7368	15726	17251681513422	private_dummy
7369	7599	1243617421	real
7369	15727	17251681513422	private_dummy
7370	7552	438906293	real
7370	7553	438906293	real
7370	15728	17251681513422	private_dummy
7371	7585	798782256	real
7371	15729	17251681513422	private_dummy
7372	7581	1008270158	real
7372	15730	17251681513422	private_dummy
7373	7581	614214026	real
7373	15731	17251681513422	private_dummy
7374	7542	895769196	real
7374	7543	952881950	real
7374	15732	17251681513422	private_dummy
7375	7544	628199503	real
7375	7545	628199503	real
7375	15733	17251681513422	private_dummy
7376	7546	568241738	real
7376	7547	568241738	real
7376	15734	17251681513422	private_dummy
7377	7548	556136856	real
7377	7549	556136856	real
7377	15735	17251681513422	private_dummy
7378	7550	895769196	real
7378	7551	895769196	real
7378	15736	17251681513422	private_dummy
7379	7625	915603629	real
7379	15737	17251681513422	private_dummy
7380	7625	521547497	real
7380	15738	17251681513422	private_dummy
7381	7543	952881950	real
7381	15739	17251681513422	private_dummy
7382	7561	313543580	real
7382	7562	313543580	real
7382	15740	17251681513422	private_dummy
7383	7563	199321332	real
7383	15741	17251681513422	private_dummy
7384	7588	543514117	real
7384	15742	17251681513422	private_dummy
7385	7627	915603629	real
7385	15743	17251681513422	private_dummy
7386	7627	521547497	real
7386	15744	17251681513422	private_dummy
7387	7542	1211545455	real
7387	15745	17251681513422	private_dummy
7388	7554	489570469	real
7388	7555	546683223	real
7388	15746	17251681513422	private_dummy
7389	7556	332246999	real
7389	7557	332246999	real
7389	15747	17251681513422	private_dummy
7390	7558	266836932	real
7390	15748	17251681513422	private_dummy
7391	7559	577692575	real
7391	7560	577692575	real
7391	15749	17251681513422	private_dummy
7392	7629	1111345418	real
7392	15750	17251681513422	private_dummy
7393	7629	820364546	real
7393	15751	17251681513422	private_dummy
7394	7545	628199503	real
7394	15752	17251681513422	private_dummy
7395	7555	546683223	real
7395	15753	17251681513422	private_dummy
7396	7572	225581517	real
7396	7573	225581517	real
7396	15754	17251681513422	private_dummy
7397	7591	501181730	real
7397	15755	17251681513422	private_dummy
7398	7631	679608889	real
7398	15756	17251681513422	private_dummy
7399	7631	388628018	real
7399	15757	17251681513422	private_dummy
7400	7544	726099236	real
7400	15758	17251681513422	private_dummy
7401	7554	726099236	real
7401	15759	17251681513422	private_dummy
7402	7566	371846286	real
7402	7567	428959040	real
7402	15760	17251681513422	private_dummy
7403	7568	186518519	real
7403	7569	186518519	real
7403	15761	17251681513422	private_dummy
7404	7570	444068976	real
7404	7571	444068976	real
7404	15762	17251681513422	private_dummy
7405	7633	973250410	real
7405	15763	17251681513422	private_dummy
7406	7633	249998983	real
7406	15764	17251681513422	private_dummy
7407	7547	568241738	real
7407	7553	568241738	real
7407	15765	17251681513422	private_dummy
7408	7557	332246999	real
7408	7562	332246999	real
7408	15766	17251681513422	private_dummy
7409	7567	428959040	real
7409	15767	17251681513422	private_dummy
7410	7576	613249611	real
7410	15768	17251681513422	private_dummy
7411	7577	577692575	real
7411	15769	17251681513422	private_dummy
7412	7635	646256547	real
7412	15770	17251681513422	private_dummy
7413	7635	289598270	real
7413	15771	17251681513422	private_dummy
7414	7546	577990920	real
7414	7552	577990920	real
7414	15772	17251681513422	private_dummy
7415	7556	381059179	real
7415	7561	381059179	real
7415	15773	17251681513422	private_dummy
7416	7566	577990920	real
7416	15774	17251681513422	private_dummy
7417	7574	326216609	real
7417	15775	17251681513422	private_dummy
7418	7575	486401363	real
7418	15776	17251681513422	private_dummy
7419	7637	713772147	real
7419	15777	17251681513422	private_dummy
7420	7637	289598270	real
7420	15778	17251681513422	private_dummy
7421	7549	798782256	real
7421	15779	17251681513422	private_dummy
7422	7569	371846286	real
7422	7573	371846286	real
7422	15780	17251681513422	private_dummy
7423	7593	1543068471	real
7423	15781	17251681513422	private_dummy
7424	7639	873250628	real
7424	15782	17251681513422	private_dummy
7425	7639	483553555	real
7425	15783	17251681513422	private_dummy
7426	7548	597771310	real
7426	15784	17251681513422	private_dummy
7427	7558	332246999	real
7427	7563	332246999	real
7427	15785	17251681513422	private_dummy
7428	7568	300740766	real
7428	7572	300740766	real
7428	15786	17251681513422	private_dummy
7429	7574	597771310	real
7429	7576	654884065	real
7429	15787	17251681513422	private_dummy
7430	7578	798782256	real
7430	7579	798782256	real
7430	15788	17251681513422	private_dummy
7431	7641	733552537	real
7431	15789	17251681513422	private_dummy
7432	7641	426440801	real
7432	15790	17251681513422	private_dummy
7433	7551	726099236	real
7433	15791	17251681513422	private_dummy
7434	7560	426440801	real
7434	15792	17251681513422	private_dummy
7435	7571	326341997	real
7435	15793	17251681513422	private_dummy
7436	7579	798782256	real
7436	15794	17251681513422	private_dummy
7437	7643	847395746	real
7437	15795	17251681513422	private_dummy
7438	7643	656361047	real
7438	15796	17251681513422	private_dummy
7439	7550	1052445090	real
7439	15797	17251681513422	private_dummy
7440	7559	726099236	real
7440	15798	17251681513422	private_dummy
7441	7570	577990920	real
7441	15799	17251681513422	private_dummy
7442	7575	597771310	real
7442	7577	597771310	real
7442	15800	17251681513422	private_dummy
7443	7578	855895011	real
7443	15801	17251681513422	private_dummy
7444	7645	1136695670	real
7444	15802	17251681513422	private_dummy
7445	7645	713473802	real
7445	15803	17251681513422	private_dummy
7446	7605	578660251	real
7446	7624	576800968	real
7446	15804	17251681513422	private_dummy
7447	7628	679295344	real
7447	15805	17251681513422	private_dummy
7448	7630	541247193	real
7448	15806	17251681513422	private_dummy
7449	7605	681735511	real
7449	7626	679876228	real
7449	15807	17251681513422	private_dummy
7450	7628	757963816	real
7450	15808	17251681513422	private_dummy
7451	7630	541247193	real
7451	15809	17251681513422	private_dummy
7452	7632	413771032	real
7452	15810	17251681513422	private_dummy
7453	7634	367072299	real
7453	15811	17251681513422	private_dummy
7454	7632	413771032	real
7454	15812	17251681513422	private_dummy
7455	7634	367072299	real
7455	15813	17251681513422	private_dummy
7456	7636	382264799	real
7456	15814	17251681513422	private_dummy
7457	7638	464438004	real
7457	15815	17251681513422	private_dummy
7458	7636	382264799	real
7458	15816	17251681513422	private_dummy
7459	7638	464438004	real
7459	15817	17251681513422	private_dummy
7460	7640	679295344	real
7460	15818	17251681513422	private_dummy
7461	7642	634805329	real
7461	15819	17251681513422	private_dummy
7462	7640	679295344	real
7462	15820	17251681513422	private_dummy
7463	7642	634805329	real
7463	15821	17251681513422	private_dummy
7464	7644	713473802	real
7464	15822	17251681513422	private_dummy
7465	7646	770586556	real
7465	15823	17251681513422	private_dummy
7466	7644	713473802	real
7466	15824	17251681513422	private_dummy
7467	7646	770586556	real
7467	15825	17251681513422	private_dummy
7468	7606	303596327	real
7468	15826	17251681513422	private_dummy
7469	7606	406671586	real
7469	15827	17251681513422	private_dummy
7470	7603	1208973745	real
7470	7604	934563483	real
7470	15828	17251681513422	private_dummy
7471	7603	1184562466	real
7471	7604	1184562466	real
7471	15829	17251681513422	private_dummy
7472	793	1347326682	real
7472	794	1347326682	real
7472	800	1347326682	real
7472	15830	17251681513422	private_dummy
7473	4003	1268658209	real
7473	4005	1498578456	real
7473	15831	17251681513422	private_dummy
7474	4001	1124216952	real
7474	15832	17251681513422	private_dummy
7475	3999	1033210972	real
7475	15833	17251681513422	private_dummy
7476	3997	982009973	real
7476	15834	17251681513422	private_dummy
7477	3995	965421070	real
7477	15835	17251681513422	private_dummy
7478	3993	982009973	real
7478	15836	17251681513422	private_dummy
7479	3991	1033210972	real
7479	15837	17251681513422	private_dummy
7480	3989	1009994705	real
7480	15838	17251681513422	private_dummy
7481	519	1404439436	real
7481	520	1347326682	real
7481	533	1347326682	real
7481	15839	17251681513422	private_dummy
7482	1474	1347326682	real
7482	1475	1347326682	real
7482	1480	1347326682	real
7482	15840	17251681513422	private_dummy
7483	4564	1268658209	real
7483	4566	1498578456	real
7483	15841	17251681513422	private_dummy
7484	4562	1009994705	real
7484	15842	17251681513422	private_dummy
7485	4560	875878519	real
7485	15843	17251681513422	private_dummy
7486	4558	796682206	real
7486	15844	17251681513422	private_dummy
7487	4556	759276436	real
7487	15845	17251681513422	private_dummy
7488	4554	759276436	real
7488	15846	17251681513422	private_dummy
7489	4552	796682206	real
7489	15847	17251681513422	private_dummy
7490	4550	761656271	real
7490	15848	17251681513422	private_dummy
7491	1241	1404439436	real
7491	1242	1347326682	real
7491	1256	1347326682	real
7491	15849	17251681513422	private_dummy
7492	5091	1536494450	real
7492	5093	1678292591	real
7492	15850	17251681513422	private_dummy
7493	5089	1124216952	real
7493	15851	17251681513422	private_dummy
7494	5087	875878519	real
7494	15852	17251681513422	private_dummy
7495	5085	753572000	real
7495	15853	17251681513422	private_dummy
7496	5083	688170916	real
7496	15854	17251681513422	private_dummy
7497	5081	667354049	real
7497	15855	17251681513422	private_dummy
7498	5079	688170916	real
7498	15856	17251681513422	private_dummy
7499	5077	639349752	real
7499	15857	17251681513422	private_dummy
7500	1843	1404439436	real
7500	1844	1347326682	real
7500	1858	1347326682	real
7500	1859	1347326682	real
7500	15858	17251681513422	private_dummy
7501	5584	1536494450	real
7501	5586	1672275677	real
7501	15859	17251681513422	private_dummy
7502	5582	1347326682	real
7502	15860	17251681513422	private_dummy
7503	5580	1033210972	real
7503	15861	17251681513422	private_dummy
7504	5578	796682206	real
7504	15862	17251681513422	private_dummy
7505	5576	688170916	real
7505	15863	17251681513422	private_dummy
7506	5574	639358736	real
7506	15864	17251681513422	private_dummy
7507	5572	639358736	real
7507	15865	17251681513422	private_dummy
7508	5570	573948669	real
7508	15866	17251681513422	private_dummy
7509	2319	1404439436	real
7509	2320	1347326682	real
7509	2333	1347326682	real
7509	2334	1347326682	real
7509	15867	17251681513422	private_dummy
7510	6043	1536494450	real
7510	6045	1732236239	real
7510	15868	17251681513422	private_dummy
7511	6041	1347326682	real
7511	15869	17251681513422	private_dummy
7512	6039	1227292212	real
7512	15870	17251681513422	private_dummy
7513	6037	982009973	real
7513	15871	17251681513422	private_dummy
7514	6035	759276436	real
7514	15872	17251681513422	private_dummy
7515	6033	667354049	real
7515	15873	17251681513422	private_dummy
7516	6031	639358736	real
7516	15874	17251681513422	private_dummy
7517	6029	553131802	real
7517	15875	17251681513422	private_dummy
7518	2704	1404439436	real
7518	2705	1347326682	real
7518	2719	1347326682	real
7518	2720	1347326682	real
7518	15876	17251681513422	private_dummy
7519	6468	1536494450	real
7519	6470	1766132158	real
7519	15877	17251681513422	private_dummy
7520	6466	1347326682	real
7520	15878	17251681513422	private_dummy
7521	6464	1227292212	real
7521	15879	17251681513422	private_dummy
7522	6462	1151478732	real
7522	15880	17251681513422	private_dummy
7523	6460	965421070	real
7523	15881	17251681513422	private_dummy
7524	6458	759276436	real
7524	15882	17251681513422	private_dummy
7525	6456	688170916	real
7525	15883	17251681513422	private_dummy
7526	6454	573948669	real
7526	15884	17251681513422	private_dummy
7527	2994	1404439436	real
7527	2995	1347326682	real
7527	3009	1347326682	real
7527	3010	1347326682	real
7527	15885	17251681513422	private_dummy
7528	6859	1536494450	real
7528	6861	1790002657	real
7528	15886	17251681513422	private_dummy
7529	6857	1347326682	real
7529	15887	17251681513422	private_dummy
7530	6855	1227292212	real
7530	15888	17251681513422	private_dummy
7531	6853	1151478732	real
7531	15889	17251681513422	private_dummy
7532	6851	1111345418	real
7532	15890	17251681513422	private_dummy
7533	6849	982009973	real
7533	15891	17251681513422	private_dummy
7534	6847	796682206	real
7534	15892	17251681513422	private_dummy
7535	6845	639349752	real
7535	15893	17251681513422	private_dummy
7536	3207	1404439436	real
7536	3208	1347326682	real
7536	3222	1347326682	real
7536	3223	1347326682	real
7536	15894	17251681513422	private_dummy
7537	3412	1347326682	real
7537	3413	1347326682	real
7537	3418	1347326682	real
7537	15895	17251681513422	private_dummy
7538	7216	1536494450	real
7538	7218	1808464545	real
7538	15896	17251681513422	private_dummy
7539	7214	1347326682	real
7539	15897	17251681513422	private_dummy
7540	7212	1227292212	real
7540	15898	17251681513422	private_dummy
7541	7210	1151478732	real
7541	15899	17251681513422	private_dummy
7542	7208	1111345418	real
7542	15900	17251681513422	private_dummy
7543	7206	1103469220	real
7543	15901	17251681513422	private_dummy
7544	7204	1033210972	real
7544	15902	17251681513422	private_dummy
7545	7202	761656271	real
7545	15903	17251681513422	private_dummy
7546	3353	1404439436	real
7546	3354	1347326682	real
7546	3368	1347326682	real
7546	15904	17251681513422	private_dummy
7547	7539	1536494450	real
7547	7541	1823527452	real
7547	15905	17251681513422	private_dummy
7548	7537	1347326682	real
7548	15906	17251681513422	private_dummy
7549	7535	1227292212	real
7549	15907	17251681513422	private_dummy
7550	7533	1151478732	real
7550	15908	17251681513422	private_dummy
7551	7531	1111345418	real
7551	15909	17251681513422	private_dummy
7552	7529	1103469220	real
7552	15910	17251681513422	private_dummy
7553	7527	1127244833	real
7553	15911	17251681513422	private_dummy
7554	7525	1088663177	real
7554	15912	17251681513422	private_dummy
7555	3446	1404439436	real
7555	3447	1347326682	real
7555	3461	1347326682	real
7555	3462	1347326682	real
7555	15913	17251681513422	private_dummy
7556	526	1869695623	real
7556	527	1869695623	real
7556	796	1869695623	real
7556	15914	17251681513422	private_dummy
7557	1248	1536494450	real
7557	1249	1593607205	real
7557	1477	1536494450	real
7557	15915	17251681513422	private_dummy
7558	1850	1347326682	real
7558	1851	1404439436	real
7558	2038	1347326682	real
7558	15916	17251681513422	private_dummy
7559	2711	1151478732	real
7559	2712	1208591486	real
7559	2836	1151478732	real
7559	15917	17251681513422	private_dummy
7560	3001	1111345418	real
7560	3002	1168458172	real
7560	3100	1111345418	real
7560	15918	17251681513422	private_dummy
7561	3214	1103469220	real
7561	3215	1160581975	real
7561	3290	1103469220	real
7561	15919	17251681513422	private_dummy
7562	3360	1127244833	real
7562	3361	1184357587	real
7562	3415	1127244833	real
7562	15920	17251681513422	private_dummy
7563	3453	1184562466	real
7563	3454	1241675220	real
7563	3496	1184562466	real
7563	15921	17251681513422	private_dummy
7564	7648	1536494450	real
7564	15922	17251681513422	private_dummy
7565	7650	1347326682	real
7565	15923	17251681513422	private_dummy
7566	7565	1227292212	real
7566	15924	17251681513422	private_dummy
7567	7652	1151478732	real
7567	15925	17251681513422	private_dummy
7568	7654	1111345418	real
7568	15926	17251681513422	private_dummy
7569	7656	1103469220	real
7569	15927	17251681513422	private_dummy
7570	7658	1127244833	real
7570	15928	17251681513422	private_dummy
7571	7660	1184562466	real
7571	15929	17251681513422	private_dummy
7572	523	1869695623	real
7572	524	1869695623	real
7572	15930	17251681513422	private_dummy
7573	1245	1593607205	real
7573	1246	1593607205	real
7573	15931	17251681513422	private_dummy
7574	1847	1404439436	real
7574	1848	1404439436	real
7574	15932	17251681513422	private_dummy
7575	2323	1284404966	real
7575	2324	1284404966	real
7575	2483	1227292212	real
7575	2484	1227292212	real
7575	15933	17251681513422	private_dummy
7576	2708	1208591486	real
7576	2709	1208591486	real
7576	15934	17251681513422	private_dummy
7577	2998	1168458172	real
7577	2999	1168458172	real
7577	15935	17251681513422	private_dummy
7578	3211	1160581975	real
7578	3212	1160581975	real
7578	15936	17251681513422	private_dummy
7579	3357	1184357587	real
7579	3358	1184357587	real
7579	15937	17251681513422	private_dummy
7580	3450	1241675220	real
7580	3451	1241675220	real
7580	15938	17251681513422	private_dummy
7581	3523	1759226661	real
7581	3524	1759226661	real
7581	3526	1702113907	real
7581	3527	1702113907	real
7581	15939	17251681513422	private_dummy
7582	3510	1347326682	real
7582	3512	1425995155	real
7582	3529	1347326682	real
7582	3530	1347326682	real
7582	15940	17251681513422	private_dummy
7583	1254	1536494450	real
7583	1255	1593607205	real
7583	1479	1536494450	real
7583	15941	17251681513422	private_dummy
7584	1856	1347326682	real
7584	1857	1404439436	real
7584	2040	1347326682	real
7584	15942	17251681513422	private_dummy
7585	2331	1227292212	real
7585	2332	1284404966	real
7585	15943	17251681513422	private_dummy
7586	2717	1151478732	real
7586	2718	1208591486	real
7586	2838	1151478732	real
7586	15944	17251681513422	private_dummy
7587	3007	1111345418	real
7587	3008	1168458172	real
7587	3102	1111345418	real
7587	15945	17251681513422	private_dummy
7588	3220	1103469220	real
7588	3221	1160581975	real
7588	3292	1103469220	real
7588	15946	17251681513422	private_dummy
7589	3366	1127244833	real
7589	3367	1184357587	real
7589	3417	1127244833	real
7589	15947	17251681513422	private_dummy
7590	3459	1184562466	real
7590	3460	1241675220	real
7590	3498	1184562466	real
7590	15948	17251681513422	private_dummy
7591	3526	1430048205	real
7591	3528	1487160959	real
7591	15949	17251681513422	private_dummy
7592	7662	1536494450	real
7592	15950	17251681513422	private_dummy
7593	7664	1347326682	real
7593	15951	17251681513422	private_dummy
7594	7666	1227292212	real
7594	15952	17251681513422	private_dummy
7595	7668	1151478732	real
7595	15953	17251681513422	private_dummy
7596	7670	1111345418	real
7596	15954	17251681513422	private_dummy
7597	7672	1103469220	real
7597	15955	17251681513422	private_dummy
7598	7674	1127244833	real
7598	15956	17251681513422	private_dummy
7599	7676	1184562466	real
7599	15957	17251681513422	private_dummy
7600	529	1869695623	real
7600	530	1869695623	real
7600	798	1869695623	real
7600	15958	17251681513422	private_dummy
7601	1251	1593607205	real
7601	1252	1593607205	real
7601	15959	17251681513422	private_dummy
7602	1853	1404439436	real
7602	1854	1404439436	real
7602	15960	17251681513422	private_dummy
7603	2328	1284404966	real
7603	2329	1284404966	real
7603	2486	1227292212	real
7603	15961	17251681513422	private_dummy
7604	2714	1208591486	real
7604	2715	1208591486	real
7604	15962	17251681513422	private_dummy
7605	3004	1168458172	real
7605	3005	1168458172	real
7605	15963	17251681513422	private_dummy
7606	3217	1160581975	real
7606	3218	1160581975	real
7606	15964	17251681513422	private_dummy
7607	3363	1184357587	real
7607	3364	1184357587	real
7607	15965	17251681513422	private_dummy
7608	3456	1241675220	real
7608	3457	1241675220	real
7608	15966	17251681513422	private_dummy
7609	3523	1487160959	real
7609	3525	1487160959	real
7609	3533	1430048205	real
7609	15967	17251681513422	private_dummy
7610	3515	1347326682	real
7610	3517	1347326682	real
7610	3538	1347326682	real
7610	3539	1347326682	real
7610	15968	17251681513422	private_dummy
7611	1859	1347326682	real
7611	1860	1404439436	real
7611	15969	17251681513422	private_dummy
7612	2334	1227292212	real
7612	2335	1284404966	real
7612	2488	1227292212	real
7612	15970	17251681513422	private_dummy
7613	2720	1151478732	real
7613	2721	1208591486	real
7613	15971	17251681513422	private_dummy
7614	3010	1111345418	real
7614	3011	1168458172	real
7614	15972	17251681513422	private_dummy
7615	3223	1103469220	real
7615	3224	1160581975	real
7615	15973	17251681513422	private_dummy
7616	3462	1184562466	real
7616	3463	1241675220	real
7616	15974	17251681513422	private_dummy
7617	3529	1430048205	real
7617	3531	1487160959	real
7617	3534	1430048205	real
7617	15975	17251681513422	private_dummy
7618	3538	1702113907	real
7618	3540	1759226661	real
7618	3541	1702113907	real
7618	15976	17251681513422	private_dummy
7619	520	1869695623	real
7619	521	1869695623	real
7619	794	1869695623	real
7619	15977	17251681513422	private_dummy
7620	1242	1536494450	real
7620	1243	1536494450	real
7620	1475	1536494450	real
7620	15978	17251681513422	private_dummy
7621	1844	1347326682	real
7621	1845	1347326682	real
7621	15979	17251681513422	private_dummy
7622	2320	1227292212	real
7622	2321	1227292212	real
7622	2481	1227292212	real
7622	15980	17251681513422	private_dummy
7623	2705	1151478732	real
7623	2706	1151478732	real
7623	15981	17251681513422	private_dummy
7624	2995	1111345418	real
7624	2996	1111345418	real
7624	15982	17251681513422	private_dummy
7625	3208	1103469220	real
7625	3209	1103469220	real
7625	15983	17251681513422	private_dummy
7626	3354	1127244833	real
7626	3355	1127244833	real
7626	3413	1127244833	real
7626	15984	17251681513422	private_dummy
7627	3447	1184562466	real
7627	3448	1184562466	real
7627	15985	17251681513422	private_dummy
7628	3510	1430048205	real
7628	3511	1430048205	real
7628	3513	1430048205	real
7628	15986	17251681513422	private_dummy
7629	3515	1702113907	real
7629	3516	1702113907	real
7629	3518	1702113907	real
7629	15987	17251681513422	private_dummy
7630	7618	830547118	real
7630	15988	17251681513422	private_dummy
7631	7618	830547118	real
7631	15989	17251681513422	private_dummy
7632	7619	541247193	real
7632	15990	17251681513422	private_dummy
7633	7619	541247193	real
7633	15991	17251681513422	private_dummy
7634	7620	460928780	real
7634	15992	17251681513422	private_dummy
7635	7620	460928780	real
7635	15993	17251681513422	private_dummy
7636	7621	600626871	real
7636	15994	17251681513422	private_dummy
7637	7621	600626871	real
7637	15995	17251681513422	private_dummy
7638	7622	798782256	real
7638	15996	17251681513422	private_dummy
7639	7622	798782256	real
7639	15997	17251681513422	private_dummy
7640	7623	1052445090	real
7640	15998	17251681513422	private_dummy
7641	7623	1052445090	real
7641	15999	17251681513422	private_dummy
7642	3545	1430048205	real
7642	16000	17251681513422	private_dummy
7643	2340	1227292212	real
7643	16001	17251681513422	private_dummy
7644	3494	1280892846	real
7644	16002	17251681513422	private_dummy
7645	3412	1280892846	real
7645	16003	17251681513422	private_dummy
7646	3288	1280892846	real
7646	16004	17251681513422	private_dummy
7647	3098	1280892846	real
7647	16005	17251681513422	private_dummy
7648	2834	1280892846	real
7648	16006	17251681513422	private_dummy
7649	2036	1280892846	real
7649	16007	17251681513422	private_dummy
7650	1474	1280892846	real
7650	16008	17251681513422	private_dummy
7651	793	1280892846	real
7651	16009	17251681513422	private_dummy
7652	7731	806140331	real
7652	16010	17251681513422	private_dummy
7653	7729	520893834	real
7653	16011	17251681513422	private_dummy
7654	7734	714849119	real
7654	16012	17251681513422	private_dummy
7655	7734	740450349	real
7655	16013	17251681513422	private_dummy
7656	7720	300745258	real
7656	7722	403820518	real
7656	16014	17251681513422	private_dummy
7657	7727	791246176	real
7657	7728	791246176	real
7657	16015	17251681513422	private_dummy
7658	7715	328667456	real
7658	7716	499997966	real
7658	16016	17251681513422	private_dummy
7659	7717	700851062	real
7659	7719	597775802	real
7659	16017	17251681513422	private_dummy
7660	7741	539597253	real
7660	16018	17251681513422	private_dummy
7661	7716	342665512	real
7661	16019	17251681513422	private_dummy
7662	7725	472075768	real
7662	16020	17251681513422	private_dummy
7663	7743	185333059	real
7663	16021	17251681513422	private_dummy
7664	7715	426033160	real
7664	16022	17251681513422	private_dummy
7665	7723	103813517	real
7665	16023	17251681513422	private_dummy
7666	7745	636962957	real
7666	16024	17251681513422	private_dummy
7667	7719	597775802	real
7667	7722	700851062	real
7667	16025	17251681513422	private_dummy
7668	7730	346249547	real
7668	16026	17251681513422	private_dummy
7669	7747	714849119	real
7669	16027	17251681513422	private_dummy
7670	7717	413771032	real
7670	7720	310695772	real
7670	16028	17251681513422	private_dummy
7671	7723	516840406	real
7671	7725	688170916	real
7671	16029	17251681513422	private_dummy
7672	7749	310695772	real
7672	16030	17251681513422	private_dummy
7673	7736	700851062	real
7673	16031	17251681513422	private_dummy
7674	7736	679295344	real
7674	16032	17251681513422	private_dummy
7675	7734	714849119	real
7675	7735	403820518	real
7675	7740	520893834	real
7675	16033	17251681513422	private_dummy
7676	7744	461586935	real
7676	16034	17251681513422	private_dummy
7677	7746	206888777	real
7677	16035	17251681513422	private_dummy
7678	7734	760230740	real
7678	7735	700851062	real
7678	7742	714849119	real
7678	16036	17251681513422	private_dummy
7679	7744	658518676	real
7679	16037	17251681513422	private_dummy
7680	7746	206888777	real
7680	16038	17251681513422	private_dummy
7681	7733	499997966	real
7681	16039	17251681513422	private_dummy
7682	7748	332251490	real
7682	16040	17251681513422	private_dummy
7683	7750	674172860	real
7683	16041	17251681513422	private_dummy
7684	7733	499997966	real
7684	16042	17251681513422	private_dummy
7685	7748	332251490	real
7685	16043	17251681513422	private_dummy
7686	7750	674172860	real
7686	16044	17251681513422	private_dummy
7687	7732	342665512	real
7687	16045	17251681513422	private_dummy
7688	7732	597363670	real
7688	16046	17251681513422	private_dummy
7689	7688	405465967	real
7689	7689	405465967	real
7689	16047	17251681513422	private_dummy
7690	7718	798782256	real
7690	16048	17251681513422	private_dummy
7691	7714	691918083	real
7691	16049	17251681513422	private_dummy
7692	7714	656361047	real
7692	16050	17251681513422	private_dummy
7693	7678	670359104	real
7693	7679	670359104	real
7693	16051	17251681513422	private_dummy
7694	7680	568241738	real
7694	7681	568241738	real
7694	16052	17251681513422	private_dummy
7695	7682	628199503	real
7695	7683	628199503	real
7695	16053	17251681513422	private_dummy
7696	7684	895769196	real
7696	7685	895769196	real
7696	16054	17251681513422	private_dummy
7697	7686	855895011	real
7697	7687	855895011	real
7697	16055	17251681513422	private_dummy
7698	7758	806140331	real
7698	16056	17251681513422	private_dummy
7699	7758	713473802	real
7699	16057	17251681513422	private_dummy
7700	7679	670359104	real
7700	16058	17251681513422	private_dummy
7701	7697	313543580	real
7701	7698	313543580	real
7701	16059	17251681513422	private_dummy
7702	7699	438906293	real
7702	16060	17251681513422	private_dummy
7703	7721	497551611	real
7703	16061	17251681513422	private_dummy
7704	7760	806140331	real
7704	16062	17251681513422	private_dummy
7705	7760	713473802	real
7705	16063	17251681513422	private_dummy
7706	7678	798782256	real
7706	16064	17251681513422	private_dummy
7707	7690	382913971	real
7707	7691	440026725	real
7707	16065	17251681513422	private_dummy
7708	7692	285548266	real
7708	7693	285548266	real
7708	16066	17251681513422	private_dummy
7709	7694	459723160	real
7709	16067	17251681513422	private_dummy
7710	7695	670359104	real
7710	7696	727471858	real
7710	16068	17251681513422	private_dummy
7711	7762	691918083	real
7711	16069	17251681513422	private_dummy
7712	7762	852102836	real
7712	16070	17251681513422	private_dummy
7713	7681	568241738	real
7713	16071	17251681513422	private_dummy
7714	7691	440026725	real
7714	16072	17251681513422	private_dummy
7715	7706	525124244	real
7715	7707	525124244	real
7715	16073	17251681513422	private_dummy
7716	7724	357853520	real
7716	16074	17251681513422	private_dummy
7717	7764	464438004	real
7717	16075	17251681513422	private_dummy
7718	7764	624622757	real
7718	16076	17251681513422	private_dummy
7719	7680	597771310	real
7719	16077	17251681513422	private_dummy
7720	7690	597771310	real
7720	16078	17251681513422	private_dummy
7721	7700	405465967	real
7721	7701	462578721	real
7721	16079	17251681513422	private_dummy
7722	7702	459723160	real
7722	7703	459723160	real
7722	16080	17251681513422	private_dummy
7723	7704	339803765	real
7723	7705	339803765	real
7723	16081	17251681513422	private_dummy
7724	7766	679295344	real
7724	16082	17251681513422	private_dummy
7725	7766	521547497	real
7725	16083	17251681513422	private_dummy
7726	7683	628199503	real
7726	7689	628199503	real
7726	16084	17251681513422	private_dummy
7727	7693	285548266	real
7727	7698	285548266	real
7727	16085	17251681513422	private_dummy
7728	7701	462578721	real
7728	16086	17251681513422	private_dummy
7729	7710	952881950	real
7729	16087	17251681513422	private_dummy
7730	7711	381059179	real
7730	16088	17251681513422	private_dummy
7731	7768	621770457	real
7731	16089	17251681513422	private_dummy
7732	7768	521547497	real
7732	16090	17251681513422	private_dummy
7733	7682	577990920	real
7733	7688	577990920	real
7733	16091	17251681513422	private_dummy
7734	7692	300740766	real
7734	7697	300740766	real
7734	16092	17251681513422	private_dummy
7735	7700	577990920	real
7735	16093	17251681513422	private_dummy
7736	7708	647430763	real
7736	16094	17251681513422	private_dummy
7737	7709	313543580	real
7737	16095	17251681513422	private_dummy
7738	7770	636962957	real
7738	16096	17251681513422	private_dummy
7739	7770	521547497	real
7739	16097	17251681513422	private_dummy
7740	7685	895769196	real
7740	16098	17251681513422	private_dummy
7741	7703	459723160	real
7741	7707	459723160	real
7741	16099	17251681513422	private_dummy
7742	7726	806140331	real
7742	16100	17251681513422	private_dummy
7743	7772	898062718	real
7743	16101	17251681513422	private_dummy
7744	7772	749027577	real
7744	16102	17251681513422	private_dummy
7745	7684	726099236	real
7745	16103	17251681513422	private_dummy
7746	7694	332246999	real
7746	7699	332246999	real
7746	16104	17251681513422	private_dummy
7747	7702	381059179	real
7747	7706	381059179	real
7747	16105	17251681513422	private_dummy
7748	7708	726099236	real
7748	7710	783211990	real
7748	16106	17251681513422	private_dummy
7749	7712	525124244	real
7749	7713	660905471	real
7749	16107	17251681513422	private_dummy
7750	7774	770586556	real
7750	16108	17251681513422	private_dummy
7751	7774	749027577	real
7751	16109	17251681513422	private_dummy
7752	7687	1109557844	real
7752	16110	17251681513422	private_dummy
7753	7696	727471858	real
7753	16111	17251681513422	private_dummy
7754	7705	339803765	real
7754	16112	17251681513422	private_dummy
7755	7713	660905471	real
7755	16113	17251681513422	private_dummy
7756	7776	1243846916	real
7756	16114	17251681513422	private_dummy
7757	7776	990100766	real
7757	16115	17251681513422	private_dummy
7758	7686	1109557844	real
7758	16116	17251681513422	private_dummy
7759	7695	597771310	real
7759	16117	17251681513422	private_dummy
7760	7704	577990920	real
7760	16118	17251681513422	private_dummy
7761	7709	726099236	real
7761	7711	726099236	real
7761	16119	17251681513422	private_dummy
7762	7712	1211545455	real
7762	16120	17251681513422	private_dummy
7763	7778	921260140	real
7763	16121	17251681513422	private_dummy
7764	7778	1000509497	real
7764	16122	17251681513422	private_dummy
7765	7738	634805329	real
7765	7757	634805329	real
7765	16123	17251681513422	private_dummy
7766	7761	798782256	real
7766	16124	17251681513422	private_dummy
7767	7763	634805329	real
7767	16125	17251681513422	private_dummy
7768	7738	691918083	real
7768	7759	691918083	real
7768	16126	17251681513422	private_dummy
7769	7761	855895011	real
7769	16127	17251681513422	private_dummy
7770	7763	691918083	real
7770	16128	17251681513422	private_dummy
7771	7765	543514117	real
7771	16129	17251681513422	private_dummy
7772	7767	501181730	real
7772	16130	17251681513422	private_dummy
7773	7765	600626871	real
7773	16131	17251681513422	private_dummy
7774	7767	558294485	real
7774	16132	17251681513422	private_dummy
7775	7769	501181730	real
7775	16133	17251681513422	private_dummy
7776	7771	543514117	real
7776	16134	17251681513422	private_dummy
7777	7769	558294485	real
7777	16135	17251681513422	private_dummy
7778	7771	600626871	real
7778	16136	17251681513422	private_dummy
7779	7773	634805329	real
7779	16137	17251681513422	private_dummy
7780	7775	798782256	real
7780	16138	17251681513422	private_dummy
7781	7773	691918083	real
7781	16139	17251681513422	private_dummy
7782	7775	855895011	real
7782	16140	17251681513422	private_dummy
7783	7777	952881950	real
7783	16141	17251681513422	private_dummy
7784	7779	1166670598	real
7784	16142	17251681513422	private_dummy
7785	7777	1009994705	real
7785	16143	17251681513422	private_dummy
7786	7779	1245339071	real
7786	16144	17251681513422	private_dummy
7787	7739	209739846	real
7787	16145	17251681513422	private_dummy
7788	7739	348368880	real
7788	16146	17251681513422	private_dummy
7789	7736	679295344	real
7789	7737	461997836	real
7789	16147	17251681513422	private_dummy
7790	7736	679295344	real
7790	7737	540666309	real
7790	16148	17251681513422	private_dummy
7791	539	1869695623	real
7791	16149	17251681513422	private_dummy
7792	3518	1280892846	real
7792	3519	1280892846	real
7792	16150	17251681513422	private_dummy
7793	3544	1487160959	real
7793	3546	1430048205	real
7793	16151	17251681513422	private_dummy
7794	3466	1241675220	real
7794	3467	1184562466	real
7794	3503	1184562466	real
7794	16152	17251681513422	private_dummy
7795	3372	1184357587	real
7795	3373	1127244833	real
7795	3422	1127244833	real
7795	16153	17251681513422	private_dummy
7796	3227	1160581975	real
7796	3228	1103469220	real
7796	3297	1103469220	real
7796	16154	17251681513422	private_dummy
7797	3014	1168458172	real
7797	3015	1111345418	real
7797	3107	1111345418	real
7797	16155	17251681513422	private_dummy
7798	2724	1208591486	real
7798	2725	1151478732	real
7798	2843	1151478732	real
7798	16156	17251681513422	private_dummy
7799	2339	1284404966	real
7799	2491	1227292212	real
7799	16157	17251681513422	private_dummy
7800	1863	1404439436	real
7800	1864	1347326682	real
7800	2045	1347326682	real
7800	16158	17251681513422	private_dummy
7801	1260	1593607205	real
7801	1261	1536494450	real
7801	1484	1536494450	real
7801	16159	17251681513422	private_dummy
7802	537	1869695623	real
7802	538	1869695623	real
7802	16160	17251681513422	private_dummy
7803	3516	1280892846	real
7803	3517	1280892846	real
7803	16161	17251681513422	private_dummy
7804	7781	855895011	real
7804	16162	17251681513422	private_dummy
7805	7783	613249611	real
7805	16163	17251681513422	private_dummy
7806	7785	461997836	real
7806	16164	17251681513422	private_dummy
7807	7787	385769531	real
7807	16165	17251681513422	private_dummy
7808	7789	361899033	real
7808	16166	17251681513422	private_dummy
7809	7791	385769531	real
7809	16167	17251681513422	private_dummy
7810	7793	461997836	real
7810	16168	17251681513422	private_dummy
7811	7795	613249611	real
7811	16169	17251681513422	private_dummy
7812	3546	1702113907	real
7812	3547	1702113907	real
7812	16170	17251681513422	private_dummy
7813	2337	1227292212	real
7813	2338	1227292212	real
7813	16171	17251681513422	private_dummy
7814	3513	1280892846	real
7814	3514	1280892846	real
7814	16172	17251681513422	private_dummy
7815	3544	1759226661	real
7815	16173	17251681513422	private_dummy
7816	3464	1241675220	real
7816	3465	1184562466	real
7816	3501	1184562466	real
7816	16174	17251681513422	private_dummy
7817	3370	1184357587	real
7817	3371	1127244833	real
7817	3420	1127244833	real
7817	16175	17251681513422	private_dummy
7818	3225	1160581975	real
7818	3226	1103469220	real
7818	3295	1103469220	real
7818	16176	17251681513422	private_dummy
7819	3012	1168458172	real
7819	3013	1111345418	real
7819	3105	1111345418	real
7819	16177	17251681513422	private_dummy
7820	2722	1208591486	real
7820	2723	1151478732	real
7820	2841	1151478732	real
7820	16178	17251681513422	private_dummy
7821	2336	1284404966	real
7821	16179	17251681513422	private_dummy
7822	1861	1404439436	real
7822	1862	1347326682	real
7822	2043	1347326682	real
7822	16180	17251681513422	private_dummy
7823	1258	1593607205	real
7823	1259	1536494450	real
7823	1482	1536494450	real
7823	16181	17251681513422	private_dummy
7824	535	1869695623	real
7824	536	1869695623	real
7824	802	1869695623	real
7824	16182	17251681513422	private_dummy
7825	3511	1280892846	real
7825	3512	1359561318	real
7825	16183	17251681513422	private_dummy
7826	7798	1105898485	real
7826	16184	17251681513422	private_dummy
7827	7800	806140331	real
7827	16185	17251681513422	private_dummy
7828	7802	654888557	real
7828	16186	17251681513422	private_dummy
7829	7804	578660251	real
7829	16187	17251681513422	private_dummy
7830	7806	554789753	real
7830	16188	17251681513422	private_dummy
7831	7808	578660251	real
7831	16189	17251681513422	private_dummy
7832	7810	654888557	real
7832	16190	17251681513422	private_dummy
7833	7812	806140331	real
7833	16191	17251681513422	private_dummy
7834	3446	1338005600	real
7834	3448	1280892846	real
7834	3468	1280892846	real
7834	16192	17251681513422	private_dummy
7835	7276	1430048205	real
7835	7278	1372935451	real
7835	16193	17251681513422	private_dummy
7836	7356	898806860	real
7836	16194	17251681513422	private_dummy
7837	7354	611773859	real
7837	16195	17251681513422	private_dummy
7838	7352	475584991	real
7838	16196	17251681513422	private_dummy
7839	7264	417818574	real
7839	16197	17251681513422	private_dummy
7840	7350	417818574	real
7840	16198	17251681513422	private_dummy
7841	7252	475584991	real
7841	16199	17251681513422	private_dummy
7842	7348	611773859	real
7842	16200	17251681513422	private_dummy
7843	3353	1338005600	real
7843	3355	1280892846	real
7843	3374	1280892846	real
7843	16201	17251681513422	private_dummy
7844	6949	1430048205	real
7844	6951	1430048205	real
7844	16202	17251681513422	private_dummy
7845	7033	1027230012	real
7845	16203	17251681513422	private_dummy
7846	7031	554664365	real
7846	16204	17251681513422	private_dummy
7847	7029	361362744	real
7847	16205	17251681513422	private_dummy
7848	6928	243635765	real
7848	16206	17251681513422	private_dummy
7849	7027	209739846	real
7849	16207	17251681513422	private_dummy
7850	6914	243635765	real
7850	16208	17251681513422	private_dummy
7851	7025	361362744	real
7851	16209	17251681513422	private_dummy
7852	3207	1338005600	real
7852	3209	1280892846	real
7852	3229	1280892846	real
7852	16210	17251681513422	private_dummy
7853	6584	1430048205	real
7853	6586	1465601980	real
7853	16211	17251681513422	private_dummy
7854	6676	1027230012	real
7854	16212	17251681513422	private_dummy
7855	6674	784584612	real
7855	16213	17251681513422	private_dummy
7856	6672	454029273	real
7856	16214	17251681513422	private_dummy
7857	6556	303596327	real
7857	16215	17251681513422	private_dummy
7858	6670	209739846	real
7858	16216	17251681513422	private_dummy
7859	6542	209739846	real
7859	16217	17251681513422	private_dummy
7860	6668	303596327	real
7860	16218	17251681513422	private_dummy
7861	2994	1338005600	real
7861	2996	1280892846	real
7861	3016	1280892846	real
7861	16219	17251681513422	private_dummy
7862	6185	1430048205	real
7862	6187	1484305399	real
7862	16220	17251681513422	private_dummy
7863	6285	1027230012	real
7863	16221	17251681513422	private_dummy
7864	6283	784584612	real
7864	16222	17251681513422	private_dummy
7865	6281	668886613	real
7865	16223	17251681513422	private_dummy
7866	6152	414966275	real
7866	16224	17251681513422	private_dummy
7867	6279	303596327	real
7867	16225	17251681513422	private_dummy
7868	6134	243635765	real
7868	16226	17251681513422	private_dummy
7869	6277	303596327	real
7869	16227	17251681513422	private_dummy
7870	2704	1338005600	real
7870	2706	1280892846	real
7870	2726	1280892846	real
7870	16228	17251681513422	private_dummy
7871	5752	1430048205	real
7871	5754	1497108212	real
7871	16229	17251681513422	private_dummy
7872	5860	1027230012	real
7872	16230	17251681513422	private_dummy
7873	5858	784584612	real
7873	16231	17251681513422	private_dummy
7874	5856	668886613	real
7874	16232	17251681513422	private_dummy
7875	5716	611361727	real
7875	16233	17251681513422	private_dummy
7876	5854	427769088	real
7876	16234	17251681513422	private_dummy
7877	5692	361362744	real
7877	16235	17251681513422	private_dummy
7878	5852	361362744	real
7878	16236	17251681513422	private_dummy
7879	2480	1280892846	real
7879	2481	1280892846	real
7879	16237	17251681513422	private_dummy
7880	2319	1338005600	real
7880	2321	1280892846	real
7880	16238	17251681513422	private_dummy
7881	5281	1430048205	real
7881	5283	1506857394	real
7881	16239	17251681513422	private_dummy
7882	5401	1027230012	real
7882	16240	17251681513422	private_dummy
7883	5399	784584612	real
7883	16241	17251681513422	private_dummy
7884	5397	668886613	real
7884	16242	17251681513422	private_dummy
7885	5245	611361727	real
7885	16243	17251681513422	private_dummy
7886	5395	600294042	real
7886	16244	17251681513422	private_dummy
7887	5216	495284688	real
7887	16245	17251681513422	private_dummy
7888	5393	497551611	real
7888	16246	17251681513422	private_dummy
7889	1843	1338005600	real
7889	1845	1280892846	real
7889	1865	1280892846	real
7889	16247	17251681513422	private_dummy
7890	4782	1430048205	real
7890	4784	1514733592	real
7890	16248	17251681513422	private_dummy
7891	4908	1027230012	real
7891	16249	17251681513422	private_dummy
7892	4906	784584612	real
7892	16250	17251681513422	private_dummy
7893	4904	668886613	real
7893	16251	17251681513422	private_dummy
7894	4746	611361727	real
7894	16252	17251681513422	private_dummy
7895	4902	600294042	real
7895	16253	17251681513422	private_dummy
7896	4714	633913723	real
7896	16254	17251681513422	private_dummy
7897	4900	639349752	real
7897	16255	17251681513422	private_dummy
7898	1241	1338005600	real
7898	1243	1280892846	real
7898	1262	1280892846	real
7898	16256	17251681513422	private_dummy
7899	4253	1430048205	real
7899	4255	1521342111	real
7899	16257	17251681513422	private_dummy
7900	4381	1027230012	real
7900	16258	17251681513422	private_dummy
7901	4379	784584612	real
7901	16259	17251681513422	private_dummy
7902	4377	668886613	real
7902	16260	17251681513422	private_dummy
7903	4217	611361727	real
7903	16261	17251681513422	private_dummy
7904	4375	600294042	real
7904	16262	17251681513422	private_dummy
7905	4185	633913723	real
7905	16263	17251681513422	private_dummy
7906	4373	718018225	real
7906	16264	17251681513422	private_dummy
7907	519	1338005600	real
7907	521	1280892846	real
7907	540	1280892846	real
7907	16265	17251681513422	private_dummy
7908	3691	1430048205	real
7908	3693	1524286944	real
7908	16266	17251681513422	private_dummy
7909	3820	1027230012	real
7909	16267	17251681513422	private_dummy
7910	3818	784584612	real
7910	16268	17251681513422	private_dummy
7911	3816	668886613	real
7911	16269	17251681513422	private_dummy
7912	3655	611361727	real
7912	16270	17251681513422	private_dummy
7913	3814	600294042	real
7913	16271	17251681513422	private_dummy
7914	3623	633913723	real
7914	16272	17251681513422	private_dummy
7915	3812	718018225	real
7915	16273	17251681513422	private_dummy
7916	3468	1184562466	real
7916	3469	1184562466	real
7916	16274	17251681513422	private_dummy
7917	3374	1127244833	real
7917	3375	1127244833	real
7917	16275	17251681513422	private_dummy
7918	3229	1103469220	real
7918	3230	1103469220	real
7918	16276	17251681513422	private_dummy
7919	3016	1111345418	real
7919	3017	1111345418	real
7919	16277	17251681513422	private_dummy
7920	2726	1151478732	real
7920	2727	1151478732	real
7920	16278	17251681513422	private_dummy
7921	1865	1347326682	real
7921	1866	1347326682	real
7921	16279	17251681513422	private_dummy
7922	1262	1536494450	real
7922	1263	1536494450	real
7922	16280	17251681513422	private_dummy
7923	540	1869695623	real
7923	541	1869695623	real
7923	16281	17251681513422	private_dummy
7924	7751	1268658209	real
7924	16282	17251681513422	private_dummy
7925	7751	1268658209	real
7925	16283	17251681513422	private_dummy
7926	7752	727471858	real
7926	16284	17251681513422	private_dummy
7927	7752	670359104	real
7927	16285	17251681513422	private_dummy
7928	7753	499991779	real
7928	16286	17251681513422	private_dummy
7929	7753	442879024	real
7929	16287	17251681513422	private_dummy
7930	7754	499991779	real
7930	16288	17251681513422	private_dummy
7931	7754	442879024	real
7931	16289	17251681513422	private_dummy
7932	7755	727471858	real
7932	16290	17251681513422	private_dummy
7933	7755	670359104	real
7933	16291	17251681513422	private_dummy
7934	7756	934563483	real
7934	16292	17251681513422	private_dummy
7935	7756	934563483	real
7935	16293	17251681513422	private_dummy
7936	549	1869695623	real
7936	16294	17251681513422	private_dummy
7937	551	1869695623	real
7937	809	1869695623	real
7937	16295	17251681513422	private_dummy
7938	1274	1593607205	real
7938	16296	17251681513422	private_dummy
7939	2046	1536494450	real
7939	16297	17251681513422	private_dummy
7940	2492	1536494450	real
7940	16298	17251681513422	private_dummy
7941	2844	1536494450	real
7941	16299	17251681513422	private_dummy
7942	3108	1536494450	real
7942	16300	17251681513422	private_dummy
7943	3298	1536494450	real
7943	16301	17251681513422	private_dummy
7944	3386	1184357587	real
7944	16302	17251681513422	private_dummy
7945	3504	1536494450	real
7945	16303	17251681513422	private_dummy
7946	3542	1536494450	real
7946	16304	17251681513422	private_dummy
7947	3554	1536494450	real
7947	16305	17251681513422	private_dummy
7948	7867	851820297	real
7948	16306	17251681513422	private_dummy
7949	7865	554789753	real
7949	16307	17251681513422	private_dummy
7950	7870	1013231956	real
7950	16308	17251681513422	private_dummy
7951	7870	1131499716	real
7951	16309	17251681513422	private_dummy
7952	7856	296697716	real
7952	7858	296697716	real
7952	16310	17251681513422	private_dummy
7953	7863	837944909	real
7953	7864	837944909	real
7953	16311	17251681513422	private_dummy
7954	7851	375366188	real
7954	7852	546696698	real
7954	16312	17251681513422	private_dummy
7955	7853	640890500	real
7955	7855	640890500	real
7955	16313	17251681513422	private_dummy
7956	7877	586295985	real
7956	16314	17251681513422	private_dummy
7957	7852	546696698	real
7957	16315	17251681513422	private_dummy
7958	7861	812221010	real
7958	16316	17251681513422	private_dummy
7959	7879	586295985	real
7959	16317	17251681513422	private_dummy
7960	7851	782688641	real
7960	16318	17251681513422	private_dummy
7961	7859	343859956	real
7961	16319	17251681513422	private_dummy
7962	7881	1383315512	real
7962	16320	17251681513422	private_dummy
7963	7855	640890500	real
7963	7858	640890500	real
7963	16321	17251681513422	private_dummy
7964	7866	554789753	real
7964	16322	17251681513422	private_dummy
7965	7883	851820297	real
7965	16323	17251681513422	private_dummy
7966	7853	265191483	real
7966	7856	265191483	real
7966	16324	17251681513422	private_dummy
7967	7859	265191483	real
7967	7861	436521993	real
7967	16325	17251681513422	private_dummy
7968	7885	554789753	real
7968	16326	17251681513422	private_dummy
7969	7872	1091900429	real
7969	16327	17251681513422	private_dummy
7970	7872	1105898485	real
7970	16328	17251681513422	private_dummy
7971	7870	1137404718	real
7971	7871	586295985	real
7971	7876	389364245	real
7971	16329	17251681513422	private_dummy
7972	7880	554789753	real
7972	16330	17251681513422	private_dummy
7973	7882	357858012	real
7973	16331	17251681513422	private_dummy
7974	7870	1151280106	real
7974	7871	930488770	real
7974	7878	654888557	real
7974	16332	17251681513422	private_dummy
7975	7880	830389966	real
7975	16333	17251681513422	private_dummy
7976	7882	436526485	real
7976	16334	17251681513422	private_dummy
7977	7869	757626495	real
7977	16335	17251681513422	private_dummy
7978	7884	554789753	real
7978	16336	17251681513422	private_dummy
7979	7886	806438676	real
7979	16337	17251681513422	private_dummy
7980	7869	836294968	real
7980	16338	17251681513422	private_dummy
7981	7884	633458225	real
7981	16339	17251681513422	private_dummy
7982	7886	885107149	real
7982	16340	17251681513422	private_dummy
7983	7868	836294968	real
7983	16341	17251681513422	private_dummy
7984	7868	1243617421	real
7984	16342	17251681513422	private_dummy
7985	7824	438906293	real
7985	7825	438906293	real
7985	16343	17251681513422	private_dummy
7986	7854	1031550423	real
7986	16344	17251681513422	private_dummy
7987	7850	1050602544	real
7987	16345	17251681513422	private_dummy
7988	7850	690442331	real
7988	16346	17251681513422	private_dummy
7989	7814	895769196	real
7989	7815	952881950	real
7989	16347	17251681513422	private_dummy
7990	7816	628199503	real
7990	7817	628199503	real
7990	16348	17251681513422	private_dummy
7991	7818	568241738	real
7991	7819	568241738	real
7991	16349	17251681513422	private_dummy
7992	7820	670359104	real
7992	7821	670359104	real
7992	16350	17251681513422	private_dummy
7993	7822	1052445090	real
7993	7823	1052445090	real
7993	16351	17251681513422	private_dummy
7994	7894	957936015	real
7994	16352	17251681513422	private_dummy
7995	7894	597775802	real
7995	16353	17251681513422	private_dummy
7996	7815	952881950	real
7996	16354	17251681513422	private_dummy
7997	7833	313543580	real
7997	7834	313543580	real
7997	16355	17251681513422	private_dummy
7998	7835	313543580	real
7998	16356	17251681513422	private_dummy
7999	7857	763980730	real
7999	16357	17251681513422	private_dummy
8000	7896	957936015	real
8000	16358	17251681513422	private_dummy
8001	7896	597775802	real
8001	16359	17251681513422	private_dummy
8002	7814	1211545455	real
8002	16360	17251681513422	private_dummy
8003	7826	489570469	real
8003	7827	546683223	real
8003	16361	17251681513422	private_dummy
8004	7828	332246999	real
8004	7829	332246999	real
8004	16362	17251681513422	private_dummy
8005	7830	381059179	real
8005	16363	17251681513422	private_dummy
8006	7831	726099236	real
8006	7832	726099236	real
8006	16364	17251681513422	private_dummy
8007	7898	1153677804	real
8007	16365	17251681513422	private_dummy
8008	7898	896592851	real
8008	16366	17251681513422	private_dummy
8009	7817	628199503	real
8009	16367	17251681513422	private_dummy
8010	7827	546683223	real
8010	16368	17251681513422	private_dummy
8011	7842	339803765	real
8011	7843	339803765	real
8011	16369	17251681513422	private_dummy
8012	7860	704022965	real
8012	16370	17251681513422	private_dummy
8013	7900	692411703	real
8013	16371	17251681513422	private_dummy
8014	7900	435326750	real
8014	16372	17251681513422	private_dummy
8015	7816	726099236	real
8015	16373	17251681513422	private_dummy
8016	7826	726099236	real
8016	16374	17251681513422	private_dummy
8017	7836	371846286	real
8017	7837	428959040	real
8017	16375	17251681513422	private_dummy
8018	7838	300740766	real
8018	7839	300740766	real
8018	16376	17251681513422	private_dummy
8019	7840	577990920	real
8019	7841	577990920	real
8019	16377	17251681513422	private_dummy
8020	7902	986053224	real
8020	16378	17251681513422	private_dummy
8021	7902	296697716	real
8021	16379	17251681513422	private_dummy
8022	7819	568241738	real
8022	7825	568241738	real
8022	16380	17251681513422	private_dummy
8023	7829	332246999	real
8023	7834	332246999	real
8023	16381	17251681513422	private_dummy
8024	7837	428959040	real
8024	16382	17251681513422	private_dummy
8025	7846	727471858	real
8025	16383	17251681513422	private_dummy
8026	7847	670359104	real
8026	16384	17251681513422	private_dummy
8027	7904	646256547	real
8027	16385	17251681513422	private_dummy
8028	7904	265191483	real
8028	16386	17251681513422	private_dummy
8029	7818	577990920	real
8029	7824	577990920	real
8029	16387	17251681513422	private_dummy
8030	7828	381059179	real
8030	7833	381059179	real
8030	16388	17251681513422	private_dummy
8031	7836	577990920	real
8031	16389	17251681513422	private_dummy
8032	7844	440438857	real
8032	16390	17251681513422	private_dummy
8033	7845	597771310	real
8033	16391	17251681513422	private_dummy
8034	7906	713772147	real
8034	16392	17251681513422	private_dummy
8035	7906	265191483	real
8035	16393	17251681513422	private_dummy
8036	7821	670359104	real
8036	16394	17251681513422	private_dummy
8037	7839	300740766	real
8037	7843	300740766	real
8037	16395	17251681513422	private_dummy
8038	7862	1188226317	real
8038	16396	17251681513422	private_dummy
8039	7908	772615536	real
8039	16397	17251681513422	private_dummy
8040	7908	562222027	real
8040	16398	17251681513422	private_dummy
8041	7820	597771310	real
8041	16399	17251681513422	private_dummy
8042	7830	332246999	real
8042	7835	332246999	real
8042	16400	17251681513422	private_dummy
8043	7838	300740766	real
8043	7842	300740766	real
8043	16401	17251681513422	private_dummy
8044	7844	597771310	real
8044	7846	654884065	real
8044	16402	17251681513422	private_dummy
8045	7848	798782256	real
8045	7849	798782256	real
8045	16403	17251681513422	private_dummy
8046	7910	733552537	real
8046	16404	17251681513422	private_dummy
8047	7910	562222027	real
8047	16405	17251681513422	private_dummy
8048	7823	895769196	real
8048	16406	17251681513422	private_dummy
8049	7832	577692575	real
8049	16407	17251681513422	private_dummy
8050	7841	444068976	real
8050	16408	17251681513422	private_dummy
8051	7849	741669502	real
8051	16409	17251681513422	private_dummy
8052	7912	1005945527	real
8052	16410	17251681513422	private_dummy
8053	7912	804767708	real
8053	16411	17251681513422	private_dummy
8054	7822	1052445090	real
8054	16412	17251681513422	private_dummy
8055	7831	726099236	real
8055	16413	17251681513422	private_dummy
8056	7840	577990920	real
8056	16414	17251681513422	private_dummy
8057	7845	597771310	real
8057	7847	597771310	real
8057	16415	17251681513422	private_dummy
8058	7848	798782256	real
8058	16416	17251681513422	private_dummy
8059	7914	1151180387	real
8059	16417	17251681513422	private_dummy
8060	7914	861880462	real
8060	16418	17251681513422	private_dummy
8061	7874	654888557	real
8061	7893	660905471	real
8061	16419	17251681513422	private_dummy
8062	7897	770586556	real
8062	16420	17251681513422	private_dummy
8063	7899	625351696	real
8063	16421	17251681513422	private_dummy
8064	7874	757963816	real
8064	7895	763980730	real
8064	16422	17251681513422	private_dummy
8065	7897	849255029	real
8065	16423	17251681513422	private_dummy
8066	7899	625351696	real
8066	16424	17251681513422	private_dummy
8067	7901	481286631	real
8067	16425	17251681513422	private_dummy
8068	7903	413771032	real
8068	16426	17251681513422	private_dummy
8069	7901	481286631	real
8069	16427	17251681513422	private_dummy
8070	7903	413771032	real
8070	16428	17251681513422	private_dummy
8071	7905	400968218	real
8071	16429	17251681513422	private_dummy
8072	7907	440031217	real
8072	16430	17251681513422	private_dummy
8073	7905	400968218	real
8073	16431	17251681513422	private_dummy
8074	7907	440031217	real
8074	16432	17251681513422	private_dummy
8075	7909	540666309	real
8075	16433	17251681513422	private_dummy
8076	7911	770586556	real
8076	16434	17251681513422	private_dummy
8077	7909	540666309	real
8077	16435	17251681513422	private_dummy
8078	7911	770586556	real
8078	16436	17251681513422	private_dummy
8079	7913	877450729	real
8079	16437	17251681513422	private_dummy
8080	7915	934563483	real
8080	16438	17251681513422	private_dummy
8081	7913	877450729	real
8081	16439	17251681513422	private_dummy
8082	7915	934563483	real
8082	16440	17251681513422	private_dummy
8083	7875	279189539	real
8083	16441	17251681513422	private_dummy
8084	7875	382264799	real
8084	16442	17251681513422	private_dummy
8085	7872	1105898485	real
8085	7873	1027230012	real
8085	16443	17251681513422	private_dummy
8086	7872	1320343693	real
8086	7873	1241675220	real
8086	16444	17251681513422	private_dummy
8087	804	1536494450	real
8087	805	1536494450	real
8087	16445	17251681513422	private_dummy
8088	3986	1268658209	real
8088	3988	1511303609	real
8088	16446	17251681513422	private_dummy
8089	3984	1124216952	real
8089	16447	17251681513422	private_dummy
8090	3982	1033210972	real
8090	16448	17251681513422	private_dummy
8091	3980	982009973	real
8091	16449	17251681513422	private_dummy
8092	3978	965421070	real
8092	16450	17251681513422	private_dummy
8093	3976	982009973	real
8093	16451	17251681513422	private_dummy
8094	3974	1033210972	real
8094	16452	17251681513422	private_dummy
8095	3972	1124216952	real
8095	16453	17251681513422	private_dummy
8096	542	1593607205	real
8096	543	1536494450	real
8096	550	1536494450	real
8096	16454	17251681513422	private_dummy
8097	1485	1536494450	real
8097	1486	1536494450	real
8097	16455	17251681513422	private_dummy
8098	4547	1268658209	real
8098	4549	1511303609	real
8098	16456	17251681513422	private_dummy
8099	4545	1009994705	real
8099	16457	17251681513422	private_dummy
8100	4543	875878519	real
8100	16458	17251681513422	private_dummy
8101	4541	796682206	real
8101	16459	17251681513422	private_dummy
8102	4539	759276436	real
8102	16460	17251681513422	private_dummy
8103	4537	759276436	real
8103	16461	17251681513422	private_dummy
8104	4535	796682206	real
8104	16462	17251681513422	private_dummy
8105	4533	875878519	real
8105	16463	17251681513422	private_dummy
8106	1264	1593607205	real
8106	1265	1536494450	real
8106	1273	1536494450	real
8106	16464	17251681513422	private_dummy
8107	5074	1536494450	real
8107	5076	1684901111	real
8107	16465	17251681513422	private_dummy
8108	5072	1124216952	real
8108	16466	17251681513422	private_dummy
8109	5070	875878519	real
8109	16467	17251681513422	private_dummy
8110	5068	753572000	real
8110	16468	17251681513422	private_dummy
8111	5066	688170916	real
8111	16469	17251681513422	private_dummy
8112	5064	667354049	real
8112	16470	17251681513422	private_dummy
8113	5062	688170916	real
8113	16471	17251681513422	private_dummy
8114	5060	753572000	real
8114	16472	17251681513422	private_dummy
8115	1867	1593607205	real
8115	1868	1536494450	real
8115	1876	1536494450	real
8115	1877	1536494450	real
8115	16473	17251681513422	private_dummy
8116	5567	1536494450	real
8116	5569	1672275677	real
8116	16474	17251681513422	private_dummy
8117	5565	1347326682	real
8117	16475	17251681513422	private_dummy
8118	5563	1033210972	real
8118	16476	17251681513422	private_dummy
8119	5561	796682206	real
8119	16477	17251681513422	private_dummy
8120	5559	688170916	real
8120	16478	17251681513422	private_dummy
8121	5557	639358736	real
8121	16479	17251681513422	private_dummy
8122	5555	639358736	real
8122	16480	17251681513422	private_dummy
8123	5553	688170916	real
8123	16481	17251681513422	private_dummy
8124	2341	1593607205	real
8124	2342	1536494450	real
8124	2350	1536494450	real
8124	2351	1536494450	real
8124	16482	17251681513422	private_dummy
8125	6026	1536494450	real
8125	6028	1732236239	real
8125	16483	17251681513422	private_dummy
8126	6024	1347326682	real
8126	16484	17251681513422	private_dummy
8127	6022	1227292212	real
8127	16485	17251681513422	private_dummy
8128	6020	982009973	real
8128	16486	17251681513422	private_dummy
8129	6018	759276436	real
8129	16487	17251681513422	private_dummy
8130	6016	667354049	real
8130	16488	17251681513422	private_dummy
8131	6014	639358736	real
8131	16489	17251681513422	private_dummy
8132	6012	667354049	real
8132	16490	17251681513422	private_dummy
8133	2728	1593607205	real
8133	2729	1536494450	real
8133	2737	1536494450	real
8133	2738	1536494450	real
8133	16491	17251681513422	private_dummy
8134	6451	1536494450	real
8134	6453	1766132158	real
8134	16492	17251681513422	private_dummy
8135	6449	1347326682	real
8135	16493	17251681513422	private_dummy
8136	6447	1227292212	real
8136	16494	17251681513422	private_dummy
8137	6445	1151478732	real
8137	16495	17251681513422	private_dummy
8138	6443	965421070	real
8138	16496	17251681513422	private_dummy
8139	6441	759276436	real
8139	16497	17251681513422	private_dummy
8140	6439	688170916	real
8140	16498	17251681513422	private_dummy
8141	6437	688170916	real
8141	16499	17251681513422	private_dummy
8142	3018	1593607205	real
8142	3019	1536494450	real
8142	3027	1536494450	real
8142	3028	1536494450	real
8142	16500	17251681513422	private_dummy
8143	6842	1536494450	real
8143	6844	1790002657	real
8143	16501	17251681513422	private_dummy
8144	6840	1347326682	real
8144	16502	17251681513422	private_dummy
8145	6838	1227292212	real
8145	16503	17251681513422	private_dummy
8146	6836	1151478732	real
8146	16504	17251681513422	private_dummy
8147	6834	1111345418	real
8147	16505	17251681513422	private_dummy
8148	6832	982009973	real
8148	16506	17251681513422	private_dummy
8149	6830	796682206	real
8149	16507	17251681513422	private_dummy
8150	6828	753572000	real
8150	16508	17251681513422	private_dummy
8151	3231	1593607205	real
8151	3232	1536494450	real
8151	3240	1536494450	real
8151	3241	1536494450	real
8151	16509	17251681513422	private_dummy
8152	3423	1536494450	real
8152	3424	1536494450	real
8152	16510	17251681513422	private_dummy
8153	7199	1536494450	real
8153	7201	1808464545	real
8153	16511	17251681513422	private_dummy
8154	7197	1347326682	real
8154	16512	17251681513422	private_dummy
8155	7195	1227292212	real
8155	16513	17251681513422	private_dummy
8156	7193	1151478732	real
8156	16514	17251681513422	private_dummy
8157	7191	1111345418	real
8157	16515	17251681513422	private_dummy
8158	7189	1103469220	real
8158	16516	17251681513422	private_dummy
8159	7187	1033210972	real
8159	16517	17251681513422	private_dummy
8160	7185	875878519	real
8160	16518	17251681513422	private_dummy
8161	3376	1593607205	real
8161	3377	1536494450	real
8161	3385	1536494450	real
8161	16519	17251681513422	private_dummy
8162	7522	1536494450	real
8162	7524	1823527452	real
8162	16520	17251681513422	private_dummy
8163	7520	1347326682	real
8163	16521	17251681513422	private_dummy
8164	7518	1227292212	real
8164	16522	17251681513422	private_dummy
8165	7516	1151478732	real
8165	16523	17251681513422	private_dummy
8166	7514	1111345418	real
8166	16524	17251681513422	private_dummy
8167	7512	1103469220	real
8167	16525	17251681513422	private_dummy
8168	7510	1127244833	real
8168	16526	17251681513422	private_dummy
8169	7508	1124216952	real
8169	16527	17251681513422	private_dummy
8170	3470	1593607205	real
8170	3471	1536494450	real
8170	3479	1536494450	real
8170	3480	1536494450	real
8170	16528	17251681513422	private_dummy
8171	7811	1536494450	real
8171	7813	1836252605	real
8171	16529	17251681513422	private_dummy
8172	7809	1347326682	real
8172	16530	17251681513422	private_dummy
8173	7807	1227292212	real
8173	16531	17251681513422	private_dummy
8174	7805	1151478732	real
8174	16532	17251681513422	private_dummy
8175	7803	1111345418	real
8175	16533	17251681513422	private_dummy
8176	7801	1103469220	real
8176	16534	17251681513422	private_dummy
8177	7799	1127244833	real
8177	16535	17251681513422	private_dummy
8178	7797	1184562466	real
8178	16536	17251681513422	private_dummy
8179	3520	1593607205	real
8179	3521	1536494450	real
8179	3529	1536494450	real
8179	3530	1536494450	real
8179	16537	17251681513422	private_dummy
8180	1271	1536494450	real
8180	1272	1593607205	real
8180	1488	1536494450	real
8180	16538	17251681513422	private_dummy
8181	1874	1347326682	real
8181	1875	1404439436	real
8181	2048	1347326682	real
8181	16539	17251681513422	private_dummy
8182	2348	1227292212	real
8182	2349	1284404966	real
8182	2495	1227292212	real
8182	16540	17251681513422	private_dummy
8183	2735	1151478732	real
8183	2736	1208591486	real
8183	2846	1151478732	real
8183	16541	17251681513422	private_dummy
8184	3025	1111345418	real
8184	3026	1168458172	real
8184	3110	1111345418	real
8184	16542	17251681513422	private_dummy
8185	3238	1103469220	real
8185	3239	1160581975	real
8185	3300	1103469220	real
8185	16543	17251681513422	private_dummy
8186	3383	1127244833	real
8186	3384	1184357587	real
8186	3426	1127244833	real
8186	16544	17251681513422	private_dummy
8187	3477	1184562466	real
8187	3478	1241675220	real
8187	3506	1184562466	real
8187	16545	17251681513422	private_dummy
8188	3527	1280892846	real
8188	3528	1338005600	real
8188	3545	1280892846	real
8188	16546	17251681513422	private_dummy
8189	7917	1536494450	real
8189	16547	17251681513422	private_dummy
8190	7919	1347326682	real
8190	16548	17251681513422	private_dummy
8191	7921	1227292212	real
8191	16549	17251681513422	private_dummy
8192	7923	1151478732	real
8192	16550	17251681513422	private_dummy
8193	7925	1111345418	real
8193	16551	17251681513422	private_dummy
8194	7927	1103469220	real
8194	16552	17251681513422	private_dummy
8195	7929	1127244833	real
8195	16553	17251681513422	private_dummy
8196	7931	1184562466	real
8196	16554	17251681513422	private_dummy
8197	546	1869695623	real
8197	547	1869695623	real
8197	807	1869695623	real
8197	808	1869695623	real
8197	16555	17251681513422	private_dummy
8198	1268	1593607205	real
8198	1269	1593607205	real
8198	16556	17251681513422	private_dummy
8199	1871	1404439436	real
8199	1872	1404439436	real
8199	16557	17251681513422	private_dummy
8200	2345	1284404966	real
8200	2346	1284404966	real
8200	16558	17251681513422	private_dummy
8201	2732	1208591486	real
8201	2733	1208591486	real
8201	16559	17251681513422	private_dummy
8202	3022	1168458172	real
8202	3023	1168458172	real
8202	16560	17251681513422	private_dummy
8203	3235	1160581975	real
8203	3236	1160581975	real
8203	16561	17251681513422	private_dummy
8204	3380	1184357587	real
8204	3381	1184357587	real
8204	16562	17251681513422	private_dummy
8205	3474	1241675220	real
8205	3475	1241675220	real
8205	16563	17251681513422	private_dummy
8206	3524	1338005600	real
8206	3525	1338005600	real
8206	16564	17251681513422	private_dummy
8207	3550	1536494450	real
8207	3552	1536494450	real
8207	3558	1536494450	real
8207	3559	1536494450	real
8207	16565	17251681513422	private_dummy
8208	1877	1347326682	real
8208	1878	1404439436	real
8208	16566	17251681513422	private_dummy
8209	2351	1227292212	real
8209	2352	1284404966	real
8209	16567	17251681513422	private_dummy
8210	2738	1151478732	real
8210	2739	1208591486	real
8210	16568	17251681513422	private_dummy
8211	3028	1111345418	real
8211	3029	1168458172	real
8211	16569	17251681513422	private_dummy
8212	3241	1103469220	real
8212	3242	1160581975	real
8212	16570	17251681513422	private_dummy
8213	3480	1184562466	real
8213	3481	1241675220	real
8213	16571	17251681513422	private_dummy
8214	3530	1280892846	real
8214	3531	1338005600	real
8214	16572	17251681513422	private_dummy
8215	3558	1702113907	real
8215	3560	1759226661	real
8215	3561	1702113907	real
8215	16573	17251681513422	private_dummy
8216	543	1869695623	real
8216	544	1869695623	real
8216	805	1869695623	real
8216	16574	17251681513422	private_dummy
8217	1265	1536494450	real
8217	1266	1536494450	real
8217	1486	1536494450	real
8217	16575	17251681513422	private_dummy
8218	1868	1347326682	real
8218	1869	1347326682	real
8218	16576	17251681513422	private_dummy
8219	2342	1227292212	real
8219	2343	1227292212	real
8219	2493	1227292212	real
8219	16577	17251681513422	private_dummy
8220	2729	1151478732	real
8220	2730	1151478732	real
8220	16578	17251681513422	private_dummy
8221	3019	1111345418	real
8221	3020	1111345418	real
8221	16579	17251681513422	private_dummy
8222	3232	1103469220	real
8222	3233	1103469220	real
8222	16580	17251681513422	private_dummy
8223	3377	1127244833	real
8223	3378	1127244833	real
8223	3424	1127244833	real
8223	16581	17251681513422	private_dummy
8224	3471	1184562466	real
8224	3472	1184562466	real
8224	16582	17251681513422	private_dummy
8225	3521	1280892846	real
8225	3522	1280892846	real
8225	3543	1280892846	real
8225	16583	17251681513422	private_dummy
8226	3550	1702113907	real
8226	3551	1702113907	real
8226	3553	1702113907	real
8226	16584	17251681513422	private_dummy
8227	7887	934563483	real
8227	16585	17251681513422	private_dummy
8228	7887	934563483	real
8228	16586	17251681513422	private_dummy
8229	7888	625351696	real
8229	16587	17251681513422	private_dummy
8230	7888	625351696	real
8230	16588	17251681513422	private_dummy
8231	7889	507627513	real
8231	16589	17251681513422	private_dummy
8232	7889	507627513	real
8232	16590	17251681513422	private_dummy
8233	7890	576220084	real
8233	16591	17251681513422	private_dummy
8234	7890	576220084	real
8234	16592	17251681513422	private_dummy
8235	7891	934563483	real
8235	16593	17251681513422	private_dummy
8236	7891	934563483	real
8236	16594	17251681513422	private_dummy
8237	7892	1430048205	real
8237	16595	17251681513422	private_dummy
8238	7892	1372935451	real
8238	16596	17251681513422	private_dummy
8239	3534	1280892846	real
8239	16597	17251681513422	private_dummy
8240	3504	1430048205	real
8240	16598	17251681513422	private_dummy
8241	3423	1430048205	real
8241	16599	17251681513422	private_dummy
8242	3298	1430048205	real
8242	16600	17251681513422	private_dummy
8243	3108	1430048205	real
8243	16601	17251681513422	private_dummy
8244	2844	1430048205	real
8244	16602	17251681513422	private_dummy
8245	2355	1227292212	real
8245	16603	17251681513422	private_dummy
8246	2046	1430048205	real
8246	16604	17251681513422	private_dummy
8247	1485	1430048205	real
8247	16605	17251681513422	private_dummy
8248	804	1430048205	real
8248	16606	17251681513422	private_dummy
8249	7986	830547118	real
8249	16607	17251681513422	private_dummy
8250	7984	579196540	real
8250	16608	17251681513422	private_dummy
8251	7989	830547118	real
8251	16609	17251681513422	private_dummy
8252	7989	891702124	real
8252	16610	17251681513422	private_dummy
8253	7975	208081990	real
8253	7977	164967292	real
8253	16611	17251681513422	private_dummy
8254	7982	791246176	real
8254	7983	791246176	real
8254	16612	17251681513422	private_dummy
8255	7970	92666530	real
8255	7971	263997040	real
8255	16613	17251681513422	private_dummy
8256	7972	519107330	real
8256	7974	562222027	real
8256	16614	17251681513422	private_dummy
8257	7996	303596327	real
8257	16615	17251681513422	private_dummy
8258	7971	263997040	real
8258	16616	17251681513422	private_dummy
8259	7980	554248972	real
8259	16617	17251681513422	private_dummy
8260	7998	263997040	real
8260	16618	17251681513422	private_dummy
8261	7970	347364688	real
8261	16619	17251681513422	private_dummy
8262	7978	146923723	real
8262	16620	17251681513422	private_dummy
8263	8000	754689937	real
8263	16621	17251681513422	private_dummy
8264	7974	562222027	real
8264	7977	519107330	real
8264	16622	17251681513422	private_dummy
8265	7985	389359753	real
8265	16623	17251681513422	private_dummy
8266	8002	773151825	real
8266	16624	17251681513422	private_dummy
8267	7972	232027299	real
8267	7975	275141997	real
8267	16625	17251681513422	private_dummy
8268	7978	516840406	real
8268	7980	688170916	real
8268	16626	17251681513422	private_dummy
8269	8004	389359753	real
8269	16627	17251681513422	private_dummy
8270	7991	852102836	real
8270	16628	17251681513422	private_dummy
8271	7991	830547118	real
8271	16629	17251681513422	private_dummy
8272	7989	830547118	real
8272	7990	406671586	real
8272	7995	303596327	real
8272	16630	17251681513422	private_dummy
8273	7999	464438004	real
8273	16631	17251681513422	private_dummy
8274	8001	209739846	real
8274	16632	17251681513422	private_dummy
8275	7989	911482514	real
8275	7990	760811624	real
8275	7997	679295344	real
8275	16633	17251681513422	private_dummy
8276	7999	718479238	real
8276	16634	17251681513422	private_dummy
8277	8001	266849339	real
8277	16635	17251681513422	private_dummy
8278	7988	617071282	real
8278	16636	17251681513422	private_dummy
8279	8003	335102559	real
8279	16637	17251681513422	private_dummy
8280	8005	791246176	real
8280	16638	17251681513422	private_dummy
8281	7988	402626074	real
8281	16639	17251681513422	private_dummy
8282	8003	392212052	real
8282	16640	17251681513422	private_dummy
8283	8005	576800968	real
8283	16641	17251681513422	private_dummy
8284	7987	402626074	real
8284	16642	17251681513422	private_dummy
8285	7987	657324232	real
8285	16643	17251681513422	private_dummy
8286	7943	313543580	real
8286	7944	313543580	real
8286	16644	17251681513422	private_dummy
8287	7973	934563483	real
8287	16645	17251681513422	private_dummy
8288	7969	898806860	real
8288	16646	17251681513422	private_dummy
8289	7969	806140331	real
8289	16647	17251681513422	private_dummy
8290	7933	670359104	real
8290	7934	727471858	real
8290	16648	17251681513422	private_dummy
8291	7935	568241738	real
8291	7936	568241738	real
8291	16649	17251681513422	private_dummy
8292	7937	628199503	real
8292	7938	628199503	real
8292	16650	17251681513422	private_dummy
8293	7939	895769196	real
8293	7940	895769196	real
8293	16651	17251681513422	private_dummy
8294	7941	1109557844	real
8294	7942	1109557844	real
8294	16652	17251681513422	private_dummy
8295	8013	806140331	real
8295	16653	17251681513422	private_dummy
8296	8013	713473802	real
8296	16654	17251681513422	private_dummy
8297	7934	613249611	real
8297	16655	17251681513422	private_dummy
8298	7952	313543580	real
8298	7953	313543580	real
8298	16656	17251681513422	private_dummy
8299	7954	438906293	real
8299	16657	17251681513422	private_dummy
8300	7976	497551611	real
8300	16658	17251681513422	private_dummy
8301	8015	613249611	real
8301	16659	17251681513422	private_dummy
8302	8015	634805329	real
8302	16660	17251681513422	private_dummy
8303	7933	798782256	real
8303	16661	17251681513422	private_dummy
8304	7945	382913971	real
8304	7946	440026725	real
8304	16662	17251681513422	private_dummy
8305	7947	285548266	real
8305	7948	285548266	real
8305	16663	17251681513422	private_dummy
8306	7949	459723160	real
8306	16664	17251681513422	private_dummy
8307	7950	556136856	real
8307	7951	556136856	real
8307	16665	17251681513422	private_dummy
8308	8017	691918083	real
8308	16666	17251681513422	private_dummy
8309	8017	852102836	real
8309	16667	17251681513422	private_dummy
8310	7936	382913971	real
8310	16668	17251681513422	private_dummy
8311	7946	440026725	real
8311	16669	17251681513422	private_dummy
8312	7961	525124244	real
8312	7962	525124244	real
8312	16670	17251681513422	private_dummy
8313	7979	428959040	real
8313	16671	17251681513422	private_dummy
8314	8019	282694271	real
8314	16672	17251681513422	private_dummy
8315	8019	442879024	real
8315	16673	17251681513422	private_dummy
8316	7935	440438857	real
8316	16674	17251681513422	private_dummy
8317	7945	597771310	real
8317	16675	17251681513422	private_dummy
8318	7955	405465967	real
8318	7956	462578721	real
8318	16676	17251681513422	private_dummy
8319	7957	459723160	real
8319	7958	459723160	real
8319	16677	17251681513422	private_dummy
8320	7959	382913971	real
8320	7960	382913971	real
8320	16678	17251681513422	private_dummy
8321	8021	497551611	real
8321	16679	17251681513422	private_dummy
8322	8021	339803765	real
8322	16680	17251681513422	private_dummy
8323	7938	405465967	real
8323	7944	405465967	real
8323	16681	17251681513422	private_dummy
8324	7948	285548266	real
8324	7953	285548266	real
8324	16682	17251681513422	private_dummy
8325	7956	462578721	real
8325	16683	17251681513422	private_dummy
8326	7965	952881950	real
8326	16684	17251681513422	private_dummy
8327	7966	489570469	real
8327	16685	17251681513422	private_dummy
8328	8023	413766540	real
8328	16686	17251681513422	private_dummy
8329	8023	313543580	real
8329	16687	17251681513422	private_dummy
8330	7937	371846286	real
8330	7943	371846286	real
8330	16688	17251681513422	private_dummy
8331	7947	300740766	real
8331	7952	300740766	real
8331	16689	17251681513422	private_dummy
8332	7955	577990920	real
8332	16690	17251681513422	private_dummy
8333	7963	647430763	real
8333	16691	17251681513422	private_dummy
8334	7964	405465967	real
8334	16692	17251681513422	private_dummy
8335	8025	428959040	real
8335	16693	17251681513422	private_dummy
8336	8025	313543580	real
8336	16694	17251681513422	private_dummy
8337	7940	647430763	real
8337	16695	17251681513422	private_dummy
8338	7958	459723160	real
8338	7962	459723160	real
8338	16696	17251681513422	private_dummy
8339	7981	934563483	real
8339	16697	17251681513422	private_dummy
8340	8027	674159385	real
8340	16698	17251681513422	private_dummy
8341	8027	525124244	real
8341	16699	17251681513422	private_dummy
8342	7939	489570469	real
8342	16700	17251681513422	private_dummy
8343	7949	332246999	real
8343	7954	332246999	real
8343	16701	17251681513422	private_dummy
8344	7957	381059179	real
8344	7961	381059179	real
8344	16702	17251681513422	private_dummy
8345	7963	726099236	real
8345	7965	783211990	real
8345	16703	17251681513422	private_dummy
8346	7967	647430763	real
8346	7968	783211990	real
8346	16704	17251681513422	private_dummy
8347	8029	546683223	real
8347	16705	17251681513422	private_dummy
8348	8029	525124244	real
8348	16706	17251681513422	private_dummy
8349	7942	1109557844	real
8349	16707	17251681513422	private_dummy
8350	7951	556136856	real
8350	16708	17251681513422	private_dummy
8351	7960	382913971	real
8351	16709	17251681513422	private_dummy
8352	7968	783211990	real
8352	16710	17251681513422	private_dummy
8353	8031	1129624669	real
8353	16711	17251681513422	private_dummy
8354	8031	875878519	real
8354	16712	17251681513422	private_dummy
8355	7941	855895011	real
8355	16713	17251681513422	private_dummy
8356	7950	597771310	real
8356	16714	17251681513422	private_dummy
8357	7959	577990920	real
8357	16715	17251681513422	private_dummy
8358	7964	726099236	real
8358	7966	726099236	real
8358	16716	17251681513422	private_dummy
8359	7967	1211545455	real
8359	16717	17251681513422	private_dummy
8360	8033	842591667	real
8360	16718	17251681513422	private_dummy
8361	8033	783211990	real
8361	16719	17251681513422	private_dummy
8362	7993	634805329	real
8362	8012	770586556	real
8362	16720	17251681513422	private_dummy
8363	8016	798782256	real
8363	16721	17251681513422	private_dummy
8364	8018	556136856	real
8364	16722	17251681513422	private_dummy
8365	7993	773434364	real
8365	8014	830547118	real
8365	16723	17251681513422	private_dummy
8366	8016	877450729	real
8366	16724	17251681513422	private_dummy
8367	8018	556136856	real
8367	16725	17251681513422	private_dummy
8368	8020	440438857	real
8368	16726	17251681513422	private_dummy
8369	8022	382913971	real
8369	16727	17251681513422	private_dummy
8370	8020	440438857	real
8370	16728	17251681513422	private_dummy
8371	8022	382913971	real
8371	16729	17251681513422	private_dummy
8372	8024	371846286	real
8372	16730	17251681513422	private_dummy
8373	8026	405465967	real
8373	16731	17251681513422	private_dummy
8374	8024	371846286	real
8374	16732	17251681513422	private_dummy
8375	8026	405465967	real
8375	16733	17251681513422	private_dummy
8376	8028	489570469	real
8376	16734	17251681513422	private_dummy
8377	8030	647430763	real
8377	16735	17251681513422	private_dummy
8378	8028	489570469	real
8378	16736	17251681513422	private_dummy
8379	8030	647430763	real
8379	16737	17251681513422	private_dummy
8380	8032	798782256	real
8380	16738	17251681513422	private_dummy
8381	8034	1280892846	real
8381	16739	17251681513422	private_dummy
8382	8032	798782256	real
8382	16740	17251681513422	private_dummy
8383	8034	1188226317	real
8383	16741	17251681513422	private_dummy
8384	7994	268042552	real
8384	16742	17251681513422	private_dummy
8385	7994	406671586	real
8385	16743	17251681513422	private_dummy
8386	7991	830547118	real
8386	7992	613249611	real
8386	16744	17251681513422	private_dummy
8387	7991	830547118	real
8387	7992	691918083	real
8387	16745	17251681513422	private_dummy
8388	553	1869695623	real
8388	554	1869695623	real
8388	16746	17251681513422	private_dummy
8389	3553	1430048205	real
8389	3554	1430048205	real
8389	16747	17251681513422	private_dummy
8390	3532	1338005600	real
8390	3533	1280892846	real
8390	3547	1280892846	real
8390	16748	17251681513422	private_dummy
8391	3482	1241675220	real
8391	3483	1184562466	real
8391	3508	1184562466	real
8391	16749	17251681513422	private_dummy
8392	3387	1184357587	real
8392	3388	1127244833	real
8392	3428	1127244833	real
8392	16750	17251681513422	private_dummy
8393	3243	1160581975	real
8393	3244	1103469220	real
8393	3302	1103469220	real
8393	16751	17251681513422	private_dummy
8394	3030	1168458172	real
8394	3031	1111345418	real
8394	3112	1111345418	real
8394	16752	17251681513422	private_dummy
8395	2740	1208591486	real
8395	2741	1151478732	real
8395	2848	1151478732	real
8395	16753	17251681513422	private_dummy
8396	2353	1284404966	real
8396	2354	1227292212	real
8396	2497	1227292212	real
8396	16754	17251681513422	private_dummy
8397	1879	1404439436	real
8397	1880	1347326682	real
8397	2050	1347326682	real
8397	16755	17251681513422	private_dummy
8398	1275	1593607205	real
8398	1276	1536494450	real
8398	1490	1536494450	real
8398	16756	17251681513422	private_dummy
8399	552	1869695623	real
8399	16757	17251681513422	private_dummy
8400	3551	1430048205	real
8400	3552	1430048205	real
8400	16758	17251681513422	private_dummy
8401	8036	970117258	real
8401	16759	17251681513422	private_dummy
8402	8038	806140331	real
8402	16760	17251681513422	private_dummy
8403	8040	714849119	real
8403	16761	17251681513422	private_dummy
8404	8042	672516732	real
8404	16762	17251681513422	private_dummy
8405	8044	672516732	real
8405	16763	17251681513422	private_dummy
8406	8046	714849119	real
8406	16764	17251681513422	private_dummy
8407	8048	806140331	real
8407	16765	17251681513422	private_dummy
8408	8050	970117258	real
8408	16766	17251681513422	private_dummy
8409	3542	1430048205	real
8409	3543	1430048205	real
8409	16767	17251681513422	private_dummy
8410	3520	1487160959	real
8410	3522	1430048205	real
8410	16768	17251681513422	private_dummy
8411	7580	1280892846	real
8411	7659	1027230012	real
8411	16769	17251681513422	private_dummy
8412	7657	727471858	real
8412	16770	17251681513422	private_dummy
8413	7655	576220084	real
8413	16771	17251681513422	private_dummy
8414	7653	499991779	real
8414	16772	17251681513422	private_dummy
8415	7651	476121280	real
8415	16773	17251681513422	private_dummy
8416	7564	499991779	real
8416	16774	17251681513422	private_dummy
8417	7649	576220084	real
8417	16775	17251681513422	private_dummy
8418	7647	727471858	real
8418	16776	17251681513422	private_dummy
8419	3470	1487160959	real
8419	3472	1430048205	real
8419	3484	1430048205	real
8419	16777	17251681513422	private_dummy
8420	7281	1109557844	real
8420	7370	1166670598	real
8420	16778	17251681513422	private_dummy
8421	7368	670362365	real
8421	16779	17251681513422	private_dummy
8422	7366	461997836	real
8422	16780	17251681513422	private_dummy
8423	7364	325808969	real
8423	16781	17251681513422	private_dummy
8424	7362	268042552	real
8424	16782	17251681513422	private_dummy
8425	7260	268042552	real
8425	16783	17251681513422	private_dummy
8426	7360	325808969	real
8426	16784	17251681513422	private_dummy
8427	7358	461997836	real
8427	16785	17251681513422	private_dummy
8428	3376	1487160959	real
8428	3378	1430048205	real
8428	3389	1430048205	real
8428	16786	17251681513422	private_dummy
8429	6954	1245339071	real
8429	7047	1166670598	real
8429	16787	17251681513422	private_dummy
8430	7045	913007765	real
8430	16788	17251681513422	private_dummy
8431	7043	554664365	real
8431	16789	17251681513422	private_dummy
8432	7041	385769531	real
8432	16790	17251681513422	private_dummy
8433	7039	268042552	real
8433	16791	17251681513422	private_dummy
8434	6924	234146633	real
8434	16792	17251681513422	private_dummy
8435	7037	268042552	real
8435	16793	17251681513422	private_dummy
8436	7035	385769531	real
8436	16794	17251681513422	private_dummy
8437	3231	1487160959	real
8437	3233	1430048205	real
8437	3245	1430048205	real
8437	16795	17251681513422	private_dummy
8438	6589	1305299633	real
8438	6690	1166670598	real
8438	16796	17251681513422	private_dummy
8439	6688	913007765	real
8439	16797	17251681513422	private_dummy
8440	6686	784584612	real
8440	16798	17251681513422	private_dummy
8441	6684	497139479	real
8441	16799	17251681513422	private_dummy
8442	6682	361899033	real
8442	16800	17251681513422	private_dummy
8443	6552	268042552	real
8443	16801	17251681513422	private_dummy
8444	6680	268042552	real
8444	16802	17251681513422	private_dummy
8445	6678	361899033	real
8445	16803	17251681513422	private_dummy
8446	3018	1487160959	real
8446	3020	1430048205	real
8446	3032	1430048205	real
8446	16804	17251681513422	private_dummy
8447	6190	1339195552	real
8447	6299	1166670598	real
8447	16805	17251681513422	private_dummy
8448	6297	913007765	real
8448	16806	17251681513422	private_dummy
8449	6295	784584612	real
8449	16807	17251681513422	private_dummy
8450	6293	711996819	real
8450	16808	17251681513422	private_dummy
8451	6291	486071794	real
8451	16809	17251681513422	private_dummy
8452	6146	385769531	real
8452	16810	17251681513422	private_dummy
8453	6289	325808969	real
8453	16811	17251681513422	private_dummy
8454	6287	385769531	real
8454	16812	17251681513422	private_dummy
8455	2728	1487160959	real
8455	2730	1430048205	real
8455	2742	1430048205	real
8455	16813	17251681513422	private_dummy
8456	5757	1363066050	real
8456	5874	1166670598	real
8456	16814	17251681513422	private_dummy
8457	5872	913007765	real
8457	16815	17251681513422	private_dummy
8458	5870	784584612	real
8458	16816	17251681513422	private_dummy
8459	5868	711996819	real
8459	16817	17251681513422	private_dummy
8460	5866	682467246	real
8460	16818	17251681513422	private_dummy
8461	5706	519691475	real
8461	16819	17251681513422	private_dummy
8462	5864	461997836	real
8462	16820	17251681513422	private_dummy
8463	5862	461997836	real
8463	16821	17251681513422	private_dummy
8464	2492	1430048205	real
8464	2493	1430048205	real
8464	16822	17251681513422	private_dummy
8465	2341	1487160959	real
8465	2343	1430048205	real
8465	16823	17251681513422	private_dummy
8466	5286	1381527938	real
8466	5415	1166670598	real
8466	16824	17251681513422	private_dummy
8467	5413	913007765	real
8467	16825	17251681513422	private_dummy
8468	5411	784584612	real
8468	16826	17251681513422	private_dummy
8469	5409	711996819	real
8469	16827	17251681513422	private_dummy
8470	5407	682467246	real
8470	16828	17251681513422	private_dummy
8471	5234	692216429	real
8471	16829	17251681513422	private_dummy
8472	5405	603795977	real
8472	16830	17251681513422	private_dummy
8473	5403	613249611	real
8473	16831	17251681513422	private_dummy
8474	1867	1487160959	real
8474	1869	1430048205	real
8474	1881	1430048205	real
8474	16832	17251681513422	private_dummy
8475	4787	1396590845	real
8475	4922	1166670598	real
8475	16833	17251681513422	private_dummy
8476	4920	913007765	real
8476	16834	17251681513422	private_dummy
8477	4918	784584612	real
8477	16835	17251681513422	private_dummy
8478	4916	711996819	real
8478	16836	17251681513422	private_dummy
8479	4914	682467246	real
8479	16837	17251681513422	private_dummy
8480	4735	692216429	real
8480	16838	17251681513422	private_dummy
8481	4912	742425012	real
8481	16839	17251681513422	private_dummy
8482	4910	761656271	real
8482	16840	17251681513422	private_dummy
8483	1264	1487160959	real
8483	1266	1430048205	real
8483	1277	1430048205	real
8483	16841	17251681513422	private_dummy
8484	4258	1409315998	real
8484	4395	1166670598	real
8484	16842	17251681513422	private_dummy
8485	4393	913007765	real
8485	16843	17251681513422	private_dummy
8486	4391	784584612	real
8486	16844	17251681513422	private_dummy
8487	4389	711996819	real
8487	16845	17251681513422	private_dummy
8488	4387	682467246	real
8488	16846	17251681513422	private_dummy
8489	4206	692216429	real
8489	16847	17251681513422	private_dummy
8490	4385	742425012	real
8490	16848	17251681513422	private_dummy
8491	4383	840324744	real
8491	16849	17251681513422	private_dummy
8492	542	1487160959	real
8492	544	1430048205	real
8492	555	1430048205	real
8492	16850	17251681513422	private_dummy
8493	3696	1415009032	real
8493	3834	1166670598	real
8493	16851	17251681513422	private_dummy
8494	3832	913007765	real
8494	16852	17251681513422	private_dummy
8495	3830	784584612	real
8495	16853	17251681513422	private_dummy
8496	3828	711996819	real
8496	16854	17251681513422	private_dummy
8497	3826	682467246	real
8497	16855	17251681513422	private_dummy
8498	3644	692216429	real
8498	16856	17251681513422	private_dummy
8499	3824	742425012	real
8499	16857	17251681513422	private_dummy
8500	3822	840324744	real
8500	16858	17251681513422	private_dummy
8501	3484	1184562466	real
8501	3485	1184562466	real
8501	16859	17251681513422	private_dummy
8502	3389	1127244833	real
8502	3390	1127244833	real
8502	16860	17251681513422	private_dummy
8503	3245	1103469220	real
8503	3246	1103469220	real
8503	16861	17251681513422	private_dummy
8504	3032	1111345418	real
8504	3033	1111345418	real
8504	16862	17251681513422	private_dummy
8505	2742	1151478732	real
8505	2743	1151478732	real
8505	16863	17251681513422	private_dummy
8506	1881	1347326682	real
8506	1882	1347326682	real
8506	16864	17251681513422	private_dummy
8507	1277	1536494450	real
8507	1278	1536494450	real
8507	16865	17251681513422	private_dummy
8508	555	1869695623	real
8508	16866	17251681513422	private_dummy
8509	8006	1052445090	real
8509	16867	17251681513422	private_dummy
8510	8006	1052445090	real
8510	16868	17251681513422	private_dummy
8511	8007	691918083	real
8511	16869	17251681513422	private_dummy
8512	8007	634805329	real
8512	16870	17251681513422	private_dummy
8513	8008	558294485	real
8513	16871	17251681513422	private_dummy
8514	8008	501181730	real
8514	16872	17251681513422	private_dummy
8515	8009	600626871	real
8515	16873	17251681513422	private_dummy
8516	8009	543514117	real
8516	16874	17251681513422	private_dummy
8517	8010	855895011	real
8517	16875	17251681513422	private_dummy
8518	8010	798782256	real
8518	16876	17251681513422	private_dummy
8519	8011	1109557844	real
8519	16877	17251681513422	private_dummy
8520	8011	1109557844	real
8520	16878	17251681513422	private_dummy
8521	560	1869695623	real
8521	813	1869695623	real
8521	16879	17251681513422	private_dummy
8522	1283	1593607205	real
8522	1493	1536494450	real
8522	16880	17251681513422	private_dummy
8523	2051	1869695623	real
8523	16881	17251681513422	private_dummy
8524	2498	1869695623	real
8524	16882	17251681513422	private_dummy
8525	2849	1869695623	real
8525	16883	17251681513422	private_dummy
8526	3113	1869695623	real
8526	16884	17251681513422	private_dummy
8527	3303	1869695623	real
8527	16885	17251681513422	private_dummy
8528	3395	1184357587	real
8528	3431	1127244833	real
8528	16886	17251681513422	private_dummy
8529	3509	1869695623	real
8529	16887	17251681513422	private_dummy
8530	3548	1869695623	real
8530	16888	17251681513422	private_dummy
8531	3562	1869695623	real
8531	16889	17251681513422	private_dummy
8532	8105	1003072071	real
8532	16890	17251681513422	private_dummy
8533	8103	633453734	real
8533	16891	17251681513422	private_dummy
8534	8108	1073192518	real
8534	16892	17251681513422	private_dummy
8535	8108	1191460278	real
8535	16893	17251681513422	private_dummy
8536	8094	218029243	real
8536	8096	218029243	real
8536	16894	17251681513422	private_dummy
8537	8101	837944909	real
8537	8102	837944909	real
8537	16895	17251681513422	private_dummy
8538	8089	375366188	real
8538	8090	546696698	real
8538	16896	17251681513422	private_dummy
8539	8091	562222027	real
8539	8093	562222027	real
8539	16897	17251681513422	private_dummy
8540	8115	586295985	real
8540	16898	17251681513422	private_dummy
8541	8090	546696698	real
8541	16899	17251681513422	private_dummy
8542	8099	733552537	real
8542	16900	17251681513422	private_dummy
8543	8117	586295985	real
8543	16901	17251681513422	private_dummy
8544	8089	782688641	real
8544	16902	17251681513422	private_dummy
8545	8097	265191483	real
8545	16903	17251681513422	private_dummy
8546	8119	1383315512	real
8546	16904	17251681513422	private_dummy
8547	8093	562222027	real
8547	8096	562222027	real
8547	16905	17251681513422	private_dummy
8548	8104	476121280	real
8548	16906	17251681513422	private_dummy
8549	8121	773151825	real
8549	16907	17251681513422	private_dummy
8550	8091	322304237	real
8550	8094	322304237	real
8550	16908	17251681513422	private_dummy
8551	8097	322304237	real
8551	8099	493634747	real
8551	16909	17251681513422	private_dummy
8552	8123	554789753	real
8552	16910	17251681513422	private_dummy
8553	8110	1151860991	real
8553	16911	17251681513422	private_dummy
8554	8110	1301640274	real
8554	16912	17251681513422	private_dummy
8555	8108	1197365280	real
8555	8109	646256547	real
8555	8114	468028226	real
8555	16913	17251681513422	private_dummy
8556	8118	672516732	real
8556	16914	17251681513422	private_dummy
8557	8120	436521993	real
8557	16915	17251681513422	private_dummy
8558	8108	1211240668	real
8558	8109	990449332	real
8558	8116	733552537	real
8558	16916	17251681513422	private_dummy
8559	8118	948116945	real
8559	16917	17251681513422	private_dummy
8560	8120	515190466	real
8560	16918	17251681513422	private_dummy
8561	8107	757626495	real
8561	16919	17251681513422	private_dummy
8562	8122	476121280	real
8562	16920	17251681513422	private_dummy
8563	8124	806438676	real
8563	16921	17251681513422	private_dummy
8564	8107	836294968	real
8564	16922	17251681513422	private_dummy
8565	8122	554789753	real
8565	16923	17251681513422	private_dummy
8566	8124	885107149	real
8566	16924	17251681513422	private_dummy
8567	8106	836294968	real
8567	16925	17251681513422	private_dummy
8568	8106	1243617421	real
8568	16926	17251681513422	private_dummy
8569	8062	438906293	real
8569	8063	438906293	real
8569	16927	17251681513422	private_dummy
8570	8092	952881950	real
8570	16928	17251681513422	private_dummy
8571	8088	1084127339	real
8571	16929	17251681513422	private_dummy
8572	8088	841694106	real
8572	16930	17251681513422	private_dummy
8573	8052	895769196	real
8573	8053	952881950	real
8573	16931	17251681513422	private_dummy
8574	8054	628199503	real
8574	8055	628199503	real
8574	16932	17251681513422	private_dummy
8575	8056	568241738	real
8575	8057	568241738	real
8575	16933	17251681513422	private_dummy
8576	8058	670359104	real
8576	8059	670359104	real
8576	16934	17251681513422	private_dummy
8577	8060	1052445090	real
8577	8061	1052445090	real
8577	16935	17251681513422	private_dummy
8578	8132	991460810	real
8578	16936	17251681513422	private_dummy
8579	8132	749027577	real
8579	16937	17251681513422	private_dummy
8580	8053	952881950	real
8580	16938	17251681513422	private_dummy
8581	8071	313543580	real
8581	8072	313543580	real
8581	16939	17251681513422	private_dummy
8582	8073	313543580	real
8582	16940	17251681513422	private_dummy
8583	8095	685312258	real
8583	16941	17251681513422	private_dummy
8584	8134	991460810	real
8584	16942	17251681513422	private_dummy
8585	8134	749027577	real
8585	16943	17251681513422	private_dummy
8586	8052	1211545455	real
8586	16944	17251681513422	private_dummy
8587	8064	489570469	real
8587	8065	546683223	real
8587	16945	17251681513422	private_dummy
8588	8066	332246999	real
8588	8067	332246999	real
8588	16946	17251681513422	private_dummy
8589	8068	381059179	real
8589	16947	17251681513422	private_dummy
8590	8069	726099236	real
8590	8070	726099236	real
8590	16948	17251681513422	private_dummy
8591	8136	1187202599	real
8591	16949	17251681513422	private_dummy
8592	8136	1047844625	real
8592	16950	17251681513422	private_dummy
8593	8055	628199503	real
8593	16951	17251681513422	private_dummy
8594	8065	546683223	real
8594	16952	17251681513422	private_dummy
8595	8080	339803765	real
8595	8081	339803765	real
8595	16953	17251681513422	private_dummy
8596	8098	625354492	real
8596	16954	17251681513422	private_dummy
8597	8138	702160885	real
8597	16955	17251681513422	private_dummy
8598	8138	562802912	real
8598	16956	17251681513422	private_dummy
8599	8054	726099236	real
8599	16957	17251681513422	private_dummy
8600	8064	726099236	real
8600	16958	17251681513422	private_dummy
8601	8074	371846286	real
8601	8075	428959040	real
8601	16959	17251681513422	private_dummy
8602	8076	300740766	real
8602	8077	300740766	real
8602	16960	17251681513422	private_dummy
8603	8078	577990920	real
8603	8079	577990920	real
8603	16961	17251681513422	private_dummy
8604	8140	995802406	real
8604	16962	17251681513422	private_dummy
8605	8140	424173877	real
8605	16963	17251681513422	private_dummy
8606	8057	568241738	real
8606	8063	568241738	real
8606	16964	17251681513422	private_dummy
8607	8067	332246999	real
8607	8072	332246999	real
8607	16965	17251681513422	private_dummy
8608	8075	428959040	real
8608	16966	17251681513422	private_dummy
8609	8084	727471858	real
8609	16967	17251681513422	private_dummy
8610	8085	670359104	real
8610	16968	17251681513422	private_dummy
8611	8142	646256547	real
8611	16969	17251681513422	private_dummy
8612	8142	343855464	real
8612	16970	17251681513422	private_dummy
8613	8056	577990920	real
8613	8062	577990920	real
8613	16971	17251681513422	private_dummy
8614	8066	381059179	real
8614	8071	381059179	real
8614	16972	17251681513422	private_dummy
8615	8074	577990920	real
8615	16973	17251681513422	private_dummy
8616	8082	440438857	real
8616	16974	17251681513422	private_dummy
8617	8083	597771310	real
8617	16975	17251681513422	private_dummy
8618	8144	713772147	real
8618	16976	17251681513422	private_dummy
8619	8144	343855464	real
8619	16977	17251681513422	private_dummy
8620	8059	670359104	real
8620	16978	17251681513422	private_dummy
8621	8077	300740766	real
8621	8081	300740766	real
8621	16979	17251681513422	private_dummy
8622	8100	1188226317	real
8622	16980	17251681513422	private_dummy
8623	8146	772615536	real
8623	16981	17251681513422	private_dummy
8624	8146	483553555	real
8624	16982	17251681513422	private_dummy
8625	8058	597771310	real
8625	16983	17251681513422	private_dummy
8626	8068	332246999	real
8626	8073	332246999	real
8626	16984	17251681513422	private_dummy
8627	8076	300740766	real
8627	8080	300740766	real
8627	16985	17251681513422	private_dummy
8628	8082	597771310	real
8628	8084	654884065	real
8628	16986	17251681513422	private_dummy
8629	8086	798782256	real
8629	8087	855895011	real
8629	16987	17251681513422	private_dummy
8630	8148	733552537	real
8630	16988	17251681513422	private_dummy
8631	8148	483553555	real
8631	16989	17251681513422	private_dummy
8632	8061	1052445090	real
8632	16990	17251681513422	private_dummy
8633	8070	726099236	real
8633	16991	17251681513422	private_dummy
8634	8079	577990920	real
8634	16992	17251681513422	private_dummy
8635	8087	855895011	real
8635	16993	17251681513422	private_dummy
8636	8150	1151180387	real
8636	16994	17251681513422	private_dummy
8637	8150	861880462	real
8637	16995	17251681513422	private_dummy
8638	8060	798782256	real
8638	16996	17251681513422	private_dummy
8639	8069	489570469	real
8639	16997	17251681513422	private_dummy
8640	8078	371846286	real
8640	16998	17251681513422	private_dummy
8641	8083	440438857	real
8641	8085	440438857	real
8641	16999	17251681513422	private_dummy
8642	8086	798782256	real
8642	17000	17251681513422	private_dummy
8643	8152	921260140	real
8643	17001	17251681513422	private_dummy
8644	8152	861880462	real
8644	17002	17251681513422	private_dummy
8645	8112	806140331	real
8645	8131	818765765	real
8645	17003	17251681513422	private_dummy
8646	8135	934563483	real
8646	17004	17251681513422	private_dummy
8647	8137	783211990	real
8647	17005	17251681513422	private_dummy
8648	8112	909215591	real
8648	8133	921841024	real
8648	17006	17251681513422	private_dummy
8649	8135	1013231956	real
8649	17007	17251681513422	private_dummy
8650	8137	783211990	real
8650	17008	17251681513422	private_dummy
8651	8139	625351696	real
8651	17009	17251681513422	private_dummy
8652	8141	541247193	real
8652	17010	17251681513422	private_dummy
8653	8139	625351696	real
8653	17011	17251681513422	private_dummy
8654	8141	541247193	real
8654	17012	17251681513422	private_dummy
8655	8143	507627513	real
8655	17013	17251681513422	private_dummy
8656	8145	518695198	real
8656	17014	17251681513422	private_dummy
8657	8143	507627513	real
8657	17015	17251681513422	private_dummy
8658	8145	518695198	real
8658	17016	17251681513422	private_dummy
8659	8147	576220084	real
8659	17017	17251681513422	private_dummy
8660	8149	691918083	real
8660	17018	17251681513422	private_dummy
8661	8147	576220084	real
8661	17019	17251681513422	private_dummy
8662	8149	691918083	real
8662	17020	17251681513422	private_dummy
8663	8151	934563483	real
8663	17021	17251681513422	private_dummy
8664	8153	1088663177	real
8664	17022	17251681513422	private_dummy
8665	8151	934563483	real
8665	17023	17251681513422	private_dummy
8666	8153	1088663177	real
8666	17024	17251681513422	private_dummy
8667	8113	357853520	real
8667	17025	17251681513422	private_dummy
8668	8113	460928780	real
8668	17026	17251681513422	private_dummy
8669	8110	1244527520	real
8669	8111	1027230012	real
8669	17027	17251681513422	private_dummy
8670	8110	1380304255	real
8670	8111	1241675220	real
8670	17028	17251681513422	private_dummy
8671	811	1869695623	real
8671	812	1869695623	real
8671	17029	17251681513422	private_dummy
8672	3969	1268658209	real
8672	3971	1516996642	real
8672	17030	17251681513422	private_dummy
8673	3967	1124216952	real
8673	17031	17251681513422	private_dummy
8674	3965	1033210972	real
8674	17032	17251681513422	private_dummy
8675	3963	982009973	real
8675	17033	17251681513422	private_dummy
8676	3961	965421070	real
8676	17034	17251681513422	private_dummy
8677	3959	982009973	real
8677	17035	17251681513422	private_dummy
8678	3957	1033210972	real
8678	17036	17251681513422	private_dummy
8679	3955	1124216952	real
8679	17037	17251681513422	private_dummy
8680	556	1869695623	real
8680	557	1869695623	real
8680	559	1869695623	real
8680	17038	17251681513422	private_dummy
8681	1491	1869695623	real
8681	1492	1869695623	real
8681	17039	17251681513422	private_dummy
8682	4530	1268658209	real
8682	4532	1516996642	real
8682	17040	17251681513422	private_dummy
8683	4528	1009994705	real
8683	17041	17251681513422	private_dummy
8684	4526	875878519	real
8684	17042	17251681513422	private_dummy
8685	4524	796682206	real
8685	17043	17251681513422	private_dummy
8686	4522	759276436	real
8686	17044	17251681513422	private_dummy
8687	4520	759276436	real
8687	17045	17251681513422	private_dummy
8688	4518	796682206	real
8688	17046	17251681513422	private_dummy
8689	4516	875878519	real
8689	17047	17251681513422	private_dummy
8690	1279	1869695623	real
8690	1280	1869695623	real
8690	1282	1869695623	real
8690	17048	17251681513422	private_dummy
8691	5057	1536494450	real
8691	5059	1687845944	real
8691	17049	17251681513422	private_dummy
8692	5055	1124216952	real
8692	17050	17251681513422	private_dummy
8693	5053	875878519	real
8693	17051	17251681513422	private_dummy
8694	5051	753572000	real
8694	17052	17251681513422	private_dummy
8695	5049	688170916	real
8695	17053	17251681513422	private_dummy
8696	5047	667354049	real
8696	17054	17251681513422	private_dummy
8697	5045	688170916	real
8697	17055	17251681513422	private_dummy
8698	5043	753572000	real
8698	17056	17251681513422	private_dummy
8699	1883	1869695623	real
8699	1884	1869695623	real
8699	1886	1869695623	real
8699	1887	1869695623	real
8699	17057	17251681513422	private_dummy
8700	5550	1536494450	real
8700	5552	1672275677	real
8700	17058	17251681513422	private_dummy
8701	5548	1347326682	real
8701	17059	17251681513422	private_dummy
8702	5546	1033210972	real
8702	17060	17251681513422	private_dummy
8703	5544	796682206	real
8703	17061	17251681513422	private_dummy
8704	5542	688170916	real
8704	17062	17251681513422	private_dummy
8705	5540	639358736	real
8705	17063	17251681513422	private_dummy
8706	5538	639358736	real
8706	17064	17251681513422	private_dummy
8707	5536	688170916	real
8707	17065	17251681513422	private_dummy
8708	2356	1869695623	real
8708	2357	1869695623	real
8708	2359	1869695623	real
8708	2360	1869695623	real
8708	17066	17251681513422	private_dummy
8709	6009	1536494450	real
8709	6011	1732236239	real
8709	17067	17251681513422	private_dummy
8710	6007	1347326682	real
8710	17068	17251681513422	private_dummy
8711	6005	1227292212	real
8711	17069	17251681513422	private_dummy
8712	6003	982009973	real
8712	17070	17251681513422	private_dummy
8713	6001	759276436	real
8713	17071	17251681513422	private_dummy
8714	5999	667354049	real
8714	17072	17251681513422	private_dummy
8715	5997	639358736	real
8715	17073	17251681513422	private_dummy
8716	5995	667354049	real
8716	17074	17251681513422	private_dummy
8717	2744	1869695623	real
8717	2745	1869695623	real
8717	2747	1869695623	real
8717	2748	1869695623	real
8717	17075	17251681513422	private_dummy
8718	6434	1536494450	real
8718	6436	1766132158	real
8718	17076	17251681513422	private_dummy
8719	6432	1347326682	real
8719	17077	17251681513422	private_dummy
8720	6430	1227292212	real
8720	17078	17251681513422	private_dummy
8721	6428	1151478732	real
8721	17079	17251681513422	private_dummy
8722	6426	965421070	real
8722	17080	17251681513422	private_dummy
8723	6424	759276436	real
8723	17081	17251681513422	private_dummy
8724	6422	688170916	real
8724	17082	17251681513422	private_dummy
8725	6420	688170916	real
8725	17083	17251681513422	private_dummy
8726	3034	1869695623	real
8726	3035	1869695623	real
8726	3037	1869695623	real
8726	3038	1869695623	real
8726	17084	17251681513422	private_dummy
8727	6825	1536494450	real
8727	6827	1790002657	real
8727	17085	17251681513422	private_dummy
8728	6823	1347326682	real
8728	17086	17251681513422	private_dummy
8729	6821	1227292212	real
8729	17087	17251681513422	private_dummy
8730	6819	1151478732	real
8730	17088	17251681513422	private_dummy
8731	6817	1111345418	real
8731	17089	17251681513422	private_dummy
8732	6815	982009973	real
8732	17090	17251681513422	private_dummy
8733	6813	796682206	real
8733	17091	17251681513422	private_dummy
8734	6811	753572000	real
8734	17092	17251681513422	private_dummy
8735	3247	1869695623	real
8735	3248	1869695623	real
8735	3250	1869695623	real
8735	3251	1869695623	real
8735	17093	17251681513422	private_dummy
8736	3429	1869695623	real
8736	3430	1869695623	real
8736	17094	17251681513422	private_dummy
8737	7182	1536494450	real
8737	7184	1808464545	real
8737	17095	17251681513422	private_dummy
8738	7180	1347326682	real
8738	17096	17251681513422	private_dummy
8739	7178	1227292212	real
8739	17097	17251681513422	private_dummy
8740	7176	1151478732	real
8740	17098	17251681513422	private_dummy
8741	7174	1111345418	real
8741	17099	17251681513422	private_dummy
8742	7172	1103469220	real
8742	17100	17251681513422	private_dummy
8743	7170	1033210972	real
8743	17101	17251681513422	private_dummy
8744	7168	875878519	real
8744	17102	17251681513422	private_dummy
8745	3391	1869695623	real
8745	3392	1869695623	real
8745	3394	1869695623	real
8745	17103	17251681513422	private_dummy
8746	7505	1536494450	real
8746	7507	1823527452	real
8746	17104	17251681513422	private_dummy
8747	7503	1347326682	real
8747	17105	17251681513422	private_dummy
8748	7501	1227292212	real
8748	17106	17251681513422	private_dummy
8749	7499	1151478732	real
8749	17107	17251681513422	private_dummy
8750	7497	1111345418	real
8750	17108	17251681513422	private_dummy
8751	7495	1103469220	real
8751	17109	17251681513422	private_dummy
8752	7493	1127244833	real
8752	17110	17251681513422	private_dummy
8753	7491	1124216952	real
8753	17111	17251681513422	private_dummy
8754	3486	1869695623	real
8754	3487	1869695623	real
8754	3489	1869695623	real
8754	3490	1869695623	real
8754	17112	17251681513422	private_dummy
8755	7794	1536494450	real
8755	7796	1836252605	real
8755	17113	17251681513422	private_dummy
8756	7792	1347326682	real
8756	17114	17251681513422	private_dummy
8757	7790	1227292212	real
8757	17115	17251681513422	private_dummy
8758	7788	1151478732	real
8758	17116	17251681513422	private_dummy
8759	7786	1111345418	real
8759	17117	17251681513422	private_dummy
8760	7784	1103469220	real
8760	17118	17251681513422	private_dummy
8761	7782	1127244833	real
8761	17119	17251681513422	private_dummy
8762	7780	1184562466	real
8762	17120	17251681513422	private_dummy
8763	3535	1869695623	real
8763	3536	1869695623	real
8763	3538	1869695623	real
8763	3539	1869695623	real
8763	17121	17251681513422	private_dummy
8764	8049	1536494450	real
8764	8051	1841945638	real
8764	17122	17251681513422	private_dummy
8765	8047	1347326682	real
8765	17123	17251681513422	private_dummy
8766	8045	1227292212	real
8766	17124	17251681513422	private_dummy
8767	8043	1151478732	real
8767	17125	17251681513422	private_dummy
8768	8041	1111345418	real
8768	17126	17251681513422	private_dummy
8769	8039	1103469220	real
8769	17127	17251681513422	private_dummy
8770	8037	1127244833	real
8770	17128	17251681513422	private_dummy
8771	8035	1184562466	real
8771	17129	17251681513422	private_dummy
8772	3555	1869695623	real
8772	3556	1869695623	real
8772	3558	1869695623	real
8772	3559	1869695623	real
8772	17130	17251681513422	private_dummy
8773	1887	1347326682	real
8773	1888	1404439436	real
8773	17131	17251681513422	private_dummy
8774	2360	1227292212	real
8774	2361	1284404966	real
8774	17132	17251681513422	private_dummy
8775	2748	1151478732	real
8775	2749	1208591486	real
8775	17133	17251681513422	private_dummy
8776	3038	1111345418	real
8776	3039	1168458172	real
8776	17134	17251681513422	private_dummy
8777	3251	1103469220	real
8777	3252	1160581975	real
8777	17135	17251681513422	private_dummy
8778	3490	1184562466	real
8778	3491	1241675220	real
8778	17136	17251681513422	private_dummy
8779	3539	1280892846	real
8779	3540	1338005600	real
8779	17137	17251681513422	private_dummy
8780	3559	1430048205	real
8780	3560	1487160959	real
8780	17138	17251681513422	private_dummy
8781	557	1869695623	real
8781	558	1869695623	real
8781	812	1869695623	real
8781	17139	17251681513422	private_dummy
8782	1280	1536494450	real
8782	1281	1593607205	real
8782	1492	1536494450	real
8782	17140	17251681513422	private_dummy
8783	1884	1347326682	real
8783	1885	1404439436	real
8783	17141	17251681513422	private_dummy
8784	2357	1227292212	real
8784	2358	1284404966	real
8784	2499	1227292212	real
8784	17142	17251681513422	private_dummy
8785	2745	1151478732	real
8785	2746	1208591486	real
8785	17143	17251681513422	private_dummy
8786	3035	1111345418	real
8786	3036	1168458172	real
8786	17144	17251681513422	private_dummy
8787	3248	1103469220	real
8787	3249	1160581975	real
8787	17145	17251681513422	private_dummy
8788	3392	1127244833	real
8788	3393	1184357587	real
8788	3430	1127244833	real
8788	17146	17251681513422	private_dummy
8789	3487	1184562466	real
8789	3488	1241675220	real
8789	17147	17251681513422	private_dummy
8790	3536	1280892846	real
8790	3537	1338005600	real
8790	3549	1280892846	real
8790	17148	17251681513422	private_dummy
8791	3556	1430048205	real
8791	3557	1487160959	real
8791	3563	1430048205	real
8791	17149	17251681513422	private_dummy
8792	8125	1109557844	real
8792	17150	17251681513422	private_dummy
8793	8125	1109557844	real
8793	17151	17251681513422	private_dummy
8794	8126	783211990	real
8794	17152	17251681513422	private_dummy
8795	8126	783211990	real
8795	17153	17251681513422	private_dummy
8796	8127	635103674	real
8796	17154	17251681513422	private_dummy
8797	8127	635103674	real
8797	17155	17251681513422	private_dummy
8798	8128	654884065	real
8798	17156	17251681513422	private_dummy
8799	8128	654884065	real
8799	17157	17251681513422	private_dummy
8800	8129	855895011	real
8800	17158	17251681513422	private_dummy
8801	8129	855895011	real
8801	17159	17251681513422	private_dummy
8802	8130	1430048205	real
8802	17160	17251681513422	private_dummy
8803	8130	1508716678	real
8803	17161	17251681513422	private_dummy
8804	3561	1430048205	real
8804	17162	17251681513422	private_dummy
8805	3541	1280892846	real
8805	17163	17251681513422	private_dummy
8806	3509	1702113907	real
8806	17164	17251681513422	private_dummy
8807	3429	1702113907	real
8807	17165	17251681513422	private_dummy
8808	3303	1702113907	real
8808	17166	17251681513422	private_dummy
8809	3113	1702113907	real
8809	17167	17251681513422	private_dummy
8810	2849	1702113907	real
8810	17168	17251681513422	private_dummy
8811	2362	1227292212	real
8811	17169	17251681513422	private_dummy
8812	2051	1702113907	real
8812	17170	17251681513422	private_dummy
8813	1491	1702113907	real
8813	17171	17251681513422	private_dummy
8814	811	1702113907	real
8814	17172	17251681513422	private_dummy
8815	8207	1003072071	real
8815	17173	17251681513422	private_dummy
8816	8205	775591992	real
8816	17174	17251681513422	private_dummy
8817	8210	1040108784	real
8817	17175	17251681513422	private_dummy
8818	8210	1040108784	real
8818	17176	17251681513422	private_dummy
8819	8196	403820518	real
8819	8198	300745258	real
8819	17177	17251681513422	private_dummy
8820	8203	791246176	real
8820	8204	791246176	real
8820	17178	17251681513422	private_dummy
8821	8191	171335002	real
8821	8192	342665512	real
8821	17179	17251681513422	private_dummy
8822	8193	597775802	real
8822	8195	700851062	real
8822	17180	17251681513422	private_dummy
8823	8217	382264799	real
8823	17181	17251681513422	private_dummy
8824	8192	342665512	real
8824	17182	17251681513422	private_dummy
8825	8201	769106312	real
8825	17183	17251681513422	private_dummy
8826	8219	382264799	real
8826	17184	17251681513422	private_dummy
8827	8191	426033160	real
8827	17185	17251681513422	private_dummy
8828	8199	332251490	real
8828	17186	17251681513422	private_dummy
8829	8221	888611881	real
8829	17187	17251681513422	private_dummy
8830	8195	700851062	real
8830	8198	597775802	real
8830	17188	17251681513422	private_dummy
8831	8206	574687520	real
8831	17189	17251681513422	private_dummy
8832	8223	969547277	real
8832	17190	17251681513422	private_dummy
8833	8193	310695772	real
8833	8196	413771032	real
8833	17191	17251681513422	private_dummy
8834	8199	516840406	real
8834	8201	688170916	real
8834	17192	17251681513422	private_dummy
8835	8225	507627513	real
8835	17193	17251681513422	private_dummy
8836	8212	1000509497	real
8836	17194	17251681513422	private_dummy
8837	8212	978953779	real
8837	17195	17251681513422	private_dummy
8838	8210	1014507554	real
8838	8211	575151028	real
8838	8216	417818574	real
8838	17196	17251681513422	private_dummy
8839	8220	632917445	real
8839	17197	17251681513422	private_dummy
8840	8222	378219287	real
8840	17198	17251681513422	private_dummy
8841	8210	1059889175	real
8841	8211	872181572	real
8841	8218	817924378	real
8841	17199	17251681513422	private_dummy
8842	8220	829849186	real
8842	17200	17251681513422	private_dummy
8843	8222	378219287	real
8843	17201	17251681513422	private_dummy
8844	8209	671328476	real
8844	17202	17251681513422	private_dummy
8845	8224	503582000	real
8845	17203	17251681513422	private_dummy
8846	8226	845503370	real
8846	17204	17251681513422	private_dummy
8847	8209	513996022	real
8847	17205	17251681513422	private_dummy
8848	8224	503582000	real
8848	17206	17251681513422	private_dummy
8849	8226	688170916	real
8849	17207	17251681513422	private_dummy
8850	8208	513996022	real
8850	17208	17251681513422	private_dummy
8851	8208	768694180	real
8851	17209	17251681513422	private_dummy
8852	8164	313543580	real
8852	8165	313543580	real
8852	17210	17251681513422	private_dummy
8853	8194	855895011	real
8853	17211	17251681513422	private_dummy
8854	8190	898806860	real
8854	17212	17251681513422	private_dummy
8855	8190	806140331	real
8855	17213	17251681513422	private_dummy
8856	8154	556136856	real
8856	8155	613249611	real
8856	17214	17251681513422	private_dummy
8857	8156	382913971	real
8857	8157	382913971	real
8857	17215	17251681513422	private_dummy
8858	8158	405465967	real
8858	8159	405465967	real
8858	17216	17251681513422	private_dummy
8859	8160	647430763	real
8859	8161	647430763	real
8859	17217	17251681513422	private_dummy
8860	8162	1052445090	real
8860	8163	1109557844	real
8860	17218	17251681513422	private_dummy
8861	8234	691918083	real
8861	17219	17251681513422	private_dummy
8862	8234	713473802	real
8862	17220	17251681513422	private_dummy
8863	8155	613249611	real
8863	17221	17251681513422	private_dummy
8864	8173	313543580	real
8864	8174	313543580	real
8864	17222	17251681513422	private_dummy
8865	8175	438906293	real
8865	17223	17251681513422	private_dummy
8866	8197	654884065	real
8866	17224	17251681513422	private_dummy
8867	8236	691918083	real
8867	17225	17251681513422	private_dummy
8868	8236	713473802	real
8868	17226	17251681513422	private_dummy
8869	8154	798782256	real
8869	17227	17251681513422	private_dummy
8870	8166	382913971	real
8870	8167	440026725	real
8870	17228	17251681513422	private_dummy
8871	8168	285548266	real
8871	8169	285548266	real
8871	17229	17251681513422	private_dummy
8872	8170	459723160	real
8872	17230	17251681513422	private_dummy
8873	8171	670359104	real
8873	8172	670359104	real
8873	17231	17251681513422	private_dummy
8874	8238	784584612	real
8874	17232	17251681513422	private_dummy
8875	8238	944769366	real
8875	17233	17251681513422	private_dummy
8876	8157	382913971	real
8876	17234	17251681513422	private_dummy
8877	8167	440026725	real
8877	17235	17251681513422	private_dummy
8878	8182	525124244	real
8878	8183	525124244	real
8878	17236	17251681513422	private_dummy
8879	8200	635103674	real
8879	17237	17251681513422	private_dummy
8880	8240	361362744	real
8880	17238	17251681513422	private_dummy
8881	8240	521547497	real
8881	17239	17251681513422	private_dummy
8882	8156	440438857	real
8882	17240	17251681513422	private_dummy
8883	8166	597771310	real
8883	17241	17251681513422	private_dummy
8884	8176	405465967	real
8884	8177	462578721	real
8884	17242	17251681513422	private_dummy
8885	8178	459723160	real
8885	8179	459723160	real
8885	17243	17251681513422	private_dummy
8886	8180	568241738	real
8886	8181	568241738	real
8886	17244	17251681513422	private_dummy
8887	8242	576220084	real
8887	17245	17251681513422	private_dummy
8888	8242	418472237	real
8888	17246	17251681513422	private_dummy
8889	8159	405465967	real
8889	8165	405465967	real
8889	17247	17251681513422	private_dummy
8890	8169	285548266	real
8890	8174	285548266	real
8890	17248	17251681513422	private_dummy
8891	8177	462578721	real
8891	17249	17251681513422	private_dummy
8892	8186	952881950	real
8892	17250	17251681513422	private_dummy
8893	8187	726099236	real
8893	17251	17251681513422	private_dummy
8894	8244	492435013	real
8894	17252	17251681513422	private_dummy
8895	8244	392212052	real
8895	17253	17251681513422	private_dummy
8896	8158	371846286	real
8896	8164	371846286	real
8896	17254	17251681513422	private_dummy
8897	8168	300740766	real
8897	8173	300740766	real
8897	17255	17251681513422	private_dummy
8898	8176	577990920	real
8898	17256	17251681513422	private_dummy
8899	8184	647430763	real
8899	17257	17251681513422	private_dummy
8900	8185	628199503	real
8900	17258	17251681513422	private_dummy
8901	8246	507627513	real
8901	17259	17251681513422	private_dummy
8902	8246	392212052	real
8902	17260	17251681513422	private_dummy
8903	8161	647430763	real
8903	17261	17251681513422	private_dummy
8904	8179	459723160	real
8904	8183	459723160	real
8904	17262	17251681513422	private_dummy
8905	8202	1188226317	real
8905	17263	17251681513422	private_dummy
8906	8248	752827857	real
8906	17264	17251681513422	private_dummy
8907	8248	603792716	real
8907	17265	17251681513422	private_dummy
8908	8160	489570469	real
8908	17266	17251681513422	private_dummy
8909	8170	332246999	real
8909	8175	332246999	real
8909	17267	17251681513422	private_dummy
8910	8178	381059179	real
8910	8182	381059179	real
8910	17268	17251681513422	private_dummy
8911	8184	726099236	real
8911	8186	783211990	real
8911	17269	17251681513422	private_dummy
8912	8188	895769196	real
8912	8189	1031550423	real
8912	17270	17251681513422	private_dummy
8913	8250	625351696	real
8913	17271	17251681513422	private_dummy
8914	8250	603792716	real
8914	17272	17251681513422	private_dummy
8915	8163	1109557844	real
8915	17273	17251681513422	private_dummy
8916	8172	670359104	real
8916	17274	17251681513422	private_dummy
8917	8181	568241738	real
8917	17275	17251681513422	private_dummy
8918	8189	1031550423	real
8918	17276	17251681513422	private_dummy
8919	8252	1243846916	real
8919	17277	17251681513422	private_dummy
8920	8252	990100766	real
8920	17278	17251681513422	private_dummy
8921	8162	798782256	real
8921	17279	17251681513422	private_dummy
8922	8171	597771310	real
8922	17280	17251681513422	private_dummy
8923	8180	577990920	real
8923	17281	17251681513422	private_dummy
8924	8185	726099236	real
8924	8187	726099236	real
8924	17282	17251681513422	private_dummy
8925	8188	1211545455	real
8925	17283	17251681513422	private_dummy
8926	8254	921260140	real
8926	17284	17251681513422	private_dummy
8927	8254	861880462	real
8927	17285	17251681513422	private_dummy
8928	8214	691918083	real
8928	8233	691918083	real
8928	17286	17251681513422	private_dummy
8929	8237	855895011	real
8929	17287	17251681513422	private_dummy
8930	8239	613249611	real
8930	17288	17251681513422	private_dummy
8931	8214	830547118	real
8931	8235	909215591	real
8931	17289	17251681513422	private_dummy
8932	8237	934563483	real
8932	17290	17251681513422	private_dummy
8933	8239	613249611	real
8933	17291	17251681513422	private_dummy
8934	8241	497551611	real
8934	17292	17251681513422	private_dummy
8935	8243	440026725	real
8935	17293	17251681513422	private_dummy
8936	8241	497551611	real
8936	17294	17251681513422	private_dummy
8937	8243	440026725	real
8937	17295	17251681513422	private_dummy
8938	8245	428959040	real
8938	17296	17251681513422	private_dummy
8939	8247	462578721	real
8939	17297	17251681513422	private_dummy
8940	8245	428959040	real
8940	17298	17251681513422	private_dummy
8941	8247	462578721	real
8941	17299	17251681513422	private_dummy
8942	8249	546683223	real
8942	17300	17251681513422	private_dummy
8943	8251	704543517	real
8943	17301	17251681513422	private_dummy
8944	8249	546683223	real
8944	17302	17251681513422	private_dummy
8945	8251	704543517	real
8945	17303	17251681513422	private_dummy
8946	8253	855895011	real
8946	17304	17251681513422	private_dummy
8947	8255	1338005600	real
8947	17305	17251681513422	private_dummy
8948	8253	855895011	real
8948	17306	17251681513422	private_dummy
8949	8255	1166670598	real
8949	17307	17251681513422	private_dummy
8950	8215	464438004	real
8950	17308	17251681513422	private_dummy
8951	8215	603067038	real
8951	17309	17251681513422	private_dummy
8952	8212	978953779	real
8952	8213	761656271	real
8952	17310	17251681513422	private_dummy
8953	8212	978953779	real
8953	8213	840324744	real
8953	17311	17251681513422	private_dummy
8954	3562	1702113907	real
8954	3563	1702113907	real
8954	17312	17251681513422	private_dummy
8955	3555	1702113907	real
8955	3557	1759226661	real
8955	17313	17251681513422	private_dummy
8956	7930	970117258	real
8956	7932	1280892846	real
8956	17314	17251681513422	private_dummy
8957	7928	806140331	real
8957	17315	17251681513422	private_dummy
8958	7926	714849119	real
8958	17316	17251681513422	private_dummy
8959	7924	672516732	real
8959	17317	17251681513422	private_dummy
8960	7922	672516732	real
8960	17318	17251681513422	private_dummy
8961	7920	714849119	real
8961	17319	17251681513422	private_dummy
8962	7918	806140331	real
8962	17320	17251681513422	private_dummy
8963	7916	970117258	real
8963	17321	17251681513422	private_dummy
8964	3548	1702113907	real
8964	3549	1702113907	real
8964	17322	17251681513422	private_dummy
8965	3535	1702113907	real
8965	3537	1759226661	real
8965	17323	17251681513422	private_dummy
8966	7675	913007765	real
8966	7677	1166670598	real
8966	17324	17251681513422	private_dummy
8967	7673	691918083	real
8967	17325	17251681513422	private_dummy
8968	7671	540666309	real
8968	17326	17251681513422	private_dummy
8969	7669	464438004	real
8969	17327	17251681513422	private_dummy
8970	7667	440567505	real
8970	17328	17251681513422	private_dummy
8971	7665	464438004	real
8971	17329	17251681513422	private_dummy
8972	7663	540666309	real
8972	17330	17251681513422	private_dummy
8973	7661	691918083	real
8973	17331	17251681513422	private_dummy
8974	3486	1702113907	real
8974	3488	1759226661	real
8974	3492	1702113907	real
8974	17332	17251681513422	private_dummy
8975	7386	1166670598	real
8975	7388	1109557844	real
8975	17333	17251681513422	private_dummy
8976	7384	784584612	real
8976	17334	17251681513422	private_dummy
8977	7382	600626871	real
8977	17335	17251681513422	private_dummy
8978	7380	464438004	real
8978	17336	17251681513422	private_dummy
8979	7378	406671586	real
8979	17337	17251681513422	private_dummy
8980	7376	406671586	real
8980	17338	17251681513422	private_dummy
8981	7374	464438004	real
8981	17339	17251681513422	private_dummy
8982	7372	600626871	real
8982	17340	17251681513422	private_dummy
8983	3391	1702113907	real
8983	3393	1759226661	real
8983	3396	1702113907	real
8983	17341	17251681513422	private_dummy
8984	7063	1166670598	real
8984	7065	1245339071	real
8984	17342	17251681513422	private_dummy
8985	7061	1027230012	real
8985	17343	17251681513422	private_dummy
8986	7059	711996819	real
8986	17344	17251681513422	private_dummy
8987	7057	558294485	real
8987	17345	17251681513422	private_dummy
8988	7055	440567505	real
8988	17346	17251681513422	private_dummy
8989	7053	406671586	real
8989	17347	17251681513422	private_dummy
8990	7051	440567505	real
8990	17348	17251681513422	private_dummy
8991	7049	558294485	real
8991	17349	17251681513422	private_dummy
8992	3247	1702113907	real
8992	3249	1759226661	real
8992	3253	1702113907	real
8992	17350	17251681513422	private_dummy
8993	6706	1166670598	real
8993	6708	1305299633	real
8993	17351	17251681513422	private_dummy
8994	6704	1027230012	real
8994	17352	17251681513422	private_dummy
8995	6702	941917066	real
8995	17353	17251681513422	private_dummy
8996	6700	682467246	real
8996	17354	17251681513422	private_dummy
8997	6698	558294485	real
8997	17355	17251681513422	private_dummy
8998	6696	464438004	real
8998	17356	17251681513422	private_dummy
8999	6694	464438004	real
8999	17357	17251681513422	private_dummy
9000	6692	558294485	real
9000	17358	17251681513422	private_dummy
9001	3034	1702113907	real
9001	3036	1759226661	real
9001	3040	1702113907	real
9001	17359	17251681513422	private_dummy
9002	6315	1166670598	real
9002	6317	1339195552	real
9002	17360	17251681513422	private_dummy
9003	6313	1027230012	real
9003	17361	17251681513422	private_dummy
9004	6311	941917066	real
9004	17362	17251681513422	private_dummy
9005	6309	897324586	real
9005	17363	17251681513422	private_dummy
9006	6307	692216429	real
9006	17364	17251681513422	private_dummy
9007	6305	600626871	real
9007	17365	17251681513422	private_dummy
9008	6303	540666309	real
9008	17366	17251681513422	private_dummy
9009	6301	600626871	real
9009	17367	17251681513422	private_dummy
9010	2744	1702113907	real
9010	2746	1759226661	real
9010	2750	1702113907	real
9010	17368	17251681513422	private_dummy
9011	5890	1166670598	real
9011	5892	1363066050	real
9011	17369	17251681513422	private_dummy
9012	5888	1027230012	real
9012	17370	17251681513422	private_dummy
9013	5886	941917066	real
9013	17371	17251681513422	private_dummy
9014	5884	897324586	real
9014	17372	17251681513422	private_dummy
9015	5882	888611881	real
9015	17373	17251681513422	private_dummy
9016	5880	742425012	real
9016	17374	17251681513422	private_dummy
9017	5878	691918083	real
9017	17375	17251681513422	private_dummy
9018	5876	691918083	real
9018	17376	17251681513422	private_dummy
9019	2498	1702113907	real
9019	2499	1702113907	real
9019	17377	17251681513422	private_dummy
9020	2356	1702113907	real
9020	2358	1759226661	real
9020	17378	17251681513422	private_dummy
9021	5431	1166670598	real
9021	5433	1381527938	real
9021	17379	17251681513422	private_dummy
9022	5429	1027230012	real
9022	17380	17251681513422	private_dummy
9023	5427	941917066	real
9023	17381	17251681513422	private_dummy
9024	5425	897324586	real
9024	17382	17251681513422	private_dummy
9025	5423	888611881	real
9025	17383	17251681513422	private_dummy
9026	5421	914949965	real
9026	17384	17251681513422	private_dummy
9027	5419	840324744	real
9027	17385	17251681513422	private_dummy
9028	5417	855895011	real
9028	17386	17251681513422	private_dummy
9029	1883	1702113907	real
9029	1885	1759226661	real
9029	1889	1702113907	real
9029	17387	17251681513422	private_dummy
9030	4938	1166670598	real
9030	4940	1396590845	real
9030	17388	17251681513422	private_dummy
9031	4936	1027230012	real
9031	17389	17251681513422	private_dummy
9032	4934	941917066	real
9032	17390	17251681513422	private_dummy
9033	4932	897324586	real
9033	17391	17251681513422	private_dummy
9034	4930	888611881	real
9034	17392	17251681513422	private_dummy
9035	4928	914949965	real
9035	17393	17251681513422	private_dummy
9036	4926	978953779	real
9036	17394	17251681513422	private_dummy
9037	4924	1009994705	real
9037	17395	17251681513422	private_dummy
9038	1279	1702113907	real
9038	1281	1759226661	real
9038	1284	1702113907	real
9038	17396	17251681513422	private_dummy
9039	4411	1166670598	real
9039	4413	1409315998	real
9039	17397	17251681513422	private_dummy
9040	4409	1027230012	real
9040	17398	17251681513422	private_dummy
9041	4407	941917066	real
9041	17399	17251681513422	private_dummy
9042	4405	897324586	real
9042	17400	17251681513422	private_dummy
9043	4403	888611881	real
9043	17401	17251681513422	private_dummy
9044	4401	914949965	real
9044	17402	17251681513422	private_dummy
9045	4399	978953779	real
9045	17403	17251681513422	private_dummy
9046	4397	1088663177	real
9046	17404	17251681513422	private_dummy
9047	556	1702113907	real
9047	558	1702113907	real
9047	561	1702113907	real
9047	17405	17251681513422	private_dummy
9048	3850	1166670598	real
9048	3852	1415009032	real
9048	17406	17251681513422	private_dummy
9049	3848	1027230012	real
9049	17407	17251681513422	private_dummy
9050	3846	941917066	real
9050	17408	17251681513422	private_dummy
9051	3844	897324586	real
9051	17409	17251681513422	private_dummy
9052	3842	888611881	real
9052	17410	17251681513422	private_dummy
9053	3840	914949965	real
9053	17411	17251681513422	private_dummy
9054	3838	978953779	real
9054	17412	17251681513422	private_dummy
9055	3836	1088663177	real
9055	17413	17251681513422	private_dummy
9056	3492	1184562466	real
9056	3493	1184562466	real
9056	17414	17251681513422	private_dummy
9057	3396	1127244833	real
9057	17415	17251681513422	private_dummy
9058	3253	1103469220	real
9058	3254	1103469220	real
9058	17416	17251681513422	private_dummy
9059	3040	1111345418	real
9059	3041	1111345418	real
9059	17417	17251681513422	private_dummy
9060	2750	1151478732	real
9060	2751	1151478732	real
9060	17418	17251681513422	private_dummy
9061	1889	1347326682	real
9061	1890	1347326682	real
9061	17419	17251681513422	private_dummy
9062	1284	1536494450	real
9062	17420	17251681513422	private_dummy
9063	561	1869695623	real
9063	17421	17251681513422	private_dummy
9064	8227	1109557844	real
9064	17422	17251681513422	private_dummy
9065	8227	1052445090	real
9065	17423	17251681513422	private_dummy
9066	8228	830547118	real
9066	17424	17251681513422	private_dummy
9067	8228	773434364	real
9067	17425	17251681513422	private_dummy
9068	8229	754689937	real
9068	17426	17251681513422	private_dummy
9069	8229	697577182	real
9069	17427	17251681513422	private_dummy
9070	8230	830547118	real
9070	17428	17251681513422	private_dummy
9071	8230	773434364	real
9071	17429	17251681513422	private_dummy
9072	8231	1109557844	real
9072	17430	17251681513422	private_dummy
9073	8231	1052445090	real
9073	17431	17251681513422	private_dummy
9074	8232	1268658209	real
9074	17432	17251681513422	private_dummy
9075	8232	1268658209	real
9075	17433	17251681513422	private_dummy
9076	8309	1151478732	real
9076	17434	17251681513422	private_dummy
9077	8307	751721493	real
9077	17435	17251681513422	private_dummy
9078	8312	1184562466	real
9078	17436	17251681513422	private_dummy
9079	8312	1302830226	real
9079	17437	17251681513422	private_dummy
9080	8298	296697716	real
9080	8300	296697716	real
9080	17438	17251681513422	private_dummy
9081	8305	837944909	real
9081	8306	837944909	real
9081	17439	17251681513422	private_dummy
9082	8293	375366188	real
9082	8294	546696698	real
9082	17440	17251681513422	private_dummy
9083	8295	640890500	real
9083	8297	640890500	real
9083	17441	17251681513422	private_dummy
9084	8319	586295985	real
9084	17442	17251681513422	private_dummy
9085	8294	546696698	real
9085	17443	17251681513422	private_dummy
9086	8303	812221010	real
9086	17444	17251681513422	private_dummy
9087	8321	586295985	real
9087	17445	17251681513422	private_dummy
9088	8293	782688641	real
9088	17446	17251681513422	private_dummy
9089	8301	343859956	real
9089	17447	17251681513422	private_dummy
9090	8323	1383315512	real
9090	17448	17251681513422	private_dummy
9091	8297	640890500	real
9091	8300	640890500	real
9091	17449	17251681513422	private_dummy
9092	8308	554789753	real
9092	17450	17251681513422	private_dummy
9093	8325	851820297	real
9093	17451	17251681513422	private_dummy
9094	8295	343859956	real
9094	8298	343859956	real
9094	17452	17251681513422	private_dummy
9095	8301	343859956	real
9095	8303	515190466	real
9095	17453	17251681513422	private_dummy
9096	8327	554789753	real
9096	17454	17251681513422	private_dummy
9097	8314	1263230939	real
9097	17455	17251681513422	private_dummy
9098	8314	1355897468	real
9098	17456	17251681513422	private_dummy
9099	8312	1308735228	real
9099	8313	757626495	real
9099	8318	586295985	real
9099	17457	17251681513422	private_dummy
9100	8322	806438676	real
9100	17458	17251681513422	private_dummy
9101	8324	554789753	real
9101	17459	17251681513422	private_dummy
9102	8312	1322610616	real
9102	8313	1101819280	real
9102	8320	851820297	real
9102	17460	17251681513422	private_dummy
9103	8322	1082038889	real
9103	17461	17251681513422	private_dummy
9104	8324	633458225	real
9104	17462	17251681513422	private_dummy
9105	8311	757626495	real
9105	17463	17251681513422	private_dummy
9106	8326	554789753	real
9106	17464	17251681513422	private_dummy
9107	8328	806438676	real
9107	17465	17251681513422	private_dummy
9108	8311	836294968	real
9108	17466	17251681513422	private_dummy
9109	8326	633458225	real
9109	17467	17251681513422	private_dummy
9110	8328	885107149	real
9110	17468	17251681513422	private_dummy
9111	8310	836294968	real
9111	17469	17251681513422	private_dummy
9112	8310	1243617421	real
9112	17470	17251681513422	private_dummy
9113	8266	438906293	real
9113	8267	438906293	real
9113	17471	17251681513422	private_dummy
9114	8296	1031550423	real
9114	17472	17251681513422	private_dummy
9115	8292	1098612056	real
9115	17473	17251681513422	private_dummy
9116	8292	990100766	real
9116	17474	17251681513422	private_dummy
9117	8256	895769196	real
9117	8257	952881950	real
9117	17475	17251681513422	private_dummy
9118	8258	628199503	real
9118	8259	628199503	real
9118	17476	17251681513422	private_dummy
9119	8260	568241738	real
9119	8261	568241738	real
9119	17477	17251681513422	private_dummy
9120	8262	670359104	real
9120	8263	670359104	real
9120	17478	17251681513422	private_dummy
9121	8264	1052445090	real
9121	8265	1052445090	real
9121	17479	17251681513422	private_dummy
9122	8336	1005945527	real
9122	17480	17251681513422	private_dummy
9123	8336	897434237	real
9123	17481	17251681513422	private_dummy
9124	8257	952881950	real
9124	17482	17251681513422	private_dummy
9125	8275	313543580	real
9125	8276	313543580	real
9125	17483	17251681513422	private_dummy
9126	8277	313543580	real
9126	17484	17251681513422	private_dummy
9127	8299	763980730	real
9127	17485	17251681513422	private_dummy
9128	8338	1005945527	real
9128	17486	17251681513422	private_dummy
9129	8338	897434237	real
9129	17487	17251681513422	private_dummy
9130	8256	1211545455	real
9130	17488	17251681513422	private_dummy
9131	8268	489570469	real
9131	8269	546683223	real
9131	17489	17251681513422	private_dummy
9132	8270	332246999	real
9132	8271	332246999	real
9132	17490	17251681513422	private_dummy
9133	8272	381059179	real
9133	17491	17251681513422	private_dummy
9134	8273	726099236	real
9134	8274	726099236	real
9134	17492	17251681513422	private_dummy
9135	8340	1201687316	real
9135	17493	17251681513422	private_dummy
9136	8340	1196251286	real
9136	17494	17251681513422	private_dummy
9137	8259	628199503	real
9137	17495	17251681513422	private_dummy
9138	8269	546683223	real
9138	17496	17251681513422	private_dummy
9139	8284	339803765	real
9139	8285	339803765	real
9139	17497	17251681513422	private_dummy
9140	8302	704022965	real
9140	17498	17251681513422	private_dummy
9141	8342	706287092	real
9141	17499	17251681513422	private_dummy
9142	8342	700851062	real
9142	17500	17251681513422	private_dummy
9143	8258	726099236	real
9143	17501	17251681513422	private_dummy
9144	8268	726099236	real
9144	17502	17251681513422	private_dummy
9145	8278	371846286	real
9145	8279	428959040	real
9145	17503	17251681513422	private_dummy
9146	8280	300740766	real
9146	8281	300740766	real
9146	17504	17251681513422	private_dummy
9147	8282	577990920	real
9147	8283	577990920	real
9147	17505	17251681513422	private_dummy
9148	8344	999928613	real
9148	17506	17251681513422	private_dummy
9149	8344	562222027	real
9149	17507	17251681513422	private_dummy
9150	8261	568241738	real
9150	8267	568241738	real
9150	17508	17251681513422	private_dummy
9151	8271	332246999	real
9151	8276	332246999	real
9151	17509	17251681513422	private_dummy
9152	8279	428959040	real
9152	17510	17251681513422	private_dummy
9153	8288	727471858	real
9153	17511	17251681513422	private_dummy
9154	8289	670359104	real
9154	17512	17251681513422	private_dummy
9155	8346	646256547	real
9155	17513	17251681513422	private_dummy
9156	8346	462123224	real
9156	17514	17251681513422	private_dummy
9157	8260	577990920	real
9157	8266	577990920	real
9157	17515	17251681513422	private_dummy
9158	8270	381059179	real
9158	8275	381059179	real
9158	17516	17251681513422	private_dummy
9159	8278	577990920	real
9159	17517	17251681513422	private_dummy
9160	8286	440438857	real
9160	17518	17251681513422	private_dummy
9161	8287	597771310	real
9161	17519	17251681513422	private_dummy
9162	8348	713772147	real
9162	17520	17251681513422	private_dummy
9163	8348	462123224	real
9163	17521	17251681513422	private_dummy
9164	8263	670359104	real
9164	17522	17251681513422	private_dummy
9165	8281	300740766	real
9165	8285	300740766	real
9165	17523	17251681513422	private_dummy
9166	8304	1280892846	real
9166	17524	17251681513422	private_dummy
9167	8350	772615536	real
9167	17525	17251681513422	private_dummy
9168	8350	562222027	real
9168	17526	17251681513422	private_dummy
9169	8262	597771310	real
9169	17527	17251681513422	private_dummy
9170	8272	332246999	real
9170	8277	332246999	real
9170	17528	17251681513422	private_dummy
9171	8280	300740766	real
9171	8284	300740766	real
9171	17529	17251681513422	private_dummy
9172	8286	597771310	real
9172	8288	654884065	real
9172	17530	17251681513422	private_dummy
9173	8290	798782256	real
9173	8291	855895011	real
9173	17531	17251681513422	private_dummy
9174	8352	733552537	real
9174	17532	17251681513422	private_dummy
9175	8352	562222027	real
9175	17533	17251681513422	private_dummy
9176	8265	1052445090	real
9176	17534	17251681513422	private_dummy
9177	8274	726099236	real
9177	17535	17251681513422	private_dummy
9178	8283	577990920	real
9178	17536	17251681513422	private_dummy
9179	8291	855895011	real
9179	17537	17251681513422	private_dummy
9180	8354	1151180387	real
9180	17538	17251681513422	private_dummy
9181	8354	861880462	real
9181	17539	17251681513422	private_dummy
9182	8264	798782256	real
9182	17540	17251681513422	private_dummy
9183	8273	489570469	real
9183	17541	17251681513422	private_dummy
9184	8282	371846286	real
9184	17542	17251681513422	private_dummy
9185	8287	440438857	real
9185	8289	440438857	real
9185	17543	17251681513422	private_dummy
9186	8290	798782256	real
9186	17544	17251681513422	private_dummy
9187	8356	921260140	real
9187	17545	17251681513422	private_dummy
9188	8356	861880462	real
9188	17546	17251681513422	private_dummy
9189	8316	954546992	real
9189	8335	970117258	real
9189	17547	17251681513422	private_dummy
9190	8339	1088663177	real
9190	17548	17251681513422	private_dummy
9191	8341	934563483	real
9191	17549	17251681513422	private_dummy
9192	8316	1057622251	real
9192	8337	1073192518	real
9192	17550	17251681513422	private_dummy
9193	8339	1167331650	real
9193	17551	17251681513422	private_dummy
9194	8341	934563483	real
9194	17552	17251681513422	private_dummy
9195	8343	770586556	real
9195	17553	17251681513422	private_dummy
9196	8345	679295344	real
9196	17554	17251681513422	private_dummy
9197	8343	770586556	real
9197	17555	17251681513422	private_dummy
9198	8345	679295344	real
9198	17556	17251681513422	private_dummy
9199	8347	636962957	real
9199	17557	17251681513422	private_dummy
9200	8349	636962957	real
9200	17558	17251681513422	private_dummy
9201	8347	636962957	real
9201	17559	17251681513422	private_dummy
9202	8349	636962957	real
9202	17560	17251681513422	private_dummy
9203	8351	679295344	real
9203	17561	17251681513422	private_dummy
9204	8353	770586556	real
9204	17562	17251681513422	private_dummy
9205	8351	679295344	real
9205	17563	17251681513422	private_dummy
9206	8353	770586556	real
9206	17564	17251681513422	private_dummy
9207	8355	934563483	real
9207	17565	17251681513422	private_dummy
9208	8357	1088663177	real
9208	17566	17251681513422	private_dummy
9209	8355	934563483	real
9209	17567	17251681513422	private_dummy
9210	8357	1088663177	real
9210	17568	17251681513422	private_dummy
9211	8317	476121280	real
9211	17569	17251681513422	private_dummy
9212	8317	579196540	real
9212	17570	17251681513422	private_dummy
9213	8314	1277228995	real
9213	8315	1027230012	real
9213	17571	17251681513422	private_dummy
9214	8314	1399007674	real
9214	8315	1241675220	real
9214	17572	17251681513422	private_dummy
9215	8329	1268658209	real
9215	17573	17251681513422	private_dummy
9216	8329	1268658209	real
9216	17574	17251681513422	private_dummy
9217	8330	934563483	real
9217	17575	17251681513422	private_dummy
9218	8330	934563483	real
9218	17576	17251681513422	private_dummy
9219	8331	773151825	real
9219	17577	17251681513422	private_dummy
9220	8331	773151825	real
9220	17578	17251681513422	private_dummy
9221	8332	773151825	real
9221	17579	17251681513422	private_dummy
9222	8332	773151825	real
9222	17580	17251681513422	private_dummy
9223	8333	934563483	real
9223	17581	17251681513422	private_dummy
9224	8333	934563483	real
9224	17582	17251681513422	private_dummy
9225	8334	1430048205	real
9225	17583	17251681513422	private_dummy
9226	8334	1508716678	real
9226	17584	17251681513422	private_dummy
