row	column	integer_cost	kind
0	114	1347326682	real
0	8283	17137630080419	private_dummy
1	116	1227292212	real
1	8284	17137630080419	private_dummy
2	118	1151478732	real
2	8285	17137630080419	private_dummy
3	120	1111345418	real
3	8286	17137630080419	private_dummy
4	122	1103469220	real
4	8287	17137630080419	private_dummy
5	124	1127244833	real
5	8288	17137630080419	private_dummy
6	126	1184562466	real
6	8289	17137630080419	private_dummy
7	128	1280892846	real
7	8290	17137630080419	private_dummy
8	130	1430048205	real
8	8291	17137630080419	private_dummy
9	132	1702113907	real
9	8292	17137630080419	private_dummy
10	113	1536494450	real
10	135	1536494450	real
10	8293	17137630080419	private_dummy
11	194	1227292212	real
11	8294	17137630080419	private_dummy
12	196	1151478732	real
12	8295	17137630080419	private_dummy
13	198	1111345418	real
13	8296	17137630080419	private_dummy
14	200	1103469220	real
14	8297	17137630080419	private_dummy
15	202	1127244833	real
15	8298	17137630080419	private_dummy
16	204	1184562466	real
16	8299	17137630080419	private_dummy
17	206	1280892846	real
17	8300	17137630080419	private_dummy
18	208	1430048205	real
18	8301	17137630080419	private_dummy
19	210	1702113907	real
19	8302	17137630080419	private_dummy
20	193	1347326682	real
20	213	1347326682	real
20	8303	17137630080419	private_dummy
21	266	1151478732	real
21	8304	17137630080419	private_dummy
22	268	1111345418	real
22	8305	17137630080419	private_dummy
23	270	1103469220	real
23	8306	17137630080419	private_dummy
24	272	1127244833	real
24	8307	17137630080419	private_dummy
25	274	1184562466	real
25	8308	17137630080419	private_dummy
26	251	1227292212	real
26	8309	17137630080419	private_dummy
27	279	1430048205	real
27	8310	17137630080419	private_dummy
28	281	1702113907	real
28	8311	17137630080419	private_dummy
29	13	1702113907	real
29	283	1702113907	real
29	8312	17137630080419	private_dummy
30	292	1151478732	real
30	8313	17137630080419	private_dummy
31	332	1103469220	real
31	8314	17137630080419	private_dummy
32	334	1127244833	real
32	8315	17137630080419	private_dummy
33	309	1151478732	real
33	8316	17137630080419	private_dummy
34	339	1280892846	real
34	8317	17137630080419	private_dummy
35	320	1151478732	real
35	8318	17137630080419	private_dummy
36	344	1702113907	real
36	8319	17137630080419	private_dummy
37	18	1702113907	real
37	346	1702113907	real
37	8320	17137630080419	private_dummy
38	355	1111345418	real
38	8321	17137630080419	private_dummy
39	360	1111345418	real
39	8322	17137630080419	private_dummy
40	392	1184562466	real
40	8323	17137630080419	private_dummy
41	371	1111345418	real
41	8324	17137630080419	private_dummy
42	397	1430048205	real
42	8325	17137630080419	private_dummy
43	399	1702113907	real
43	8326	17137630080419	private_dummy
44	22	1702113907	real
44	401	1702113907	real
44	8327	17137630080419	private_dummy
45	410	1103469220	real
45	8328	17137630080419	private_dummy
46	415	1103469220	real
46	8329	17137630080419	private_dummy
47	442	1280892846	real
47	8330	17137630080419	private_dummy
48	444	1430048205	real
48	8331	17137630080419	private_dummy
49	446	1702113907	real
49	8332	17137630080419	private_dummy
50	26	1702113907	real
50	448	1702113907	real
50	8333	17137630080419	private_dummy
51	457	1127244833	real
51	8334	17137630080419	private_dummy
52	481	1280892846	real
52	8335	17137630080419	private_dummy
53	483	1430048205	real
53	8336	17137630080419	private_dummy
54	485	1702113907	real
54	8337	17137630080419	private_dummy
55	30	1702113907	real
55	487	1702113907	real
55	8338	17137630080419	private_dummy
56	511	1280892846	real
56	8339	17137630080419	private_dummy
57	513	1430048205	real
57	8340	17137630080419	private_dummy
58	515	1702113907	real
58	8341	17137630080419	private_dummy
59	510	1184562466	real
59	518	1184562466	real
59	8342	17137630080419	private_dummy
60	536	1430048205	real
60	8343	17137630080419	private_dummy
61	538	1702113907	real
61	8344	17137630080419	private_dummy
62	39	1702113907	real
62	540	1702113907	real
62	8345	17137630080419	private_dummy
63	553	1702113907	real
63	8346	17137630080419	private_dummy
64	44	1702113907	real
64	555	1702113907	real
64	8347	17137630080419	private_dummy
65	49	1702113907	real
65	562	1702113907	real
65	8348	17137630080419	private_dummy
66	3713	1151478732	real
66	8349	17137630080419	private_dummy
67	3711	757626495	real
67	8350	17137630080419	private_dummy
68	3716	1151478732	real
68	8351	17137630080419	private_dummy
69	3716	1151478732	real
69	8352	17137630080419	private_dummy
70	3701	357858012	real
70	8353	17137630080419	private_dummy
71	3707	791246176	real
71	3708	791246176	real
71	8354	17137630080419	private_dummy
72	3697	225592196	real
72	3698	396922706	real
72	8355	17137630080419	private_dummy
73	3699	654888557	real
73	8356	17137630080419	private_dummy
74	3723	436521993	real
74	8357	17137630080419	private_dummy
75	3698	396922706	real
75	8358	17137630080419	private_dummy
76	3705	826219067	real
76	8359	17137630080419	private_dummy
77	3725	436521993	real
77	8360	17137630080419	private_dummy
78	3697	502842350	real
78	8361	17137630080419	private_dummy
79	3703	389364245	real
79	8362	17137630080419	private_dummy
80	3727	965421070	real
80	8363	17137630080419	private_dummy
81	3712	631800274	real
81	8364	17137630080419	private_dummy
82	3709	897324586	real
82	3710	897324586	real
82	8365	17137630080419	private_dummy
83	3699	310695772	real
83	3701	310695772	real
83	8366	17137630080419	private_dummy
84	3703	440031217	real
84	3705	611361727	real
84	8367	17137630080419	private_dummy
85	3730	507627513	real
85	8368	17137630080419	private_dummy
86	3718	1111879445	real
86	8369	17137630080419	private_dummy
87	3718	1033210972	real
87	8370	17137630080419	private_dummy
88	3716	1125877502	real
88	3717	686520976	real
88	3722	529188522	real
88	8371	17137630080419	private_dummy
89	3726	766839389	real
89	8372	17137630080419	private_dummy
90	3728	489589235	real
90	8373	17137630080419	private_dummy
91	3716	1171259123	real
91	3717	983551520	real
91	3724	826219067	real
91	8374	17137630080419	private_dummy
92	3726	963771130	real
92	8375	17137630080419	private_dummy
93	3728	489589235	real
93	8376	17137630080419	private_dummy
94	3715	671328476	real
94	8377	17137630080419	private_dummy
95	3729	560694755	real
95	8378	17137630080419	private_dummy
96	3731	791246176	real
96	8379	17137630080419	private_dummy
97	3715	568253216	real
97	8380	17137630080419	private_dummy
98	3729	560694755	real
98	8381	17137630080419	private_dummy
99	3731	688170916	real
99	8382	17137630080419	private_dummy
100	3714	568253216	real
100	8383	17137630080419	private_dummy
101	3714	845503370	real
101	8384	17137630080419	private_dummy
102	3601	332246999	real
102	3604	332246999	real
102	8385	17137630080419	private_dummy
103	3700	913007765	real
103	8386	17137630080419	private_dummy
104	3696	954546992	real
104	8387	17137630080419	private_dummy
105	3696	954546992	real
105	8388	17137630080419	private_dummy
106	3566	647430763	real
106	3569	704543517	real
106	8389	17137630080419	private_dummy
107	3572	459723160	real
107	3575	459723160	real
107	8390	17137630080419	private_dummy
108	3578	459723160	real
108	3581	459723160	real
108	8391	17137630080419	private_dummy
109	3584	647430763	real
109	3587	647430763	real
109	8392	17137630080419	private_dummy
110	3589	1109557844	real
110	3590	1109557844	real
110	8393	17137630080419	private_dummy
111	3739	783211990	real
111	8394	17137630080419	private_dummy
112	3739	861880462	real
112	8395	17137630080419	private_dummy
113	3569	704543517	real
113	8396	17137630080419	private_dummy
114	3642	371846286	real
114	8397	17137630080419	private_dummy
115	3702	711996819	real
115	8398	17137630080419	private_dummy
116	3741	783211990	real
116	8399	17137630080419	private_dummy
117	3741	861880462	real
117	8400	17137630080419	private_dummy
118	3566	895769196	real
118	8401	17137630080419	private_dummy
119	3614	405465967	real
119	3617	462578721	real
119	8402	17137630080419	private_dummy
120	3620	285548266	real
120	3623	285548266	real
120	8403	17137630080419	private_dummy
121	3626	405465967	real
121	8404	17137630080419	private_dummy
122	3630	727471858	real
122	3631	727471858	real
122	8405	17137630080419	private_dummy
123	3743	875878519	real
123	8406	17137630080419	private_dummy
124	3743	1093176026	real
124	8407	17137630080419	private_dummy
125	3575	459723160	real
125	8408	17137630080419	private_dummy
126	3617	462578721	real
126	8409	17137630080419	private_dummy
127	3669	440438857	real
127	3672	440438857	real
127	8410	17137630080419	private_dummy
128	3704	692216429	real
128	8411	17137630080419	private_dummy
129	3745	438171934	real
129	8412	17137630080419	private_dummy
130	3745	655469441	real
130	8413	17137630080419	private_dummy
131	3572	525124244	real
131	8414	17137630080419	private_dummy
132	3614	628199503	real
132	8415	17137630080419	private_dummy
133	3650	382913971	real
133	3653	440026725	real
133	8416	17137630080419	private_dummy
134	3656	382913971	real
134	3659	382913971	real
134	8417	17137630080419	private_dummy
135	3661	625354492	real
135	3662	625354492	real
135	8418	17137630080419	private_dummy
136	3747	660905471	real
136	8419	17137630080419	private_dummy
137	3747	552394181	real
137	8420	17137630080419	private_dummy
138	3581	459723160	real
138	3604	459723160	real
138	8421	17137630080419	private_dummy
139	3623	285548266	real
139	8422	17137630080419	private_dummy
140	3653	440026725	real
140	8423	17137630080419	private_dummy
141	3685	855895011	real
141	8424	17137630080419	private_dummy
142	3689	783211990	real
142	8425	17137630080419	private_dummy
143	3749	546692206	real
143	8426	17137630080419	private_dummy
144	3749	503582000	real
144	8427	17137630080419	private_dummy
145	3578	438906293	real
145	3601	438906293	real
145	8428	17137630080419	private_dummy
146	3620	313543580	real
146	8429	17137630080419	private_dummy
147	3650	568241738	real
147	8430	17137630080419	private_dummy
148	3678	556136856	real
148	8431	17137630080419	private_dummy
149	3682	685312258	real
149	8432	17137630080419	private_dummy
150	3751	574687520	real
150	8433	17137630080419	private_dummy
151	3751	503582000	real
151	8434	17137630080419	private_dummy
152	3587	647430763	real
152	8435	17137630080419	private_dummy
153	3659	382913971	real
153	3672	382913971	real
153	8436	17137630080419	private_dummy
154	3706	1280892846	real
154	8437	17137630080419	private_dummy
155	3753	752827857	real
155	8438	17137630080419	private_dummy
156	3753	660905471	real
156	8439	17137630080419	private_dummy
157	3584	525124244	real
157	8440	17137630080419	private_dummy
158	3626	313543580	real
158	3642	313543580	real
158	8441	17137630080419	private_dummy
159	3656	339803765	real
159	3669	339803765	real
159	8442	17137630080419	private_dummy
160	3678	670359104	real
160	3685	727471858	real
160	8443	17137630080419	private_dummy
161	3693	952881950	real
161	3694	1009994705	real
161	8444	17137630080419	private_dummy
162	3755	660905471	real
162	8445	17137630080419	private_dummy
163	3755	660905471	real
163	8446	17137630080419	private_dummy
164	3590	1109557844	real
164	8447	17137630080419	private_dummy
165	3631	727471858	real
165	8448	17137630080419	private_dummy
166	3662	625354492	real
166	8449	17137630080419	private_dummy
167	3694	1009994705	real
167	8450	17137630080419	private_dummy
168	3757	1243846916	real
168	8451	17137630080419	private_dummy
169	3757	990100766	real
169	8452	17137630080419	private_dummy
170	3589	952881950	real
170	8453	17137630080419	private_dummy
171	3630	685312258	real
171	8454	17137630080419	private_dummy
172	3661	625354492	real
172	8455	17137630080419	private_dummy
173	3682	727471858	real
173	3689	727471858	real
173	8456	17137630080419	private_dummy
174	3693	1109557844	real
174	8457	17137630080419	private_dummy
175	3759	1005945527	real
175	8458	17137630080419	private_dummy
176	3759	897434237	real
176	8459	17137630080419	private_dummy
177	3720	840324744	real
177	3738	840324744	real
177	8460	17137630080419	private_dummy
178	3742	1009994705	real
178	8461	17137630080419	private_dummy
179	3744	761656271	real
179	8462	17137630080419	private_dummy
180	3720	978953779	real
180	3740	978953779	real
180	8463	17137630080419	private_dummy
181	3742	1088663177	real
181	8464	17137630080419	private_dummy
182	3744	761656271	real
182	8465	17137630080419	private_dummy
183	3746	639349752	real
183	8466	17137630080419	private_dummy
184	3748	573948669	real
184	8467	17137630080419	private_dummy
185	3746	639349752	real
185	8468	17137630080419	private_dummy
186	3748	573948669	real
186	8469	17137630080419	private_dummy
187	3750	553131802	real
187	8470	17137630080419	private_dummy
188	3752	573948669	real
188	8471	17137630080419	private_dummy
189	3750	553131802	real
189	8472	17137630080419	private_dummy
190	3752	573948669	real
190	8473	17137630080419	private_dummy
191	3754	639349752	real
191	8474	17137630080419	private_dummy
192	3756	761656271	real
192	8475	17137630080419	private_dummy
193	3754	639349752	real
193	8476	17137630080419	private_dummy
194	3756	761656271	real
194	8477	17137630080419	private_dummy
195	3758	1009994705	real
195	8478	17137630080419	private_dummy
196	3760	1088663177	real
196	8479	17137630080419	private_dummy
197	3758	1009994705	real
197	8480	17137630080419	private_dummy
198	3760	1009994705	real
198	8481	17137630080419	private_dummy
199	3721	446472507	real
199	8482	17137630080419	private_dummy
200	3721	585101542	real
200	8483	17137630080419	private_dummy
201	3718	1033210972	real
201	3719	761656271	real
201	8484	17137630080419	private_dummy
202	3718	1033210972	real
202	3719	875878519	real
202	8485	17137630080419	private_dummy
203	3	1702113907	real
203	4	1702113907	real
203	134	1702113907	real
203	8486	17137630080419	private_dummy
204	3565	1088663177	real
204	8487	17137630080419	private_dummy
205	3568	954546992	real
205	8488	17137630080419	private_dummy
206	3571	875350678	real
206	8489	17137630080419	private_dummy
207	3574	837944909	real
207	8490	17137630080419	private_dummy
208	3577	837944909	real
208	8491	17137630080419	private_dummy
209	3580	875350678	real
209	8492	17137630080419	private_dummy
210	3583	954546992	real
210	8493	17137630080419	private_dummy
211	3586	1088663177	real
211	8494	17137630080419	private_dummy
212	53	1404439436	real
212	54	1347326682	real
212	56	1347326682	real
212	57	1347326682	real
212	8495	17137630080419	private_dummy
213	59	1284404966	real
213	60	1227292212	real
213	62	1227292212	real
213	63	1227292212	real
213	8496	17137630080419	private_dummy
214	65	1208591486	real
214	66	1151478732	real
214	68	1151478732	real
214	69	1151478732	real
214	8497	17137630080419	private_dummy
215	71	1168458172	real
215	72	1111345418	real
215	74	1111345418	real
215	75	1111345418	real
215	8498	17137630080419	private_dummy
216	77	1160581975	real
216	78	1103469220	real
216	80	1103469220	real
216	81	1103469220	real
216	8499	17137630080419	private_dummy
217	83	1184357587	real
217	84	1127244833	real
217	86	1127244833	real
217	87	1127244833	real
217	8500	17137630080419	private_dummy
218	89	1241675220	real
218	90	1184562466	real
218	92	1184562466	real
218	93	1184562466	real
218	8501	17137630080419	private_dummy
219	95	1338005600	real
219	96	1280892846	real
219	98	1280892846	real
219	99	1280892846	real
219	8502	17137630080419	private_dummy
220	101	1487160959	real
220	102	1430048205	real
220	104	1430048205	real
220	105	1430048205	real
220	8503	17137630080419	private_dummy
221	107	1759226661	real
221	108	1702113907	real
221	110	1702113907	real
221	111	1702113907	real
221	8504	17137630080419	private_dummy
222	0	1702113907	real
222	2	1759226661	real
222	8505	17137630080419	private_dummy
223	56	1536494450	real
223	58	1536494450	real
223	8506	17137630080419	private_dummy
224	8	1702113907	real
224	9	1702113907	real
224	212	1702113907	real
224	8507	17137630080419	private_dummy
225	3592	1009994705	real
225	8508	17137630080419	private_dummy
226	3594	761656271	real
226	8509	17137630080419	private_dummy
227	3596	639349752	real
227	8510	17137630080419	private_dummy
228	3598	573948669	real
228	8511	17137630080419	private_dummy
229	3600	553131802	real
229	8512	17137630080419	private_dummy
230	3603	573948669	real
230	8513	17137630080419	private_dummy
231	3606	639349752	real
231	8514	17137630080419	private_dummy
232	3608	761656271	real
232	8515	17137630080419	private_dummy
233	53	1593607205	real
233	55	1536494450	real
233	115	1536494450	real
233	8516	17137630080419	private_dummy
234	139	1284404966	real
234	140	1227292212	real
234	142	1227292212	real
234	143	1227292212	real
234	8517	17137630080419	private_dummy
235	145	1208591486	real
235	146	1151478732	real
235	148	1151478732	real
235	149	1151478732	real
235	8518	17137630080419	private_dummy
236	151	1168458172	real
236	152	1111345418	real
236	154	1111345418	real
236	155	1111345418	real
236	8519	17137630080419	private_dummy
237	157	1160581975	real
237	158	1103469220	real
237	160	1103469220	real
237	161	1103469220	real
237	8520	17137630080419	private_dummy
238	163	1184357587	real
238	164	1127244833	real
238	166	1127244833	real
238	167	1127244833	real
238	8521	17137630080419	private_dummy
239	169	1241675220	real
239	170	1184562466	real
239	172	1184562466	real
239	173	1184562466	real
239	8522	17137630080419	private_dummy
240	175	1338005600	real
240	176	1280892846	real
240	178	1280892846	real
240	179	1280892846	real
240	8523	17137630080419	private_dummy
241	181	1487160959	real
241	182	1430048205	real
241	184	1430048205	real
241	185	1430048205	real
241	8524	17137630080419	private_dummy
242	187	1759226661	real
242	188	1702113907	real
242	190	1702113907	real
242	191	1702113907	real
242	8525	17137630080419	private_dummy
243	5	1702113907	real
243	7	1759226661	real
243	8526	17137630080419	private_dummy
244	62	1536494450	real
244	64	1536494450	real
244	8527	17137630080419	private_dummy
245	142	1347326682	real
245	144	1347326682	real
245	8528	17137630080419	private_dummy
246	276	1280892846	real
246	277	1280892846	real
246	8529	17137630080419	private_dummy
247	3762	1211545455	real
247	8530	17137630080419	private_dummy
248	3611	875878519	real
248	8531	17137630080419	private_dummy
249	3613	639349752	real
249	8532	17137630080419	private_dummy
250	3616	530838463	real
250	8533	17137630080419	private_dummy
251	3619	482026282	real
251	8534	17137630080419	private_dummy
252	3622	482026282	real
252	8535	17137630080419	private_dummy
253	3764	530838463	real
253	8536	17137630080419	private_dummy
254	3628	639349752	real
254	8537	17137630080419	private_dummy
255	59	1593607205	real
255	61	1536494450	real
255	117	1536494450	real
255	8538	17137630080419	private_dummy
256	139	1404439436	real
256	141	1347326682	real
256	195	1347326682	real
256	8539	17137630080419	private_dummy
257	217	1208591486	real
257	218	1151478732	real
257	220	1151478732	real
257	221	1151478732	real
257	8540	17137630080419	private_dummy
258	223	1168458172	real
258	224	1111345418	real
258	226	1111345418	real
258	227	1111345418	real
258	8541	17137630080419	private_dummy
259	229	1160581975	real
259	230	1103469220	real
259	232	1103469220	real
259	233	1103469220	real
259	8542	17137630080419	private_dummy
260	235	1184357587	real
260	236	1127244833	real
260	238	1127244833	real
260	239	1127244833	real
260	8543	17137630080419	private_dummy
261	241	1241675220	real
261	242	1184562466	real
261	244	1184562466	real
261	245	1184562466	real
261	8544	17137630080419	private_dummy
262	247	1338005600	real
262	248	1280892846	real
262	250	1280892846	real
262	8545	17137630080419	private_dummy
263	252	1487160959	real
263	253	1430048205	real
263	255	1430048205	real
263	256	1430048205	real
263	8546	17137630080419	private_dummy
264	258	1759226661	real
264	259	1702113907	real
264	261	1702113907	real
264	262	1702113907	real
264	8547	17137630080419	private_dummy
265	10	1702113907	real
265	12	1759226661	real
265	264	1702113907	real
265	8548	17137630080419	private_dummy
266	68	1536494450	real
266	70	1536494450	real
266	8549	17137630080419	private_dummy
267	148	1347326682	real
267	150	1347326682	real
267	8550	17137630080419	private_dummy
268	220	1227292212	real
268	222	1227292212	real
268	8551	17137630080419	private_dummy
269	329	1111345418	real
269	330	1111345418	real
269	8552	17137630080419	private_dummy
270	336	1184562466	real
270	337	1184562466	real
270	8553	17137630080419	private_dummy
271	341	1430048205	real
271	342	1430048205	real
271	8554	17137630080419	private_dummy
272	3766	1211545455	real
272	8555	17137630080419	private_dummy
273	3768	1031550423	real
273	8556	17137630080419	private_dummy
274	3770	796682206	real
274	8557	17137630080419	private_dummy
275	3635	573948669	real
275	8558	17137630080419	private_dummy
276	3637	482026282	real
276	8559	17137630080419	private_dummy
277	3772	454030968	real
277	8560	17137630080419	private_dummy
278	3641	482026282	real
278	8561	17137630080419	private_dummy
279	3774	573948669	real
279	8562	17137630080419	private_dummy
280	65	1593607205	real
280	67	1536494450	real
280	119	1536494450	real
280	8563	17137630080419	private_dummy
281	145	1404439436	real
281	147	1347326682	real
281	197	1347326682	real
281	8564	17137630080419	private_dummy
282	217	1284404966	real
282	219	1227292212	real
282	267	1227292212	real
282	8565	17137630080419	private_dummy
283	288	1168458172	real
283	289	1111345418	real
283	291	1111345418	real
283	8566	17137630080419	private_dummy
284	293	1160581975	real
284	294	1103469220	real
284	296	1103469220	real
284	297	1103469220	real
284	8567	17137630080419	private_dummy
285	299	1184357587	real
285	300	1127244833	real
285	302	1127244833	real
285	303	1127244833	real
285	8568	17137630080419	private_dummy
286	305	1241675220	real
286	306	1184562466	real
286	308	1184562466	real
286	8569	17137630080419	private_dummy
287	310	1338005600	real
287	311	1280892846	real
287	313	1280892846	real
287	314	1280892846	real
287	8570	17137630080419	private_dummy
288	316	1487160959	real
288	317	1430048205	real
288	319	1430048205	real
288	8571	17137630080419	private_dummy
289	321	1759226661	real
289	322	1702113907	real
289	324	1702113907	real
289	325	1702113907	real
289	8572	17137630080419	private_dummy
290	14	1702113907	real
290	16	1759226661	real
290	327	1702113907	real
290	8573	17137630080419	private_dummy
291	74	1536494450	real
291	76	1536494450	real
291	8574	17137630080419	private_dummy
292	154	1347326682	real
292	156	1347326682	real
292	8575	17137630080419	private_dummy
293	226	1227292212	real
293	228	1227292212	real
293	8576	17137630080419	private_dummy
294	386	1103469220	real
294	387	1103469220	real
294	8577	17137630080419	private_dummy
295	389	1127244833	real
295	390	1127244833	real
295	8578	17137630080419	private_dummy
296	394	1280892846	real
296	395	1280892846	real
296	8579	17137630080419	private_dummy
297	3776	1211545455	real
297	8580	17137630080419	private_dummy
298	3778	1031550423	real
298	8581	17137630080419	private_dummy
299	3633	921841024	real
299	8582	17137630080419	private_dummy
300	3780	759276436	real
300	8583	17137630080419	private_dummy
301	3782	553131802	real
301	8584	17137630080419	private_dummy
302	3652	482026282	real
302	8585	17137630080419	private_dummy
303	3784	482026282	real
303	8586	17137630080419	private_dummy
304	3658	553131802	real
304	8587	17137630080419	private_dummy
305	71	1593607205	real
305	73	1536494450	real
305	121	1536494450	real
305	8588	17137630080419	private_dummy
306	151	1404439436	real
306	153	1347326682	real
306	199	1347326682	real
306	8589	17137630080419	private_dummy
307	223	1284404966	real
307	225	1227292212	real
307	269	1227292212	real
307	8590	17137630080419	private_dummy
308	288	1208591486	real
308	290	1151478732	real
308	329	1151478732	real
308	331	1151478732	real
308	8591	17137630080419	private_dummy
309	351	1160581975	real
309	352	1103469220	real
309	354	1103469220	real
309	8592	17137630080419	private_dummy
310	356	1184357587	real
310	357	1127244833	real
310	359	1127244833	real
310	8593	17137630080419	private_dummy
311	361	1241675220	real
311	362	1184562466	real
311	364	1184562466	real
311	365	1184562466	real
311	8594	17137630080419	private_dummy
312	367	1338005600	real
312	368	1280892846	real
312	370	1280892846	real
312	8595	17137630080419	private_dummy
313	372	1487160959	real
313	373	1430048205	real
313	375	1430048205	real
313	376	1430048205	real
313	8596	17137630080419	private_dummy
314	378	1759226661	real
314	379	1702113907	real
314	381	1702113907	real
314	382	1702113907	real
314	8597	17137630080419	private_dummy
315	19	1702113907	real
315	21	1759226661	real
315	384	1702113907	real
315	8598	17137630080419	private_dummy
316	80	1536494450	real
316	82	1536494450	real
316	8599	17137630080419	private_dummy
317	160	1347326682	real
317	162	1347326682	real
317	8600	17137630080419	private_dummy
318	232	1227292212	real
318	234	1227292212	real
318	8601	17137630080419	private_dummy
319	296	1151478732	real
319	298	1151478732	real
319	8602	17137630080419	private_dummy
320	436	1127244833	real
320	437	1127244833	real
320	8603	17137630080419	private_dummy
321	439	1184562466	real
321	440	1184562466	real
321	8604	17137630080419	private_dummy
322	3786	1211545455	real
322	8605	17137630080419	private_dummy
323	3788	1031550423	real
323	8606	17137630080419	private_dummy
324	3790	921841024	real
324	8607	17137630080419	private_dummy
325	3647	857837211	real
325	8608	17137630080419	private_dummy
326	3792	759276436	real
326	8609	17137630080419	private_dummy
327	3794	573948669	real
327	8610	17137630080419	private_dummy
328	3668	530838463	real
328	8611	17137630080419	private_dummy
329	3671	573948669	real
329	8612	17137630080419	private_dummy
330	77	1593607205	real
330	79	1536494450	real
330	123	1536494450	real
330	8613	17137630080419	private_dummy
331	157	1404439436	real
331	159	1347326682	real
331	201	1347326682	real
331	8614	17137630080419	private_dummy
332	229	1284404966	real
332	231	1227292212	real
332	271	1227292212	real
332	8615	17137630080419	private_dummy
333	293	1208591486	real
333	295	1151478732	real
333	333	1151478732	real
333	8616	17137630080419	private_dummy
334	351	1168458172	real
334	353	1111345418	real
334	386	1111345418	real
334	388	1111345418	real
334	8617	17137630080419	private_dummy
335	406	1184357587	real
335	407	1127244833	real
335	409	1127244833	real
335	8618	17137630080419	private_dummy
336	411	1241675220	real
336	412	1184562466	real
336	414	1184562466	real
336	8619	17137630080419	private_dummy
337	416	1338005600	real
337	417	1280892846	real
337	419	1280892846	real
337	420	1280892846	real
337	8620	17137630080419	private_dummy
338	422	1487160959	real
338	423	1430048205	real
338	425	1430048205	real
338	426	1430048205	real
338	8621	17137630080419	private_dummy
339	428	1759226661	real
339	429	1702113907	real
339	431	1702113907	real
339	432	1702113907	real
339	8622	17137630080419	private_dummy
340	23	1702113907	real
340	25	1759226661	real
340	434	1702113907	real
340	8623	17137630080419	private_dummy
341	86	1536494450	real
341	88	1536494450	real
341	8624	17137630080419	private_dummy
342	166	1347326682	real
342	168	1347326682	real
342	8625	17137630080419	private_dummy
343	238	1227292212	real
343	240	1227292212	real
343	8626	17137630080419	private_dummy
344	302	1151478732	real
344	304	1151478732	real
344	8627	17137630080419	private_dummy
345	478	1184562466	real
345	479	1184562466	real
345	8628	17137630080419	private_dummy
346	3796	1211545455	real
346	8629	17137630080419	private_dummy
347	3798	1031550423	real
347	8630	17137630080419	private_dummy
348	3800	921841024	real
348	8631	17137630080419	private_dummy
349	3649	857837211	real
349	8632	17137630080419	private_dummy
350	3664	831499126	real
350	8633	17137630080419	private_dummy
351	3802	796682206	real
351	8634	17137630080419	private_dummy
352	3677	639349752	real
352	8635	17137630080419	private_dummy
353	3680	639349752	real
353	8636	17137630080419	private_dummy
354	83	1593607205	real
354	85	1536494450	real
354	125	1536494450	real
354	8637	17137630080419	private_dummy
355	163	1404439436	real
355	165	1347326682	real
355	203	1347326682	real
355	8638	17137630080419	private_dummy
356	235	1284404966	real
356	237	1227292212	real
356	273	1227292212	real
356	8639	17137630080419	private_dummy
357	299	1208591486	real
357	301	1151478732	real
357	335	1151478732	real
357	8640	17137630080419	private_dummy
358	356	1168458172	real
358	358	1111345418	real
358	389	1111345418	real
358	391	1111345418	real
358	8641	17137630080419	private_dummy
359	406	1160581975	real
359	408	1103469220	real
359	436	1103469220	real
359	438	1103469220	real
359	8642	17137630080419	private_dummy
360	453	1241675220	real
360	454	1184562466	real
360	456	1184562466	real
360	8643	17137630080419	private_dummy
361	458	1338005600	real
361	459	1280892846	real
361	461	1280892846	real
361	462	1280892846	real
361	8644	17137630080419	private_dummy
362	464	1487160959	real
362	465	1430048205	real
362	467	1430048205	real
362	468	1430048205	real
362	8645	17137630080419	private_dummy
363	470	1759226661	real
363	471	1702113907	real
363	473	1702113907	real
363	474	1702113907	real
363	8646	17137630080419	private_dummy
364	27	1702113907	real
364	29	1759226661	real
364	476	1702113907	real
364	8647	17137630080419	private_dummy
365	92	1536494450	real
365	94	1536494450	real
365	8648	17137630080419	private_dummy
366	172	1347326682	real
366	174	1347326682	real
366	8649	17137630080419	private_dummy
367	244	1227292212	real
367	246	1227292212	real
367	8650	17137630080419	private_dummy
368	364	1111345418	real
368	366	1111345418	real
368	8651	17137630080419	private_dummy
369	34	1702113907	real
369	35	1702113907	real
369	517	1702113907	real
369	8652	17137630080419	private_dummy
370	3804	1211545455	real
370	8653	17137630080419	private_dummy
371	3806	1031550423	real
371	8654	17137630080419	private_dummy
372	3639	921841024	real
372	8655	17137630080419	private_dummy
373	3808	857837211	real
373	8656	17137630080419	private_dummy
374	3666	831499126	real
374	8657	17137630080419	private_dummy
375	3675	840211832	real
375	8658	17137630080419	private_dummy
376	3684	875878519	real
376	8659	17137630080419	private_dummy
377	3687	761656271	real
377	8660	17137630080419	private_dummy
378	89	1593607205	real
378	91	1536494450	real
378	127	1536494450	real
378	8661	17137630080419	private_dummy
379	169	1404439436	real
379	171	1347326682	real
379	205	1347326682	real
379	8662	17137630080419	private_dummy
380	241	1284404966	real
380	243	1227292212	real
380	275	1227292212	real
380	8663	17137630080419	private_dummy
381	305	1208591486	real
381	307	1151478732	real
381	336	1151478732	real
381	338	1151478732	real
381	8664	17137630080419	private_dummy
382	361	1168458172	real
382	363	1111345418	real
382	393	1111345418	real
382	8665	17137630080419	private_dummy
383	411	1160581975	real
383	413	1103469220	real
383	439	1103469220	real
383	441	1103469220	real
383	8666	17137630080419	private_dummy
384	453	1184357587	real
384	455	1127244833	real
384	478	1127244833	real
384	480	1127244833	real
384	8667	17137630080419	private_dummy
385	492	1338005600	real
385	493	1280892846	real
385	495	1280892846	real
385	496	1280892846	real
385	8668	17137630080419	private_dummy
386	498	1487160959	real
386	499	1430048205	real
386	501	1430048205	real
386	502	1430048205	real
386	8669	17137630080419	private_dummy
387	504	1759226661	real
387	505	1702113907	real
387	507	1702113907	real
387	508	1702113907	real
387	8670	17137630080419	private_dummy
388	31	1702113907	real
388	33	1759226661	real
388	8671	17137630080419	private_dummy
389	98	1536494450	real
389	100	1536494450	real
389	8672	17137630080419	private_dummy
390	178	1347326682	real
390	180	1347326682	real
390	8673	17137630080419	private_dummy
391	313	1151478732	real
391	315	1151478732	real
391	8674	17137630080419	private_dummy
392	419	1103469220	real
392	421	1103469220	real
392	8675	17137630080419	private_dummy
393	461	1127244833	real
393	463	1127244833	real
393	8676	17137630080419	private_dummy
394	495	1184562466	real
394	497	1184562466	real
394	8677	17137630080419	private_dummy
395	3810	1211545455	real
395	8678	17137630080419	private_dummy
396	3625	1031550423	real
396	8679	17137630080419	private_dummy
397	3812	921841024	real
397	8680	17137630080419	private_dummy
398	3655	857837211	real
398	8681	17137630080419	private_dummy
399	3814	831499126	real
399	8682	17137630080419	private_dummy
400	3816	840211832	real
400	8683	17137630080419	private_dummy
401	3818	884804312	real
401	8684	17137630080419	private_dummy
402	3691	1009994705	real
402	8685	17137630080419	private_dummy
403	95	1593607205	real
403	97	1536494450	real
403	129	1536494450	real
403	8686	17137630080419	private_dummy
404	175	1404439436	real
404	177	1347326682	real
404	207	1347326682	real
404	8687	17137630080419	private_dummy
405	247	1284404966	real
405	249	1227292212	real
405	276	1227292212	real
405	278	1227292212	real
405	8688	17137630080419	private_dummy
406	310	1208591486	real
406	312	1151478732	real
406	340	1151478732	real
406	8689	17137630080419	private_dummy
407	367	1168458172	real
407	369	1111345418	real
407	394	1111345418	real
407	396	1111345418	real
407	8690	17137630080419	private_dummy
408	416	1160581975	real
408	418	1103469220	real
408	443	1103469220	real
408	8691	17137630080419	private_dummy
409	458	1184357587	real
409	460	1127244833	real
409	482	1127244833	real
409	8692	17137630080419	private_dummy
410	492	1241675220	real
410	494	1184562466	real
410	512	1184562466	real
410	8693	17137630080419	private_dummy
411	522	1487160959	real
411	523	1430048205	real
411	525	1430048205	real
411	526	1430048205	real
411	8694	17137630080419	private_dummy
412	528	1759226661	real
412	529	1702113907	real
412	531	1702113907	real
412	532	1702113907	real
412	8695	17137630080419	private_dummy
413	36	1702113907	real
413	38	1759226661	real
413	534	1702113907	real
413	8696	17137630080419	private_dummy
414	104	1536494450	real
414	106	1536494450	real
414	8697	17137630080419	private_dummy
415	184	1347326682	real
415	186	1347326682	real
415	8698	17137630080419	private_dummy
416	255	1227292212	real
416	257	1227292212	real
416	8699	17137630080419	private_dummy
417	375	1111345418	real
417	377	1111345418	real
417	8700	17137630080419	private_dummy
418	425	1103469220	real
418	427	1103469220	real
418	8701	17137630080419	private_dummy
419	467	1127244833	real
419	469	1127244833	real
419	8702	17137630080419	private_dummy
420	501	1184562466	real
420	503	1184562466	real
420	8703	17137630080419	private_dummy
421	525	1280892846	real
421	527	1280892846	real
421	8704	17137630080419	private_dummy
422	3820	1211545455	real
422	8705	17137630080419	private_dummy
423	3822	1031550423	real
423	8706	17137630080419	private_dummy
424	3644	921841024	real
424	8707	17137630080419	private_dummy
425	3824	857837211	real
425	8708	17137630080419	private_dummy
426	3826	831499126	real
426	8709	17137630080419	private_dummy
427	3828	840211832	real
427	8710	17137630080419	private_dummy
428	3830	884804312	real
428	8711	17137630080419	private_dummy
429	3832	970117258	real
429	8712	17137630080419	private_dummy
430	101	1593607205	real
430	103	1536494450	real
430	131	1536494450	real
430	8713	17137630080419	private_dummy
431	181	1404439436	real
431	183	1347326682	real
431	209	1347326682	real
431	8714	17137630080419	private_dummy
432	252	1284404966	real
432	254	1227292212	real
432	280	1227292212	real
432	8715	17137630080419	private_dummy
433	316	1208591486	real
433	318	1151478732	real
433	341	1151478732	real
433	343	1151478732	real
433	8716	17137630080419	private_dummy
434	372	1168458172	real
434	374	1111345418	real
434	398	1111345418	real
434	8717	17137630080419	private_dummy
435	422	1160581975	real
435	424	1103469220	real
435	445	1103469220	real
435	8718	17137630080419	private_dummy
436	464	1184357587	real
436	466	1127244833	real
436	484	1127244833	real
436	8719	17137630080419	private_dummy
437	498	1241675220	real
437	500	1184562466	real
437	514	1184562466	real
437	8720	17137630080419	private_dummy
438	522	1338005600	real
438	524	1280892846	real
438	537	1280892846	real
438	8721	17137630080419	private_dummy
439	545	1759226661	real
439	546	1702113907	real
439	548	1702113907	real
439	549	1702113907	real
439	8722	17137630080419	private_dummy
440	40	1702113907	real
440	42	1780782379	real
440	551	1702113907	real
440	8723	17137630080419	private_dummy
441	110	1536494450	real
441	112	1536494450	real
441	8724	17137630080419	private_dummy
442	190	1347326682	real
442	192	1347326682	real
442	8725	17137630080419	private_dummy
443	261	1227292212	real
443	263	1227292212	real
443	8726	17137630080419	private_dummy
444	324	1151478732	real
444	326	1151478732	real
444	8727	17137630080419	private_dummy
445	381	1111345418	real
445	383	1111345418	real
445	8728	17137630080419	private_dummy
446	431	1103469220	real
446	433	1103469220	real
446	8729	17137630080419	private_dummy
447	473	1127244833	real
447	475	1127244833	real
447	8730	17137630080419	private_dummy
448	507	1184562466	real
448	509	1184562466	real
448	8731	17137630080419	private_dummy
449	531	1280892846	real
449	533	1280892846	real
449	8732	17137630080419	private_dummy
450	548	1430048205	real
450	550	1430048205	real
450	8733	17137630080419	private_dummy
451	3834	1211545455	real
451	8734	17137630080419	private_dummy
452	3836	1031550423	real
452	8735	17137630080419	private_dummy
453	3838	921841024	real
453	8736	17137630080419	private_dummy
454	3840	857837211	real
454	8737	17137630080419	private_dummy
455	3842	831499126	real
455	8738	17137630080419	private_dummy
456	3844	840211832	real
456	8739	17137630080419	private_dummy
457	3846	884804312	real
457	8740	17137630080419	private_dummy
458	3848	970117258	real
458	8741	17137630080419	private_dummy
459	107	1593607205	real
459	109	1536494450	real
459	133	1536494450	real
459	8742	17137630080419	private_dummy
460	187	1404439436	real
460	189	1347326682	real
460	211	1347326682	real
460	8743	17137630080419	private_dummy
461	258	1284404966	real
461	260	1227292212	real
461	282	1227292212	real
461	8744	17137630080419	private_dummy
462	321	1208591486	real
462	323	1151478732	real
462	345	1151478732	real
462	8745	17137630080419	private_dummy
463	378	1168458172	real
463	380	1111345418	real
463	400	1111345418	real
463	8746	17137630080419	private_dummy
464	428	1160581975	real
464	430	1103469220	real
464	447	1103469220	real
464	8747	17137630080419	private_dummy
465	470	1184357587	real
465	472	1127244833	real
465	486	1127244833	real
465	8748	17137630080419	private_dummy
466	504	1241675220	real
466	506	1184562466	real
466	516	1184562466	real
466	8749	17137630080419	private_dummy
467	528	1338005600	real
467	530	1280892846	real
467	539	1280892846	real
467	8750	17137630080419	private_dummy
468	545	1487160959	real
468	547	1430048205	real
468	554	1430048205	real
468	8751	17137630080419	private_dummy
469	45	1702113907	real
469	47	1702113907	real
469	560	1702113907	real
469	8752	17137630080419	private_dummy
470	264	1227292212	real
470	265	1227292212	real
470	284	1227292212	real
470	8753	17137630080419	private_dummy
471	327	1151478732	real
471	328	1151478732	real
471	347	1151478732	real
471	8754	17137630080419	private_dummy
472	384	1111345418	real
472	385	1111345418	real
472	402	1111345418	real
472	8755	17137630080419	private_dummy
473	434	1103469220	real
473	435	1103469220	real
473	449	1103469220	real
473	8756	17137630080419	private_dummy
474	476	1127244833	real
474	477	1127244833	real
474	488	1127244833	real
474	8757	17137630080419	private_dummy
475	534	1280892846	real
475	535	1280892846	real
475	541	1280892846	real
475	8758	17137630080419	private_dummy
476	551	1430048205	real
476	552	1430048205	real
476	556	1430048205	real
476	8759	17137630080419	private_dummy
477	560	1702113907	real
477	561	1702113907	real
477	8760	17137630080419	private_dummy
478	0	1536494450	real
478	1	1536494450	real
478	3	1536494450	real
478	8761	17137630080419	private_dummy
479	5	1347326682	real
479	6	1347326682	real
479	8	1347326682	real
479	8762	17137630080419	private_dummy
480	10	1227292212	real
480	11	1227292212	real
480	8763	17137630080419	private_dummy
481	14	1151478732	real
481	15	1151478732	real
481	17	1151478732	real
481	8764	17137630080419	private_dummy
482	19	1111345418	real
482	20	1111345418	real
482	8765	17137630080419	private_dummy
483	23	1103469220	real
483	24	1103469220	real
483	8766	17137630080419	private_dummy
484	27	1127244833	real
484	28	1127244833	real
484	8767	17137630080419	private_dummy
485	31	1184562466	real
485	32	1184562466	real
485	34	1184562466	real
485	8768	17137630080419	private_dummy
486	36	1280892846	real
486	37	1280892846	real
486	8769	17137630080419	private_dummy
487	40	1430048205	real
487	41	1430048205	real
487	43	1430048205	real
487	8770	17137630080419	private_dummy
488	45	1702113907	real
488	46	1702113907	real
488	48	1702113907	real
488	8771	17137630080419	private_dummy
489	3732	1211545455	real
489	8772	17137630080419	private_dummy
490	3732	1268658209	real
490	8773	17137630080419	private_dummy
491	3733	818765765	real
491	8774	17137630080419	private_dummy
492	3733	875878519	real
492	8775	17137630080419	private_dummy
493	3734	702163682	real
493	8776	17137630080419	private_dummy
494	3734	759276436	real
494	8777	17137630080419	private_dummy
495	3735	739569451	real
495	8778	17137630080419	private_dummy
496	3735	796682206	real
496	8779	17137630080419	private_dummy
497	3736	952881950	real
497	8780	17137630080419	private_dummy
498	3736	1009994705	real
498	8781	17137630080419	private_dummy
499	3737	1211545455	real
499	8782	17137630080419	private_dummy
500	3737	1211545455	real
500	8783	17137630080419	private_dummy
501	808	1430048205	real
501	8784	17137630080419	private_dummy
502	799	1280892846	real
502	8785	17137630080419	private_dummy
503	786	1184562466	real
503	8786	17137630080419	private_dummy
504	770	1127244833	real
504	8787	17137630080419	private_dummy
505	749	1103469220	real
505	8788	17137630080419	private_dummy
506	725	1111345418	real
506	8789	17137630080419	private_dummy
507	698	1151478732	real
507	8790	17137630080419	private_dummy
508	664	1227292212	real
508	8791	17137630080419	private_dummy
509	626	1347326682	real
509	8792	17137630080419	private_dummy
510	584	1536494450	real
510	8793	17137630080419	private_dummy
511	813	1702113907	real
511	8794	17137630080419	private_dummy
512	797	1280892846	real
512	8795	17137630080419	private_dummy
513	784	1184562466	real
513	8796	17137630080419	private_dummy
514	768	1127244833	real
514	8797	17137630080419	private_dummy
515	747	1103469220	real
515	8798	17137630080419	private_dummy
516	723	1111345418	real
516	8799	17137630080419	private_dummy
517	696	1151478732	real
517	8800	17137630080419	private_dummy
518	662	1227292212	real
518	8801	17137630080419	private_dummy
519	624	1347326682	real
519	8802	17137630080419	private_dummy
520	582	1536494450	real
520	8803	17137630080419	private_dummy
521	782	1184562466	real
521	8804	17137630080419	private_dummy
522	766	1127244833	real
522	8805	17137630080419	private_dummy
523	745	1103469220	real
523	8806	17137630080419	private_dummy
524	721	1111345418	real
524	8807	17137630080419	private_dummy
525	694	1151478732	real
525	8808	17137630080419	private_dummy
526	675	1280892846	real
526	8809	17137630080419	private_dummy
527	622	1347326682	real
527	8810	17137630080419	private_dummy
528	580	1536494450	real
528	8811	17137630080419	private_dummy
529	39	1702113907	real
529	8812	17137630080419	private_dummy
530	772	1184562466	real
530	8813	17137630080419	private_dummy
531	743	1103469220	real
531	8814	17137630080419	private_dummy
532	719	1111345418	real
532	8815	17137630080419	private_dummy
533	703	1184562466	real
533	8816	17137630080419	private_dummy
534	657	1227292212	real
534	8817	17137630080419	private_dummy
535	638	1184562466	real
535	8818	17137630080419	private_dummy
536	578	1536494450	real
536	8819	17137630080419	private_dummy
537	35	1702113907	real
537	8820	17137630080419	private_dummy
538	751	1127244833	real
538	8821	17137630080419	private_dummy
539	728	1127244833	real
539	8822	17137630080419	private_dummy
540	689	1151478732	real
540	8823	17137630080419	private_dummy
541	672	1127244833	real
541	8824	17137630080419	private_dummy
542	617	1347326682	real
542	8825	17137630080419	private_dummy
543	576	1536494450	real
543	8826	17137630080419	private_dummy
544	30	1702113907	real
544	8827	17137630080419	private_dummy
545	727	1103469220	real
545	8828	17137630080419	private_dummy
546	700	1103469220	real
546	8829	17137630080419	private_dummy
547	652	1227292212	real
547	8830	17137630080419	private_dummy
548	615	1347326682	real
548	8831	17137630080419	private_dummy
549	574	1536494450	real
549	8832	17137630080419	private_dummy
550	26	1702113907	real
550	8833	17137630080419	private_dummy
551	699	1111345418	real
551	8834	17137630080419	private_dummy
552	650	1227292212	real
552	8835	17137630080419	private_dummy
553	613	1347326682	real
553	8836	17137630080419	private_dummy
554	572	1536494450	real
554	8837	17137630080419	private_dummy
555	22	1702113907	real
555	8838	17137630080419	private_dummy
556	648	1227292212	real
556	8839	17137630080419	private_dummy
557	611	1347326682	real
557	8840	17137630080419	private_dummy
558	570	1536494450	real
558	8841	17137630080419	private_dummy
559	609	1347326682	real
559	8842	17137630080419	private_dummy
560	568	1536494450	real
560	8843	17137630080419	private_dummy
561	13	1702113907	real
561	8844	17137630080419	private_dummy
562	566	1536494450	real
562	8845	17137630080419	private_dummy
563	9	1702113907	real
563	8846	17137630080419	private_dummy
564	4	1702113907	real
564	8847	17137630080419	private_dummy
565	3901	1151478732	real
565	8848	17137630080419	private_dummy
566	3899	757626495	real
566	8849	17137630080419	private_dummy
567	3904	1151478732	real
567	8850	17137630080419	private_dummy
568	3904	1151478732	real
568	8851	17137630080419	private_dummy
569	3889	389364245	real
569	8852	17137630080419	private_dummy
570	3895	806438676	real
570	3896	806438676	real
570	8853	17137630080419	private_dummy
571	3885	343859956	real
571	3886	515190466	real
571	8854	17137630080419	private_dummy
572	3887	654888557	real
572	8855	17137630080419	private_dummy
573	3911	554789753	real
573	8856	17137630080419	private_dummy
574	3886	515190466	real
574	8857	17137630080419	private_dummy
575	3893	826219067	real
575	8858	17137630080419	private_dummy
576	3913	554789753	real
576	8859	17137630080419	private_dummy
577	3885	640890500	real
577	8860	17137630080419	private_dummy
578	3891	357858012	real
578	8861	17137630080419	private_dummy
579	3915	1103469220	real
579	8862	17137630080419	private_dummy
580	3900	600294042	real
580	8863	17137630080419	private_dummy
581	3897	897324586	real
581	3898	897324586	real
581	8864	17137630080419	private_dummy
582	3887	389364245	real
582	3889	389364245	real
582	8865	17137630080419	private_dummy
583	3891	389364245	real
583	3893	560694755	real
583	8866	17137630080419	private_dummy
584	3918	586295985	real
584	8867	17137630080419	private_dummy
585	3906	1111879445	real
585	8868	17137630080419	private_dummy
586	3906	1111879445	real
586	8869	17137630080419	private_dummy
587	3904	1157383734	real
587	3905	718027208	real
587	3910	560694755	real
587	8870	17137630080419	private_dummy
588	3914	766839389	real
588	8871	17137630080419	private_dummy
589	3916	489589235	real
589	8872	17137630080419	private_dummy
590	3904	1171259123	real
590	3905	983551520	real
590	3912	826219067	real
590	8873	17137630080419	private_dummy
591	3914	963771130	real
591	8874	17137630080419	private_dummy
592	3916	489589235	real
592	8875	17137630080419	private_dummy
593	3903	686520976	real
593	8876	17137630080419	private_dummy
594	3917	560694755	real
594	8877	17137630080419	private_dummy
595	3919	766839389	real
595	8878	17137630080419	private_dummy
596	3903	686520976	real
596	8879	17137630080419	private_dummy
597	3917	560694755	real
597	8880	17137630080419	private_dummy
598	3919	766839389	real
598	8881	17137630080419	private_dummy
599	3902	686520976	real
599	8882	17137630080419	private_dummy
600	3902	983551520	real
600	8883	17137630080419	private_dummy
601	3860	371846286	real
601	3861	371846286	real
601	8884	17137630080419	private_dummy
602	3888	1009994705	real
602	8885	17137630080419	private_dummy
603	3884	1013926669	real
603	8886	17137630080419	private_dummy
604	3884	990100766	real
604	8887	17137630080419	private_dummy
605	3850	798782256	real
605	3851	855895011	real
605	8888	17137630080419	private_dummy
606	3852	597771310	real
606	3853	597771310	real
606	8889	17137630080419	private_dummy
607	3854	577990920	real
607	3855	577990920	real
607	8890	17137630080419	private_dummy
608	3856	726099236	real
608	3857	726099236	real
608	8891	17137630080419	private_dummy
609	3858	1109557844	real
609	3859	1109557844	real
609	8892	17137630080419	private_dummy
610	3927	921260140	real
610	8893	17137630080419	private_dummy
611	3927	897434237	real
611	8894	17137630080419	private_dummy
612	3851	855895011	real
612	8895	17137630080419	private_dummy
613	3869	332246999	real
613	8896	17137630080419	private_dummy
614	3890	742425012	real
614	8897	17137630080419	private_dummy
615	3929	921260140	real
615	8898	17137630080419	private_dummy
616	3929	897434237	real
616	8899	17137630080419	private_dummy
617	3850	1052445090	real
617	8900	17137630080419	private_dummy
618	3862	440438857	real
618	3863	497551611	real
618	8901	17137630080419	private_dummy
619	3864	300740766	real
619	3865	300740766	real
619	8902	17137630080419	private_dummy
620	3866	381059179	real
620	8903	17137630080419	private_dummy
621	3867	783211990	real
621	3868	783211990	real
621	8904	17137630080419	private_dummy
622	3931	1013926669	real
622	8905	17137630080419	private_dummy
623	3931	1093176026	real
623	8906	17137630080419	private_dummy
624	3853	597771310	real
624	8907	17137630080419	private_dummy
625	3863	497551611	real
625	8908	17137630080419	private_dummy
626	3876	381059179	real
626	3877	381059179	real
626	8909	17137630080419	private_dummy
627	3892	682467246	real
627	8910	17137630080419	private_dummy
628	3933	576220084	real
628	8911	17137630080419	private_dummy
629	3933	655469441	real
629	8912	17137630080419	private_dummy
630	3852	670359104	real
630	8913	17137630080419	private_dummy
631	3862	670359104	real
631	8914	17137630080419	private_dummy
632	3870	371846286	real
632	3871	428959040	real
632	8915	17137630080419	private_dummy
633	3872	332246999	real
633	3873	332246999	real
633	8916	17137630080419	private_dummy
634	3874	635103674	real
634	3875	635103674	real
634	8917	17137630080419	private_dummy
635	3935	806140331	real
635	8918	17137630080419	private_dummy
636	3935	516840406	real
636	8919	17137630080419	private_dummy
637	3855	577990920	real
637	3861	577990920	real
637	8920	17137630080419	private_dummy
638	3865	300740766	real
638	8921	17137630080419	private_dummy
639	3871	428959040	real
639	8922	17137630080419	private_dummy
640	3880	783211990	real
640	8923	17137630080419	private_dummy
641	3881	727471858	real
641	8924	17137630080419	private_dummy
642	3937	664959966	real
642	8925	17137630080419	private_dummy
643	3937	468028226	real
643	8926	17137630080419	private_dummy
644	3854	568241738	real
644	3860	568241738	real
644	8927	17137630080419	private_dummy
645	3864	339803765	real
645	8928	17137630080419	private_dummy
646	3870	568241738	real
646	8929	17137630080419	private_dummy
647	3878	489570469	real
647	8930	17137630080419	private_dummy
648	3879	654884065	real
648	8931	17137630080419	private_dummy
649	3939	704022965	real
649	8932	17137630080419	private_dummy
650	3939	468028226	real
650	8933	17137630080419	private_dummy
651	3857	726099236	real
651	8934	17137630080419	private_dummy
652	3873	332246999	real
652	3877	332246999	real
652	8935	17137630080419	private_dummy
653	3894	1280892846	real
653	8936	17137630080419	private_dummy
654	3941	831496330	real
654	8937	17137630080419	private_dummy
655	3941	625351696	real
655	8938	17137630080419	private_dummy
656	3856	628199503	real
656	8939	17137630080419	private_dummy
657	3866	313543580	real
657	3869	313543580	real
657	8940	17137630080419	private_dummy
658	3872	313543580	real
658	3876	313543580	real
658	8941	17137630080419	private_dummy
659	3878	628199503	real
659	3880	685312258	real
659	8942	17137630080419	private_dummy
660	3882	855895011	real
660	3883	913007765	real
660	8943	17137630080419	private_dummy
661	3943	763980730	real
661	8944	17137630080419	private_dummy
662	3943	625351696	real
662	8945	17137630080419	private_dummy
663	3859	1109557844	real
663	8946	17137630080419	private_dummy
664	3868	783211990	real
664	8947	17137630080419	private_dummy
665	3875	635103674	real
665	8948	17137630080419	private_dummy
666	3883	913007765	real
666	8949	17137630080419	private_dummy
667	3945	1243846916	real
667	8950	17137630080419	private_dummy
668	3945	954546992	real
668	8951	17137630080419	private_dummy
669	3858	952881950	real
669	8952	17137630080419	private_dummy
670	3867	582236998	real
670	8953	17137630080419	private_dummy
671	3874	496019047	real
671	8954	17137630080419	private_dummy
672	3879	582236998	real
672	3881	582236998	real
672	8955	17137630080419	private_dummy
673	3882	952881950	real
673	8956	17137630080419	private_dummy
674	3947	1005945527	real
674	8957	17137630080419	private_dummy
675	3947	897434237	real
675	8958	17137630080419	private_dummy
676	3908	875878519	real
676	3926	875878519	real
676	8959	17137630080419	private_dummy
677	3930	1009994705	real
677	8960	17137630080419	private_dummy
678	3932	761656271	real
678	8961	17137630080419	private_dummy
679	3908	978953779	real
679	3928	978953779	real
679	8962	17137630080419	private_dummy
680	3930	1088663177	real
680	8963	17137630080419	private_dummy
681	3932	761656271	real
681	8964	17137630080419	private_dummy
682	3934	639349752	real
682	8965	17137630080419	private_dummy
683	3936	573948669	real
683	8966	17137630080419	private_dummy
684	3934	639349752	real
684	8967	17137630080419	private_dummy
685	3936	573948669	real
685	8968	17137630080419	private_dummy
686	3938	553131802	real
686	8969	17137630080419	private_dummy
687	3940	573948669	real
687	8970	17137630080419	private_dummy
688	3938	553131802	real
688	8971	17137630080419	private_dummy
689	3940	573948669	real
689	8972	17137630080419	private_dummy
690	3942	639349752	real
690	8973	17137630080419	private_dummy
691	3944	761656271	real
691	8974	17137630080419	private_dummy
692	3942	639349752	real
692	8975	17137630080419	private_dummy
693	3944	761656271	real
693	8976	17137630080419	private_dummy
694	3946	1009994705	real
694	8977	17137630080419	private_dummy
695	3948	1009994705	real
695	8978	17137630080419	private_dummy
696	3946	1009994705	real
696	8979	17137630080419	private_dummy
697	3948	1009994705	real
697	8980	17137630080419	private_dummy
698	3909	482026282	real
698	8981	17137630080419	private_dummy
699	3909	585101542	real
699	8982	17137630080419	private_dummy
700	3906	1111879445	real
700	3907	840324744	real
700	8983	17137630080419	private_dummy
701	3906	1136286232	real
701	3907	978953779	real
701	8984	17137630080419	private_dummy
702	48	1702113907	real
702	49	1702113907	real
702	8985	17137630080419	private_dummy
703	807	1487160959	real
703	809	1430048205	real
703	8986	17137630080419	private_dummy
704	798	1338005600	real
704	803	1280892846	real
704	8987	17137630080419	private_dummy
705	785	1241675220	real
705	792	1184562466	real
705	8988	17137630080419	private_dummy
706	769	1184357587	real
706	777	1127244833	real
706	8989	17137630080419	private_dummy
707	748	1160581975	real
707	758	1103469220	real
707	8990	17137630080419	private_dummy
708	724	1168458172	real
708	735	1111345418	real
708	8991	17137630080419	private_dummy
709	697	1208591486	real
709	708	1151478732	real
709	8992	17137630080419	private_dummy
710	663	1284404966	real
710	678	1227292212	real
710	8993	17137630080419	private_dummy
711	625	1404439436	real
711	643	1347326682	real
711	8994	17137630080419	private_dummy
712	583	1593607205	real
712	604	1536494450	real
712	8995	17137630080419	private_dummy
713	46	1702113907	real
713	47	1702113907	real
713	8996	17137630080419	private_dummy
714	3950	1109557844	real
714	8997	17137630080419	private_dummy
715	3952	934563483	real
715	8998	17137630080419	private_dummy
716	3954	830547118	real
716	8999	17137630080419	private_dummy
717	3956	773151825	real
717	9000	17137630080419	private_dummy
718	3958	754689937	real
718	9001	17137630080419	private_dummy
719	3960	773151825	real
719	9002	17137630080419	private_dummy
720	3962	830547118	real
720	9003	17137630080419	private_dummy
721	3964	934563483	real
721	9004	17137630080419	private_dummy
722	809	1702113907	real
722	810	1702113907	real
722	9005	17137630080419	private_dummy
723	43	1702113907	real
723	44	1702113907	real
723	9006	17137630080419	private_dummy
724	807	1759226661	real
724	9007	17137630080419	private_dummy
725	796	1338005600	real
725	801	1280892846	real
725	9008	17137630080419	private_dummy
726	783	1241675220	real
726	790	1184562466	real
726	9009	17137630080419	private_dummy
727	767	1184357587	real
727	775	1127244833	real
727	9010	17137630080419	private_dummy
728	746	1160581975	real
728	756	1103469220	real
728	9011	17137630080419	private_dummy
729	722	1168458172	real
729	733	1111345418	real
729	9012	17137630080419	private_dummy
730	695	1208591486	real
730	706	1151478732	real
730	9013	17137630080419	private_dummy
731	661	1284404966	real
731	676	1227292212	real
731	9014	17137630080419	private_dummy
732	623	1404439436	real
732	641	1347326682	real
732	9015	17137630080419	private_dummy
733	581	1593607205	real
733	602	1536494450	real
733	9016	17137630080419	private_dummy
734	41	1702113907	real
734	42	1780782379	real
734	9017	17137630080419	private_dummy
735	3967	1245339071	real
735	9018	17137630080419	private_dummy
736	3969	934563483	real
736	9019	17137630080419	private_dummy
737	3971	770586556	real
737	9020	17137630080419	private_dummy
738	3973	679295344	real
738	9021	17137630080419	private_dummy
739	3975	636962957	real
739	9022	17137630080419	private_dummy
740	3977	636962957	real
740	9023	17137630080419	private_dummy
741	3979	679295344	real
741	9024	17137630080419	private_dummy
742	3981	770586556	real
742	9025	17137630080419	private_dummy
743	803	1702113907	real
743	804	1702113907	real
743	9026	17137630080419	private_dummy
744	801	1430048205	real
744	802	1430048205	real
744	9027	17137630080419	private_dummy
745	659	1227292212	real
745	660	1227292212	real
745	9028	17137630080419	private_dummy
746	798	1759226661	real
746	9029	17137630080419	private_dummy
747	796	1487160959	real
747	9030	17137630080419	private_dummy
748	781	1241675220	real
748	788	1184562466	real
748	9031	17137630080419	private_dummy
749	765	1184357587	real
749	773	1127244833	real
749	9032	17137630080419	private_dummy
750	744	1160581975	real
750	754	1103469220	real
750	9033	17137630080419	private_dummy
751	720	1168458172	real
751	731	1111345418	real
751	9034	17137630080419	private_dummy
752	693	1208591486	real
752	704	1151478732	real
752	9035	17137630080419	private_dummy
753	658	1284404966	real
753	9036	17137630080419	private_dummy
754	621	1404439436	real
754	639	1347326682	real
754	9037	17137630080419	private_dummy
755	579	1593607205	real
755	600	1536494450	real
755	9038	17137630080419	private_dummy
756	37	1702113907	real
756	38	1759226661	real
756	800	1702113907	real
756	9039	17137630080419	private_dummy
757	3984	1430048205	real
757	9040	17137630080419	private_dummy
758	3986	1130305272	real
758	9041	17137630080419	private_dummy
759	3988	830547118	real
759	9042	17137630080419	private_dummy
760	3990	679295344	real
760	9043	17137630080419	private_dummy
761	3992	603067038	real
761	9044	17137630080419	private_dummy
762	3994	579196540	real
762	9045	17137630080419	private_dummy
763	3996	603067038	real
763	9046	17137630080419	private_dummy
764	3998	679295344	real
764	9047	17137630080419	private_dummy
765	792	1702113907	real
765	793	1702113907	real
765	9048	17137630080419	private_dummy
766	790	1430048205	real
766	791	1430048205	real
766	9049	17137630080419	private_dummy
767	788	1280892846	real
767	789	1280892846	real
767	9050	17137630080419	private_dummy
768	763	1127244833	real
768	764	1127244833	real
768	9051	17137630080419	private_dummy
769	691	1151478732	real
769	692	1151478732	real
769	9052	17137630080419	private_dummy
770	619	1347326682	real
770	620	1347326682	real
770	9053	17137630080419	private_dummy
771	785	1759226661	real
771	9054	17137630080419	private_dummy
772	783	1487160959	real
772	9055	17137630080419	private_dummy
773	781	1338005600	real
773	9056	17137630080419	private_dummy
774	762	1184357587	real
774	9057	17137630080419	private_dummy
775	742	1160581975	real
775	752	1103469220	real
775	9058	17137630080419	private_dummy
776	718	1168458172	real
776	729	1111345418	real
776	9059	17137630080419	private_dummy
777	690	1208591486	real
777	9060	17137630080419	private_dummy
778	656	1284404966	real
778	673	1227292212	real
778	9061	17137630080419	private_dummy
779	618	1404439436	real
779	9062	17137630080419	private_dummy
780	577	1593607205	real
780	598	1536494450	real
780	9063	17137630080419	private_dummy
781	32	1702113907	real
781	33	1759226661	real
781	787	1702113907	real
781	9064	17137630080419	private_dummy
782	4001	1430048205	real
782	9065	17137630080419	private_dummy
783	4003	1280892846	real
783	9066	17137630080419	private_dummy
784	4005	1060184826	real
784	9067	17137630080419	private_dummy
785	4007	773151825	real
785	9068	17137630080419	private_dummy
786	4009	636962957	real
786	9069	17137630080419	private_dummy
787	4011	579196540	real
787	9070	17137630080419	private_dummy
788	4013	579196540	real
788	9071	17137630080419	private_dummy
789	4015	636962957	real
789	9072	17137630080419	private_dummy
790	777	1702113907	real
790	778	1702113907	real
790	9073	17137630080419	private_dummy
791	775	1430048205	real
791	776	1430048205	real
791	9074	17137630080419	private_dummy
792	773	1280892846	real
792	774	1280892846	real
792	9075	17137630080419	private_dummy
793	740	1103469220	real
793	741	1103469220	real
793	9076	17137630080419	private_dummy
794	716	1111345418	real
794	717	1111345418	real
794	9077	17137630080419	private_dummy
795	654	1227292212	real
795	655	1227292212	real
795	9078	17137630080419	private_dummy
796	769	1759226661	real
796	9079	17137630080419	private_dummy
797	767	1487160959	real
797	9080	17137630080419	private_dummy
798	765	1338005600	real
798	9081	17137630080419	private_dummy
799	762	1241675220	real
799	763	1184562466	real
799	9082	17137630080419	private_dummy
800	739	1160581975	real
800	9083	17137630080419	private_dummy
801	715	1168458172	real
801	9084	17137630080419	private_dummy
802	688	1208591486	real
802	701	1151478732	real
802	9085	17137630080419	private_dummy
803	653	1284404966	real
803	9086	17137630080419	private_dummy
804	616	1404439436	real
804	636	1347326682	real
804	9087	17137630080419	private_dummy
805	575	1593607205	real
805	596	1536494450	real
805	9088	17137630080419	private_dummy
806	28	1702113907	real
806	29	1759226661	real
806	771	1702113907	real
806	9089	17137630080419	private_dummy
807	4018	1430048205	real
807	9090	17137630080419	private_dummy
808	4020	1280892846	real
808	9091	17137630080419	private_dummy
809	4022	1184562466	real
809	9092	17137630080419	private_dummy
810	4024	1026660031	real
810	9093	17137630080419	private_dummy
811	4026	754689937	real
811	9094	17137630080419	private_dummy
812	4028	636962957	real
812	9095	17137630080419	private_dummy
813	4030	603067038	real
813	9096	17137630080419	private_dummy
814	4032	636962957	real
814	9097	17137630080419	private_dummy
815	758	1702113907	real
815	759	1702113907	real
815	9098	17137630080419	private_dummy
816	756	1430048205	real
816	757	1430048205	real
816	9099	17137630080419	private_dummy
817	754	1280892846	real
817	755	1280892846	real
817	9100	17137630080419	private_dummy
818	752	1184562466	real
818	753	1184562466	real
818	9101	17137630080419	private_dummy
819	713	1111345418	real
819	714	1111345418	real
819	9102	17137630080419	private_dummy
820	686	1151478732	real
820	687	1151478732	real
820	9103	17137630080419	private_dummy
821	748	1759226661	real
821	9104	17137630080419	private_dummy
822	746	1487160959	real
822	9105	17137630080419	private_dummy
823	744	1338005600	real
823	9106	17137630080419	private_dummy
824	742	1241675220	real
824	9107	17137630080419	private_dummy
825	739	1184357587	real
825	740	1127244833	real
825	9108	17137630080419	private_dummy
826	712	1168458172	real
826	9109	17137630080419	private_dummy
827	685	1208591486	real
827	9110	17137630080419	private_dummy
828	651	1284404966	real
828	670	1227292212	real
828	9111	17137630080419	private_dummy
829	614	1404439436	real
829	634	1347326682	real
829	9112	17137630080419	private_dummy
830	573	1593607205	real
830	594	1536494450	real
830	9113	17137630080419	private_dummy
831	24	1702113907	real
831	25	1759226661	real
831	750	1702113907	real
831	9114	17137630080419	private_dummy
832	4035	1430048205	real
832	9115	17137630080419	private_dummy
833	4037	1280892846	real
833	9116	17137630080419	private_dummy
834	4039	1184562466	real
834	9117	17137630080419	private_dummy
835	4041	1127244833	real
835	9118	17137630080419	private_dummy
836	4043	1026660031	real
836	9119	17137630080419	private_dummy
837	4045	773151825	real
837	9120	17137630080419	private_dummy
838	4047	679295344	real
838	9121	17137630080419	private_dummy
839	4049	679295344	real
839	9122	17137630080419	private_dummy
840	735	1702113907	real
840	736	1702113907	real
840	9123	17137630080419	private_dummy
841	733	1430048205	real
841	734	1430048205	real
841	9124	17137630080419	private_dummy
842	731	1280892846	real
842	732	1280892846	real
842	9125	17137630080419	private_dummy
843	729	1184562466	real
843	730	1184562466	real
843	9126	17137630080419	private_dummy
844	683	1151478732	real
844	684	1151478732	real
844	9127	17137630080419	private_dummy
845	724	1759226661	real
845	9128	17137630080419	private_dummy
846	722	1487160959	real
846	9129	17137630080419	private_dummy
847	720	1338005600	real
847	9130	17137630080419	private_dummy
848	718	1241675220	real
848	9131	17137630080419	private_dummy
849	715	1184357587	real
849	716	1127244833	real
849	9132	17137630080419	private_dummy
850	712	1160581975	real
850	713	1103469220	real
850	9133	17137630080419	private_dummy
851	682	1208591486	real
851	9134	17137630080419	private_dummy
852	649	1284404966	real
852	668	1227292212	real
852	9135	17137630080419	private_dummy
853	612	1404439436	real
853	632	1347326682	real
853	9136	17137630080419	private_dummy
854	571	1593607205	real
854	592	1536494450	real
854	9137	17137630080419	private_dummy
855	20	1702113907	real
855	21	1759226661	real
855	726	1702113907	real
855	9138	17137630080419	private_dummy
856	4052	1430048205	real
856	9139	17137630080419	private_dummy
857	4054	1280892846	real
857	9140	17137630080419	private_dummy
858	4056	1184562466	real
858	9141	17137630080419	private_dummy
859	4058	1127244833	real
859	9142	17137630080419	private_dummy
860	4060	1103469220	real
860	9143	17137630080419	private_dummy
861	4062	1060184826	real
861	9144	17137630080419	private_dummy
862	4064	830547118	real
862	9145	17137630080419	private_dummy
863	4066	770586556	real
863	9146	17137630080419	private_dummy
864	708	1702113907	real
864	709	1702113907	real
864	9147	17137630080419	private_dummy
865	706	1430048205	real
865	707	1430048205	real
865	9148	17137630080419	private_dummy
866	704	1280892846	real
866	705	1280892846	real
866	9149	17137630080419	private_dummy
867	701	1127244833	real
867	702	1127244833	real
867	9150	17137630080419	private_dummy
868	17	1702113907	real
868	18	1702113907	real
868	9151	17137630080419	private_dummy
869	697	1759226661	real
869	9152	17137630080419	private_dummy
870	695	1487160959	real
870	9153	17137630080419	private_dummy
871	693	1338005600	real
871	9154	17137630080419	private_dummy
872	690	1241675220	real
872	691	1184562466	real
872	9155	17137630080419	private_dummy
873	688	1184357587	real
873	9156	17137630080419	private_dummy
874	685	1160581975	real
874	686	1103469220	real
874	9157	17137630080419	private_dummy
875	682	1168458172	real
875	683	1111345418	real
875	9158	17137630080419	private_dummy
876	647	1284404966	real
876	666	1227292212	real
876	9159	17137630080419	private_dummy
877	610	1404439436	real
877	630	1347326682	real
877	9160	17137630080419	private_dummy
878	569	1593607205	real
878	590	1536494450	real
878	9161	17137630080419	private_dummy
879	15	1702113907	real
879	16	1759226661	real
879	9162	17137630080419	private_dummy
880	4069	1430048205	real
880	9163	17137630080419	private_dummy
881	4071	1280892846	real
881	9164	17137630080419	private_dummy
882	4073	1184562466	real
882	9165	17137630080419	private_dummy
883	4075	1127244833	real
883	9166	17137630080419	private_dummy
884	4077	1103469220	real
884	9167	17137630080419	private_dummy
885	4079	1111345418	real
885	9168	17137630080419	private_dummy
886	4081	1130305272	real
886	9169	17137630080419	private_dummy
887	4083	934563483	real
887	9170	17137630080419	private_dummy
888	678	1702113907	real
888	679	1702113907	real
888	9171	17137630080419	private_dummy
889	676	1430048205	real
889	677	1430048205	real
889	9172	17137630080419	private_dummy
890	673	1184562466	real
890	674	1184562466	real
890	9173	17137630080419	private_dummy
891	670	1103469220	real
891	671	1103469220	real
891	9174	17137630080419	private_dummy
892	668	1111345418	real
892	669	1111345418	real
892	9175	17137630080419	private_dummy
893	666	1151478732	real
893	667	1151478732	real
893	9176	17137630080419	private_dummy
894	663	1759226661	real
894	9177	17137630080419	private_dummy
895	661	1487160959	real
895	9178	17137630080419	private_dummy
896	658	1338005600	real
896	659	1280892846	real
896	9179	17137630080419	private_dummy
897	656	1241675220	real
897	9180	17137630080419	private_dummy
898	653	1184357587	real
898	654	1127244833	real
898	9181	17137630080419	private_dummy
899	651	1160581975	real
899	9182	17137630080419	private_dummy
900	649	1168458172	real
900	9183	17137630080419	private_dummy
901	647	1208591486	real
901	9184	17137630080419	private_dummy
902	608	1404439436	real
902	628	1347326682	real
902	9185	17137630080419	private_dummy
903	567	1593607205	real
903	588	1536494450	real
903	9186	17137630080419	private_dummy
904	11	1702113907	real
904	12	1759226661	real
904	665	1702113907	real
904	9187	17137630080419	private_dummy
905	4086	1430048205	real
905	9188	17137630080419	private_dummy
906	4088	1280892846	real
906	9189	17137630080419	private_dummy
907	4090	1184562466	real
907	9190	17137630080419	private_dummy
908	4092	1127244833	real
908	9191	17137630080419	private_dummy
909	4094	1103469220	real
909	9192	17137630080419	private_dummy
910	4096	1111345418	real
910	9193	17137630080419	private_dummy
911	4098	1151478732	real
911	9194	17137630080419	private_dummy
912	4100	1245339071	real
912	9195	17137630080419	private_dummy
913	643	1702113907	real
913	644	1702113907	real
913	9196	17137630080419	private_dummy
914	641	1430048205	real
914	642	1430048205	real
914	9197	17137630080419	private_dummy
915	639	1280892846	real
915	640	1280892846	real
915	9198	17137630080419	private_dummy
916	636	1127244833	real
916	637	1127244833	real
916	9199	17137630080419	private_dummy
917	634	1103469220	real
917	635	1103469220	real
917	9200	17137630080419	private_dummy
918	632	1111345418	real
918	633	1111345418	real
918	9201	17137630080419	private_dummy
919	630	1151478732	real
919	631	1151478732	real
919	9202	17137630080419	private_dummy
920	628	1227292212	real
920	629	1227292212	real
920	9203	17137630080419	private_dummy
921	625	1759226661	real
921	9204	17137630080419	private_dummy
922	623	1487160959	real
922	9205	17137630080419	private_dummy
923	621	1338005600	real
923	9206	17137630080419	private_dummy
924	618	1241675220	real
924	619	1184562466	real
924	9207	17137630080419	private_dummy
925	616	1184357587	real
925	9208	17137630080419	private_dummy
926	614	1160581975	real
926	9209	17137630080419	private_dummy
927	612	1168458172	real
927	9210	17137630080419	private_dummy
928	610	1208591486	real
928	9211	17137630080419	private_dummy
929	608	1284404966	real
929	9212	17137630080419	private_dummy
930	565	1593607205	real
930	586	1536494450	real
930	9213	17137630080419	private_dummy
931	6	1702113907	real
931	7	1759226661	real
931	627	1702113907	real
931	9214	17137630080419	private_dummy
932	4103	1430048205	real
932	9215	17137630080419	private_dummy
933	4105	1280892846	real
933	9216	17137630080419	private_dummy
934	4107	1184562466	real
934	9217	17137630080419	private_dummy
935	4109	1127244833	real
935	9218	17137630080419	private_dummy
936	4111	1103469220	real
936	9219	17137630080419	private_dummy
937	4113	1111345418	real
937	9220	17137630080419	private_dummy
938	4115	1151478732	real
938	9221	17137630080419	private_dummy
939	4117	1227292212	real
939	9222	17137630080419	private_dummy
940	604	1702113907	real
940	605	1702113907	real
940	9223	17137630080419	private_dummy
941	602	1430048205	real
941	603	1430048205	real
941	9224	17137630080419	private_dummy
942	600	1280892846	real
942	601	1280892846	real
942	9225	17137630080419	private_dummy
943	598	1184562466	real
943	599	1184562466	real
943	9226	17137630080419	private_dummy
944	596	1127244833	real
944	597	1127244833	real
944	9227	17137630080419	private_dummy
945	594	1103469220	real
945	595	1103469220	real
945	9228	17137630080419	private_dummy
946	592	1111345418	real
946	593	1111345418	real
946	9229	17137630080419	private_dummy
947	590	1151478732	real
947	591	1151478732	real
947	9230	17137630080419	private_dummy
948	588	1227292212	real
948	589	1227292212	real
948	9231	17137630080419	private_dummy
949	586	1347326682	real
949	587	1347326682	real
949	9232	17137630080419	private_dummy
950	583	1759226661	real
950	9233	17137630080419	private_dummy
951	581	1487160959	real
951	9234	17137630080419	private_dummy
952	579	1338005600	real
952	9235	17137630080419	private_dummy
953	577	1241675220	real
953	9236	17137630080419	private_dummy
954	575	1184357587	real
954	9237	17137630080419	private_dummy
955	573	1160581975	real
955	9238	17137630080419	private_dummy
956	571	1168458172	real
956	9239	17137630080419	private_dummy
957	569	1208591486	real
957	9240	17137630080419	private_dummy
958	567	1284404966	real
958	9241	17137630080419	private_dummy
959	565	1404439436	real
959	9242	17137630080419	private_dummy
960	1	1702113907	real
960	2	1759226661	real
960	585	1702113907	real
960	9243	17137630080419	private_dummy
961	4120	1430048205	real
961	9244	17137630080419	private_dummy
962	4122	1280892846	real
962	9245	17137630080419	private_dummy
963	4124	1184562466	real
963	9246	17137630080419	private_dummy
964	4126	1127244833	real
964	9247	17137630080419	private_dummy
965	4128	1103469220	real
965	9248	17137630080419	private_dummy
966	4130	1111345418	real
966	9249	17137630080419	private_dummy
967	4132	1151478732	real
967	9250	17137630080419	private_dummy
968	4134	1227292212	real
968	9251	17137630080419	private_dummy
969	800	1280892846	real
969	9252	17137630080419	private_dummy
970	787	1184562466	real
970	9253	17137630080419	private_dummy
971	771	1127244833	real
971	9254	17137630080419	private_dummy
972	750	1103469220	real
972	9255	17137630080419	private_dummy
973	726	1111345418	real
973	9256	17137630080419	private_dummy
974	665	1227292212	real
974	9257	17137630080419	private_dummy
975	627	1347326682	real
975	9258	17137630080419	private_dummy
976	585	1536494450	real
976	9259	17137630080419	private_dummy
977	3920	1268658209	real
977	9260	17137630080419	private_dummy
978	3920	1268658209	real
978	9261	17137630080419	private_dummy
979	3921	875878519	real
979	9262	17137630080419	private_dummy
980	3921	875878519	real
980	9263	17137630080419	private_dummy
981	3922	759276436	real
981	9264	17137630080419	private_dummy
982	3922	759276436	real
982	9265	17137630080419	private_dummy
983	3923	796682206	real
983	9266	17137630080419	private_dummy
984	3923	796682206	real
984	9267	17137630080419	private_dummy
985	3924	1009994705	real
985	9268	17137630080419	private_dummy
986	3924	1009994705	real
986	9269	17137630080419	private_dummy
987	3925	1268658209	real
987	9270	17137630080419	private_dummy
988	3925	1211545455	real
988	9271	17137630080419	private_dummy
989	113	1869695623	real
989	9272	17137630080419	private_dummy
990	917	1284404966	real
990	9273	17137630080419	private_dummy
991	919	1208591486	real
991	9274	17137630080419	private_dummy
992	921	1168458172	real
992	9275	17137630080419	private_dummy
993	923	1160581975	real
993	9276	17137630080419	private_dummy
994	925	1184357587	real
994	9277	17137630080419	private_dummy
995	927	1241675220	real
995	929	1184562466	real
995	9278	17137630080419	private_dummy
996	930	1338005600	real
996	9279	17137630080419	private_dummy
997	932	1487160959	real
997	9280	17137630080419	private_dummy
998	934	1759226661	real
998	9281	17137630080419	private_dummy
999	916	1404439436	real
999	937	1347326682	real
999	9282	17137630080419	private_dummy
1000	990	1208591486	real
1000	9283	17137630080419	private_dummy
1001	992	1168458172	real
1001	9284	17137630080419	private_dummy
1002	994	1160581975	real
1002	9285	17137630080419	private_dummy
1003	996	1184357587	real
1003	9286	17137630080419	private_dummy
1004	998	1241675220	real
1004	1000	1184562466	real
1004	9287	17137630080419	private_dummy
1005	975	1284404966	real
1005	9288	17137630080419	private_dummy
1006	1004	1487160959	real
1006	9289	17137630080419	private_dummy
1007	1006	1759226661	real
1007	9290	17137630080419	private_dummy
1008	822	1430048205	real
1008	1008	1430048205	real
1008	9291	17137630080419	private_dummy
1009	1017	1208591486	real
1009	9292	17137630080419	private_dummy
1010	1057	1160581975	real
1010	9293	17137630080419	private_dummy
1011	1059	1184357587	real
1011	9294	17137630080419	private_dummy
1012	1034	1208591486	real
1012	9295	17137630080419	private_dummy
1013	1065	1338005600	real
1013	9296	17137630080419	private_dummy
1014	1045	1208591486	real
1014	9297	17137630080419	private_dummy
1015	1070	1759226661	real
1015	9298	17137630080419	private_dummy
1016	827	1430048205	real
1016	1072	1430048205	real
1016	9299	17137630080419	private_dummy
1017	1081	1168458172	real
1017	9300	17137630080419	private_dummy
1018	1086	1168458172	real
1018	9301	17137630080419	private_dummy
1019	1118	1241675220	real
1019	1120	1184562466	real
1019	9302	17137630080419	private_dummy
1020	1097	1168458172	real
1020	9303	17137630080419	private_dummy
1021	1124	1487160959	real
1021	9304	17137630080419	private_dummy
1022	1126	1759226661	real
1022	9305	17137630080419	private_dummy
1023	831	1430048205	real
1023	1128	1430048205	real
1023	9306	17137630080419	private_dummy
1024	1137	1160581975	real
1024	9307	17137630080419	private_dummy
1025	1142	1160581975	real
1025	9308	17137630080419	private_dummy
1026	1170	1338005600	real
1026	9309	17137630080419	private_dummy
1027	1172	1487160959	real
1027	9310	17137630080419	private_dummy
1028	1174	1759226661	real
1028	9311	17137630080419	private_dummy
1029	835	1430048205	real
1029	1176	1430048205	real
1029	9312	17137630080419	private_dummy
1030	1185	1184357587	real
1030	1210	1127244833	real
1030	9313	17137630080419	private_dummy
1031	1211	1338005600	real
1031	9314	17137630080419	private_dummy
1032	1214	1487160959	real
1032	9315	17137630080419	private_dummy
1033	1217	1759226661	real
1033	9316	17137630080419	private_dummy
1034	839	1430048205	real
1034	1220	1430048205	real
1034	9317	17137630080419	private_dummy
1035	1244	1338005600	real
1035	9318	17137630080419	private_dummy
1036	1246	1487160959	real
1036	9319	17137630080419	private_dummy
1037	1248	1759226661	real
1037	9320	17137630080419	private_dummy
1038	1243	1241675220	real
1038	1251	1184562466	real
1038	9321	17137630080419	private_dummy
1039	1269	1487160959	real
1039	9322	17137630080419	private_dummy
1040	1271	1759226661	real
1040	9323	17137630080419	private_dummy
1041	848	1430048205	real
1041	1273	1430048205	real
1041	9324	17137630080419	private_dummy
1042	1286	1759226661	real
1042	9325	17137630080419	private_dummy
1043	853	1430048205	real
1043	1288	1430048205	real
1043	9326	17137630080419	private_dummy
1044	858	1430048205	real
1044	1295	1430048205	real
1044	9327	17137630080419	private_dummy
1045	4268	978953779	real
1045	9328	17137630080419	private_dummy
1046	4266	633453734	real
1046	9329	17137630080419	private_dummy
1047	4271	941917066	real
1047	9330	17137630080419	private_dummy
1048	4271	1003072071	real
1048	9331	17137630080419	private_dummy
1049	4256	208081990	real
1049	9332	17137630080419	private_dummy
1050	4262	791246176	real
1050	4263	791246176	real
1050	9333	17137630080419	private_dummy
1051	4252	146923723	real
1051	4253	318254233	real
1051	9334	17137630080419	private_dummy
1052	4254	576220084	real
1052	9335	17137630080419	private_dummy
1053	4278	357853520	real
1053	9336	17137630080419	private_dummy
1054	4253	318254233	real
1054	9337	17137630080419	private_dummy
1055	4260	611361727	real
1055	9338	17137630080419	private_dummy
1056	4280	318254233	real
1056	9339	17137630080419	private_dummy
1057	4252	424173877	real
1057	9340	17137630080419	private_dummy
1058	4258	204036478	real
1058	9341	17137630080419	private_dummy
1059	4282	831499126	real
1059	9342	17137630080419	private_dummy
1060	4267	446472507	real
1060	9343	17137630080419	private_dummy
1061	4264	773151825	real
1061	4265	773151825	real
1061	9344	17137630080419	private_dummy
1062	4254	232027299	real
1062	4256	218029243	real
1062	9345	17137630080419	private_dummy
1063	4258	440031217	real
1063	4260	611361727	real
1063	9346	17137630080419	private_dummy
1064	4285	389359753	real
1064	9347	17137630080419	private_dummy
1065	4273	963472784	real
1065	9348	17137630080419	private_dummy
1066	4273	884804312	real
1066	9349	17137630080419	private_dummy
1067	4271	941917066	real
1067	4272	518041534	real
1067	4277	414966275	real
1067	9350	17137630080419	private_dummy
1068	4281	598359948	real
1068	9351	17137630080419	private_dummy
1069	4283	321109794	real
1069	9352	17137630080419	private_dummy
1070	4271	1022852462	real
1070	4272	872181572	real
1070	4279	733552537	real
1070	9353	17137630080419	private_dummy
1071	4281	852401182	real
1071	9354	17137630080419	private_dummy
1072	4283	378219287	real
1072	9355	17137630080419	private_dummy
1073	4270	617071282	real
1073	9356	17137630080419	private_dummy
1074	4284	392215313	real
1074	9357	17137630080419	private_dummy
1075	4286	736988982	real
1075	9358	17137630080419	private_dummy
1076	4270	456883268	real
1076	9359	17137630080419	private_dummy
1077	4284	449324807	real
1077	9360	17137630080419	private_dummy
1078	4286	576800968	real
1078	9361	17137630080419	private_dummy
1079	4269	456883268	real
1079	9362	17137630080419	private_dummy
1080	4269	734133422	real
1080	9363	17137630080419	private_dummy
1081	4156	332246999	real
1081	4159	332246999	real
1081	9364	17137630080419	private_dummy
1082	4255	913007765	real
1082	9365	17137630080419	private_dummy
1083	4251	954546992	real
1083	9366	17137630080419	private_dummy
1084	4251	954546992	real
1084	9367	17137630080419	private_dummy
1085	4136	726099236	real
1085	4137	783211990	real
1085	9368	17137630080419	private_dummy
1086	4138	577990920	real
1086	4139	577990920	real
1086	9369	17137630080419	private_dummy
1087	4140	597771310	real
1087	4141	597771310	real
1087	9370	17137630080419	private_dummy
1088	4142	798782256	real
1088	4143	798782256	real
1088	9371	17137630080419	private_dummy
1089	4144	1109557844	real
1089	4145	1052445090	real
1089	9372	17137630080419	private_dummy
1090	4294	861880462	real
1090	9373	17137630080419	private_dummy
1091	4294	861880462	real
1091	9374	17137630080419	private_dummy
1092	4137	704543517	real
1092	9375	17137630080419	private_dummy
1093	4197	371846286	real
1093	9376	17137630080419	private_dummy
1094	4257	554664365	real
1094	9377	17137630080419	private_dummy
1095	4296	704543517	real
1095	9378	17137630080419	private_dummy
1096	4296	783211990	real
1096	9379	17137630080419	private_dummy
1097	4136	895769196	real
1097	9380	17137630080419	private_dummy
1098	4169	405465967	real
1098	4172	462578721	real
1098	9381	17137630080419	private_dummy
1099	4175	285548266	real
1099	4178	285548266	real
1099	9382	17137630080419	private_dummy
1100	4181	405465967	real
1100	9383	17137630080419	private_dummy
1101	4185	613249611	real
1101	4186	613249611	real
1101	9384	17137630080419	private_dummy
1102	4298	783211990	real
1102	9385	17137630080419	private_dummy
1103	4298	1000509497	real
1103	9386	17137630080419	private_dummy
1104	4139	459723160	real
1104	9387	17137630080419	private_dummy
1105	4172	462578721	real
1105	9388	17137630080419	private_dummy
1106	4224	440438857	real
1106	4227	440438857	real
1106	9389	17137630080419	private_dummy
1107	4259	486071794	real
1107	9390	17137630080419	private_dummy
1108	4300	359503461	real
1108	9391	17137630080419	private_dummy
1109	4300	576800968	real
1109	9392	17137630080419	private_dummy
1110	4138	525124244	real
1110	9393	17137630080419	private_dummy
1111	4169	628199503	real
1111	9394	17137630080419	private_dummy
1112	4205	382913971	real
1112	4208	440026725	real
1112	9395	17137630080419	private_dummy
1113	4211	382913971	real
1113	4214	382913971	real
1113	9396	17137630080419	private_dummy
1114	4216	440026725	real
1114	4217	440026725	real
1114	9397	17137630080419	private_dummy
1115	4302	582236998	real
1115	9398	17137630080419	private_dummy
1116	4302	473725708	real
1116	9399	17137630080419	private_dummy
1117	4141	459723160	real
1117	4159	459723160	real
1117	9400	17137630080419	private_dummy
1118	4178	285548266	real
1118	9401	17137630080419	private_dummy
1119	4208	440026725	real
1119	9402	17137630080419	private_dummy
1120	4240	855895011	real
1120	9403	17137630080419	private_dummy
1121	4244	546683223	real
1121	9404	17137630080419	private_dummy
1122	4304	468023734	real
1122	9405	17137630080419	private_dummy
1123	4304	424913528	real
1123	9406	17137630080419	private_dummy
1124	4140	438906293	real
1124	4156	438906293	real
1124	9407	17137630080419	private_dummy
1125	4175	313543580	real
1125	9408	17137630080419	private_dummy
1126	4205	568241738	real
1126	9409	17137630080419	private_dummy
1127	4233	556136856	real
1127	9410	17137630080419	private_dummy
1128	4237	462578721	real
1128	9411	17137630080419	private_dummy
1129	4306	496019047	real
1129	9412	17137630080419	private_dummy
1130	4306	424913528	real
1130	9413	17137630080419	private_dummy
1131	4143	647430763	real
1131	9414	17137630080419	private_dummy
1132	4214	382913971	real
1132	4227	382913971	real
1132	9415	17137630080419	private_dummy
1133	4261	1027230012	real
1133	9416	17137630080419	private_dummy
1134	4308	674159385	real
1134	9417	17137630080419	private_dummy
1135	4308	582236998	real
1135	9418	17137630080419	private_dummy
1136	4142	525124244	real
1136	9419	17137630080419	private_dummy
1137	4181	313543580	real
1137	4197	313543580	real
1137	9420	17137630080419	private_dummy
1138	4211	339803765	real
1138	4224	339803765	real
1138	9421	17137630080419	private_dummy
1139	4233	670359104	real
1139	4240	727471858	real
1139	9422	17137630080419	private_dummy
1140	4248	704543517	real
1140	4249	761656271	real
1140	9423	17137630080419	private_dummy
1141	4310	582236998	real
1141	9424	17137630080419	private_dummy
1142	4310	582236998	real
1142	9425	17137630080419	private_dummy
1143	4145	1052445090	real
1143	9426	17137630080419	private_dummy
1144	4186	613249611	real
1144	9427	17137630080419	private_dummy
1145	4217	440026725	real
1145	9428	17137630080419	private_dummy
1146	4249	761656271	real
1146	9429	17137630080419	private_dummy
1147	4312	1151180387	real
1147	9430	17137630080419	private_dummy
1148	4312	897434237	real
1148	9431	17137630080419	private_dummy
1149	4144	952881950	real
1149	9432	17137630080419	private_dummy
1150	4185	685312258	real
1150	9433	17137630080419	private_dummy
1151	4216	625354492	real
1151	9434	17137630080419	private_dummy
1152	4237	727471858	real
1152	4244	727471858	real
1152	9435	17137630080419	private_dummy
1153	4248	1109557844	real
1153	9436	17137630080419	private_dummy
1154	4314	927277054	real
1154	9437	17137630080419	private_dummy
1155	4314	818765765	real
1155	9438	17137630080419	private_dummy
1156	4275	783211990	real
1156	4293	840324744	real
1156	9439	17137630080419	private_dummy
1157	4297	952881950	real
1157	9440	17137630080419	private_dummy
1158	4299	704543517	real
1158	9441	17137630080419	private_dummy
1159	4275	921841024	real
1159	4295	921841024	real
1159	9442	17137630080419	private_dummy
1160	4297	1031550423	real
1160	9443	17137630080419	private_dummy
1161	4299	704543517	real
1161	9444	17137630080419	private_dummy
1162	4301	582236998	real
1162	9445	17137630080419	private_dummy
1163	4303	516835914	real
1163	9446	17137630080419	private_dummy
1164	4301	582236998	real
1164	9447	17137630080419	private_dummy
1165	4303	516835914	real
1165	9448	17137630080419	private_dummy
1166	4305	496019047	real
1166	9449	17137630080419	private_dummy
1167	4307	516835914	real
1167	9450	17137630080419	private_dummy
1168	4305	496019047	real
1168	9451	17137630080419	private_dummy
1169	4307	516835914	real
1169	9452	17137630080419	private_dummy
1170	4309	582236998	real
1170	9453	17137630080419	private_dummy
1171	4311	704543517	real
1171	9454	17137630080419	private_dummy
1172	4309	582236998	real
1172	9455	17137630080419	private_dummy
1173	4311	704543517	real
1173	9456	17137630080419	private_dummy
1174	4313	952881950	real
1174	9457	17137630080419	private_dummy
1175	4315	1031550423	real
1175	9458	17137630080419	private_dummy
1176	4313	952881950	real
1176	9459	17137630080419	private_dummy
1177	4315	1031550423	real
1177	9460	17137630080419	private_dummy
1178	4276	322299745	real
1178	9461	17137630080419	private_dummy
1179	4276	460928780	real
1179	9462	17137630080419	private_dummy
1180	4273	884804312	real
1180	4274	613249611	real
1180	9463	17137630080419	private_dummy
1181	4273	884804312	real
1181	4274	727471858	real
1181	9464	17137630080419	private_dummy
1182	563	1430048205	real
1182	564	1430048205	real
1182	585	1430048205	real
1182	9465	17137630080419	private_dummy
1183	4133	1088663177	real
1183	4135	1337001611	real
1183	9466	17137630080419	private_dummy
1184	4131	954546992	real
1184	9467	17137630080419	private_dummy
1185	4129	875350678	real
1185	9468	17137630080419	private_dummy
1186	4127	837944909	real
1186	9469	17137630080419	private_dummy
1187	4125	837944909	real
1187	9470	17137630080419	private_dummy
1188	4123	875350678	real
1188	9471	17137630080419	private_dummy
1189	4121	954546992	real
1189	9472	17137630080419	private_dummy
1190	4119	1088663177	real
1190	9473	17137630080419	private_dummy
1191	50	1487160959	real
1191	51	1430048205	real
1191	9474	17137630080419	private_dummy
1192	57	1869695623	real
1192	58	1869695623	real
1192	566	1869695623	real
1192	9475	17137630080419	private_dummy
1193	817	1430048205	real
1193	818	1487160959	real
1193	936	1430048205	real
1193	9476	17137630080419	private_dummy
1194	4147	1031550423	real
1194	9477	17137630080419	private_dummy
1195	4149	783211990	real
1195	9478	17137630080419	private_dummy
1196	4151	660905471	real
1196	9479	17137630080419	private_dummy
1197	4153	595504387	real
1197	9480	17137630080419	private_dummy
1198	4155	574687520	real
1198	9481	17137630080419	private_dummy
1199	4158	595504387	real
1199	9482	17137630080419	private_dummy
1200	4161	660905471	real
1200	9483	17137630080419	private_dummy
1201	4163	783211990	real
1201	9484	17137630080419	private_dummy
1202	54	1869695623	real
1202	55	1869695623	real
1202	9485	17137630080419	private_dummy
1203	862	1284404966	real
1203	863	1284404966	real
1203	865	1227292212	real
1203	866	1227292212	real
1203	9486	17137630080419	private_dummy
1204	868	1208591486	real
1204	869	1208591486	real
1204	871	1151478732	real
1204	872	1151478732	real
1204	9487	17137630080419	private_dummy
1205	874	1168458172	real
1205	875	1168458172	real
1205	877	1111345418	real
1205	878	1111345418	real
1205	9488	17137630080419	private_dummy
1206	880	1160581975	real
1206	881	1160581975	real
1206	883	1103469220	real
1206	884	1103469220	real
1206	9489	17137630080419	private_dummy
1207	886	1184357587	real
1207	887	1184357587	real
1207	889	1127244833	real
1207	890	1127244833	real
1207	9490	17137630080419	private_dummy
1208	892	1241675220	real
1208	893	1241675220	real
1208	895	1184562466	real
1208	896	1184562466	real
1208	9491	17137630080419	private_dummy
1209	898	1338005600	real
1209	899	1338005600	real
1209	901	1280892846	real
1209	902	1280892846	real
1209	9492	17137630080419	private_dummy
1210	904	1487160959	real
1210	905	1487160959	real
1210	907	1430048205	real
1210	908	1430048205	real
1210	9493	17137630080419	private_dummy
1211	910	1759226661	real
1211	911	1759226661	real
1211	913	1702113907	real
1211	914	1702113907	real
1211	9494	17137630080419	private_dummy
1212	814	1430048205	real
1212	816	1487160959	real
1212	9495	17137630080419	private_dummy
1213	63	1869695623	real
1213	64	1869695623	real
1213	568	1869695623	real
1213	9496	17137630080419	private_dummy
1214	865	1347326682	real
1214	867	1404439436	real
1214	9497	17137630080419	private_dummy
1215	1001	1280892846	real
1215	1002	1338005600	real
1215	9498	17137630080419	private_dummy
1216	4317	1211545455	real
1216	9499	17137630080419	private_dummy
1217	4166	783211990	real
1217	9500	17137630080419	private_dummy
1218	4168	546683223	real
1218	9501	17137630080419	private_dummy
1219	4171	438171934	real
1219	9502	17137630080419	private_dummy
1220	4174	389359753	real
1220	9503	17137630080419	private_dummy
1221	4177	389359753	real
1221	9504	17137630080419	private_dummy
1222	4319	438171934	real
1222	9505	17137630080419	private_dummy
1223	4183	546683223	real
1223	9506	17137630080419	private_dummy
1224	60	1869695623	real
1224	61	1869695623	real
1224	9507	17137630080419	private_dummy
1225	862	1404439436	real
1225	864	1404439436	real
1225	918	1347326682	real
1225	9508	17137630080419	private_dummy
1226	941	1208591486	real
1226	942	1208591486	real
1226	944	1151478732	real
1226	945	1151478732	real
1226	9509	17137630080419	private_dummy
1227	947	1168458172	real
1227	948	1168458172	real
1227	950	1111345418	real
1227	951	1111345418	real
1227	9510	17137630080419	private_dummy
1228	953	1160581975	real
1228	954	1160581975	real
1228	956	1103469220	real
1228	957	1103469220	real
1228	9511	17137630080419	private_dummy
1229	959	1184357587	real
1229	960	1184357587	real
1229	962	1127244833	real
1229	963	1127244833	real
1229	9512	17137630080419	private_dummy
1230	965	1241675220	real
1230	966	1241675220	real
1230	968	1184562466	real
1230	969	1184562466	real
1230	9513	17137630080419	private_dummy
1231	971	1338005600	real
1231	972	1338005600	real
1231	974	1280892846	real
1231	9514	17137630080419	private_dummy
1232	976	1487160959	real
1232	977	1487160959	real
1232	979	1430048205	real
1232	980	1430048205	real
1232	9515	17137630080419	private_dummy
1233	982	1759226661	real
1233	983	1759226661	real
1233	985	1702113907	real
1233	986	1702113907	real
1233	9516	17137630080419	private_dummy
1234	819	1430048205	real
1234	821	1487160959	real
1234	988	1430048205	real
1234	9517	17137630080419	private_dummy
1235	69	1869695623	real
1235	70	1869695623	real
1235	570	1869695623	real
1235	9518	17137630080419	private_dummy
1236	871	1347326682	real
1236	873	1404439436	real
1236	9519	17137630080419	private_dummy
1237	944	1227292212	real
1237	946	1284404966	real
1237	9520	17137630080419	private_dummy
1238	1054	1111345418	real
1238	1055	1168458172	real
1238	9521	17137630080419	private_dummy
1239	1061	1184562466	real
1239	1062	1241675220	real
1239	1064	1184562466	real
1239	9522	17137630080419	private_dummy
1240	1067	1430048205	real
1240	1068	1487160959	real
1240	9523	17137630080419	private_dummy
1241	4321	1211545455	real
1241	9524	17137630080419	private_dummy
1242	4323	952881950	real
1242	9525	17137630080419	private_dummy
1243	4325	685312258	real
1243	9526	17137630080419	private_dummy
1244	4190	462578721	real
1244	9527	17137630080419	private_dummy
1245	4192	370656334	real
1245	9528	17137630080419	private_dummy
1246	4327	342661020	real
1246	9529	17137630080419	private_dummy
1247	4196	370656334	real
1247	9530	17137630080419	private_dummy
1248	4329	462578721	real
1248	9531	17137630080419	private_dummy
1249	66	1869695623	real
1249	67	1869695623	real
1249	9532	17137630080419	private_dummy
1250	868	1404439436	real
1250	870	1404439436	real
1250	920	1347326682	real
1250	9533	17137630080419	private_dummy
1251	941	1284404966	real
1251	943	1284404966	real
1251	991	1227292212	real
1251	9534	17137630080419	private_dummy
1252	1013	1168458172	real
1252	1014	1168458172	real
1252	1016	1111345418	real
1252	9535	17137630080419	private_dummy
1253	1018	1160581975	real
1253	1019	1160581975	real
1253	1021	1103469220	real
1253	1022	1103469220	real
1253	9536	17137630080419	private_dummy
1254	1024	1184357587	real
1254	1025	1184357587	real
1254	1027	1127244833	real
1254	1028	1127244833	real
1254	9537	17137630080419	private_dummy
1255	1030	1241675220	real
1255	1031	1241675220	real
1255	1033	1184562466	real
1255	9538	17137630080419	private_dummy
1256	1035	1338005600	real
1256	1036	1338005600	real
1256	1038	1280892846	real
1256	1039	1280892846	real
1256	9539	17137630080419	private_dummy
1257	1041	1487160959	real
1257	1042	1487160959	real
1257	1044	1430048205	real
1257	9540	17137630080419	private_dummy
1258	1046	1759226661	real
1258	1047	1759226661	real
1258	1049	1702113907	real
1258	1050	1702113907	real
1258	9541	17137630080419	private_dummy
1259	823	1430048205	real
1259	825	1487160959	real
1259	1052	1430048205	real
1259	9542	17137630080419	private_dummy
1260	75	1869695623	real
1260	76	1869695623	real
1260	572	1869695623	real
1260	9543	17137630080419	private_dummy
1261	877	1347326682	real
1261	879	1404439436	real
1261	9544	17137630080419	private_dummy
1262	950	1227292212	real
1262	952	1284404966	real
1262	9545	17137630080419	private_dummy
1263	1112	1103469220	real
1263	1113	1160581975	real
1263	9546	17137630080419	private_dummy
1264	1115	1127244833	real
1264	1116	1184357587	real
1264	9547	17137630080419	private_dummy
1265	1121	1280892846	real
1265	1122	1338005600	real
1265	9548	17137630080419	private_dummy
1266	4331	1211545455	real
1266	9549	17137630080419	private_dummy
1267	4333	952881950	real
1267	9550	17137630080419	private_dummy
1268	4188	818765765	real
1268	9551	17137630080419	private_dummy
1269	4335	635103674	real
1269	9552	17137630080419	private_dummy
1270	4337	428959040	real
1270	9553	17137630080419	private_dummy
1271	4207	357853520	real
1271	9554	17137630080419	private_dummy
1272	4339	357853520	real
1272	9555	17137630080419	private_dummy
1273	4213	428959040	real
1273	9556	17137630080419	private_dummy
1274	72	1869695623	real
1274	73	1869695623	real
1274	9557	17137630080419	private_dummy
1275	874	1404439436	real
1275	876	1404439436	real
1275	922	1347326682	real
1275	9558	17137630080419	private_dummy
1276	947	1284404966	real
1276	949	1284404966	real
1276	993	1227292212	real
1276	9559	17137630080419	private_dummy
1277	1013	1208591486	real
1277	1015	1208591486	real
1277	1054	1151478732	real
1277	1056	1151478732	real
1277	9560	17137630080419	private_dummy
1278	1077	1160581975	real
1278	1078	1160581975	real
1278	1080	1103469220	real
1278	9561	17137630080419	private_dummy
1279	1082	1184357587	real
1279	1083	1184357587	real
1279	1085	1127244833	real
1279	9562	17137630080419	private_dummy
1280	1087	1241675220	real
1280	1088	1241675220	real
1280	1090	1184562466	real
1280	1091	1184562466	real
1280	9563	17137630080419	private_dummy
1281	1093	1338005600	real
1281	1094	1338005600	real
1281	1096	1280892846	real
1281	9564	17137630080419	private_dummy
1282	1098	1487160959	real
1282	1099	1487160959	real
1282	1101	1430048205	real
1282	1102	1430048205	real
1282	9565	17137630080419	private_dummy
1283	1104	1759226661	real
1283	1105	1759226661	real
1283	1107	1702113907	real
1283	1108	1702113907	real
1283	9566	17137630080419	private_dummy
1284	828	1430048205	real
1284	830	1487160959	real
1284	1110	1430048205	real
1284	9567	17137630080419	private_dummy
1285	81	1869695623	real
1285	82	1869695623	real
1285	574	1869695623	real
1285	9568	17137630080419	private_dummy
1286	883	1347326682	real
1286	885	1404439436	real
1286	9569	17137630080419	private_dummy
1287	956	1227292212	real
1287	958	1284404966	real
1287	9570	17137630080419	private_dummy
1288	1021	1151478732	real
1288	1023	1208591486	real
1288	9571	17137630080419	private_dummy
1289	1163	1127244833	real
1289	1164	1184357587	real
1289	9572	17137630080419	private_dummy
1290	1166	1184562466	real
1290	1167	1241675220	real
1290	1169	1184562466	real
1290	9573	17137630080419	private_dummy
1291	4341	1211545455	real
1291	9574	17137630080419	private_dummy
1292	4343	952881950	real
1292	9575	17137630080419	private_dummy
1293	4345	818765765	real
1293	9576	17137630080419	private_dummy
1294	4202	739569451	real
1294	9577	17137630080419	private_dummy
1295	4347	625354492	real
1295	9578	17137630080419	private_dummy
1296	4349	440026725	real
1296	9579	17137630080419	private_dummy
1297	4223	396916519	real
1297	9580	17137630080419	private_dummy
1298	4226	440026725	real
1298	9581	17137630080419	private_dummy
1299	78	1869695623	real
1299	79	1869695623	real
1299	9582	17137630080419	private_dummy
1300	880	1404439436	real
1300	882	1404439436	real
1300	924	1347326682	real
1300	9583	17137630080419	private_dummy
1301	953	1284404966	real
1301	955	1284404966	real
1301	995	1227292212	real
1301	9584	17137630080419	private_dummy
1302	1018	1208591486	real
1302	1020	1208591486	real
1302	1058	1151478732	real
1302	9585	17137630080419	private_dummy
1303	1077	1168458172	real
1303	1079	1168458172	real
1303	1112	1111345418	real
1303	1114	1111345418	real
1303	9586	17137630080419	private_dummy
1304	1133	1184357587	real
1304	1134	1184357587	real
1304	1136	1127244833	real
1304	9587	17137630080419	private_dummy
1305	1138	1241675220	real
1305	1139	1241675220	real
1305	1141	1184562466	real
1305	9588	17137630080419	private_dummy
1306	1143	1338005600	real
1306	1144	1338005600	real
1306	1146	1280892846	real
1306	1147	1280892846	real
1306	9589	17137630080419	private_dummy
1307	1149	1487160959	real
1307	1150	1487160959	real
1307	1152	1430048205	real
1307	1153	1430048205	real
1307	9590	17137630080419	private_dummy
1308	1155	1759226661	real
1308	1156	1759226661	real
1308	1158	1702113907	real
1308	1159	1702113907	real
1308	9591	17137630080419	private_dummy
1309	832	1430048205	real
1309	834	1487160959	real
1309	1161	1430048205	real
1309	9592	17137630080419	private_dummy
1310	87	1869695623	real
1310	88	1869695623	real
1310	576	1869695623	real
1310	9593	17137630080419	private_dummy
1311	889	1347326682	real
1311	891	1404439436	real
1311	9594	17137630080419	private_dummy
1312	962	1227292212	real
1312	964	1284404966	real
1312	9595	17137630080419	private_dummy
1313	1027	1151478732	real
1313	1029	1208591486	real
1313	9596	17137630080419	private_dummy
1314	1206	1184562466	real
1314	1207	1241675220	real
1314	1209	1184562466	real
1314	9597	17137630080419	private_dummy
1315	4351	1211545455	real
1315	9598	17137630080419	private_dummy
1316	4353	952881950	real
1316	9599	17137630080419	private_dummy
1317	4355	818765765	real
1317	9600	17137630080419	private_dummy
1318	4204	739569451	real
1318	9601	17137630080419	private_dummy
1319	4219	702163682	real
1319	9602	17137630080419	private_dummy
1320	4357	654884065	real
1320	9603	17137630080419	private_dummy
1321	4232	497551611	real
1321	9604	17137630080419	private_dummy
1322	4235	497551611	real
1322	9605	17137630080419	private_dummy
1323	84	1869695623	real
1323	85	1869695623	real
1323	9606	17137630080419	private_dummy
1324	886	1404439436	real
1324	888	1404439436	real
1324	926	1347326682	real
1324	9607	17137630080419	private_dummy
1325	959	1284404966	real
1325	961	1284404966	real
1325	997	1227292212	real
1325	9608	17137630080419	private_dummy
1326	1024	1208591486	real
1326	1026	1208591486	real
1326	1060	1151478732	real
1326	9609	17137630080419	private_dummy
1327	1082	1168458172	real
1327	1084	1168458172	real
1327	1115	1111345418	real
1327	1117	1111345418	real
1327	9610	17137630080419	private_dummy
1328	1133	1160581975	real
1328	1135	1160581975	real
1328	1163	1103469220	real
1328	1165	1103469220	real
1328	9611	17137630080419	private_dummy
1329	1181	1241675220	real
1329	1182	1241675220	real
1329	1184	1184562466	real
1329	9612	17137630080419	private_dummy
1330	1186	1338005600	real
1330	1187	1338005600	real
1330	1189	1280892846	real
1330	1190	1280892846	real
1330	9613	17137630080419	private_dummy
1331	1192	1487160959	real
1331	1193	1487160959	real
1331	1195	1430048205	real
1331	1196	1430048205	real
1331	9614	17137630080419	private_dummy
1332	1198	1759226661	real
1332	1199	1759226661	real
1332	1201	1702113907	real
1332	1202	1702113907	real
1332	9615	17137630080419	private_dummy
1333	836	1430048205	real
1333	838	1487160959	real
1333	1204	1430048205	real
1333	9616	17137630080419	private_dummy
1334	93	1869695623	real
1334	94	1869695623	real
1334	578	1869695623	real
1334	9617	17137630080419	private_dummy
1335	895	1347326682	real
1335	897	1404439436	real
1335	9618	17137630080419	private_dummy
1336	968	1227292212	real
1336	970	1284404966	real
1336	9619	17137630080419	private_dummy
1337	1090	1111345418	real
1337	1092	1168458172	real
1337	9620	17137630080419	private_dummy
1338	843	1430048205	real
1338	844	1430048205	real
1338	1250	1430048205	real
1338	9621	17137630080419	private_dummy
1339	4359	1211545455	real
1339	9622	17137630080419	private_dummy
1340	4361	952881950	real
1340	9623	17137630080419	private_dummy
1341	4194	818765765	real
1341	9624	17137630080419	private_dummy
1342	4363	739569451	real
1342	9625	17137630080419	private_dummy
1343	4221	702163682	real
1343	9626	17137630080419	private_dummy
1344	4230	702163682	real
1344	9627	17137630080419	private_dummy
1345	4239	727471858	real
1345	9628	17137630080419	private_dummy
1346	4242	613249611	real
1346	9629	17137630080419	private_dummy
1347	90	1869695623	real
1347	91	1869695623	real
1347	9630	17137630080419	private_dummy
1348	892	1404439436	real
1348	894	1404439436	real
1348	928	1347326682	real
1348	9631	17137630080419	private_dummy
1349	965	1284404966	real
1349	967	1284404966	real
1349	999	1227292212	real
1349	9632	17137630080419	private_dummy
1350	1030	1208591486	real
1350	1032	1208591486	real
1350	1061	1151478732	real
1350	1063	1151478732	real
1350	9633	17137630080419	private_dummy
1351	1087	1168458172	real
1351	1089	1168458172	real
1351	1119	1111345418	real
1351	9634	17137630080419	private_dummy
1352	1138	1160581975	real
1352	1140	1160581975	real
1352	1166	1103469220	real
1352	1168	1103469220	real
1352	9635	17137630080419	private_dummy
1353	1181	1184357587	real
1353	1183	1184357587	real
1353	1206	1127244833	real
1353	1208	1127244833	real
1353	9636	17137630080419	private_dummy
1354	1225	1338005600	real
1354	1226	1338005600	real
1354	1228	1280892846	real
1354	1229	1280892846	real
1354	9637	17137630080419	private_dummy
1355	1231	1487160959	real
1355	1232	1487160959	real
1355	1234	1430048205	real
1355	1235	1430048205	real
1355	9638	17137630080419	private_dummy
1356	1237	1759226661	real
1356	1238	1759226661	real
1356	1240	1702113907	real
1356	1241	1702113907	real
1356	9639	17137630080419	private_dummy
1357	840	1430048205	real
1357	842	1487160959	real
1357	9640	17137630080419	private_dummy
1358	99	1869695623	real
1358	100	1869695623	real
1358	580	1869695623	real
1358	9641	17137630080419	private_dummy
1359	901	1347326682	real
1359	903	1404439436	real
1359	9642	17137630080419	private_dummy
1360	1038	1151478732	real
1360	1040	1208591486	real
1360	9643	17137630080419	private_dummy
1361	1146	1103469220	real
1361	1148	1160581975	real
1361	9644	17137630080419	private_dummy
1362	1189	1127244833	real
1362	1191	1184357587	real
1362	1213	1127244833	real
1362	9645	17137630080419	private_dummy
1363	1228	1184562466	real
1363	1230	1241675220	real
1363	9646	17137630080419	private_dummy
1364	4365	1211545455	real
1364	9647	17137630080419	private_dummy
1365	4180	952881950	real
1365	9648	17137630080419	private_dummy
1366	4367	818765765	real
1366	9649	17137630080419	private_dummy
1367	4210	739569451	real
1367	9650	17137630080419	private_dummy
1368	4369	702163682	real
1368	9651	17137630080419	private_dummy
1369	4371	702163682	real
1369	9652	17137630080419	private_dummy
1370	4373	739569451	real
1370	9653	17137630080419	private_dummy
1371	4246	855895011	real
1371	9654	17137630080419	private_dummy
1372	96	1869695623	real
1372	97	1869695623	real
1372	9655	17137630080419	private_dummy
1373	898	1404439436	real
1373	900	1404439436	real
1373	931	1347326682	real
1373	9656	17137630080419	private_dummy
1374	971	1284404966	real
1374	973	1284404966	real
1374	1001	1227292212	real
1374	1003	1227292212	real
1374	9657	17137630080419	private_dummy
1375	1035	1208591486	real
1375	1037	1208591486	real
1375	1066	1151478732	real
1375	9658	17137630080419	private_dummy
1376	1093	1168458172	real
1376	1095	1168458172	real
1376	1121	1111345418	real
1376	1123	1111345418	real
1376	9659	17137630080419	private_dummy
1377	1143	1160581975	real
1377	1145	1160581975	real
1377	1171	1103469220	real
1377	9660	17137630080419	private_dummy
1378	1186	1184357587	real
1378	1188	1184357587	real
1378	1212	1127244833	real
1378	9661	17137630080419	private_dummy
1379	1225	1241675220	real
1379	1227	1241675220	real
1379	1245	1184562466	real
1379	9662	17137630080419	private_dummy
1380	1255	1487160959	real
1380	1256	1487160959	real
1380	1258	1430048205	real
1380	1259	1430048205	real
1380	9663	17137630080419	private_dummy
1381	1261	1759226661	real
1381	1262	1759226661	real
1381	1264	1702113907	real
1381	1265	1702113907	real
1381	9664	17137630080419	private_dummy
1382	845	1430048205	real
1382	847	1487160959	real
1382	1267	1430048205	real
1382	9665	17137630080419	private_dummy
1383	105	1869695623	real
1383	106	1869695623	real
1383	582	1869695623	real
1383	9666	17137630080419	private_dummy
1384	907	1347326682	real
1384	909	1404439436	real
1384	9667	17137630080419	private_dummy
1385	979	1227292212	real
1385	981	1284404966	real
1385	9668	17137630080419	private_dummy
1386	1101	1111345418	real
1386	1103	1168458172	real
1386	9669	17137630080419	private_dummy
1387	1152	1103469220	real
1387	1154	1160581975	real
1387	9670	17137630080419	private_dummy
1388	1195	1127244833	real
1388	1197	1184357587	real
1388	1216	1127244833	real
1388	9671	17137630080419	private_dummy
1389	1234	1184562466	real
1389	1236	1241675220	real
1389	9672	17137630080419	private_dummy
1390	1258	1280892846	real
1390	1260	1338005600	real
1390	9673	17137630080419	private_dummy
1391	4375	1211545455	real
1391	9674	17137630080419	private_dummy
1392	4377	952881950	real
1392	9675	17137630080419	private_dummy
1393	4199	818765765	real
1393	9676	17137630080419	private_dummy
1394	4379	739569451	real
1394	9677	17137630080419	private_dummy
1395	4381	702163682	real
1395	9678	17137630080419	private_dummy
1396	4383	702163682	real
1396	9679	17137630080419	private_dummy
1397	4385	739569451	real
1397	9680	17137630080419	private_dummy
1398	4387	818765765	real
1398	9681	17137630080419	private_dummy
1399	102	1869695623	real
1399	103	1869695623	real
1399	9682	17137630080419	private_dummy
1400	904	1404439436	real
1400	906	1404439436	real
1400	933	1347326682	real
1400	9683	17137630080419	private_dummy
1401	976	1284404966	real
1401	978	1284404966	real
1401	1005	1227292212	real
1401	9684	17137630080419	private_dummy
1402	1041	1208591486	real
1402	1043	1208591486	real
1402	1067	1151478732	real
1402	1069	1151478732	real
1402	9685	17137630080419	private_dummy
1403	1098	1168458172	real
1403	1100	1168458172	real
1403	1125	1111345418	real
1403	9686	17137630080419	private_dummy
1404	1149	1160581975	real
1404	1151	1160581975	real
1404	1173	1103469220	real
1404	9687	17137630080419	private_dummy
1405	1192	1184357587	real
1405	1194	1184357587	real
1405	1215	1127244833	real
1405	9688	17137630080419	private_dummy
1406	1231	1241675220	real
1406	1233	1241675220	real
1406	1247	1184562466	real
1406	9689	17137630080419	private_dummy
1407	1255	1338005600	real
1407	1257	1338005600	real
1407	1270	1280892846	real
1407	9690	17137630080419	private_dummy
1408	1278	1759226661	real
1408	1279	1759226661	real
1408	1281	1702113907	real
1408	1282	1702113907	real
1408	9691	17137630080419	private_dummy
1409	849	1430048205	real
1409	851	1508716678	real
1409	1284	1430048205	real
1409	9692	17137630080419	private_dummy
1410	111	1869695623	real
1410	112	1869695623	real
1410	584	1869695623	real
1410	9693	17137630080419	private_dummy
1411	913	1347326682	real
1411	915	1404439436	real
1411	9694	17137630080419	private_dummy
1412	985	1227292212	real
1412	987	1284404966	real
1412	9695	17137630080419	private_dummy
1413	1049	1151478732	real
1413	1051	1208591486	real
1413	9696	17137630080419	private_dummy
1414	1107	1111345418	real
1414	1109	1168458172	real
1414	9697	17137630080419	private_dummy
1415	1158	1103469220	real
1415	1160	1160581975	real
1415	9698	17137630080419	private_dummy
1416	1201	1127244833	real
1416	1203	1184357587	real
1416	1219	1127244833	real
1416	9699	17137630080419	private_dummy
1417	1240	1184562466	real
1417	1242	1241675220	real
1417	9700	17137630080419	private_dummy
1418	1264	1280892846	real
1418	1266	1338005600	real
1418	9701	17137630080419	private_dummy
1419	1281	1430048205	real
1419	1283	1487160959	real
1419	9702	17137630080419	private_dummy
1420	4389	1211545455	real
1420	9703	17137630080419	private_dummy
1421	4391	952881950	real
1421	9704	17137630080419	private_dummy
1422	4393	818765765	real
1422	9705	17137630080419	private_dummy
1423	4395	739569451	real
1423	9706	17137630080419	private_dummy
1424	4397	702163682	real
1424	9707	17137630080419	private_dummy
1425	4399	702163682	real
1425	9708	17137630080419	private_dummy
1426	4401	739569451	real
1426	9709	17137630080419	private_dummy
1427	4403	818765765	real
1427	9710	17137630080419	private_dummy
1428	108	1869695623	real
1428	109	1869695623	real
1428	9711	17137630080419	private_dummy
1429	910	1404439436	real
1429	912	1404439436	real
1429	935	1347326682	real
1429	9712	17137630080419	private_dummy
1430	982	1284404966	real
1430	984	1284404966	real
1430	1007	1227292212	real
1430	9713	17137630080419	private_dummy
1431	1046	1208591486	real
1431	1048	1208591486	real
1431	1071	1151478732	real
1431	9714	17137630080419	private_dummy
1432	1104	1168458172	real
1432	1106	1168458172	real
1432	1127	1111345418	real
1432	9715	17137630080419	private_dummy
1433	1155	1160581975	real
1433	1157	1160581975	real
1433	1175	1103469220	real
1433	9716	17137630080419	private_dummy
1434	1198	1184357587	real
1434	1200	1184357587	real
1434	1218	1127244833	real
1434	9717	17137630080419	private_dummy
1435	1237	1241675220	real
1435	1239	1241675220	real
1435	1249	1184562466	real
1435	9718	17137630080419	private_dummy
1436	1261	1338005600	real
1436	1263	1338005600	real
1436	1272	1280892846	real
1436	9719	17137630080419	private_dummy
1437	1278	1487160959	real
1437	1280	1487160959	real
1437	1287	1430048205	real
1437	9720	17137630080419	private_dummy
1438	854	1430048205	real
1438	856	1430048205	real
1438	1293	1430048205	real
1438	9721	17137630080419	private_dummy
1439	988	1227292212	real
1439	989	1284404966	real
1439	1009	1227292212	real
1439	9722	17137630080419	private_dummy
1440	1052	1151478732	real
1440	1053	1208591486	real
1440	1073	1151478732	real
1440	9723	17137630080419	private_dummy
1441	1110	1111345418	real
1441	1111	1168458172	real
1441	1129	1111345418	real
1441	9724	17137630080419	private_dummy
1442	1161	1103469220	real
1442	1162	1160581975	real
1442	1177	1103469220	real
1442	9725	17137630080419	private_dummy
1443	1204	1127244833	real
1443	1205	1184357587	real
1443	1221	1127244833	real
1443	9726	17137630080419	private_dummy
1444	1267	1280892846	real
1444	1268	1338005600	real
1444	1274	1280892846	real
1444	9727	17137630080419	private_dummy
1445	1284	1430048205	real
1445	1285	1487160959	real
1445	1289	1430048205	real
1445	9728	17137630080419	private_dummy
1446	1293	1702113907	real
1446	1294	1759226661	real
1446	9729	17137630080419	private_dummy
1447	51	1869695623	real
1447	52	1869695623	real
1447	564	1869695623	real
1447	9730	17137630080419	private_dummy
1448	814	1347326682	real
1448	815	1347326682	real
1448	817	1347326682	real
1448	9731	17137630080419	private_dummy
1449	819	1227292212	real
1449	820	1227292212	real
1449	9732	17137630080419	private_dummy
1450	823	1151478732	real
1450	824	1151478732	real
1450	826	1151478732	real
1450	9733	17137630080419	private_dummy
1451	828	1111345418	real
1451	829	1111345418	real
1451	9734	17137630080419	private_dummy
1452	832	1103469220	real
1452	833	1103469220	real
1452	9735	17137630080419	private_dummy
1453	836	1127244833	real
1453	837	1127244833	real
1453	9736	17137630080419	private_dummy
1454	840	1184562466	real
1454	841	1184562466	real
1454	843	1184562466	real
1454	9737	17137630080419	private_dummy
1455	845	1280892846	real
1455	846	1280892846	real
1455	9738	17137630080419	private_dummy
1456	849	1430048205	real
1456	850	1430048205	real
1456	852	1430048205	real
1456	9739	17137630080419	private_dummy
1457	854	1702113907	real
1457	855	1702113907	real
1457	857	1702113907	real
1457	9740	17137630080419	private_dummy
1458	4287	1211545455	real
1458	9741	17137630080419	private_dummy
1459	4287	1211545455	real
1459	9742	17137630080419	private_dummy
1460	4288	726099236	real
1460	9743	17137630080419	private_dummy
1461	4288	783211990	real
1461	9744	17137630080419	private_dummy
1462	4289	577990920	real
1462	9745	17137630080419	private_dummy
1463	4289	635103674	real
1463	9746	17137630080419	private_dummy
1464	4290	597771310	real
1464	9747	17137630080419	private_dummy
1465	4290	654884065	real
1465	9748	17137630080419	private_dummy
1466	4291	798782256	real
1466	9749	17137630080419	private_dummy
1467	4291	855895011	real
1467	9750	17137630080419	private_dummy
1468	4292	1052445090	real
1468	9751	17137630080419	private_dummy
1469	4292	1052445090	real
1469	9752	17137630080419	private_dummy
1470	1488	1430048205	real
1470	9753	17137630080419	private_dummy
1471	1479	1280892846	real
1471	9754	17137630080419	private_dummy
1472	1466	1184562466	real
1472	9755	17137630080419	private_dummy
1473	1435	1103469220	real
1473	9756	17137630080419	private_dummy
1474	1412	1111345418	real
1474	9757	17137630080419	private_dummy
1475	1386	1151478732	real
1475	9758	17137630080419	private_dummy
1476	1353	1227292212	real
1476	9759	17137630080419	private_dummy
1477	1316	1347326682	real
1477	9760	17137630080419	private_dummy
1478	1493	1702113907	real
1478	9761	17137630080419	private_dummy
1479	1477	1280892846	real
1479	9762	17137630080419	private_dummy
1480	1464	1184562466	real
1480	9763	17137630080419	private_dummy
1481	1433	1103469220	real
1481	9764	17137630080419	private_dummy
1482	1410	1111345418	real
1482	9765	17137630080419	private_dummy
1483	1384	1151478732	real
1483	9766	17137630080419	private_dummy
1484	1351	1227292212	real
1484	9767	17137630080419	private_dummy
1485	1314	1347326682	real
1485	9768	17137630080419	private_dummy
1486	1462	1184562466	real
1486	9769	17137630080419	private_dummy
1487	1431	1103469220	real
1487	9770	17137630080419	private_dummy
1488	1408	1111345418	real
1488	9771	17137630080419	private_dummy
1489	1382	1151478732	real
1489	9772	17137630080419	private_dummy
1490	1363	1280892846	real
1490	9773	17137630080419	private_dummy
1491	1312	1347326682	real
1491	9774	17137630080419	private_dummy
1492	848	1536494450	real
1492	9775	17137630080419	private_dummy
1493	1429	1103469220	real
1493	9776	17137630080419	private_dummy
1494	1406	1111345418	real
1494	9777	17137630080419	private_dummy
1495	1346	1227292212	real
1495	9778	17137630080419	private_dummy
1496	844	1536494450	real
1496	9779	17137630080419	private_dummy
1497	1437	1127244833	real
1497	9780	17137630080419	private_dummy
1498	1415	1127244833	real
1498	9781	17137630080419	private_dummy
1499	1377	1151478732	real
1499	9782	17137630080419	private_dummy
1500	1361	1127244833	real
1500	9783	17137630080419	private_dummy
1501	1307	1347326682	real
1501	9784	17137630080419	private_dummy
1502	839	1536494450	real
1502	9785	17137630080419	private_dummy
1503	1414	1103469220	real
1503	9786	17137630080419	private_dummy
1504	1388	1103469220	real
1504	9787	17137630080419	private_dummy
1505	1341	1227292212	real
1505	9788	17137630080419	private_dummy
1506	1305	1347326682	real
1506	9789	17137630080419	private_dummy
1507	835	1536494450	real
1507	9790	17137630080419	private_dummy
1508	1387	1111345418	real
1508	9791	17137630080419	private_dummy
1509	1339	1227292212	real
1509	9792	17137630080419	private_dummy
1510	1303	1347326682	real
1510	9793	17137630080419	private_dummy
1511	831	1536494450	real
1511	9794	17137630080419	private_dummy
1512	1337	1227292212	real
1512	9795	17137630080419	private_dummy
1513	1301	1347326682	real
1513	9796	17137630080419	private_dummy
1514	1299	1347326682	real
1514	9797	17137630080419	private_dummy
1515	822	1536494450	real
1515	9798	17137630080419	private_dummy
1516	818	1593607205	real
1516	9799	17137630080419	private_dummy
1517	563	1536494450	real
1517	9800	17137630080419	private_dummy
1518	4456	914949965	real
1518	9801	17137630080419	private_dummy
1519	4454	600294042	real
1519	9802	17137630080419	private_dummy
1520	4459	994146279	real
1520	9803	17137630080419	private_dummy
1521	4459	994146279	real
1521	9804	17137630080419	private_dummy
1522	4444	389364245	real
1522	9805	17137630080419	private_dummy
1523	4450	806438676	real
1523	4451	806438676	real
1523	9806	17137630080419	private_dummy
1524	4440	343859956	real
1524	4441	515190466	real
1524	9807	17137630080419	private_dummy
1525	4442	654888557	real
1525	9808	17137630080419	private_dummy
1526	4466	554789753	real
1526	9809	17137630080419	private_dummy
1527	4441	515190466	real
1527	9810	17137630080419	private_dummy
1528	4448	826219067	real
1528	9811	17137630080419	private_dummy
1529	4468	554789753	real
1529	9812	17137630080419	private_dummy
1530	4440	640890500	real
1530	9813	17137630080419	private_dummy
1531	4446	357858012	real
1531	9814	17137630080419	private_dummy
1532	4470	1103469220	real
1532	9815	17137630080419	private_dummy
1533	4455	600294042	real
1533	9816	17137630080419	private_dummy
1534	4452	897324586	real
1534	4453	897324586	real
1534	9817	17137630080419	private_dummy
1535	4442	389364245	real
1535	4444	389364245	real
1535	9818	17137630080419	private_dummy
1536	4446	389364245	real
1536	4448	560694755	real
1536	9819	17137630080419	private_dummy
1537	4473	586295985	real
1537	9820	17137630080419	private_dummy
1538	4461	954546992	real
1538	9821	17137630080419	private_dummy
1539	4461	954546992	real
1539	9822	17137630080419	private_dummy
1540	4459	1000051281	real
1540	4460	560694755	real
1540	4465	403362301	real
1540	9823	17137630080419	private_dummy
1541	4469	560694755	real
1541	9824	17137630080419	private_dummy
1542	4471	332256781	real
1542	9825	17137630080419	private_dummy
1543	4459	1013926669	real
1543	4460	826219067	real
1543	4467	668886613	real
1543	9826	17137630080419	private_dummy
1544	4469	757626495	real
1544	9827	17137630080419	private_dummy
1545	4471	332256781	real
1545	9828	17137630080419	private_dummy
1546	4458	686520976	real
1546	9829	17137630080419	private_dummy
1547	4472	560694755	real
1547	9830	17137630080419	private_dummy
1548	4474	766839389	real
1548	9831	17137630080419	private_dummy
1549	4458	686520976	real
1549	9832	17137630080419	private_dummy
1550	4472	560694755	real
1550	9833	17137630080419	private_dummy
1551	4474	766839389	real
1551	9834	17137630080419	private_dummy
1552	4457	686520976	real
1552	9835	17137630080419	private_dummy
1553	4457	983551520	real
1553	9836	17137630080419	private_dummy
1554	4415	371846286	real
1554	4416	371846286	real
1554	9837	17137630080419	private_dummy
1555	4443	1009994705	real
1555	9838	17137630080419	private_dummy
1556	4439	983542537	real
1556	9839	17137630080419	private_dummy
1557	4439	753572000	real
1557	9840	17137630080419	private_dummy
1558	4405	798782256	real
1558	4406	855895011	real
1558	9841	17137630080419	private_dummy
1559	4407	597771310	real
1559	4408	597771310	real
1559	9842	17137630080419	private_dummy
1560	4409	577990920	real
1560	4410	577990920	real
1560	9843	17137630080419	private_dummy
1561	4411	726099236	real
1561	4412	726099236	real
1561	9844	17137630080419	private_dummy
1562	4413	1109557844	real
1562	4414	1109557844	real
1562	9845	17137630080419	private_dummy
1563	4482	890876008	real
1563	9846	17137630080419	private_dummy
1564	4482	660905471	real
1564	9847	17137630080419	private_dummy
1565	4406	855895011	real
1565	9848	17137630080419	private_dummy
1566	4424	332246999	real
1566	9849	17137630080419	private_dummy
1567	4445	742425012	real
1567	9850	17137630080419	private_dummy
1568	4484	890876008	real
1568	9851	17137630080419	private_dummy
1569	4484	660905471	real
1569	9852	17137630080419	private_dummy
1570	4405	1052445090	real
1570	9853	17137630080419	private_dummy
1571	4417	440438857	real
1571	4418	497551611	real
1571	9854	17137630080419	private_dummy
1572	4419	300740766	real
1572	4420	300740766	real
1572	9855	17137630080419	private_dummy
1573	4421	381059179	real
1573	9856	17137630080419	private_dummy
1574	4422	783211990	real
1574	4423	783211990	real
1574	9857	17137630080419	private_dummy
1575	4486	983542537	real
1575	9858	17137630080419	private_dummy
1576	4486	856647260	real
1576	9859	17137630080419	private_dummy
1577	4408	597771310	real
1577	9860	17137630080419	private_dummy
1578	4418	497551611	real
1578	9861	17137630080419	private_dummy
1579	4431	381059179	real
1579	4432	381059179	real
1579	9862	17137630080419	private_dummy
1580	4447	682467246	real
1580	9863	17137630080419	private_dummy
1581	4488	576220084	real
1581	9864	17137630080419	private_dummy
1582	4488	449324807	real
1582	9865	17137630080419	private_dummy
1583	4407	670359104	real
1583	9866	17137630080419	private_dummy
1584	4417	670359104	real
1584	9867	17137630080419	private_dummy
1585	4425	371846286	real
1585	4426	428959040	real
1585	9868	17137630080419	private_dummy
1586	4427	332246999	real
1586	4428	332246999	real
1586	9869	17137630080419	private_dummy
1587	4429	635103674	real
1587	4430	635103674	real
1587	9870	17137630080419	private_dummy
1588	4490	806140331	real
1588	9871	17137630080419	private_dummy
1589	4490	310695772	real
1589	9872	17137630080419	private_dummy
1590	4410	577990920	real
1590	4416	577990920	real
1590	9873	17137630080419	private_dummy
1591	4420	300740766	real
1591	9874	17137630080419	private_dummy
1592	4426	428959040	real
1592	9875	17137630080419	private_dummy
1593	4435	783211990	real
1593	9876	17137630080419	private_dummy
1594	4436	727471858	real
1594	9877	17137630080419	private_dummy
1595	4492	664959966	real
1595	9878	17137630080419	private_dummy
1596	4492	310695772	real
1596	9879	17137630080419	private_dummy
1597	4409	568241738	real
1597	4415	568241738	real
1597	9880	17137630080419	private_dummy
1598	4419	339803765	real
1598	9881	17137630080419	private_dummy
1599	4425	568241738	real
1599	9882	17137630080419	private_dummy
1600	4433	489570469	real
1600	9883	17137630080419	private_dummy
1601	4434	654884065	real
1601	9884	17137630080419	private_dummy
1602	4494	704022965	real
1602	9885	17137630080419	private_dummy
1603	4494	310695772	real
1603	9886	17137630080419	private_dummy
1604	4412	726099236	real
1604	9887	17137630080419	private_dummy
1605	4428	332246999	real
1605	4432	332246999	real
1605	9888	17137630080419	private_dummy
1606	4449	1166670598	real
1606	9889	17137630080419	private_dummy
1607	4496	831496330	real
1607	9890	17137630080419	private_dummy
1608	4496	625351696	real
1608	9891	17137630080419	private_dummy
1609	4411	628199503	real
1609	9892	17137630080419	private_dummy
1610	4421	313543580	real
1610	4424	313543580	real
1610	9893	17137630080419	private_dummy
1611	4427	313543580	real
1611	4431	313543580	real
1611	9894	17137630080419	private_dummy
1612	4433	628199503	real
1612	4435	685312258	real
1612	9895	17137630080419	private_dummy
1613	4437	855895011	real
1613	4438	855895011	real
1613	9896	17137630080419	private_dummy
1614	4498	763980730	real
1614	9897	17137630080419	private_dummy
1615	4498	625351696	real
1615	9898	17137630080419	private_dummy
1616	4414	952881950	real
1616	9899	17137630080419	private_dummy
1617	4423	634805329	real
1617	9900	17137630080419	private_dummy
1618	4430	501181730	real
1618	9901	17137630080419	private_dummy
1619	4438	798782256	real
1619	9902	17137630080419	private_dummy
1620	4500	1098612056	real
1620	9903	17137630080419	private_dummy
1621	4500	897434237	real
1621	9904	17137630080419	private_dummy
1622	4413	1109557844	real
1622	9905	17137630080419	private_dummy
1623	4422	727471858	real
1623	9906	17137630080419	private_dummy
1624	4429	625354492	real
1624	9907	17137630080419	private_dummy
1625	4434	685312258	real
1625	4436	685312258	real
1625	9908	17137630080419	private_dummy
1626	4437	952881950	real
1626	9909	17137630080419	private_dummy
1627	4502	1151180387	real
1627	9910	17137630080419	private_dummy
1628	4502	897434237	real
1628	9911	17137630080419	private_dummy
1629	4463	639349752	real
1629	4481	639349752	real
1629	9912	17137630080419	private_dummy
1630	4485	761656271	real
1630	9913	17137630080419	private_dummy
1631	4487	525127505	real
1631	9914	17137630080419	private_dummy
1632	4463	742425012	real
1632	4483	742425012	real
1632	9915	17137630080419	private_dummy
1633	4485	840324744	real
1633	9916	17137630080419	private_dummy
1634	4487	525127505	real
1634	9917	17137630080419	private_dummy
1635	4489	416616215	real
1635	9918	17137630080419	private_dummy
1636	4491	367804034	real
1636	9919	17137630080419	private_dummy
1637	4489	416616215	real
1637	9920	17137630080419	private_dummy
1638	4491	367804034	real
1638	9921	17137630080419	private_dummy
1639	4493	367804034	real
1639	9922	17137630080419	private_dummy
1640	4495	416616215	real
1640	9923	17137630080419	private_dummy
1641	4493	367804034	real
1641	9924	17137630080419	private_dummy
1642	4495	416616215	real
1642	9925	17137630080419	private_dummy
1643	4497	525127505	real
1643	9926	17137630080419	private_dummy
1644	4499	761656271	real
1644	9927	17137630080419	private_dummy
1645	4497	525127505	real
1645	9928	17137630080419	private_dummy
1646	4499	761656271	real
1646	9929	17137630080419	private_dummy
1647	4501	952881950	real
1647	9930	17137630080419	private_dummy
1648	4503	855895011	real
1648	9931	17137630080419	private_dummy
1649	4501	952881950	real
1649	9932	17137630080419	private_dummy
1650	4503	855895011	real
1650	9933	17137630080419	private_dummy
1651	4464	324693828	real
1651	9934	17137630080419	private_dummy
1652	4464	427769088	real
1652	9935	17137630080419	private_dummy
1653	4461	954546992	real
1653	4462	840324744	real
1653	9936	17137630080419	private_dummy
1654	4461	1093176026	real
1654	4462	978953779	real
1654	9937	17137630080419	private_dummy
1655	857	1536494450	real
1655	858	1536494450	real
1655	9938	17137630080419	private_dummy
1656	1487	1487160959	real
1656	1489	1430048205	real
1656	9939	17137630080419	private_dummy
1657	1478	1338005600	real
1657	1483	1280892846	real
1657	9940	17137630080419	private_dummy
1658	1465	1241675220	real
1658	1472	1184562466	real
1658	9941	17137630080419	private_dummy
1659	1451	1184357587	real
1659	1457	1127244833	real
1659	9942	17137630080419	private_dummy
1660	1434	1160581975	real
1660	1443	1103469220	real
1660	9943	17137630080419	private_dummy
1661	1411	1168458172	real
1661	1421	1111345418	real
1661	9944	17137630080419	private_dummy
1662	1385	1208591486	real
1662	1395	1151478732	real
1662	9945	17137630080419	private_dummy
1663	1352	1284404966	real
1663	1366	1227292212	real
1663	9946	17137630080419	private_dummy
1664	1315	1404439436	real
1664	1332	1347326682	real
1664	9947	17137630080419	private_dummy
1665	132	1869695623	real
1665	133	1869695623	real
1665	605	1869695623	real
1665	9948	17137630080419	private_dummy
1666	855	1536494450	real
1666	856	1536494450	real
1666	9949	17137630080419	private_dummy
1667	4505	1109557844	real
1667	9950	17137630080419	private_dummy
1668	4507	934563483	real
1668	9951	17137630080419	private_dummy
1669	4509	830547118	real
1669	9952	17137630080419	private_dummy
1670	4511	773151825	real
1670	9953	17137630080419	private_dummy
1671	4513	754689937	real
1671	9954	17137630080419	private_dummy
1672	4515	773151825	real
1672	9955	17137630080419	private_dummy
1673	4517	830547118	real
1673	9956	17137630080419	private_dummy
1674	4519	934563483	real
1674	9957	17137630080419	private_dummy
1675	1489	1702113907	real
1675	1490	1702113907	real
1675	9958	17137630080419	private_dummy
1676	852	1536494450	real
1676	853	1536494450	real
1676	9959	17137630080419	private_dummy
1677	1487	1759226661	real
1677	9960	17137630080419	private_dummy
1678	1476	1338005600	real
1678	1481	1280892846	real
1678	9961	17137630080419	private_dummy
1679	1463	1241675220	real
1679	1470	1184562466	real
1679	9962	17137630080419	private_dummy
1680	1450	1184357587	real
1680	1455	1127244833	real
1680	9963	17137630080419	private_dummy
1681	1432	1160581975	real
1681	1441	1103469220	real
1681	9964	17137630080419	private_dummy
1682	1409	1168458172	real
1682	1419	1111345418	real
1682	9965	17137630080419	private_dummy
1683	1383	1208591486	real
1683	1393	1151478732	real
1683	9966	17137630080419	private_dummy
1684	1350	1284404966	real
1684	1364	1227292212	real
1684	9967	17137630080419	private_dummy
1685	1313	1404439436	real
1685	1330	1347326682	real
1685	9968	17137630080419	private_dummy
1686	130	1869695623	real
1686	131	1869695623	real
1686	603	1869695623	real
1686	9969	17137630080419	private_dummy
1687	850	1536494450	real
1687	851	1615162923	real
1687	9970	17137630080419	private_dummy
1688	4522	1245339071	real
1688	9971	17137630080419	private_dummy
1689	4524	934563483	real
1689	9972	17137630080419	private_dummy
1690	4526	770586556	real
1690	9973	17137630080419	private_dummy
1691	4528	679295344	real
1691	9974	17137630080419	private_dummy
1692	4530	636962957	real
1692	9975	17137630080419	private_dummy
1693	4532	636962957	real
1693	9976	17137630080419	private_dummy
1694	4534	679295344	real
1694	9977	17137630080419	private_dummy
1695	4536	770586556	real
1695	9978	17137630080419	private_dummy
1696	1483	1702113907	real
1696	1484	1702113907	real
1696	9979	17137630080419	private_dummy
1697	1481	1430048205	real
1697	1482	1430048205	real
1697	9980	17137630080419	private_dummy
1698	1348	1227292212	real
1698	1349	1227292212	real
1698	9981	17137630080419	private_dummy
1699	1478	1759226661	real
1699	9982	17137630080419	private_dummy
1700	1476	1487160959	real
1700	9983	17137630080419	private_dummy
1701	1461	1241675220	real
1701	1468	1184562466	real
1701	9984	17137630080419	private_dummy
1702	1449	1184357587	real
1702	1453	1127244833	real
1702	9985	17137630080419	private_dummy
1703	1430	1160581975	real
1703	1439	1103469220	real
1703	9986	17137630080419	private_dummy
1704	1407	1168458172	real
1704	1417	1111345418	real
1704	9987	17137630080419	private_dummy
1705	1381	1208591486	real
1705	1391	1151478732	real
1705	9988	17137630080419	private_dummy
1706	1347	1284404966	real
1706	9989	17137630080419	private_dummy
1707	1311	1404439436	real
1707	1328	1347326682	real
1707	9990	17137630080419	private_dummy
1708	128	1869695623	real
1708	129	1869695623	real
1708	601	1869695623	real
1708	9991	17137630080419	private_dummy
1709	846	1536494450	real
1709	847	1593607205	real
1709	1480	1536494450	real
1709	9992	17137630080419	private_dummy
1710	4539	1430048205	real
1710	9993	17137630080419	private_dummy
1711	4541	1130305272	real
1711	9994	17137630080419	private_dummy
1712	4543	830547118	real
1712	9995	17137630080419	private_dummy
1713	4545	679295344	real
1713	9996	17137630080419	private_dummy
1714	4547	603067038	real
1714	9997	17137630080419	private_dummy
1715	4549	579196540	real
1715	9998	17137630080419	private_dummy
1716	4551	603067038	real
1716	9999	17137630080419	private_dummy
1717	4553	679295344	real
1717	10000	17137630080419	private_dummy
1718	1472	1702113907	real
1718	1473	1702113907	real
1718	10001	17137630080419	private_dummy
1719	1470	1430048205	real
1719	1471	1430048205	real
1719	10002	17137630080419	private_dummy
1720	1468	1280892846	real
1720	1469	1280892846	real
1720	10003	17137630080419	private_dummy
1721	1448	1127244833	real
1721	10004	17137630080419	private_dummy
1722	1379	1151478732	real
1722	1380	1151478732	real
1722	10005	17137630080419	private_dummy
1723	1309	1347326682	real
1723	1310	1347326682	real
1723	10006	17137630080419	private_dummy
1724	1465	1759226661	real
1724	10007	17137630080419	private_dummy
1725	1463	1487160959	real
1725	10008	17137630080419	private_dummy
1726	1461	1338005600	real
1726	10009	17137630080419	private_dummy
1727	1447	1184357587	real
1727	10010	17137630080419	private_dummy
1728	1428	1160581975	real
1728	1438	1103469220	real
1728	10011	17137630080419	private_dummy
1729	1405	1168458172	real
1729	1416	1111345418	real
1729	10012	17137630080419	private_dummy
1730	1378	1208591486	real
1730	10013	17137630080419	private_dummy
1731	1345	1284404966	real
1731	1362	1227292212	real
1731	10014	17137630080419	private_dummy
1732	1308	1404439436	real
1732	10015	17137630080419	private_dummy
1733	126	1869695623	real
1733	127	1869695623	real
1733	599	1869695623	real
1733	10016	17137630080419	private_dummy
1734	841	1536494450	real
1734	842	1593607205	real
1734	1467	1536494450	real
1734	10017	17137630080419	private_dummy
1735	4556	1430048205	real
1735	10018	17137630080419	private_dummy
1736	4558	1280892846	real
1736	10019	17137630080419	private_dummy
1737	4560	1060184826	real
1737	10020	17137630080419	private_dummy
1738	4562	773151825	real
1738	10021	17137630080419	private_dummy
1739	4564	636962957	real
1739	10022	17137630080419	private_dummy
1740	4566	579196540	real
1740	10023	17137630080419	private_dummy
1741	4568	579196540	real
1741	10024	17137630080419	private_dummy
1742	4570	636962957	real
1742	10025	17137630080419	private_dummy
1743	1457	1702113907	real
1743	1458	1702113907	real
1743	10026	17137630080419	private_dummy
1744	1455	1430048205	real
1744	1456	1430048205	real
1744	10027	17137630080419	private_dummy
1745	1453	1280892846	real
1745	1454	1280892846	real
1745	10028	17137630080419	private_dummy
1746	1426	1103469220	real
1746	1427	1103469220	real
1746	10029	17137630080419	private_dummy
1747	1403	1111345418	real
1747	1404	1111345418	real
1747	10030	17137630080419	private_dummy
1748	1343	1227292212	real
1748	1344	1227292212	real
1748	10031	17137630080419	private_dummy
1749	1451	1759226661	real
1749	10032	17137630080419	private_dummy
1750	1450	1487160959	real
1750	10033	17137630080419	private_dummy
1751	1449	1338005600	real
1751	10034	17137630080419	private_dummy
1752	1447	1241675220	real
1752	1448	1184562466	real
1752	10035	17137630080419	private_dummy
1753	1425	1160581975	real
1753	10036	17137630080419	private_dummy
1754	1402	1168458172	real
1754	10037	17137630080419	private_dummy
1755	1376	1208591486	real
1755	1389	1151478732	real
1755	10038	17137630080419	private_dummy
1756	1342	1284404966	real
1756	10039	17137630080419	private_dummy
1757	1306	1404439436	real
1757	1326	1347326682	real
1757	10040	17137630080419	private_dummy
1758	124	1869695623	real
1758	125	1869695623	real
1758	597	1869695623	real
1758	10041	17137630080419	private_dummy
1759	837	1536494450	real
1759	838	1593607205	real
1759	1452	1536494450	real
1759	10042	17137630080419	private_dummy
1760	4573	1430048205	real
1760	10043	17137630080419	private_dummy
1761	4575	1280892846	real
1761	10044	17137630080419	private_dummy
1762	4577	1184562466	real
1762	10045	17137630080419	private_dummy
1763	4579	1026660031	real
1763	10046	17137630080419	private_dummy
1764	4581	754689937	real
1764	10047	17137630080419	private_dummy
1765	4583	636962957	real
1765	10048	17137630080419	private_dummy
1766	4585	603067038	real
1766	10049	17137630080419	private_dummy
1767	4587	636962957	real
1767	10050	17137630080419	private_dummy
1768	1443	1702113907	real
1768	1444	1702113907	real
1768	10051	17137630080419	private_dummy
1769	1441	1430048205	real
1769	1442	1430048205	real
1769	10052	17137630080419	private_dummy
1770	1439	1280892846	real
1770	1440	1280892846	real
1770	10053	17137630080419	private_dummy
1771	1438	1184562466	real
1771	10054	17137630080419	private_dummy
1772	1400	1111345418	real
1772	1401	1111345418	real
1772	10055	17137630080419	private_dummy
1773	1374	1151478732	real
1773	1375	1151478732	real
1773	10056	17137630080419	private_dummy
1774	1434	1759226661	real
1774	10057	17137630080419	private_dummy
1775	1432	1487160959	real
1775	10058	17137630080419	private_dummy
1776	1430	1338005600	real
1776	10059	17137630080419	private_dummy
1777	1428	1241675220	real
1777	10060	17137630080419	private_dummy
1778	1425	1184357587	real
1778	1426	1127244833	real
1778	10061	17137630080419	private_dummy
1779	1399	1168458172	real
1779	10062	17137630080419	private_dummy
1780	1373	1208591486	real
1780	10063	17137630080419	private_dummy
1781	1340	1284404966	real
1781	1359	1227292212	real
1781	10064	17137630080419	private_dummy
1782	1304	1404439436	real
1782	1324	1347326682	real
1782	10065	17137630080419	private_dummy
1783	122	1869695623	real
1783	123	1869695623	real
1783	595	1869695623	real
1783	10066	17137630080419	private_dummy
1784	833	1536494450	real
1784	834	1593607205	real
1784	1436	1536494450	real
1784	10067	17137630080419	private_dummy
1785	4590	1430048205	real
1785	10068	17137630080419	private_dummy
1786	4592	1280892846	real
1786	10069	17137630080419	private_dummy
1787	4594	1184562466	real
1787	10070	17137630080419	private_dummy
1788	4596	1127244833	real
1788	10071	17137630080419	private_dummy
1789	4598	1026660031	real
1789	10072	17137630080419	private_dummy
1790	4600	773151825	real
1790	10073	17137630080419	private_dummy
1791	4602	679295344	real
1791	10074	17137630080419	private_dummy
1792	4604	679295344	real
1792	10075	17137630080419	private_dummy
1793	1421	1702113907	real
1793	1422	1702113907	real
1793	10076	17137630080419	private_dummy
1794	1419	1430048205	real
1794	1420	1430048205	real
1794	10077	17137630080419	private_dummy
1795	1417	1280892846	real
1795	1418	1280892846	real
1795	10078	17137630080419	private_dummy
1796	1416	1184562466	real
1796	10079	17137630080419	private_dummy
1797	1371	1151478732	real
1797	1372	1151478732	real
1797	10080	17137630080419	private_dummy
1798	1411	1759226661	real
1798	10081	17137630080419	private_dummy
1799	1409	1487160959	real
1799	10082	17137630080419	private_dummy
1800	1407	1338005600	real
1800	10083	17137630080419	private_dummy
1801	1405	1241675220	real
1801	10084	17137630080419	private_dummy
1802	1402	1184357587	real
1802	1403	1127244833	real
1802	10085	17137630080419	private_dummy
1803	1399	1160581975	real
1803	1400	1103469220	real
1803	10086	17137630080419	private_dummy
1804	1370	1208591486	real
1804	10087	17137630080419	private_dummy
1805	1338	1284404966	real
1805	1357	1227292212	real
1805	10088	17137630080419	private_dummy
1806	1302	1404439436	real
1806	1322	1347326682	real
1806	10089	17137630080419	private_dummy
1807	120	1869695623	real
1807	121	1869695623	real
1807	593	1869695623	real
1807	10090	17137630080419	private_dummy
1808	829	1536494450	real
1808	830	1593607205	real
1808	1413	1536494450	real
1808	10091	17137630080419	private_dummy
1809	4607	1430048205	real
1809	10092	17137630080419	private_dummy
1810	4609	1280892846	real
1810	10093	17137630080419	private_dummy
1811	4611	1184562466	real
1811	10094	17137630080419	private_dummy
1812	4613	1127244833	real
1812	10095	17137630080419	private_dummy
1813	4615	1103469220	real
1813	10096	17137630080419	private_dummy
1814	4617	1060184826	real
1814	10097	17137630080419	private_dummy
1815	4619	830547118	real
1815	10098	17137630080419	private_dummy
1816	4621	770586556	real
1816	10099	17137630080419	private_dummy
1817	1395	1702113907	real
1817	1396	1702113907	real
1817	10100	17137630080419	private_dummy
1818	1393	1430048205	real
1818	1394	1430048205	real
1818	10101	17137630080419	private_dummy
1819	1391	1280892846	real
1819	1392	1280892846	real
1819	10102	17137630080419	private_dummy
1820	1389	1127244833	real
1820	1390	1127244833	real
1820	10103	17137630080419	private_dummy
1821	826	1536494450	real
1821	827	1536494450	real
1821	10104	17137630080419	private_dummy
1822	1385	1759226661	real
1822	10105	17137630080419	private_dummy
1823	1383	1487160959	real
1823	10106	17137630080419	private_dummy
1824	1381	1338005600	real
1824	10107	17137630080419	private_dummy
1825	1378	1241675220	real
1825	1379	1184562466	real
1825	10108	17137630080419	private_dummy
1826	1376	1184357587	real
1826	10109	17137630080419	private_dummy
1827	1373	1160581975	real
1827	1374	1103469220	real
1827	10110	17137630080419	private_dummy
1828	1370	1168458172	real
1828	1371	1111345418	real
1828	10111	17137630080419	private_dummy
1829	1336	1284404966	real
1829	1355	1227292212	real
1829	10112	17137630080419	private_dummy
1830	1300	1404439436	real
1830	1320	1347326682	real
1830	10113	17137630080419	private_dummy
1831	118	1869695623	real
1831	119	1869695623	real
1831	591	1869695623	real
1831	10114	17137630080419	private_dummy
1832	824	1536494450	real
1832	825	1593607205	real
1832	10115	17137630080419	private_dummy
1833	4624	1430048205	real
1833	10116	17137630080419	private_dummy
1834	4626	1280892846	real
1834	10117	17137630080419	private_dummy
1835	4628	1184562466	real
1835	10118	17137630080419	private_dummy
1836	4630	1127244833	real
1836	10119	17137630080419	private_dummy
1837	4632	1103469220	real
1837	10120	17137630080419	private_dummy
1838	4634	1111345418	real
1838	10121	17137630080419	private_dummy
1839	4636	1130305272	real
1839	10122	17137630080419	private_dummy
1840	4638	934563483	real
1840	10123	17137630080419	private_dummy
1841	1366	1702113907	real
1841	1367	1702113907	real
1841	10124	17137630080419	private_dummy
1842	1364	1430048205	real
1842	1365	1430048205	real
1842	10125	17137630080419	private_dummy
1843	1362	1184562466	real
1843	10126	17137630080419	private_dummy
1844	1359	1103469220	real
1844	1360	1103469220	real
1844	10127	17137630080419	private_dummy
1845	1357	1111345418	real
1845	1358	1111345418	real
1845	10128	17137630080419	private_dummy
1846	1355	1151478732	real
1846	1356	1151478732	real
1846	10129	17137630080419	private_dummy
1847	1352	1759226661	real
1847	10130	17137630080419	private_dummy
1848	1350	1487160959	real
1848	10131	17137630080419	private_dummy
1849	1347	1338005600	real
1849	1348	1280892846	real
1849	10132	17137630080419	private_dummy
1850	1345	1241675220	real
1850	10133	17137630080419	private_dummy
1851	1342	1184357587	real
1851	1343	1127244833	real
1851	10134	17137630080419	private_dummy
1852	1340	1160581975	real
1852	10135	17137630080419	private_dummy
1853	1338	1168458172	real
1853	10136	17137630080419	private_dummy
1854	1336	1208591486	real
1854	10137	17137630080419	private_dummy
1855	1298	1404439436	real
1855	1318	1347326682	real
1855	10138	17137630080419	private_dummy
1856	116	1869695623	real
1856	117	1869695623	real
1856	589	1869695623	real
1856	10139	17137630080419	private_dummy
1857	820	1536494450	real
1857	821	1593607205	real
1857	1354	1536494450	real
1857	10140	17137630080419	private_dummy
1858	4641	1430048205	real
1858	10141	17137630080419	private_dummy
1859	4643	1280892846	real
1859	10142	17137630080419	private_dummy
1860	4645	1184562466	real
1860	10143	17137630080419	private_dummy
1861	4647	1127244833	real
1861	10144	17137630080419	private_dummy
1862	4649	1103469220	real
1862	10145	17137630080419	private_dummy
1863	4651	1111345418	real
1863	10146	17137630080419	private_dummy
1864	4653	1151478732	real
1864	10147	17137630080419	private_dummy
1865	4655	1245339071	real
1865	10148	17137630080419	private_dummy
1866	1332	1702113907	real
1866	1333	1702113907	real
1866	10149	17137630080419	private_dummy
1867	1330	1430048205	real
1867	1331	1430048205	real
1867	10150	17137630080419	private_dummy
1868	1328	1280892846	real
1868	1329	1280892846	real
1868	10151	17137630080419	private_dummy
1869	1326	1127244833	real
1869	1327	1127244833	real
1869	10152	17137630080419	private_dummy
1870	1324	1103469220	real
1870	1325	1103469220	real
1870	10153	17137630080419	private_dummy
1871	1322	1111345418	real
1871	1323	1111345418	real
1871	10154	17137630080419	private_dummy
1872	1320	1151478732	real
1872	1321	1151478732	real
1872	10155	17137630080419	private_dummy
1873	1318	1227292212	real
1873	1319	1227292212	real
1873	10156	17137630080419	private_dummy
1874	1315	1759226661	real
1874	10157	17137630080419	private_dummy
1875	1313	1487160959	real
1875	10158	17137630080419	private_dummy
1876	1311	1338005600	real
1876	10159	17137630080419	private_dummy
1877	1308	1241675220	real
1877	1309	1184562466	real
1877	10160	17137630080419	private_dummy
1878	1306	1184357587	real
1878	10161	17137630080419	private_dummy
1879	1304	1160581975	real
1879	10162	17137630080419	private_dummy
1880	1302	1168458172	real
1880	10163	17137630080419	private_dummy
1881	1300	1208591486	real
1881	10164	17137630080419	private_dummy
1882	1298	1284404966	real
1882	10165	17137630080419	private_dummy
1883	114	1869695623	real
1883	115	1869695623	real
1883	587	1869695623	real
1883	10166	17137630080419	private_dummy
1884	815	1536494450	real
1884	816	1593607205	real
1884	1317	1536494450	real
1884	10167	17137630080419	private_dummy
1885	4658	1430048205	real
1885	10168	17137630080419	private_dummy
1886	4660	1280892846	real
1886	10169	17137630080419	private_dummy
1887	4662	1184562466	real
1887	10170	17137630080419	private_dummy
1888	4664	1127244833	real
1888	10171	17137630080419	private_dummy
1889	4666	1103469220	real
1889	10172	17137630080419	private_dummy
1890	4668	1111345418	real
1890	10173	17137630080419	private_dummy
1891	4670	1151478732	real
1891	10174	17137630080419	private_dummy
1892	4672	1227292212	real
1892	10175	17137630080419	private_dummy
1893	50	1593607205	real
1893	52	1536494450	real
1893	134	1536494450	real
1893	10176	17137630080419	private_dummy
1894	3585	1430048205	real
1894	3588	1678386638	real
1894	10177	17137630080419	private_dummy
1895	3582	1280892846	real
1895	10178	17137630080419	private_dummy
1896	3579	1184562466	real
1896	10179	17137630080419	private_dummy
1897	3576	1127244833	real
1897	10180	17137630080419	private_dummy
1898	3573	1103469220	real
1898	10181	17137630080419	private_dummy
1899	3570	1111345418	real
1899	10182	17137630080419	private_dummy
1900	3567	1151478732	real
1900	10183	17137630080419	private_dummy
1901	3564	1227292212	real
1901	10184	17137630080419	private_dummy
1902	1480	1280892846	real
1902	10185	17137630080419	private_dummy
1903	1467	1184562466	real
1903	10186	17137630080419	private_dummy
1904	1452	1127244833	real
1904	10187	17137630080419	private_dummy
1905	1436	1103469220	real
1905	10188	17137630080419	private_dummy
1906	1413	1111345418	real
1906	10189	17137630080419	private_dummy
1907	1354	1227292212	real
1907	10190	17137630080419	private_dummy
1908	1317	1347326682	real
1908	10191	17137630080419	private_dummy
1909	134	1869695623	real
1909	135	1869695623	real
1909	10192	17137630080419	private_dummy
1910	4475	1009994705	real
1910	10193	17137630080419	private_dummy
1911	4475	1009994705	real
1911	10194	17137630080419	private_dummy
1912	4476	639349752	real
1912	10195	17137630080419	private_dummy
1913	4476	639349752	real
1913	10196	17137630080419	private_dummy
1914	4477	553131802	real
1914	10197	17137630080419	private_dummy
1915	4477	553131802	real
1915	10198	17137630080419	private_dummy
1916	4478	639349752	real
1916	10199	17137630080419	private_dummy
1917	4478	639349752	real
1917	10200	17137630080419	private_dummy
1918	4479	1009994705	real
1918	10201	17137630080419	private_dummy
1919	4479	1009994705	real
1919	10202	17137630080419	private_dummy
1920	4480	1268658209	real
1920	10203	17137630080419	private_dummy
1921	4480	1268658209	real
1921	10204	17137630080419	private_dummy
1922	193	1869695623	real
1922	10205	17137630080419	private_dummy
1923	916	1593607205	real
1923	10206	17137630080419	private_dummy
1924	1586	1208591486	real
1924	10207	17137630080419	private_dummy
1925	1588	1168458172	real
1925	10208	17137630080419	private_dummy
1926	1590	1160581975	real
1926	10209	17137630080419	private_dummy
1927	1592	1184357587	real
1927	1594	1127244833	real
1927	10210	17137630080419	private_dummy
1928	1595	1241675220	real
1928	10211	17137630080419	private_dummy
1929	1570	1284404966	real
1929	10212	17137630080419	private_dummy
1930	1601	1487160959	real
1930	10213	17137630080419	private_dummy
1931	1603	1759226661	real
1931	10214	17137630080419	private_dummy
1932	1497	1280892846	real
1932	1605	1280892846	real
1932	10215	17137630080419	private_dummy
1933	1614	1208591486	real
1933	10216	17137630080419	private_dummy
1934	1654	1160581975	real
1934	10217	17137630080419	private_dummy
1935	1656	1184357587	real
1935	1658	1127244833	real
1935	10218	17137630080419	private_dummy
1936	1631	1208591486	real
1936	10219	17137630080419	private_dummy
1937	1662	1338005600	real
1937	1664	1280892846	real
1937	10220	17137630080419	private_dummy
1938	1641	1208591486	real
1938	10221	17137630080419	private_dummy
1939	1668	1759226661	real
1939	10222	17137630080419	private_dummy
1940	1502	1280892846	real
1940	1670	1280892846	real
1940	10223	17137630080419	private_dummy
1941	1679	1168458172	real
1941	10224	17137630080419	private_dummy
1942	1684	1168458172	real
1942	10225	17137630080419	private_dummy
1943	1717	1241675220	real
1943	10226	17137630080419	private_dummy
1944	1694	1168458172	real
1944	10227	17137630080419	private_dummy
1945	1723	1487160959	real
1945	10228	17137630080419	private_dummy
1946	1725	1759226661	real
1946	10229	17137630080419	private_dummy
1947	1506	1280892846	real
1947	1727	1280892846	real
1947	10230	17137630080419	private_dummy
1948	1736	1160581975	real
1948	1766	1103469220	real
1948	10231	17137630080419	private_dummy
1949	1741	1160581975	real
1949	1770	1103469220	real
1949	10232	17137630080419	private_dummy
1950	1771	1338005600	real
1950	1773	1280892846	real
1950	10233	17137630080419	private_dummy
1951	1775	1487160959	real
1951	10234	17137630080419	private_dummy
1952	1778	1759226661	real
1952	10235	17137630080419	private_dummy
1953	1510	1280892846	real
1953	1781	1280892846	real
1953	10236	17137630080419	private_dummy
1954	1790	1184357587	real
1954	10237	17137630080419	private_dummy
1955	1814	1338005600	real
1955	1816	1280892846	real
1955	10238	17137630080419	private_dummy
1956	1817	1487160959	real
1956	10239	17137630080419	private_dummy
1957	1819	1759226661	real
1957	10240	17137630080419	private_dummy
1958	1514	1280892846	real
1958	1821	1280892846	real
1958	10241	17137630080419	private_dummy
1959	1845	1338005600	real
1959	1846	1280892846	real
1959	10242	17137630080419	private_dummy
1960	1848	1487160959	real
1960	10243	17137630080419	private_dummy
1961	1850	1759226661	real
1961	10244	17137630080419	private_dummy
1962	1844	1241675220	real
1962	10245	17137630080419	private_dummy
1963	1871	1487160959	real
1963	10246	17137630080419	private_dummy
1964	1873	1759226661	real
1964	10247	17137630080419	private_dummy
1965	1523	1280892846	real
1965	1875	1280892846	real
1965	10248	17137630080419	private_dummy
1966	1889	1759226661	real
1966	10249	17137630080419	private_dummy
1967	1528	1280892846	real
1967	1891	1280892846	real
1967	10250	17137630080419	private_dummy
1968	1533	1280892846	real
1968	1899	1280892846	real
1968	10251	17137630080419	private_dummy
1969	4789	954546992	real
1969	10252	17137630080419	private_dummy
1970	4787	539597253	real
1970	10253	17137630080419	private_dummy
1971	4792	826219067	real
1971	10254	17137630080419	private_dummy
1972	4792	851820297	real
1972	10255	17137630080419	private_dummy
1973	4777	186523010	real
1973	10256	17137630080419	private_dummy
1974	4783	791246176	real
1974	4784	791246176	real
1974	10257	17137630080419	private_dummy
1975	4773	328667456	real
1975	4774	499997966	real
1975	10258	17137630080419	private_dummy
1976	4775	654888557	real
1976	10259	17137630080419	private_dummy
1977	4799	539597253	real
1977	10260	17137630080419	private_dummy
1978	4774	396922706	real
1978	10261	17137630080419	private_dummy
1979	4781	529188522	real
1979	10262	17137630080419	private_dummy
1980	4801	239590252	real
1980	10263	17137630080419	private_dummy
1981	4773	502842350	real
1981	10264	17137630080419	private_dummy
1982	4779	160926271	real
1982	10265	17137630080419	private_dummy
1983	4803	713772147	real
1983	10266	17137630080419	private_dummy
1984	4788	403362301	real
1984	10267	17137630080419	private_dummy
1985	4785	679295344	real
1985	4786	679295344	real
1985	10268	17137630080419	private_dummy
1986	4775	310695772	real
1986	4777	218029243	real
1986	10269	17137630080419	private_dummy
1987	4779	440031217	real
1987	4781	611361727	real
1987	10270	17137630080419	private_dummy
1988	4806	310695772	real
1988	10271	17137630080419	private_dummy
1989	4794	812221010	real
1989	10272	17137630080419	private_dummy
1990	4794	733552537	real
1990	10273	17137630080419	private_dummy
1991	4792	826219067	real
1991	4793	436521993	real
1991	4798	529188522	real
1991	10274	17137630080419	private_dummy
1992	4802	516840406	real
1992	10275	17137630080419	private_dummy
1993	4804	239590252	real
1993	10276	17137630080419	private_dummy
1994	4792	871600688	real
1994	4793	812221010	real
1994	4800	733552537	real
1994	10277	17137630080419	private_dummy
1995	4802	792440620	real
1995	10278	17137630080419	private_dummy
1996	4804	318258725	real
1996	10279	17137630080419	private_dummy
1997	4791	421329493	real
1997	10280	17137630080419	private_dummy
1998	4805	310695772	real
1998	10281	17137630080419	private_dummy
1999	4807	541247193	real
1999	10282	17137630080419	private_dummy
2000	4791	499997966	real
2000	10283	17137630080419	private_dummy
2001	4805	389364245	real
2001	10284	17137630080419	private_dummy
2002	4807	619915666	real
2002	10285	17137630080419	private_dummy
2003	4790	396922706	real
2003	10286	17137630080419	private_dummy
2004	4790	674172860	real
2004	10287	17137630080419	private_dummy
2005	4684	459723160	real
2005	4685	459723160	real
2005	10288	17137630080419	private_dummy
2006	4776	798782256	real
2006	10289	17137630080419	private_dummy
2007	4772	783211990	real
2007	10290	17137630080419	private_dummy
2008	4772	804767708	real
2008	10291	17137630080419	private_dummy
2009	4674	726099236	real
2009	4675	726099236	real
2009	10292	17137630080419	private_dummy
2010	4676	577990920	real
2010	4677	577990920	real
2010	10293	17137630080419	private_dummy
2011	4678	597771310	real
2011	4679	597771310	real
2011	10294	17137630080419	private_dummy
2012	4680	798782256	real
2012	4681	798782256	real
2012	10295	17137630080419	private_dummy
2013	4682	798782256	real
2013	4683	798782256	real
2013	10296	17137630080419	private_dummy
2014	4815	861880462	real
2014	10297	17137630080419	private_dummy
2015	4815	861880462	real
2015	10298	17137630080419	private_dummy
2016	4675	726099236	real
2016	10299	17137630080419	private_dummy
2017	4718	371846286	real
2017	10300	17137630080419	private_dummy
2018	4778	554664365	real
2018	10301	17137630080419	private_dummy
2019	4817	861880462	real
2019	10302	17137630080419	private_dummy
2020	4817	861880462	real
2020	10303	17137630080419	private_dummy
2021	4674	895769196	real
2021	10304	17137630080419	private_dummy
2022	4690	405465967	real
2022	4693	462578721	real
2022	10305	17137630080419	private_dummy
2023	4696	285548266	real
2023	4699	285548266	real
2023	10306	17137630080419	private_dummy
2024	4702	405465967	real
2024	10307	17137630080419	private_dummy
2025	4706	727471858	real
2025	4707	727471858	real
2025	10308	17137630080419	private_dummy
2026	4819	783211990	real
2026	10309	17137630080419	private_dummy
2027	4819	1000509497	real
2027	10310	17137630080419	private_dummy
2028	4677	577990920	real
2028	10311	17137630080419	private_dummy
2029	4693	462578721	real
2029	10312	17137630080419	private_dummy
2030	4745	440438857	real
2030	4748	440438857	real
2030	10313	17137630080419	private_dummy
2031	4780	414966275	real
2031	10314	17137630080419	private_dummy
2032	4821	438171934	real
2032	10315	17137630080419	private_dummy
2033	4821	655469441	real
2033	10316	17137630080419	private_dummy
2034	4676	628199503	real
2034	10317	17137630080419	private_dummy
2035	4690	628199503	real
2035	10318	17137630080419	private_dummy
2036	4726	382913971	real
2036	4729	440026725	real
2036	10319	17137630080419	private_dummy
2037	4732	382913971	real
2037	4735	382913971	real
2037	10320	17137630080419	private_dummy
2038	4737	396916519	real
2038	4738	396916519	real
2038	10321	17137630080419	private_dummy
2039	4823	660905471	real
2039	10322	17137630080419	private_dummy
2040	4823	552394181	real
2040	10323	17137630080419	private_dummy
2041	4679	597771310	real
2041	4685	597771310	real
2041	10324	17137630080419	private_dummy
2042	4699	285548266	real
2042	10325	17137630080419	private_dummy
2043	4729	440026725	real
2043	10326	17137630080419	private_dummy
2044	4761	855895011	real
2044	10327	17137630080419	private_dummy
2045	4765	438171934	real
2045	10328	17137630080419	private_dummy
2046	4825	546692206	real
2046	10329	17137630080419	private_dummy
2047	4825	503582000	real
2047	10330	17137630080419	private_dummy
2048	4678	568241738	real
2048	4684	568241738	real
2048	10331	17137630080419	private_dummy
2049	4696	313543580	real
2049	10332	17137630080419	private_dummy
2050	4726	568241738	real
2050	10333	17137630080419	private_dummy
2051	4754	556136856	real
2051	10334	17137630080419	private_dummy
2052	4758	370656334	real
2052	10335	17137630080419	private_dummy
2053	4827	574687520	real
2053	10336	17137630080419	private_dummy
2054	4827	503582000	real
2054	10337	17137630080419	private_dummy
2055	4681	798782256	real
2055	10338	17137630080419	private_dummy
2056	4735	382913971	real
2056	4748	382913971	real
2056	10339	17137630080419	private_dummy
2057	4782	898806860	real
2057	10340	17137630080419	private_dummy
2058	4829	752827857	real
2058	10341	17137630080419	private_dummy
2059	4829	660905471	real
2059	10342	17137630080419	private_dummy
2060	4680	670359104	real
2060	10343	17137630080419	private_dummy
2061	4702	313543580	real
2061	4718	313543580	real
2061	10344	17137630080419	private_dummy
2062	4732	339803765	real
2062	4745	339803765	real
2062	10345	17137630080419	private_dummy
2063	4754	670359104	real
2063	4761	727471858	real
2063	10346	17137630080419	private_dummy
2064	4769	582236998	real
2064	4770	639349752	real
2064	10347	17137630080419	private_dummy
2065	4831	660905471	real
2065	10348	17137630080419	private_dummy
2066	4831	660905471	real
2066	10349	17137630080419	private_dummy
2067	4683	1052445090	real
2067	10350	17137630080419	private_dummy
2068	4707	727471858	real
2068	10351	17137630080419	private_dummy
2069	4738	396916519	real
2069	10352	17137630080419	private_dummy
2070	4770	639349752	real
2070	10353	17137630080419	private_dummy
2071	4833	1151180387	real
2071	10354	17137630080419	private_dummy
2072	4833	897434237	real
2072	10355	17137630080419	private_dummy
2073	4682	1052445090	real
2073	10356	17137630080419	private_dummy
2074	4706	685312258	real
2074	10357	17137630080419	private_dummy
2075	4737	625354492	real
2075	10358	17137630080419	private_dummy
2076	4758	727471858	real
2076	4765	727471858	real
2076	10359	17137630080419	private_dummy
2077	4769	1109557844	real
2077	10360	17137630080419	private_dummy
2078	4835	1005945527	real
2078	10361	17137630080419	private_dummy
2079	4835	1000509497	real
2079	10362	17137630080419	private_dummy
2080	4796	861880462	real
2080	4814	726099236	real
2080	10363	17137630080419	private_dummy
2081	4818	1031550423	real
2081	10364	17137630080419	private_dummy
2082	4820	783211990	real
2082	10365	17137630080419	private_dummy
2083	4796	918993217	real
2083	4816	783211990	real
2083	10366	17137630080419	private_dummy
2084	4818	1088663177	real
2084	10367	17137630080419	private_dummy
2085	4820	840324744	real
2085	10368	17137630080419	private_dummy
2086	4822	660905471	real
2086	10369	17137630080419	private_dummy
2087	4824	595504387	real
2087	10370	17137630080419	private_dummy
2088	4822	718018225	real
2088	10371	17137630080419	private_dummy
2089	4824	652617141	real
2089	10372	17137630080419	private_dummy
2090	4826	574687520	real
2090	10373	17137630080419	private_dummy
2091	4828	595504387	real
2091	10374	17137630080419	private_dummy
2092	4826	631800274	real
2092	10375	17137630080419	private_dummy
2093	4828	652617141	real
2093	10376	17137630080419	private_dummy
2094	4830	660905471	real
2094	10377	17137630080419	private_dummy
2095	4832	783211990	real
2095	10378	17137630080419	private_dummy
2096	4830	718018225	real
2096	10379	17137630080419	private_dummy
2097	4832	840324744	real
2097	10380	17137630080419	private_dummy
2098	4834	1031550423	real
2098	10381	17137630080419	private_dummy
2099	4836	1088663177	real
2099	10382	17137630080419	private_dummy
2100	4834	1088663177	real
2100	10383	17137630080419	private_dummy
2101	4836	1167331650	real
2101	10384	17137630080419	private_dummy
2102	4797	228443265	real
2102	10385	17137630080419	private_dummy
2103	4797	367072299	real
2103	10386	17137630080419	private_dummy
2104	4794	733552537	real
2104	4795	461997836	real
2104	10387	17137630080419	private_dummy
2105	4794	733552537	real
2105	4795	576220084	real
2105	10388	17137630080419	private_dummy
2106	606	1280892846	real
2106	607	1280892846	real
2106	627	1280892846	real
2106	10389	17137630080419	private_dummy
2107	4116	1009994705	real
2107	4118	1258333138	real
2107	10390	17137630080419	private_dummy
2108	4114	761656271	real
2108	10391	17137630080419	private_dummy
2109	4112	639349752	real
2109	10392	17137630080419	private_dummy
2110	4110	573948669	real
2110	10393	17137630080419	private_dummy
2111	4108	553131802	real
2111	10394	17137630080419	private_dummy
2112	4106	573948669	real
2112	10395	17137630080419	private_dummy
2113	4104	639349752	real
2113	10396	17137630080419	private_dummy
2114	4102	761656271	real
2114	10397	17137630080419	private_dummy
2115	136	1338005600	real
2115	137	1280892846	real
2115	10398	17137630080419	private_dummy
2116	1296	1280892846	real
2116	1297	1280892846	real
2116	1317	1280892846	real
2116	10399	17137630080419	private_dummy
2117	4671	1088663177	real
2117	4673	1337001611	real
2117	10400	17137630080419	private_dummy
2118	4669	840324744	real
2118	10401	17137630080419	private_dummy
2119	4667	718018225	real
2119	10402	17137630080419	private_dummy
2120	4665	652617141	real
2120	10403	17137630080419	private_dummy
2121	4663	631800274	real
2121	10404	17137630080419	private_dummy
2122	4661	652617141	real
2122	10405	17137630080419	private_dummy
2123	4659	718018225	real
2123	10406	17137630080419	private_dummy
2124	4657	840324744	real
2124	10407	17137630080419	private_dummy
2125	859	1338005600	real
2125	860	1280892846	real
2125	10408	17137630080419	private_dummy
2126	143	1869695623	real
2126	144	1869695623	real
2126	609	1869695623	real
2126	10409	17137630080419	private_dummy
2127	866	1536494450	real
2127	867	1593607205	real
2127	1299	1536494450	real
2127	10410	17137630080419	private_dummy
2128	1597	1280892846	real
2128	1598	1338005600	real
2128	1600	1280892846	real
2128	10411	17137630080419	private_dummy
2129	4838	1536494450	real
2129	10412	17137630080419	private_dummy
2130	4687	861880462	real
2130	10413	17137630080419	private_dummy
2131	4689	625351696	real
2131	10414	17137630080419	private_dummy
2132	4692	516840406	real
2132	10415	17137630080419	private_dummy
2133	4695	468028226	real
2133	10416	17137630080419	private_dummy
2134	4698	468028226	real
2134	10417	17137630080419	private_dummy
2135	4840	516840406	real
2135	10418	17137630080419	private_dummy
2136	4704	625351696	real
2136	10419	17137630080419	private_dummy
2137	140	1869695623	real
2137	141	1869695623	real
2137	10420	17137630080419	private_dummy
2138	863	1593607205	real
2138	864	1593607205	real
2138	10421	17137630080419	private_dummy
2139	1537	1208591486	real
2139	1538	1208591486	real
2139	1540	1151478732	real
2139	1541	1151478732	real
2139	10422	17137630080419	private_dummy
2140	1543	1168458172	real
2140	1544	1168458172	real
2140	1546	1111345418	real
2140	1547	1111345418	real
2140	10423	17137630080419	private_dummy
2141	1549	1160581975	real
2141	1550	1160581975	real
2141	1552	1103469220	real
2141	1553	1103469220	real
2141	10424	17137630080419	private_dummy
2142	1555	1184357587	real
2142	1556	1184357587	real
2142	1558	1127244833	real
2142	1559	1127244833	real
2142	10425	17137630080419	private_dummy
2143	1561	1241675220	real
2143	1562	1241675220	real
2143	1564	1184562466	real
2143	1565	1184562466	real
2143	10426	17137630080419	private_dummy
2144	1567	1338005600	real
2144	1568	1338005600	real
2144	10427	17137630080419	private_dummy
2145	1571	1487160959	real
2145	1572	1487160959	real
2145	1574	1430048205	real
2145	1575	1430048205	real
2145	10428	17137630080419	private_dummy
2146	1577	1759226661	real
2146	1578	1759226661	real
2146	1580	1702113907	real
2146	1581	1702113907	real
2146	10429	17137630080419	private_dummy
2147	1494	1280892846	real
2147	1496	1338005600	real
2147	1583	1280892846	real
2147	1584	1280892846	real
2147	10430	17137630080419	private_dummy
2148	149	1869695623	real
2148	150	1869695623	real
2148	611	1869695623	real
2148	10431	17137630080419	private_dummy
2149	872	1536494450	real
2149	873	1593607205	real
2149	1301	1536494450	real
2149	10432	17137630080419	private_dummy
2150	1540	1227292212	real
2150	1542	1284404966	real
2150	10433	17137630080419	private_dummy
2151	1651	1111345418	real
2151	1652	1168458172	real
2151	10434	17137630080419	private_dummy
2152	1659	1184562466	real
2152	1660	1241675220	real
2152	10435	17137630080419	private_dummy
2153	1665	1430048205	real
2153	1666	1487160959	real
2153	10436	17137630080419	private_dummy
2154	4842	1536494450	real
2154	10437	17137630080419	private_dummy
2155	4844	1031550423	real
2155	10438	17137630080419	private_dummy
2156	4846	625351696	real
2156	10439	17137630080419	private_dummy
2157	4711	402618159	real
2157	10440	17137630080419	private_dummy
2158	4713	310695772	real
2158	10441	17137630080419	private_dummy
2159	4848	282700458	real
2159	10442	17137630080419	private_dummy
2160	4717	310695772	real
2160	10443	17137630080419	private_dummy
2161	4850	402618159	real
2161	10444	17137630080419	private_dummy
2162	146	1869695623	real
2162	147	1869695623	real
2162	10445	17137630080419	private_dummy
2163	869	1593607205	real
2163	870	1593607205	real
2163	10446	17137630080419	private_dummy
2164	1537	1284404966	real
2164	1539	1284404966	real
2164	1587	1227292212	real
2164	10447	17137630080419	private_dummy
2165	1610	1168458172	real
2165	1611	1168458172	real
2165	1613	1111345418	real
2165	10448	17137630080419	private_dummy
2166	1615	1160581975	real
2166	1616	1160581975	real
2166	1618	1103469220	real
2166	1619	1103469220	real
2166	10449	17137630080419	private_dummy
2167	1621	1184357587	real
2167	1622	1184357587	real
2167	1624	1127244833	real
2167	1625	1127244833	real
2167	10450	17137630080419	private_dummy
2168	1627	1241675220	real
2168	1628	1241675220	real
2168	1630	1184562466	real
2168	10451	17137630080419	private_dummy
2169	1632	1338005600	real
2169	1633	1338005600	real
2169	1635	1280892846	real
2169	10452	17137630080419	private_dummy
2170	1637	1487160959	real
2170	1638	1487160959	real
2170	1640	1430048205	real
2170	10453	17137630080419	private_dummy
2171	1642	1759226661	real
2171	1643	1759226661	real
2171	1645	1702113907	real
2171	1646	1702113907	real
2171	10454	17137630080419	private_dummy
2172	1498	1280892846	real
2172	1500	1338005600	real
2172	1648	1280892846	real
2172	1649	1280892846	real
2172	10455	17137630080419	private_dummy
2173	155	1869695623	real
2173	156	1869695623	real
2173	613	1869695623	real
2173	10456	17137630080419	private_dummy
2174	878	1536494450	real
2174	879	1593607205	real
2174	1303	1536494450	real
2174	10457	17137630080419	private_dummy
2175	1546	1227292212	real
2175	1548	1284404966	real
2175	10458	17137630080419	private_dummy
2176	1710	1103469220	real
2176	1711	1160581975	real
2176	10459	17137630080419	private_dummy
2177	1713	1127244833	real
2177	1714	1184357587	real
2177	1716	1127244833	real
2177	10460	17137630080419	private_dummy
2178	1719	1280892846	real
2178	1720	1338005600	real
2178	1722	1280892846	real
2178	10461	17137630080419	private_dummy
2179	4852	1536494450	real
2179	10462	17137630080419	private_dummy
2180	4854	1031550423	real
2180	10463	17137630080419	private_dummy
2181	4709	783211990	real
2181	10464	17137630080419	private_dummy
2182	4856	541247193	real
2182	10465	17137630080419	private_dummy
2183	4858	335102559	real
2183	10466	17137630080419	private_dummy
2184	4728	263997040	real
2184	10467	17137630080419	private_dummy
2185	4860	263997040	real
2185	10468	17137630080419	private_dummy
2186	4734	335102559	real
2186	10469	17137630080419	private_dummy
2187	152	1869695623	real
2187	153	1869695623	real
2187	10470	17137630080419	private_dummy
2188	875	1593607205	real
2188	876	1593607205	real
2188	10471	17137630080419	private_dummy
2189	1543	1284404966	real
2189	1545	1284404966	real
2189	1589	1227292212	real
2189	10472	17137630080419	private_dummy
2190	1610	1208591486	real
2190	1612	1208591486	real
2190	1651	1151478732	real
2190	1653	1151478732	real
2190	10473	17137630080419	private_dummy
2191	1675	1160581975	real
2191	1676	1160581975	real
2191	1678	1103469220	real
2191	10474	17137630080419	private_dummy
2192	1680	1184357587	real
2192	1681	1184357587	real
2192	1683	1127244833	real
2192	10475	17137630080419	private_dummy
2193	1685	1241675220	real
2193	1686	1241675220	real
2193	1688	1184562466	real
2193	1689	1184562466	real
2193	10476	17137630080419	private_dummy
2194	1691	1338005600	real
2194	1692	1338005600	real
2194	10477	17137630080419	private_dummy
2195	1695	1487160959	real
2195	1696	1487160959	real
2195	1698	1430048205	real
2195	1699	1430048205	real
2195	10478	17137630080419	private_dummy
2196	1701	1759226661	real
2196	1702	1759226661	real
2196	1704	1702113907	real
2196	1705	1702113907	real
2196	10479	17137630080419	private_dummy
2197	1503	1280892846	real
2197	1505	1338005600	real
2197	1707	1280892846	real
2197	1708	1280892846	real
2197	10480	17137630080419	private_dummy
2198	161	1869695623	real
2198	162	1869695623	real
2198	615	1869695623	real
2198	10481	17137630080419	private_dummy
2199	884	1536494450	real
2199	885	1593607205	real
2199	1305	1536494450	real
2199	10482	17137630080419	private_dummy
2200	1552	1227292212	real
2200	1554	1284404966	real
2200	10483	17137630080419	private_dummy
2201	1618	1151478732	real
2201	1620	1208591486	real
2201	10484	17137630080419	private_dummy
2202	1762	1127244833	real
2202	1763	1184357587	real
2202	1765	1127244833	real
2202	10485	17137630080419	private_dummy
2203	1767	1184562466	real
2203	1768	1241675220	real
2203	10486	17137630080419	private_dummy
2204	4862	1536494450	real
2204	10487	17137630080419	private_dummy
2205	4864	1031550423	real
2205	10488	17137630080419	private_dummy
2206	4866	783211990	real
2206	10489	17137630080419	private_dummy
2207	4723	660905471	real
2207	10490	17137630080419	private_dummy
2208	4868	507627513	real
2208	10491	17137630080419	private_dummy
2209	4870	322299745	real
2209	10492	17137630080419	private_dummy
2210	4744	279189539	real
2210	10493	17137630080419	private_dummy
2211	4747	322299745	real
2211	10494	17137630080419	private_dummy
2212	158	1869695623	real
2212	159	1869695623	real
2212	10495	17137630080419	private_dummy
2213	881	1593607205	real
2213	882	1593607205	real
2213	10496	17137630080419	private_dummy
2214	1549	1284404966	real
2214	1551	1284404966	real
2214	1591	1227292212	real
2214	10497	17137630080419	private_dummy
2215	1615	1208591486	real
2215	1617	1208591486	real
2215	1655	1151478732	real
2215	10498	17137630080419	private_dummy
2216	1675	1168458172	real
2216	1677	1168458172	real
2216	1710	1111345418	real
2216	1712	1111345418	real
2216	10499	17137630080419	private_dummy
2217	1732	1184357587	real
2217	1733	1184357587	real
2217	1735	1127244833	real
2217	10500	17137630080419	private_dummy
2218	1737	1241675220	real
2218	1738	1241675220	real
2218	1740	1184562466	real
2218	10501	17137630080419	private_dummy
2219	1742	1338005600	real
2219	1743	1338005600	real
2219	1745	1280892846	real
2219	10502	17137630080419	private_dummy
2220	1747	1487160959	real
2220	1748	1487160959	real
2220	1750	1430048205	real
2220	1751	1430048205	real
2220	10503	17137630080419	private_dummy
2221	1753	1759226661	real
2221	1754	1759226661	real
2221	1756	1702113907	real
2221	1757	1702113907	real
2221	10504	17137630080419	private_dummy
2222	1507	1280892846	real
2222	1509	1338005600	real
2222	1759	1280892846	real
2222	1760	1280892846	real
2222	10505	17137630080419	private_dummy
2223	167	1869695623	real
2223	168	1869695623	real
2223	617	1869695623	real
2223	10506	17137630080419	private_dummy
2224	890	1536494450	real
2224	891	1593607205	real
2224	1307	1536494450	real
2224	10507	17137630080419	private_dummy
2225	1558	1227292212	real
2225	1560	1284404966	real
2225	10508	17137630080419	private_dummy
2226	1624	1151478732	real
2226	1626	1208591486	real
2226	10509	17137630080419	private_dummy
2227	1811	1184562466	real
2227	1812	1241675220	real
2227	10510	17137630080419	private_dummy
2228	4872	1536494450	real
2228	10511	17137630080419	private_dummy
2229	4874	1031550423	real
2229	10512	17137630080419	private_dummy
2230	4876	783211990	real
2230	10513	17137630080419	private_dummy
2231	4725	660905471	real
2231	10514	17137630080419	private_dummy
2232	4740	595504387	real
2232	10515	17137630080419	private_dummy
2233	4878	518695198	real
2233	10516	17137630080419	private_dummy
2234	4753	361362744	real
2234	10517	17137630080419	private_dummy
2235	4756	361362744	real
2235	10518	17137630080419	private_dummy
2236	164	1869695623	real
2236	165	1869695623	real
2236	10519	17137630080419	private_dummy
2237	887	1593607205	real
2237	888	1593607205	real
2237	10520	17137630080419	private_dummy
2238	1555	1284404966	real
2238	1557	1284404966	real
2238	1593	1227292212	real
2238	10521	17137630080419	private_dummy
2239	1621	1208591486	real
2239	1623	1208591486	real
2239	1657	1151478732	real
2239	10522	17137630080419	private_dummy
2240	1680	1168458172	real
2240	1682	1168458172	real
2240	1713	1111345418	real
2240	1715	1111345418	real
2240	10523	17137630080419	private_dummy
2241	1732	1160581975	real
2241	1734	1160581975	real
2241	1762	1103469220	real
2241	1764	1103469220	real
2241	10524	17137630080419	private_dummy
2242	1786	1241675220	real
2242	1787	1241675220	real
2242	1789	1184562466	real
2242	10525	17137630080419	private_dummy
2243	1791	1338005600	real
2243	1792	1338005600	real
2243	1794	1280892846	real
2243	10526	17137630080419	private_dummy
2244	1796	1487160959	real
2244	1797	1487160959	real
2244	1799	1430048205	real
2244	1800	1430048205	real
2244	10527	17137630080419	private_dummy
2245	1802	1759226661	real
2245	1803	1759226661	real
2245	1805	1702113907	real
2245	1806	1702113907	real
2245	10528	17137630080419	private_dummy
2246	1511	1280892846	real
2246	1513	1338005600	real
2246	1808	1280892846	real
2246	1809	1280892846	real
2246	10529	17137630080419	private_dummy
2247	173	1869695623	real
2247	174	1869695623	real
2247	620	1869695623	real
2247	10530	17137630080419	private_dummy
2248	896	1536494450	real
2248	897	1593607205	real
2248	1310	1536494450	real
2248	10531	17137630080419	private_dummy
2249	1564	1227292212	real
2249	1566	1284404966	real
2249	10532	17137630080419	private_dummy
2250	1688	1111345418	real
2250	1690	1168458172	real
2250	10533	17137630080419	private_dummy
2251	1518	1280892846	real
2251	1519	1280892846	real
2251	1852	1280892846	real
2251	10534	17137630080419	private_dummy
2252	4880	1536494450	real
2252	10535	17137630080419	private_dummy
2253	4882	1031550423	real
2253	10536	17137630080419	private_dummy
2254	4715	783211990	real
2254	10537	17137630080419	private_dummy
2255	4884	660905471	real
2255	10538	17137630080419	private_dummy
2256	4742	595504387	real
2256	10539	17137630080419	private_dummy
2257	4751	574687520	real
2257	10540	17137630080419	private_dummy
2258	4760	576220084	real
2258	10541	17137630080419	private_dummy
2259	4763	461997836	real
2259	10542	17137630080419	private_dummy
2260	170	1869695623	real
2260	171	1869695623	real
2260	10543	17137630080419	private_dummy
2261	893	1593607205	real
2261	894	1593607205	real
2261	10544	17137630080419	private_dummy
2262	1561	1284404966	real
2262	1563	1284404966	real
2262	1596	1227292212	real
2262	10545	17137630080419	private_dummy
2263	1627	1208591486	real
2263	1629	1208591486	real
2263	1659	1151478732	real
2263	1661	1151478732	real
2263	10546	17137630080419	private_dummy
2264	1685	1168458172	real
2264	1687	1168458172	real
2264	1718	1111345418	real
2264	10547	17137630080419	private_dummy
2265	1737	1160581975	real
2265	1739	1160581975	real
2265	1767	1103469220	real
2265	1769	1103469220	real
2265	10548	17137630080419	private_dummy
2266	1786	1184357587	real
2266	1788	1184357587	real
2266	1811	1127244833	real
2266	1813	1127244833	real
2266	10549	17137630080419	private_dummy
2267	1826	1338005600	real
2267	1827	1338005600	real
2267	1829	1280892846	real
2267	10550	17137630080419	private_dummy
2268	1831	1487160959	real
2268	1832	1487160959	real
2268	1834	1430048205	real
2268	1835	1430048205	real
2268	10551	17137630080419	private_dummy
2269	1837	1759226661	real
2269	1838	1759226661	real
2269	1840	1702113907	real
2269	1841	1702113907	real
2269	10552	17137630080419	private_dummy
2270	1515	1280892846	real
2270	1517	1338005600	real
2270	1843	1280892846	real
2270	10553	17137630080419	private_dummy
2271	179	1869695623	real
2271	180	1869695623	real
2271	622	1869695623	real
2271	10554	17137630080419	private_dummy
2272	902	1536494450	real
2272	903	1593607205	real
2272	1312	1536494450	real
2272	10555	17137630080419	private_dummy
2273	1635	1151478732	real
2273	1636	1208591486	real
2273	10556	17137630080419	private_dummy
2274	1745	1103469220	real
2274	1746	1160581975	real
2274	1774	1103469220	real
2274	10557	17137630080419	private_dummy
2275	1794	1127244833	real
2275	1795	1184357587	real
2275	10558	17137630080419	private_dummy
2276	1829	1184562466	real
2276	1830	1241675220	real
2276	1847	1184562466	real
2276	10559	17137630080419	private_dummy
2277	4886	1536494450	real
2277	10560	17137630080419	private_dummy
2278	4701	1031550423	real
2278	10561	17137630080419	private_dummy
2279	4888	783211990	real
2279	10562	17137630080419	private_dummy
2280	4731	660905471	real
2280	10563	17137630080419	private_dummy
2281	4890	595504387	real
2281	10564	17137630080419	private_dummy
2282	4892	574687520	real
2282	10565	17137630080419	private_dummy
2283	4894	595504387	real
2283	10566	17137630080419	private_dummy
2284	4767	691918083	real
2284	10567	17137630080419	private_dummy
2285	176	1869695623	real
2285	177	1869695623	real
2285	10568	17137630080419	private_dummy
2286	899	1593607205	real
2286	900	1593607205	real
2286	10569	17137630080419	private_dummy
2287	1567	1284404966	real
2287	1569	1284404966	real
2287	1597	1227292212	real
2287	1599	1227292212	real
2287	10570	17137630080419	private_dummy
2288	1632	1208591486	real
2288	1634	1208591486	real
2288	1663	1151478732	real
2288	10571	17137630080419	private_dummy
2289	1691	1168458172	real
2289	1693	1168458172	real
2289	1719	1111345418	real
2289	1721	1111345418	real
2289	10572	17137630080419	private_dummy
2290	1742	1160581975	real
2290	1744	1160581975	real
2290	1772	1103469220	real
2290	10573	17137630080419	private_dummy
2291	1791	1184357587	real
2291	1793	1184357587	real
2291	1815	1127244833	real
2291	10574	17137630080419	private_dummy
2292	1826	1241675220	real
2292	1828	1241675220	real
2292	10575	17137630080419	private_dummy
2293	1856	1487160959	real
2293	1857	1487160959	real
2293	1859	1430048205	real
2293	1860	1430048205	real
2293	10576	17137630080419	private_dummy
2294	1862	1759226661	real
2294	1863	1759226661	real
2294	1865	1702113907	real
2294	1866	1702113907	real
2294	10577	17137630080419	private_dummy
2295	1520	1280892846	real
2295	1522	1338005600	real
2295	1868	1280892846	real
2295	1869	1280892846	real
2295	10578	17137630080419	private_dummy
2296	185	1869695623	real
2296	186	1869695623	real
2296	624	1869695623	real
2296	10579	17137630080419	private_dummy
2297	908	1536494450	real
2297	909	1593607205	real
2297	1314	1536494450	real
2297	10580	17137630080419	private_dummy
2298	1574	1227292212	real
2298	1576	1284404966	real
2298	10581	17137630080419	private_dummy
2299	1698	1111345418	real
2299	1700	1168458172	real
2299	10582	17137630080419	private_dummy
2300	1750	1103469220	real
2300	1752	1160581975	real
2300	1777	1103469220	real
2300	10583	17137630080419	private_dummy
2301	1799	1127244833	real
2301	1801	1184357587	real
2301	10584	17137630080419	private_dummy
2302	1834	1184562466	real
2302	1836	1241675220	real
2302	1849	1184562466	real
2302	10585	17137630080419	private_dummy
2303	1859	1280892846	real
2303	1861	1338005600	real
2303	10586	17137630080419	private_dummy
2304	4896	1536494450	real
2304	10587	17137630080419	private_dummy
2305	4898	1031550423	real
2305	10588	17137630080419	private_dummy
2306	4720	783211990	real
2306	10589	17137630080419	private_dummy
2307	4900	660905471	real
2307	10590	17137630080419	private_dummy
2308	4902	595504387	real
2308	10591	17137630080419	private_dummy
2309	4904	574687520	real
2309	10592	17137630080419	private_dummy
2310	4906	595504387	real
2310	10593	17137630080419	private_dummy
2311	4908	660905471	real
2311	10594	17137630080419	private_dummy
2312	182	1869695623	real
2312	183	1869695623	real
2312	10595	17137630080419	private_dummy
2313	905	1593607205	real
2313	906	1593607205	real
2313	10596	17137630080419	private_dummy
2314	1571	1284404966	real
2314	1573	1284404966	real
2314	1602	1227292212	real
2314	10597	17137630080419	private_dummy
2315	1637	1208591486	real
2315	1639	1208591486	real
2315	1665	1151478732	real
2315	1667	1151478732	real
2315	10598	17137630080419	private_dummy
2316	1695	1168458172	real
2316	1697	1168458172	real
2316	1724	1111345418	real
2316	10599	17137630080419	private_dummy
2317	1747	1160581975	real
2317	1749	1160581975	real
2317	1776	1103469220	real
2317	10600	17137630080419	private_dummy
2318	1796	1184357587	real
2318	1798	1184357587	real
2318	1818	1127244833	real
2318	10601	17137630080419	private_dummy
2319	1831	1241675220	real
2319	1833	1241675220	real
2319	10602	17137630080419	private_dummy
2320	1856	1338005600	real
2320	1858	1338005600	real
2320	1872	1280892846	real
2320	10603	17137630080419	private_dummy
2321	1880	1759226661	real
2321	1881	1759226661	real
2321	1883	1702113907	real
2321	1884	1702113907	real
2321	10604	17137630080419	private_dummy
2322	1524	1280892846	real
2322	1526	1359561318	real
2322	1886	1280892846	real
2322	1887	1280892846	real
2322	10605	17137630080419	private_dummy
2323	191	1869695623	real
2323	192	1869695623	real
2323	626	1869695623	real
2323	10606	17137630080419	private_dummy
2324	914	1536494450	real
2324	915	1593607205	real
2324	1316	1536494450	real
2324	10607	17137630080419	private_dummy
2325	1580	1227292212	real
2325	1582	1284404966	real
2325	10608	17137630080419	private_dummy
2326	1645	1151478732	real
2326	1647	1208591486	real
2326	10609	17137630080419	private_dummy
2327	1704	1111345418	real
2327	1706	1168458172	real
2327	10610	17137630080419	private_dummy
2328	1756	1103469220	real
2328	1758	1160581975	real
2328	1780	1103469220	real
2328	10611	17137630080419	private_dummy
2329	1805	1127244833	real
2329	1807	1184357587	real
2329	10612	17137630080419	private_dummy
2330	1840	1184562466	real
2330	1842	1241675220	real
2330	1851	1184562466	real
2330	10613	17137630080419	private_dummy
2331	1865	1280892846	real
2331	1867	1338005600	real
2331	10614	17137630080419	private_dummy
2332	1883	1430048205	real
2332	1885	1487160959	real
2332	10615	17137630080419	private_dummy
2333	4910	1536494450	real
2333	10616	17137630080419	private_dummy
2334	4912	1031550423	real
2334	10617	17137630080419	private_dummy
2335	4914	783211990	real
2335	10618	17137630080419	private_dummy
2336	4916	660905471	real
2336	10619	17137630080419	private_dummy
2337	4918	595504387	real
2337	10620	17137630080419	private_dummy
2338	4920	574687520	real
2338	10621	17137630080419	private_dummy
2339	4922	595504387	real
2339	10622	17137630080419	private_dummy
2340	4924	660905471	real
2340	10623	17137630080419	private_dummy
2341	188	1869695623	real
2341	189	1869695623	real
2341	10624	17137630080419	private_dummy
2342	911	1593607205	real
2342	912	1593607205	real
2342	10625	17137630080419	private_dummy
2343	1577	1284404966	real
2343	1579	1284404966	real
2343	1604	1227292212	real
2343	10626	17137630080419	private_dummy
2344	1642	1208591486	real
2344	1644	1208591486	real
2344	1669	1151478732	real
2344	10627	17137630080419	private_dummy
2345	1701	1168458172	real
2345	1703	1168458172	real
2345	1726	1111345418	real
2345	10628	17137630080419	private_dummy
2346	1753	1160581975	real
2346	1755	1160581975	real
2346	1779	1103469220	real
2346	10629	17137630080419	private_dummy
2347	1802	1184357587	real
2347	1804	1184357587	real
2347	1820	1127244833	real
2347	10630	17137630080419	private_dummy
2348	1837	1241675220	real
2348	1839	1241675220	real
2348	10631	17137630080419	private_dummy
2349	1862	1338005600	real
2349	1864	1338005600	real
2349	1874	1280892846	real
2349	10632	17137630080419	private_dummy
2350	1880	1487160959	real
2350	1882	1487160959	real
2350	1890	1430048205	real
2350	10633	17137630080419	private_dummy
2351	1529	1280892846	real
2351	1531	1280892846	real
2351	1896	1280892846	real
2351	1897	1280892846	real
2351	10634	17137630080419	private_dummy
2352	1583	1227292212	real
2352	1585	1284404966	real
2352	1606	1227292212	real
2352	10635	17137630080419	private_dummy
2353	1648	1151478732	real
2353	1650	1208591486	real
2353	1671	1151478732	real
2353	10636	17137630080419	private_dummy
2354	1707	1111345418	real
2354	1709	1168458172	real
2354	1728	1111345418	real
2354	10637	17137630080419	private_dummy
2355	1759	1103469220	real
2355	1761	1160581975	real
2355	1782	1103469220	real
2355	10638	17137630080419	private_dummy
2356	1808	1127244833	real
2356	1810	1184357587	real
2356	1822	1127244833	real
2356	10639	17137630080419	private_dummy
2357	1868	1280892846	real
2357	1870	1338005600	real
2357	1876	1280892846	real
2357	10640	17137630080419	private_dummy
2358	1886	1430048205	real
2358	1888	1487160959	real
2358	1892	1430048205	real
2358	10641	17137630080419	private_dummy
2359	1896	1702113907	real
2359	1898	1759226661	real
2359	1900	1702113907	real
2359	10642	17137630080419	private_dummy
2360	137	1869695623	real
2360	138	1869695623	real
2360	607	1869695623	real
2360	10643	17137630080419	private_dummy
2361	860	1536494450	real
2361	861	1536494450	real
2361	1297	1536494450	real
2361	10644	17137630080419	private_dummy
2362	1494	1227292212	real
2362	1495	1227292212	real
2362	10645	17137630080419	private_dummy
2363	1498	1151478732	real
2363	1499	1151478732	real
2363	1501	1151478732	real
2363	10646	17137630080419	private_dummy
2364	1503	1111345418	real
2364	1504	1111345418	real
2364	10647	17137630080419	private_dummy
2365	1507	1103469220	real
2365	1508	1103469220	real
2365	10648	17137630080419	private_dummy
2366	1511	1127244833	real
2366	1512	1127244833	real
2366	10649	17137630080419	private_dummy
2367	1515	1184562466	real
2367	1516	1184562466	real
2367	1518	1184562466	real
2367	10650	17137630080419	private_dummy
2368	1520	1280892846	real
2368	1521	1280892846	real
2368	10651	17137630080419	private_dummy
2369	1524	1430048205	real
2369	1525	1430048205	real
2369	1527	1430048205	real
2369	10652	17137630080419	private_dummy
2370	1529	1702113907	real
2370	1530	1702113907	real
2370	1532	1702113907	real
2370	10653	17137630080419	private_dummy
2371	4808	1430048205	real
2371	10654	17137630080419	private_dummy
2372	4808	1430048205	real
2372	10655	17137630080419	private_dummy
2373	4809	726099236	real
2373	10656	17137630080419	private_dummy
2374	4809	783211990	real
2374	10657	17137630080419	private_dummy
2375	4810	484134439	real
2375	10658	17137630080419	private_dummy
2376	4810	541247193	real
2376	10659	17137630080419	private_dummy
2377	4811	461582443	real
2377	10660	17137630080419	private_dummy
2378	4811	518695198	real
2378	10661	17137630080419	private_dummy
2379	4812	634805329	real
2379	10662	17137630080419	private_dummy
2380	4812	691918083	real
2380	10663	17137630080419	private_dummy
2381	4813	877450729	real
2381	10664	17137630080419	private_dummy
2382	4813	877450729	real
2382	10665	17137630080419	private_dummy
2383	2048	1430048205	real
2383	10666	17137630080419	private_dummy
2384	2040	1280892846	real
2384	10667	17137630080419	private_dummy
2385	2013	1127244833	real
2385	10668	17137630080419	private_dummy
2386	1977	1111345418	real
2386	10669	17137630080419	private_dummy
2387	1952	1151478732	real
2387	10670	17137630080419	private_dummy
2388	1920	1227292212	real
2388	10671	17137630080419	private_dummy
2389	2038	1280892846	real
2389	10672	17137630080419	private_dummy
2390	2011	1127244833	real
2390	10673	17137630080419	private_dummy
2391	1975	1111345418	real
2391	10674	17137630080419	private_dummy
2392	1950	1151478732	real
2392	10675	17137630080419	private_dummy
2393	1918	1227292212	real
2393	10676	17137630080419	private_dummy
2394	2009	1127244833	real
2394	10677	17137630080419	private_dummy
2395	1973	1111345418	real
2395	10678	17137630080419	private_dummy
2396	1948	1151478732	real
2396	10679	17137630080419	private_dummy
2397	1523	1347326682	real
2397	10680	17137630080419	private_dummy
2398	2015	1184562466	real
2398	10681	17137630080419	private_dummy
2399	1970	1111345418	real
2399	10682	17137630080419	private_dummy
2400	1956	1184562466	real
2400	10683	17137630080419	private_dummy
2401	1912	1227292212	real
2401	10684	17137630080419	private_dummy
2402	1519	1347326682	real
2402	10685	17137630080419	private_dummy
2403	1942	1151478732	real
2403	10686	17137630080419	private_dummy
2404	1514	1347326682	real
2404	10687	17137630080419	private_dummy
2405	1979	1103469220	real
2405	10688	17137630080419	private_dummy
2406	1954	1103469220	real
2406	10689	17137630080419	private_dummy
2407	1907	1227292212	real
2407	10690	17137630080419	private_dummy
2408	1510	1347326682	real
2408	10691	17137630080419	private_dummy
2409	1953	1111345418	real
2409	10692	17137630080419	private_dummy
2410	1905	1227292212	real
2410	10693	17137630080419	private_dummy
2411	1506	1347326682	real
2411	10694	17137630080419	private_dummy
2412	1903	1227292212	real
2412	10695	17137630080419	private_dummy
2413	1497	1347326682	real
2413	10696	17137630080419	private_dummy
2414	1296	1347326682	real
2414	10697	17137630080419	private_dummy
2415	606	1347326682	real
2415	10698	17137630080419	private_dummy
2416	4977	806438676	real
2416	10699	17137630080419	private_dummy
2417	4975	600294042	real
2417	10700	17137630080419	private_dummy
2418	4980	994146279	real
2418	10701	17137630080419	private_dummy
2419	4980	994146279	real
2419	10702	17137630080419	private_dummy
2420	4965	253583018	real
2420	10703	17137630080419	private_dummy
2421	4971	806438676	real
2421	4972	806438676	real
2421	10704	17137630080419	private_dummy
2422	4961	343859956	real
2422	4962	515190466	real
2422	10705	17137630080419	private_dummy
2423	4963	519107330	real
2423	10706	17137630080419	private_dummy
2424	4987	554789753	real
2424	10707	17137630080419	private_dummy
2425	4962	515190466	real
2425	10708	17137630080419	private_dummy
2426	4969	657736364	real
2426	10709	17137630080419	private_dummy
2427	4989	554789753	real
2427	10710	17137630080419	private_dummy
2428	4961	640890500	real
2428	10711	17137630080419	private_dummy
2429	4967	222076785	real
2429	10712	17137630080419	private_dummy
2430	4991	1103469220	real
2430	10713	17137630080419	private_dummy
2431	4976	450514758	real
2431	10714	17137630080419	private_dummy
2432	4973	702163682	real
2432	4974	702163682	real
2432	10715	17137630080419	private_dummy
2433	4963	232027299	real
2433	4965	232027299	real
2433	10716	17137630080419	private_dummy
2434	4967	232027299	real
2434	4969	370656334	real
2434	10717	17137630080419	private_dummy
2435	4994	428959040	real
2435	10718	17137630080419	private_dummy
2436	4982	932991273	real
2436	10719	17137630080419	private_dummy
2437	4982	932991273	real
2437	10720	17137630080419	private_dummy
2438	4980	1000051281	real
2438	4981	560694755	real
2438	4986	403362301	real
2438	10721	17137630080419	private_dummy
2439	4990	489589235	real
2439	10722	17137630080419	private_dummy
2440	4992	332256781	real
2440	10723	17137630080419	private_dummy
2441	4980	1013926669	real
2441	4981	826219067	real
2441	4988	668886613	real
2441	10724	17137630080419	private_dummy
2442	4990	686520976	real
2442	10725	17137630080419	private_dummy
2443	4992	332256781	real
2443	10726	17137630080419	private_dummy
2444	4979	686520976	real
2444	10727	17137630080419	private_dummy
2445	4993	410915471	real
2445	10728	17137630080419	private_dummy
2446	4995	554248972	real
2446	10729	17137630080419	private_dummy
2447	4979	686520976	real
2447	10730	17137630080419	private_dummy
2448	4993	410915471	real
2448	10731	17137630080419	private_dummy
2449	4995	554248972	real
2449	10732	17137630080419	private_dummy
2450	4978	686520976	real
2450	10733	17137630080419	private_dummy
2451	4978	983551520	real
2451	10734	17137630080419	private_dummy
2452	4936	371846286	real
2452	4937	371846286	real
2452	10735	17137630080419	private_dummy
2453	4964	798782256	real
2453	10736	17137630080419	private_dummy
2454	4960	946136767	real
2454	10737	17137630080419	private_dummy
2455	4960	645060710	real
2455	10738	17137630080419	private_dummy
2456	4926	798782256	real
2456	4927	855895011	real
2456	10739	17137630080419	private_dummy
2457	4928	597771310	real
2457	4929	597771310	real
2457	10740	17137630080419	private_dummy
2458	4930	577990920	real
2458	4931	577990920	real
2458	10741	17137630080419	private_dummy
2459	4932	647430763	real
2459	4933	647430763	real
2459	10742	17137630080419	private_dummy
2460	4934	952881950	real
2460	4935	952881950	real
2460	10743	17137630080419	private_dummy
2461	5003	853470238	real
2461	10744	17137630080419	private_dummy
2462	5003	552394181	real
2462	10745	17137630080419	private_dummy
2463	4927	855895011	real
2463	10746	17137630080419	private_dummy
2464	4945	253578526	real
2464	10747	17137630080419	private_dummy
2465	4966	543514117	real
2465	10748	17137630080419	private_dummy
2466	5005	853470238	real
2466	10749	17137630080419	private_dummy
2467	5005	552394181	real
2467	10750	17137630080419	private_dummy
2468	4926	1052445090	real
2468	10751	17137630080419	private_dummy
2469	4938	440438857	real
2469	4939	497551611	real
2469	10752	17137630080419	private_dummy
2470	4940	300740766	real
2470	4941	300740766	real
2470	10753	17137630080419	private_dummy
2471	4942	302390707	real
2471	10754	17137630080419	private_dummy
2472	4943	634805329	real
2472	4944	634805329	real
2472	10755	17137630080419	private_dummy
2473	5007	946136767	real
2473	10756	17137630080419	private_dummy
2474	5007	748135970	real
2474	10757	17137630080419	private_dummy
2475	4929	597771310	real
2475	10758	17137630080419	private_dummy
2476	4939	497551611	real
2476	10759	17137630080419	private_dummy
2477	4952	302390707	real
2477	4953	302390707	real
2477	10760	17137630080419	private_dummy
2478	4968	501181730	real
2478	10761	17137630080419	private_dummy
2479	5009	576220084	real
2479	10762	17137630080419	private_dummy
2480	5009	378219287	real
2480	10763	17137630080419	private_dummy
2481	4928	670359104	real
2481	10764	17137630080419	private_dummy
2482	4938	670359104	real
2482	10765	17137630080419	private_dummy
2483	4946	371846286	real
2483	4947	428959040	real
2483	10766	17137630080419	private_dummy
2484	4948	253578526	real
2484	4949	253578526	real
2484	10767	17137630080419	private_dummy
2485	4950	501181730	real
2485	4951	501181730	real
2485	10768	17137630080419	private_dummy
2486	5011	806140331	real
2486	10769	17137630080419	private_dummy
2487	5011	239590252	real
2487	10770	17137630080419	private_dummy
2488	4931	577990920	real
2488	4937	577990920	real
2488	10771	17137630080419	private_dummy
2489	4941	300740766	real
2489	10772	17137630080419	private_dummy
2490	4947	428959040	real
2490	10773	17137630080419	private_dummy
2491	4956	704543517	real
2491	10774	17137630080419	private_dummy
2492	4957	634805329	real
2492	10775	17137630080419	private_dummy
2493	5013	664959966	real
2493	10776	17137630080419	private_dummy
2494	5013	310695772	real
2494	10777	17137630080419	private_dummy
2495	4930	568241738	real
2495	4936	568241738	real
2495	10778	17137630080419	private_dummy
2496	4940	339803765	real
2496	10779	17137630080419	private_dummy
2497	4946	568241738	real
2497	10780	17137630080419	private_dummy
2498	4954	410901996	real
2498	10781	17137630080419	private_dummy
2499	4955	543514117	real
2499	10782	17137630080419	private_dummy
2500	5015	704022965	real
2500	10783	17137630080419	private_dummy
2501	5015	310695772	real
2501	10784	17137630080419	private_dummy
2502	4933	895769196	real
2502	10785	17137630080419	private_dummy
2503	4949	438906293	real
2503	4953	438906293	real
2503	10786	17137630080419	private_dummy
2504	4970	1280892846	real
2504	10787	17137630080419	private_dummy
2505	5017	975561394	real
2505	10788	17137630080419	private_dummy
2506	5017	568238941	real
2506	10789	17137630080419	private_dummy
2507	4932	628199503	real
2507	10790	17137630080419	private_dummy
2508	4942	313543580	real
2508	4945	313543580	real
2508	10791	17137630080419	private_dummy
2509	4948	313543580	real
2509	4952	313543580	real
2509	10792	17137630080419	private_dummy
2510	4954	628199503	real
2510	4956	685312258	real
2510	10793	17137630080419	private_dummy
2511	4958	798782256	real
2511	4959	934563483	real
2511	10794	17137630080419	private_dummy
2512	5019	763980730	real
2512	10795	17137630080419	private_dummy
2513	5019	511126187	real
2513	10796	17137630080419	private_dummy
2514	4935	783211990	real
2514	10797	17137630080419	private_dummy
2515	4944	483553555	real
2515	10798	17137630080419	private_dummy
2516	4951	383454751	real
2516	10799	17137630080419	private_dummy
2517	4959	934563483	real
2517	10800	17137630080419	private_dummy
2518	5021	940062275	real
2518	10801	17137630080419	private_dummy
2519	5021	749027577	real
2519	10802	17137630080419	private_dummy
2520	4934	1109557844	real
2520	10803	17137630080419	private_dummy
2521	4943	727471858	real
2521	10804	17137630080419	private_dummy
2522	4950	625354492	real
2522	10805	17137630080419	private_dummy
2523	4955	685312258	real
2523	4957	685312258	real
2523	10806	17137630080419	private_dummy
2524	4958	952881950	real
2524	10807	17137630080419	private_dummy
2525	5023	1136695670	real
2525	10808	17137630080419	private_dummy
2526	5023	749027577	real
2526	10809	17137630080419	private_dummy
2527	4984	530838463	real
2527	5002	530838463	real
2527	10810	17137630080419	private_dummy
2528	5006	639349752	real
2528	10811	17137630080419	private_dummy
2529	5008	416616215	real
2529	10812	17137630080419	private_dummy
2530	4984	633913723	real
2530	5004	633913723	real
2530	10813	17137630080419	private_dummy
2531	5006	718018225	real
2531	10814	17137630080419	private_dummy
2532	5008	416616215	real
2532	10815	17137630080419	private_dummy
2533	5010	324693828	real
2533	10816	17137630080419	private_dummy
2534	5012	296698515	real
2534	10817	17137630080419	private_dummy
2535	5010	324693828	real
2535	10818	17137630080419	private_dummy
2536	5012	296698515	real
2536	10819	17137630080419	private_dummy
2537	5014	324693828	real
2537	10820	17137630080419	private_dummy
2538	5016	416616215	real
2538	10821	17137630080419	private_dummy
2539	5014	324693828	real
2539	10822	17137630080419	private_dummy
2540	5016	416616215	real
2540	10823	17137630080419	private_dummy
2541	5018	639349752	real
2541	10824	17137630080419	private_dummy
2542	5020	647430763	real
2542	10825	17137630080419	private_dummy
2543	5018	639349752	real
2543	10826	17137630080419	private_dummy
2544	5020	647430763	real
2544	10827	17137630080419	private_dummy
2545	5022	704543517	real
2545	10828	17137630080419	private_dummy
2546	5024	691918083	real
2546	10829	17137630080419	private_dummy
2547	5022	704543517	real
2547	10830	17137630080419	private_dummy
2548	5024	691918083	real
2548	10831	17137630080419	private_dummy
2549	4985	324693828	real
2549	10832	17137630080419	private_dummy
2550	4985	427769088	real
2550	10833	17137630080419	private_dummy
2551	4982	1047213521	real
2551	4983	818765765	real
2551	10834	17137630080419	private_dummy
2552	4982	978953779	real
2552	4983	921841024	real
2552	10835	17137630080419	private_dummy
2553	1532	1347326682	real
2553	1533	1347326682	real
2553	10836	17137630080419	private_dummy
2554	2047	1487160959	real
2554	2049	1430048205	real
2554	10837	17137630080419	private_dummy
2555	2039	1338005600	real
2555	2044	1280892846	real
2555	10838	17137630080419	private_dummy
2556	2027	1241675220	real
2556	2028	1184562466	real
2556	2034	1184562466	real
2556	10839	17137630080419	private_dummy
2557	2012	1184357587	real
2557	2019	1127244833	real
2557	10840	17137630080419	private_dummy
2558	1994	1160581975	real
2558	2001	1103469220	real
2558	10841	17137630080419	private_dummy
2559	1976	1168458172	real
2559	1985	1111345418	real
2559	10842	17137630080419	private_dummy
2560	1951	1208591486	real
2560	1960	1151478732	real
2560	10843	17137630080419	private_dummy
2561	1919	1284404966	real
2561	1932	1227292212	real
2561	10844	17137630080419	private_dummy
2562	934	1593607205	real
2562	935	1536494450	real
2562	1333	1536494450	real
2562	10845	17137630080419	private_dummy
2563	210	1869695623	real
2563	211	1869695623	real
2563	644	1869695623	real
2563	10846	17137630080419	private_dummy
2564	1530	1347326682	real
2564	1531	1347326682	real
2564	10847	17137630080419	private_dummy
2565	5026	1109557844	real
2565	10848	17137630080419	private_dummy
2566	5028	934563483	real
2566	10849	17137630080419	private_dummy
2567	5030	830547118	real
2567	10850	17137630080419	private_dummy
2568	5032	773151825	real
2568	10851	17137630080419	private_dummy
2569	5034	754689937	real
2569	10852	17137630080419	private_dummy
2570	5036	773151825	real
2570	10853	17137630080419	private_dummy
2571	5038	830547118	real
2571	10854	17137630080419	private_dummy
2572	5040	855895011	real
2572	10855	17137630080419	private_dummy
2573	2049	1702113907	real
2573	2050	1702113907	real
2573	10856	17137630080419	private_dummy
2574	1527	1347326682	real
2574	1528	1347326682	real
2574	10857	17137630080419	private_dummy
2575	2047	1759226661	real
2575	10858	17137630080419	private_dummy
2576	2037	1338005600	real
2576	2042	1280892846	real
2576	10859	17137630080419	private_dummy
2577	2025	1241675220	real
2577	2026	1184562466	real
2577	2032	1184562466	real
2577	10860	17137630080419	private_dummy
2578	2010	1184357587	real
2578	2017	1127244833	real
2578	10861	17137630080419	private_dummy
2579	1993	1160581975	real
2579	1999	1103469220	real
2579	10862	17137630080419	private_dummy
2580	1974	1168458172	real
2580	1983	1111345418	real
2580	10863	17137630080419	private_dummy
2581	1949	1208591486	real
2581	1958	1151478732	real
2581	10864	17137630080419	private_dummy
2582	1917	1284404966	real
2582	1930	1227292212	real
2582	10865	17137630080419	private_dummy
2583	932	1593607205	real
2583	933	1536494450	real
2583	1331	1536494450	real
2583	10866	17137630080419	private_dummy
2584	208	1869695623	real
2584	209	1869695623	real
2584	642	1869695623	real
2584	10867	17137630080419	private_dummy
2585	1525	1347326682	real
2585	1526	1425995155	real
2585	10868	17137630080419	private_dummy
2586	5043	1245339071	real
2586	10869	17137630080419	private_dummy
2587	5045	934563483	real
2587	10870	17137630080419	private_dummy
2588	5047	770586556	real
2588	10871	17137630080419	private_dummy
2589	5049	679295344	real
2589	10872	17137630080419	private_dummy
2590	5051	636962957	real
2590	10873	17137630080419	private_dummy
2591	5053	636962957	real
2591	10874	17137630080419	private_dummy
2592	5055	679295344	real
2592	10875	17137630080419	private_dummy
2593	5057	691918083	real
2593	10876	17137630080419	private_dummy
2594	2044	1702113907	real
2594	2045	1702113907	real
2594	10877	17137630080419	private_dummy
2595	2042	1430048205	real
2595	2043	1430048205	real
2595	10878	17137630080419	private_dummy
2596	1915	1227292212	real
2596	1916	1227292212	real
2596	10879	17137630080419	private_dummy
2597	2039	1759226661	real
2597	10880	17137630080419	private_dummy
2598	2037	1487160959	real
2598	10881	17137630080419	private_dummy
2599	2022	1241675220	real
2599	2024	1184562466	real
2599	2031	1184562466	real
2599	10882	17137630080419	private_dummy
2600	2007	1184357587	real
2600	2016	1127244833	real
2600	10883	17137630080419	private_dummy
2601	1991	1160581975	real
2601	1998	1103469220	real
2601	10884	17137630080419	private_dummy
2602	1971	1168458172	real
2602	1982	1111345418	real
2602	10885	17137630080419	private_dummy
2603	1946	1208591486	real
2603	1957	1151478732	real
2603	10886	17137630080419	private_dummy
2604	1913	1284404966	real
2604	10887	17137630080419	private_dummy
2605	930	1593607205	real
2605	931	1536494450	real
2605	1329	1536494450	real
2605	10888	17137630080419	private_dummy
2606	206	1869695623	real
2606	207	1869695623	real
2606	640	1869695623	real
2606	10889	17137630080419	private_dummy
2607	1521	1347326682	real
2607	1522	1404439436	real
2607	2041	1347326682	real
2607	10890	17137630080419	private_dummy
2608	5060	1430048205	real
2608	10891	17137630080419	private_dummy
2609	5062	1130305272	real
2609	10892	17137630080419	private_dummy
2610	5064	830547118	real
2610	10893	17137630080419	private_dummy
2611	5066	679295344	real
2611	10894	17137630080419	private_dummy
2612	5068	603067038	real
2612	10895	17137630080419	private_dummy
2613	5070	579196540	real
2613	10896	17137630080419	private_dummy
2614	5072	603067038	real
2614	10897	17137630080419	private_dummy
2615	5074	600626871	real
2615	10898	17137630080419	private_dummy
2616	2034	1702113907	real
2616	2035	1702113907	real
2616	10899	17137630080419	private_dummy
2617	2032	1430048205	real
2617	2033	1430048205	real
2617	10900	17137630080419	private_dummy
2618	2031	1280892846	real
2618	10901	17137630080419	private_dummy
2619	2005	1127244833	real
2619	2006	1127244833	real
2619	10902	17137630080419	private_dummy
2620	1944	1151478732	real
2620	1945	1151478732	real
2620	10903	17137630080419	private_dummy
2621	929	1536494450	real
2621	10904	17137630080419	private_dummy
2622	2027	1759226661	real
2622	10905	17137630080419	private_dummy
2623	2025	1487160959	real
2623	10906	17137630080419	private_dummy
2624	2022	1338005600	real
2624	2023	1280892846	real
2624	10907	17137630080419	private_dummy
2625	2004	1184357587	real
2625	10908	17137630080419	private_dummy
2626	1990	1160581975	real
2626	1996	1103469220	real
2626	10909	17137630080419	private_dummy
2627	1969	1168458172	real
2627	1980	1111345418	real
2627	10910	17137630080419	private_dummy
2628	1943	1208591486	real
2628	10911	17137630080419	private_dummy
2629	1911	1284404966	real
2629	1928	1227292212	real
2629	10912	17137630080419	private_dummy
2630	927	1593607205	real
2630	928	1536494450	real
2630	10913	17137630080419	private_dummy
2631	204	1869695623	real
2631	205	1869695623	real
2631	638	1869695623	real
2631	10914	17137630080419	private_dummy
2632	1516	1347326682	real
2632	1517	1404439436	real
2632	2029	1347326682	real
2632	10915	17137630080419	private_dummy
2633	5077	1430048205	real
2633	10916	17137630080419	private_dummy
2634	5079	1280892846	real
2634	10917	17137630080419	private_dummy
2635	5081	1060184826	real
2635	10918	17137630080419	private_dummy
2636	5083	773151825	real
2636	10919	17137630080419	private_dummy
2637	5085	636962957	real
2637	10920	17137630080419	private_dummy
2638	5087	579196540	real
2638	10921	17137630080419	private_dummy
2639	5089	579196540	real
2639	10922	17137630080419	private_dummy
2640	5091	558294485	real
2640	10923	17137630080419	private_dummy
2641	2019	1702113907	real
2641	2020	1702113907	real
2641	10924	17137630080419	private_dummy
2642	2017	1430048205	real
2642	2018	1430048205	real
2642	10925	17137630080419	private_dummy
2643	2016	1280892846	real
2643	10926	17137630080419	private_dummy
2644	1989	1103469220	real
2644	10927	17137630080419	private_dummy
2645	1967	1111345418	real
2645	1968	1111345418	real
2645	10928	17137630080419	private_dummy
2646	1909	1227292212	real
2646	1910	1227292212	real
2646	10929	17137630080419	private_dummy
2647	2012	1759226661	real
2647	10930	17137630080419	private_dummy
2648	2010	1487160959	real
2648	10931	17137630080419	private_dummy
2649	2007	1338005600	real
2649	2008	1280892846	real
2649	10932	17137630080419	private_dummy
2650	2004	1241675220	real
2650	2005	1184562466	real
2650	10933	17137630080419	private_dummy
2651	1988	1160581975	real
2651	10934	17137630080419	private_dummy
2652	1966	1168458172	real
2652	10935	17137630080419	private_dummy
2653	1941	1208591486	real
2653	1955	1151478732	real
2653	10936	17137630080419	private_dummy
2654	1908	1284404966	real
2654	10937	17137630080419	private_dummy
2655	925	1593607205	real
2655	926	1536494450	real
2655	1327	1536494450	real
2655	10938	17137630080419	private_dummy
2656	202	1869695623	real
2656	203	1869695623	real
2656	637	1869695623	real
2656	10939	17137630080419	private_dummy
2657	1512	1347326682	real
2657	1513	1404439436	real
2657	2014	1347326682	real
2657	10940	17137630080419	private_dummy
2658	5094	1430048205	real
2658	10941	17137630080419	private_dummy
2659	5096	1280892846	real
2659	10942	17137630080419	private_dummy
2660	5098	1184562466	real
2660	10943	17137630080419	private_dummy
2661	5100	1026660031	real
2661	10944	17137630080419	private_dummy
2662	5102	754689937	real
2662	10945	17137630080419	private_dummy
2663	5104	636962957	real
2663	10946	17137630080419	private_dummy
2664	5106	603067038	real
2664	10947	17137630080419	private_dummy
2665	5108	558294485	real
2665	10948	17137630080419	private_dummy
2666	2001	1702113907	real
2666	2002	1702113907	real
2666	10949	17137630080419	private_dummy
2667	1999	1430048205	real
2667	2000	1430048205	real
2667	10950	17137630080419	private_dummy
2668	1998	1280892846	real
2668	10951	17137630080419	private_dummy
2669	1996	1184562466	real
2669	1997	1184562466	real
2669	10952	17137630080419	private_dummy
2670	1964	1111345418	real
2670	1965	1111345418	real
2670	10953	17137630080419	private_dummy
2671	1939	1151478732	real
2671	1940	1151478732	real
2671	10954	17137630080419	private_dummy
2672	1994	1759226661	real
2672	10955	17137630080419	private_dummy
2673	1993	1487160959	real
2673	10956	17137630080419	private_dummy
2674	1991	1338005600	real
2674	1992	1280892846	real
2674	10957	17137630080419	private_dummy
2675	1990	1241675220	real
2675	10958	17137630080419	private_dummy
2676	1988	1184357587	real
2676	1989	1127244833	real
2676	10959	17137630080419	private_dummy
2677	1963	1168458172	real
2677	10960	17137630080419	private_dummy
2678	1938	1208591486	real
2678	10961	17137630080419	private_dummy
2679	1906	1284404966	real
2679	1926	1227292212	real
2679	10962	17137630080419	private_dummy
2680	923	1593607205	real
2680	924	1536494450	real
2680	1325	1536494450	real
2680	10963	17137630080419	private_dummy
2681	200	1869695623	real
2681	201	1869695623	real
2681	635	1869695623	real
2681	10964	17137630080419	private_dummy
2682	1508	1347326682	real
2682	1509	1404439436	real
2682	1995	1347326682	real
2682	10965	17137630080419	private_dummy
2683	5111	1430048205	real
2683	10966	17137630080419	private_dummy
2684	5113	1280892846	real
2684	10967	17137630080419	private_dummy
2685	5115	1184562466	real
2685	10968	17137630080419	private_dummy
2686	5117	1127244833	real
2686	10969	17137630080419	private_dummy
2687	5119	1026660031	real
2687	10970	17137630080419	private_dummy
2688	5121	773151825	real
2688	10971	17137630080419	private_dummy
2689	5123	679295344	real
2689	10972	17137630080419	private_dummy
2690	5125	600626871	real
2690	10973	17137630080419	private_dummy
2691	1985	1702113907	real
2691	1986	1702113907	real
2691	10974	17137630080419	private_dummy
2692	1983	1430048205	real
2692	1984	1430048205	real
2692	10975	17137630080419	private_dummy
2693	1982	1280892846	real
2693	10976	17137630080419	private_dummy
2694	1980	1184562466	real
2694	1981	1184562466	real
2694	10977	17137630080419	private_dummy
2695	1936	1151478732	real
2695	1937	1151478732	real
2695	10978	17137630080419	private_dummy
2696	1976	1759226661	real
2696	10979	17137630080419	private_dummy
2697	1974	1487160959	real
2697	10980	17137630080419	private_dummy
2698	1971	1338005600	real
2698	1972	1280892846	real
2698	10981	17137630080419	private_dummy
2699	1969	1241675220	real
2699	10982	17137630080419	private_dummy
2700	1966	1184357587	real
2700	1967	1127244833	real
2700	10983	17137630080419	private_dummy
2701	1963	1160581975	real
2701	1964	1103469220	real
2701	10984	17137630080419	private_dummy
2702	1935	1208591486	real
2702	10985	17137630080419	private_dummy
2703	1904	1284404966	real
2703	1924	1227292212	real
2703	10986	17137630080419	private_dummy
2704	921	1593607205	real
2704	922	1536494450	real
2704	1323	1536494450	real
2704	10987	17137630080419	private_dummy
2705	198	1869695623	real
2705	199	1869695623	real
2705	633	1869695623	real
2705	10988	17137630080419	private_dummy
2706	1504	1347326682	real
2706	1505	1404439436	real
2706	1978	1347326682	real
2706	10989	17137630080419	private_dummy
2707	5128	1430048205	real
2707	10990	17137630080419	private_dummy
2708	5130	1280892846	real
2708	10991	17137630080419	private_dummy
2709	5132	1184562466	real
2709	10992	17137630080419	private_dummy
2710	5134	1127244833	real
2710	10993	17137630080419	private_dummy
2711	5136	1103469220	real
2711	10994	17137630080419	private_dummy
2712	5138	1060184826	real
2712	10995	17137630080419	private_dummy
2713	5140	830547118	real
2713	10996	17137630080419	private_dummy
2714	5142	691918083	real
2714	10997	17137630080419	private_dummy
2715	1960	1702113907	real
2715	1961	1702113907	real
2715	10998	17137630080419	private_dummy
2716	1958	1430048205	real
2716	1959	1430048205	real
2716	10999	17137630080419	private_dummy
2717	1957	1280892846	real
2717	11000	17137630080419	private_dummy
2718	1955	1127244833	real
2718	11001	17137630080419	private_dummy
2719	1501	1347326682	real
2719	1502	1347326682	real
2719	11002	17137630080419	private_dummy
2720	1951	1759226661	real
2720	11003	17137630080419	private_dummy
2721	1949	1487160959	real
2721	11004	17137630080419	private_dummy
2722	1946	1338005600	real
2722	1947	1280892846	real
2722	11005	17137630080419	private_dummy
2723	1943	1241675220	real
2723	1944	1184562466	real
2723	11006	17137630080419	private_dummy
2724	1941	1184357587	real
2724	11007	17137630080419	private_dummy
2725	1938	1160581975	real
2725	1939	1103469220	real
2725	11008	17137630080419	private_dummy
2726	1935	1168458172	real
2726	1936	1111345418	real
2726	11009	17137630080419	private_dummy
2727	1902	1284404966	real
2727	1922	1227292212	real
2727	11010	17137630080419	private_dummy
2728	919	1593607205	real
2728	920	1536494450	real
2728	1321	1536494450	real
2728	11011	17137630080419	private_dummy
2729	196	1869695623	real
2729	197	1869695623	real
2729	631	1869695623	real
2729	11012	17137630080419	private_dummy
2730	1499	1347326682	real
2730	1500	1404439436	real
2730	11013	17137630080419	private_dummy
2731	5145	1430048205	real
2731	11014	17137630080419	private_dummy
2732	5147	1280892846	real
2732	11015	17137630080419	private_dummy
2733	5149	1184562466	real
2733	11016	17137630080419	private_dummy
2734	5151	1127244833	real
2734	11017	17137630080419	private_dummy
2735	5153	1103469220	real
2735	11018	17137630080419	private_dummy
2736	5155	1111345418	real
2736	11019	17137630080419	private_dummy
2737	5157	1130305272	real
2737	11020	17137630080419	private_dummy
2738	5159	855895011	real
2738	11021	17137630080419	private_dummy
2739	1932	1702113907	real
2739	1933	1702113907	real
2739	11022	17137630080419	private_dummy
2740	1930	1430048205	real
2740	1931	1430048205	real
2740	11023	17137630080419	private_dummy
2741	1928	1184562466	real
2741	1929	1184562466	real
2741	11024	17137630080419	private_dummy
2742	1926	1103469220	real
2742	1927	1103469220	real
2742	11025	17137630080419	private_dummy
2743	1924	1111345418	real
2743	1925	1111345418	real
2743	11026	17137630080419	private_dummy
2744	1922	1151478732	real
2744	1923	1151478732	real
2744	11027	17137630080419	private_dummy
2745	1919	1759226661	real
2745	11028	17137630080419	private_dummy
2746	1917	1487160959	real
2746	11029	17137630080419	private_dummy
2747	1913	1338005600	real
2747	1914	1280892846	real
2747	1915	1280892846	real
2747	11030	17137630080419	private_dummy
2748	1911	1241675220	real
2748	11031	17137630080419	private_dummy
2749	1908	1184357587	real
2749	1909	1127244833	real
2749	11032	17137630080419	private_dummy
2750	1906	1160581975	real
2750	11033	17137630080419	private_dummy
2751	1904	1168458172	real
2751	11034	17137630080419	private_dummy
2752	1902	1208591486	real
2752	11035	17137630080419	private_dummy
2753	917	1593607205	real
2753	918	1536494450	real
2753	1319	1536494450	real
2753	11036	17137630080419	private_dummy
2754	194	1869695623	real
2754	195	1869695623	real
2754	629	1869695623	real
2754	11037	17137630080419	private_dummy
2755	1495	1347326682	real
2755	1496	1404439436	real
2755	1921	1347326682	real
2755	11038	17137630080419	private_dummy
2756	5162	1430048205	real
2756	11039	17137630080419	private_dummy
2757	5164	1280892846	real
2757	11040	17137630080419	private_dummy
2758	5166	1184562466	real
2758	11041	17137630080419	private_dummy
2759	5168	1127244833	real
2759	11042	17137630080419	private_dummy
2760	5170	1103469220	real
2760	11043	17137630080419	private_dummy
2761	5172	1111345418	real
2761	11044	17137630080419	private_dummy
2762	5174	1151478732	real
2762	11045	17137630080419	private_dummy
2763	5176	1280892846	real
2763	11046	17137630080419	private_dummy
2764	859	1404439436	real
2764	861	1347326682	real
2764	936	1347326682	real
2764	11047	17137630080419	private_dummy
2765	4162	1430048205	real
2765	4164	1672693605	real
2765	11048	17137630080419	private_dummy
2766	4160	1280892846	real
2766	11049	17137630080419	private_dummy
2767	4157	1184562466	real
2767	11050	17137630080419	private_dummy
2768	4154	1127244833	real
2768	11051	17137630080419	private_dummy
2769	4152	1103469220	real
2769	11052	17137630080419	private_dummy
2770	4150	1111345418	real
2770	11053	17137630080419	private_dummy
2771	4148	1151478732	real
2771	11054	17137630080419	private_dummy
2772	4146	1227292212	real
2772	11055	17137630080419	private_dummy
2773	136	1404439436	real
2773	138	1347326682	real
2773	212	1347326682	real
2773	11056	17137630080419	private_dummy
2774	3607	1430048205	real
2774	3609	1672693605	real
2774	11057	17137630080419	private_dummy
2775	3605	1280892846	real
2775	11058	17137630080419	private_dummy
2776	3602	1184562466	real
2776	11059	17137630080419	private_dummy
2777	3599	1127244833	real
2777	11060	17137630080419	private_dummy
2778	3597	1103469220	real
2778	11061	17137630080419	private_dummy
2779	3595	1111345418	real
2779	11062	17137630080419	private_dummy
2780	3593	1151478732	real
2780	11063	17137630080419	private_dummy
2781	3591	1227292212	real
2781	11064	17137630080419	private_dummy
2782	2041	1280892846	real
2782	11065	17137630080419	private_dummy
2783	2029	1184562466	real
2783	2030	1184562466	real
2783	11066	17137630080419	private_dummy
2784	2014	1127244833	real
2784	11067	17137630080419	private_dummy
2785	1995	1103469220	real
2785	11068	17137630080419	private_dummy
2786	1978	1111345418	real
2786	11069	17137630080419	private_dummy
2787	1921	1227292212	real
2787	11070	17137630080419	private_dummy
2788	936	1536494450	real
2788	937	1536494450	real
2788	11071	17137630080419	private_dummy
2789	212	1869695623	real
2789	213	1869695623	real
2789	11072	17137630080419	private_dummy
2790	4996	875878519	real
2790	11073	17137630080419	private_dummy
2791	4996	875878519	real
2791	11074	17137630080419	private_dummy
2792	4997	530838463	real
2792	11075	17137630080419	private_dummy
2793	4997	530838463	real
2793	11076	17137630080419	private_dummy
2794	4998	482026282	real
2794	11077	17137630080419	private_dummy
2795	4998	482026282	real
2795	11078	17137630080419	private_dummy
2796	4999	639349752	real
2796	11079	17137630080419	private_dummy
2797	4999	639349752	real
2797	11080	17137630080419	private_dummy
2798	5000	895769196	real
2798	11081	17137630080419	private_dummy
2799	5000	895769196	real
2799	11082	17137630080419	private_dummy
2800	5001	1109557844	real
2800	11083	17137630080419	private_dummy
2801	5001	1109557844	real
2801	11084	17137630080419	private_dummy
2802	265	1869695623	real
2802	11085	17137630080419	private_dummy
2803	989	1593607205	real
2803	11086	17137630080419	private_dummy
2804	1570	1404439436	real
2804	1916	1347326682	real
2804	11087	17137630080419	private_dummy
2805	1901	1184562466	real
2805	1921	1184562466	real
2805	11088	17137630080419	private_dummy
2806	2094	1208591486	real
2806	2133	1151478732	real
2806	11089	17137630080419	private_dummy
2807	2134	1160581975	real
2807	2135	1103469220	real
2807	11090	17137630080419	private_dummy
2808	2137	1184357587	real
2808	11091	17137630080419	private_dummy
2809	2110	1208591486	real
2809	2142	1151478732	real
2809	11092	17137630080419	private_dummy
2810	2143	1338005600	real
2810	11093	17137630080419	private_dummy
2811	2120	1208591486	real
2811	2147	1151478732	real
2811	11094	17137630080419	private_dummy
2812	2148	1759226661	real
2812	11095	17137630080419	private_dummy
2813	2056	1184562466	real
2813	11096	17137630080419	private_dummy
2814	2157	1168458172	real
2814	2191	1111345418	real
2814	11097	17137630080419	private_dummy
2815	2162	1168458172	real
2815	2195	1111345418	real
2815	11098	17137630080419	private_dummy
2816	2196	1241675220	real
2816	2198	1184562466	real
2816	11099	17137630080419	private_dummy
2817	2172	1168458172	real
2817	2203	1111345418	real
2817	11100	17137630080419	private_dummy
2818	2204	1487160959	real
2818	11101	17137630080419	private_dummy
2819	2207	1759226661	real
2819	11102	17137630080419	private_dummy
2820	2060	1184562466	real
2820	11103	17137630080419	private_dummy
2821	2218	1160581975	real
2821	11104	17137630080419	private_dummy
2822	2222	1160581975	real
2822	11105	17137630080419	private_dummy
2823	2250	1338005600	real
2823	11106	17137630080419	private_dummy
2824	2252	1487160959	real
2824	11107	17137630080419	private_dummy
2825	2254	1759226661	real
2825	11108	17137630080419	private_dummy
2826	2064	1184562466	real
2826	11109	17137630080419	private_dummy
2827	2263	1184357587	real
2827	2287	1127244833	real
2827	11110	17137630080419	private_dummy
2828	2288	1338005600	real
2828	11111	17137630080419	private_dummy
2829	2290	1487160959	real
2829	11112	17137630080419	private_dummy
2830	2292	1759226661	real
2830	11113	17137630080419	private_dummy
2831	2068	1184562466	real
2831	11114	17137630080419	private_dummy
2832	2316	1338005600	real
2832	11115	17137630080419	private_dummy
2833	2318	1487160959	real
2833	11116	17137630080419	private_dummy
2834	2320	1759226661	real
2834	11117	17137630080419	private_dummy
2835	2315	1241675220	real
2835	2322	1184562466	real
2835	11118	17137630080419	private_dummy
2836	2340	1487160959	real
2836	11119	17137630080419	private_dummy
2837	2341	1759226661	real
2837	11120	17137630080419	private_dummy
2838	2077	1184562466	real
2838	11121	17137630080419	private_dummy
2839	2354	1759226661	real
2839	11122	17137630080419	private_dummy
2840	2082	1184562466	real
2840	11123	17137630080419	private_dummy
2841	2087	1184562466	real
2841	11124	17137630080419	private_dummy
2842	5280	1033210972	real
2842	11125	17137630080419	private_dummy
2843	5278	539597253	real
2843	11126	17137630080419	private_dummy
2844	5283	768694180	real
2844	11127	17137630080419	private_dummy
2845	5283	775591992	real
2845	11128	17137630080419	private_dummy
2846	5268	15188009	real
2846	11129	17137630080419	private_dummy
2847	5274	518695198	real
2847	5275	518695198	real
2847	11130	17137630080419	private_dummy
2848	5264	307111737	real
2848	5265	445740772	real
2848	11131	17137630080419	private_dummy
2849	5266	404477442	real
2849	11132	17137630080419	private_dummy
2850	5290	539597253	real
2850	11133	17137630080419	private_dummy
2851	5265	285552758	real
2851	11134	17137630080419	private_dummy
2852	5272	513996022	real
2852	11135	17137630080419	private_dummy
2853	5292	263997040	real
2853	11136	17137630080419	private_dummy
2854	5264	424173877	real
2854	11137	17137630080419	private_dummy
2855	5270	204036478	real
2855	11138	17137630080419	private_dummy
2856	5294	679876228	real
2856	11139	17137630080419	private_dummy
2857	5279	446472507	real
2857	11140	17137630080419	private_dummy
2858	5276	679295344	real
2858	5277	679295344	real
2858	11141	17137630080419	private_dummy
2859	5266	218029243	real
2859	5268	139360770	real
2859	11142	17137630080419	private_dummy
2860	5270	440031217	real
2860	5272	611361727	real
2860	11143	17137630080419	private_dummy
2861	5297	335102559	real
2861	11144	17137630080419	private_dummy
2862	5285	735992705	real
2862	11145	17137630080419	private_dummy
2863	5285	657324232	real
2863	11146	17137630080419	private_dummy
2864	5283	657324232	real
2864	5284	403816026	real
2864	5289	343855464	real
2864	11147	17137630080419	private_dummy
2865	5293	484134439	real
2865	11148	17137630080419	private_dummy
2866	5295	206884285	real
2866	11149	17137630080419	private_dummy
2867	5283	714436986	real
2867	5284	714436986	real
2867	5291	518695198	real
2867	11150	17137630080419	private_dummy
2868	5293	736988982	real
2868	11151	17137630080419	private_dummy
2869	5295	321109794	real
2869	11152	17137630080419	private_dummy
2870	5282	342661020	real
2870	11153	17137630080419	private_dummy
2871	5296	277989805	real
2871	11154	17137630080419	private_dummy
2872	5298	462578721	real
2872	11155	17137630080419	private_dummy
2873	5282	617071282	real
2873	11156	17137630080419	private_dummy
2874	5296	392215313	real
2874	11157	17137630080419	private_dummy
2875	5298	736988982	real
2875	11158	17137630080419	private_dummy
2876	5281	456883268	real
2876	11159	17137630080419	private_dummy
2877	5281	734133422	real
2877	11160	17137630080419	private_dummy
2878	5188	459723160	real
2878	5189	459723160	real
2878	11161	17137630080419	private_dummy
2879	5267	634805329	real
2879	11162	17137630080419	private_dummy
2880	5263	783211990	real
2880	11163	17137630080419	private_dummy
2881	5263	804767708	real
2881	11164	17137630080419	private_dummy
2882	5178	647430763	real
2882	5179	704543517	real
2882	11165	17137630080419	private_dummy
2883	5180	577990920	real
2883	5181	577990920	real
2883	11166	17137630080419	private_dummy
2884	5182	597771310	real
2884	5183	597771310	real
2884	11167	17137630080419	private_dummy
2885	5184	798782256	real
2885	5185	798782256	real
2885	11168	17137630080419	private_dummy
2886	5186	670359104	real
2886	5187	670359104	real
2886	11169	17137630080419	private_dummy
2887	5306	704543517	real
2887	11170	17137630080419	private_dummy
2888	5306	726099236	real
2888	11171	17137630080419	private_dummy
2889	5179	783211990	real
2889	11172	17137630080419	private_dummy
2890	5209	371846286	real
2890	11173	17137630080419	private_dummy
2891	5269	711996819	real
2891	11174	17137630080419	private_dummy
2892	5308	861880462	real
2892	11175	17137630080419	private_dummy
2893	5308	861880462	real
2893	11176	17137630080419	private_dummy
2894	5178	1211545455	real
2894	11177	17137630080419	private_dummy
2895	5190	381059179	real
2895	5191	438171934	real
2895	11178	17137630080419	private_dummy
2896	5192	332246999	real
2896	5193	332246999	real
2896	11179	17137630080419	private_dummy
2897	5196	489570469	real
2897	11180	17137630080419	private_dummy
2898	5197	634805329	real
2898	5198	577692575	real
2898	11181	17137630080419	private_dummy
2899	5310	1057622251	real
2899	11182	17137630080419	private_dummy
2900	5310	1196251286	real
2900	11183	17137630080419	private_dummy
2901	5181	577990920	real
2901	11184	17137630080419	private_dummy
2902	5191	323949686	real
2902	11185	17137630080419	private_dummy
2903	5236	440438857	real
2903	5239	440438857	real
2903	11186	17137630080419	private_dummy
2904	5271	414966275	real
2904	11187	17137630080419	private_dummy
2905	5312	345505405	real
2905	11188	17137630080419	private_dummy
2906	5312	481286631	real
2906	11189	17137630080419	private_dummy
2907	5180	628199503	real
2907	11190	17137630080419	private_dummy
2908	5190	489570469	real
2908	11191	17137630080419	private_dummy
2909	5217	382913971	real
2909	5220	440026725	real
2909	11192	17137630080419	private_dummy
2910	5223	382913971	real
2910	5226	382913971	real
2910	11193	17137630080419	private_dummy
2911	5228	440026725	real
2911	5229	440026725	real
2911	11194	17137630080419	private_dummy
2912	5314	568238941	real
2912	11195	17137630080419	private_dummy
2913	5314	402618159	real
2913	11196	17137630080419	private_dummy
2914	5183	597771310	real
2914	5189	597771310	real
2914	11197	17137630080419	private_dummy
2915	5193	146919231	real
2915	11198	17137630080419	private_dummy
2916	5220	440026725	real
2916	11199	17137630080419	private_dummy
2917	5252	855895011	real
2917	11200	17137630080419	private_dummy
2918	5256	389359753	real
2918	11201	17137630080419	private_dummy
2919	5316	422519445	real
2919	11202	17137630080419	private_dummy
2920	5316	322299745	real
2920	11203	17137630080419	private_dummy
2921	5182	568241738	real
2921	5188	568241738	real
2921	11204	17137630080419	private_dummy
2922	5192	174914545	real
2922	11205	17137630080419	private_dummy
2923	5217	568241738	real
2923	11206	17137630080419	private_dummy
2924	5245	556136856	real
2924	11207	17137630080419	private_dummy
2925	5249	342661020	real
2925	11208	17137630080419	private_dummy
2926	5318	450514758	real
2926	11209	17137630080419	private_dummy
2927	5318	322299745	real
2927	11210	17137630080419	private_dummy
2928	5185	798782256	real
2928	11211	17137630080419	private_dummy
2929	5226	382913971	real
2929	5239	382913971	real
2929	11212	17137630080419	private_dummy
2930	5273	826219067	real
2930	11213	17137630080419	private_dummy
2931	5320	611029716	real
2931	11214	17137630080419	private_dummy
2932	5320	461997836	real
2932	11215	17137630080419	private_dummy
2933	5184	670359104	real
2933	11216	17137630080419	private_dummy
2934	5196	174914545	real
2934	5209	174914545	real
2934	11217	17137630080419	private_dummy
2935	5223	339803765	real
2935	5236	339803765	real
2935	11218	17137630080419	private_dummy
2936	5245	670359104	real
2936	5252	727471858	real
2936	11219	17137630080419	private_dummy
2937	5260	516835914	real
2937	5261	573948669	real
2937	11220	17137630080419	private_dummy
2938	5322	519107330	real
2938	11221	17137630080419	private_dummy
2939	5322	461997836	real
2939	11222	17137630080419	private_dummy
2940	5187	798782256	real
2940	11223	17137630080419	private_dummy
2941	5198	577692575	real
2941	11224	17137630080419	private_dummy
2942	5229	440026725	real
2942	11225	17137630080419	private_dummy
2943	5261	573948669	real
2943	11226	17137630080419	private_dummy
2944	5324	1002773726	real
2944	11227	17137630080419	private_dummy
2945	5324	691918083	real
2945	11228	17137630080419	private_dummy
2946	5186	1052445090	real
2946	11229	17137630080419	private_dummy
2947	5197	546683223	real
2947	11230	17137630080419	private_dummy
2948	5228	625354492	real
2948	11231	17137630080419	private_dummy
2949	5249	727471858	real
2949	5256	727471858	real
2949	11232	17137630080419	private_dummy
2950	5260	1109557844	real
2950	11233	17137630080419	private_dummy
2951	5326	857538866	real
2951	11234	17137630080419	private_dummy
2952	5326	909215591	real
2952	11235	17137630080419	private_dummy
2953	5287	861880462	real
2953	5305	726099236	real
2953	11236	17137630080419	private_dummy
2954	5309	1245339071	real
2954	11237	17137630080419	private_dummy
2955	5311	726099236	real
2955	11238	17137630080419	private_dummy
2956	5287	954546992	real
2956	5307	818765765	real
2956	11239	17137630080419	private_dummy
2957	5309	1324007544	real
2957	11240	17137630080419	private_dummy
2958	5311	726099236	real
2958	11241	17137630080419	private_dummy
2959	5313	568238941	real
2959	11242	17137630080419	private_dummy
2960	5315	484134439	real
2960	11243	17137630080419	private_dummy
2961	5313	568238941	real
2961	11244	17137630080419	private_dummy
2962	5315	484134439	real
2962	11245	17137630080419	private_dummy
2963	5317	450514758	real
2963	11246	17137630080419	private_dummy
2964	5319	461582443	real
2964	11247	17137630080419	private_dummy
2965	5317	450514758	real
2965	11248	17137630080419	private_dummy
2966	5319	461582443	real
2966	11249	17137630080419	private_dummy
2967	5321	519107330	real
2967	11250	17137630080419	private_dummy
2968	5323	634805329	real
2968	11251	17137630080419	private_dummy
2969	5321	519107330	real
2969	11252	17137630080419	private_dummy
2970	5323	634805329	real
2970	11253	17137630080419	private_dummy
2971	5325	877450729	real
2971	11254	17137630080419	private_dummy
2972	5327	934563483	real
2972	11255	17137630080419	private_dummy
2973	5325	877450729	real
2973	11256	17137630080419	private_dummy
2974	5327	934563483	real
2974	11257	17137630080419	private_dummy
2975	5288	228443265	real
2975	11258	17137630080419	private_dummy
2976	5288	367072299	real
2976	11259	17137630080419	private_dummy
2977	5285	657324232	real
2977	5286	385769531	real
2977	11260	17137630080419	private_dummy
2978	5285	657324232	real
2978	5286	499991779	real
2978	11261	17137630080419	private_dummy
2979	645	1184562466	real
2979	646	1184562466	real
2979	665	1184562466	real
2979	11262	17137630080419	private_dummy
2980	4099	1268658209	real
2980	4101	1362896948	real
2980	11263	17137630080419	private_dummy
2981	4097	875878519	real
2981	11264	17137630080419	private_dummy
2982	4095	639349752	real
2982	11265	17137630080419	private_dummy
2983	4093	530838463	real
2983	11266	17137630080419	private_dummy
2984	4091	482026282	real
2984	11267	17137630080419	private_dummy
2985	4089	482026282	real
2985	11268	17137630080419	private_dummy
2986	4087	530838463	real
2986	11269	17137630080419	private_dummy
2987	4085	639349752	real
2987	11270	17137630080419	private_dummy
2988	214	1241675220	real
2988	215	1184562466	real
2988	264	1184562466	real
2988	11271	17137630080419	private_dummy
2989	1334	1184562466	real
2989	1335	1184562466	real
2989	1354	1184562466	real
2989	11272	17137630080419	private_dummy
2990	4654	1268658209	real
2990	4656	1362896948	real
2990	11273	17137630080419	private_dummy
2991	4652	761656271	real
2991	11274	17137630080419	private_dummy
2992	4650	525127505	real
2992	11275	17137630080419	private_dummy
2993	4648	416616215	real
2993	11276	17137630080419	private_dummy
2994	4646	367804034	real
2994	11277	17137630080419	private_dummy
2995	4644	367804034	real
2995	11278	17137630080419	private_dummy
2996	4642	416616215	real
2996	11279	17137630080419	private_dummy
2997	4640	525127505	real
2997	11280	17137630080419	private_dummy
2998	938	1241675220	real
2998	939	1184562466	real
2998	988	1184562466	real
2998	11281	17137630080419	private_dummy
2999	5175	1536494450	real
2999	5177	1687845944	real
2999	11282	17137630080419	private_dummy
3000	5173	954546992	real
3000	11283	17137630080419	private_dummy
3001	5171	718018225	real
3001	11284	17137630080419	private_dummy
3002	5169	609506935	real
3002	11285	17137630080419	private_dummy
3003	5167	560694755	real
3003	11286	17137630080419	private_dummy
3004	5165	560694755	real
3004	11287	17137630080419	private_dummy
3005	5163	609506935	real
3005	11288	17137630080419	private_dummy
3006	5161	718018225	real
3006	11289	17137630080419	private_dummy
3007	1534	1241675220	real
3007	1535	1184562466	real
3007	1583	1184562466	real
3007	1584	1184562466	real
3007	11290	17137630080419	private_dummy
3008	221	1869695623	real
3008	222	1869695623	real
3008	648	1869695623	real
3008	11291	17137630080419	private_dummy
3009	945	1536494450	real
3009	946	1593607205	real
3009	1337	1536494450	real
3009	11292	17137630080419	private_dummy
3010	1541	1347326682	real
3010	1542	1404439436	real
3010	1903	1347326682	real
3010	11293	17137630080419	private_dummy
3011	2130	1111345418	real
3011	2131	1168458172	real
3011	2132	1111345418	real
3011	11294	17137630080419	private_dummy
3012	2139	1184562466	real
3012	2140	1241675220	real
3012	2141	1184562466	real
3012	11295	17137630080419	private_dummy
3013	2145	1430048205	real
3013	2146	1487160959	real
3013	11296	17137630080419	private_dummy
3014	5329	1536494450	real
3014	11297	17137630080419	private_dummy
3015	5331	1347326682	real
3015	11298	17137630080419	private_dummy
3016	5333	763980730	real
3016	11299	17137630080419	private_dummy
3017	5202	541247193	real
3017	11300	17137630080419	private_dummy
3018	5204	449324807	real
3018	11301	17137630080419	private_dummy
3019	5335	421329493	real
3019	11302	17137630080419	private_dummy
3020	5208	449324807	real
3020	11303	17137630080419	private_dummy
3021	5337	541247193	real
3021	11304	17137630080419	private_dummy
3022	218	1869695623	real
3022	219	1869695623	real
3022	11305	17137630080419	private_dummy
3023	942	1593607205	real
3023	943	1593607205	real
3023	11306	17137630080419	private_dummy
3024	1538	1404439436	real
3024	1539	1404439436	real
3024	11307	17137630080419	private_dummy
3025	2091	1168458172	real
3025	2092	1168458172	real
3025	11308	17137630080419	private_dummy
3026	2095	1160581975	real
3026	2096	1160581975	real
3026	2098	1103469220	real
3026	2099	1103469220	real
3026	11309	17137630080419	private_dummy
3027	2101	1184357587	real
3027	2102	1184357587	real
3027	2104	1127244833	real
3027	2105	1127244833	real
3027	11310	17137630080419	private_dummy
3028	2107	1241675220	real
3028	2108	1241675220	real
3028	11311	17137630080419	private_dummy
3029	2111	1338005600	real
3029	2112	1338005600	real
3029	2114	1280892846	real
3029	2115	1280892846	real
3029	11312	17137630080419	private_dummy
3030	2117	1487160959	real
3030	2118	1487160959	real
3030	11313	17137630080419	private_dummy
3031	2121	1759226661	real
3031	2122	1759226661	real
3031	2124	1702113907	real
3031	2125	1702113907	real
3031	11314	17137630080419	private_dummy
3032	2052	1184562466	real
3032	2054	1241675220	real
3032	2127	1184562466	real
3032	2128	1184562466	real
3032	11315	17137630080419	private_dummy
3033	227	1869695623	real
3033	228	1869695623	real
3033	650	1869695623	real
3033	11316	17137630080419	private_dummy
3034	951	1536494450	real
3034	952	1593607205	real
3034	1339	1536494450	real
3034	11317	17137630080419	private_dummy
3035	1547	1347326682	real
3035	1548	1404439436	real
3035	1905	1347326682	real
3035	11318	17137630080419	private_dummy
3036	2187	1103469220	real
3036	2188	1160581975	real
3036	2190	1103469220	real
3036	11319	17137630080419	private_dummy
3037	2192	1127244833	real
3037	2193	1184357587	real
3037	11320	17137630080419	private_dummy
3038	2200	1280892846	real
3038	2201	1338005600	real
3038	11321	17137630080419	private_dummy
3039	5339	1536494450	real
3039	11322	17137630080419	private_dummy
3040	5341	1347326682	real
3040	11323	17137630080419	private_dummy
3041	5200	921841024	real
3041	11324	17137630080419	private_dummy
3042	5343	541247193	real
3042	11325	17137630080419	private_dummy
3043	5345	335102559	real
3043	11326	17137630080419	private_dummy
3044	5219	263997040	real
3044	11327	17137630080419	private_dummy
3045	5347	263997040	real
3045	11328	17137630080419	private_dummy
3046	5225	335102559	real
3046	11329	17137630080419	private_dummy
3047	224	1869695623	real
3047	225	1869695623	real
3047	11330	17137630080419	private_dummy
3048	948	1593607205	real
3048	949	1593607205	real
3048	11331	17137630080419	private_dummy
3049	1544	1404439436	real
3049	1545	1404439436	real
3049	11332	17137630080419	private_dummy
3050	2091	1208591486	real
3050	2093	1208591486	real
3050	2130	1151478732	real
3050	11333	17137630080419	private_dummy
3051	2153	1160581975	real
3051	2154	1160581975	real
3051	2156	1103469220	real
3051	11334	17137630080419	private_dummy
3052	2158	1184357587	real
3052	2159	1184357587	real
3052	2161	1127244833	real
3052	11335	17137630080419	private_dummy
3053	2163	1241675220	real
3053	2164	1241675220	real
3053	2166	1184562466	real
3053	11336	17137630080419	private_dummy
3054	2168	1338005600	real
3054	2169	1338005600	real
3054	2171	1280892846	real
3054	11337	17137630080419	private_dummy
3055	2173	1487160959	real
3055	2174	1487160959	real
3055	2176	1430048205	real
3055	11338	17137630080419	private_dummy
3056	2178	1759226661	real
3056	2179	1759226661	real
3056	2181	1702113907	real
3056	2182	1702113907	real
3056	11339	17137630080419	private_dummy
3057	2057	1184562466	real
3057	2059	1241675220	real
3057	2184	1184562466	real
3057	2185	1184562466	real
3057	11340	17137630080419	private_dummy
3058	233	1869695623	real
3058	234	1869695623	real
3058	652	1869695623	real
3058	11341	17137630080419	private_dummy
3059	957	1536494450	real
3059	958	1593607205	real
3059	1341	1536494450	real
3059	11342	17137630080419	private_dummy
3060	1553	1347326682	real
3060	1554	1404439436	real
3060	1907	1347326682	real
3060	11343	17137630080419	private_dummy
3061	2098	1151478732	real
3061	2100	1208591486	real
3061	2136	1151478732	real
3061	11344	17137630080419	private_dummy
3062	2243	1127244833	real
3062	2244	1184357587	real
3062	11345	17137630080419	private_dummy
3063	2246	1184562466	real
3063	2247	1241675220	real
3063	2249	1184562466	real
3063	11346	17137630080419	private_dummy
3064	5349	1536494450	real
3064	11347	17137630080419	private_dummy
3065	5351	1347326682	real
3065	11348	17137630080419	private_dummy
3066	5353	921841024	real
3066	11349	17137630080419	private_dummy
3067	5214	685312258	real
3067	11350	17137630080419	private_dummy
3068	5355	473731594	real
3068	11351	17137630080419	private_dummy
3069	5357	288403827	real
3069	11352	17137630080419	private_dummy
3070	5235	245293621	real
3070	11353	17137630080419	private_dummy
3071	5238	288403827	real
3071	11354	17137630080419	private_dummy
3072	230	1869695623	real
3072	231	1869695623	real
3072	11355	17137630080419	private_dummy
3073	954	1593607205	real
3073	955	1593607205	real
3073	11356	17137630080419	private_dummy
3074	1550	1404439436	real
3074	1551	1404439436	real
3074	11357	17137630080419	private_dummy
3075	2095	1208591486	real
3075	2097	1208591486	real
3075	11358	17137630080419	private_dummy
3076	2153	1168458172	real
3076	2155	1168458172	real
3076	2187	1111345418	real
3076	2189	1111345418	real
3076	11359	17137630080419	private_dummy
3077	2214	1184357587	real
3077	2215	1184357587	real
3077	2217	1127244833	real
3077	11360	17137630080419	private_dummy
3078	2219	1241675220	real
3078	2220	1241675220	real
3078	11361	17137630080419	private_dummy
3079	2223	1338005600	real
3079	2224	1338005600	real
3079	2226	1280892846	real
3079	2227	1280892846	real
3079	11362	17137630080419	private_dummy
3080	2229	1487160959	real
3080	2230	1487160959	real
3080	2232	1430048205	real
3080	11363	17137630080419	private_dummy
3081	2234	1759226661	real
3081	2235	1759226661	real
3081	2237	1702113907	real
3081	2238	1702113907	real
3081	11364	17137630080419	private_dummy
3082	2061	1184562466	real
3082	2063	1241675220	real
3082	2240	1184562466	real
3082	2241	1184562466	real
3082	11365	17137630080419	private_dummy
3083	239	1869695623	real
3083	240	1869695623	real
3083	655	1869695623	real
3083	11366	17137630080419	private_dummy
3084	963	1536494450	real
3084	964	1593607205	real
3084	1344	1536494450	real
3084	11367	17137630080419	private_dummy
3085	1559	1347326682	real
3085	1560	1404439436	real
3085	1910	1347326682	real
3085	11368	17137630080419	private_dummy
3086	2104	1151478732	real
3086	2106	1208591486	real
3086	2138	1151478732	real
3086	11369	17137630080419	private_dummy
3087	2284	1184562466	real
3087	2285	1241675220	real
3087	2286	1184562466	real
3087	11370	17137630080419	private_dummy
3088	5359	1536494450	real
3088	11371	17137630080419	private_dummy
3089	5361	1347326682	real
3089	11372	17137630080419	private_dummy
3090	5363	921841024	real
3090	11373	17137630080419	private_dummy
3091	5216	685312258	real
3091	11374	17137630080419	private_dummy
3092	5231	576800968	real
3092	11375	17137630080419	private_dummy
3093	5365	460928780	real
3093	11376	17137630080419	private_dummy
3094	5244	303596327	real
3094	11377	17137630080419	private_dummy
3095	5247	303596327	real
3095	11378	17137630080419	private_dummy
3096	236	1869695623	real
3096	237	1869695623	real
3096	11379	17137630080419	private_dummy
3097	960	1593607205	real
3097	961	1593607205	real
3097	11380	17137630080419	private_dummy
3098	1556	1404439436	real
3098	1557	1404439436	real
3098	11381	17137630080419	private_dummy
3099	2101	1208591486	real
3099	2103	1208591486	real
3099	11382	17137630080419	private_dummy
3100	2158	1168458172	real
3100	2160	1168458172	real
3100	2192	1111345418	real
3100	2194	1111345418	real
3100	11383	17137630080419	private_dummy
3101	2214	1160581975	real
3101	2216	1160581975	real
3101	2243	1103469220	real
3101	2245	1103469220	real
3101	11384	17137630080419	private_dummy
3102	2260	1241675220	real
3102	2261	1241675220	real
3102	11385	17137630080419	private_dummy
3103	2264	1338005600	real
3103	2265	1338005600	real
3103	2267	1280892846	real
3103	2268	1280892846	real
3103	11386	17137630080419	private_dummy
3104	2270	1487160959	real
3104	2271	1487160959	real
3104	2273	1430048205	real
3104	11387	17137630080419	private_dummy
3105	2275	1759226661	real
3105	2276	1759226661	real
3105	2278	1702113907	real
3105	2279	1702113907	real
3105	11388	17137630080419	private_dummy
3106	2065	1184562466	real
3106	2067	1241675220	real
3106	2281	1184562466	real
3106	2282	1184562466	real
3106	11389	17137630080419	private_dummy
3107	245	1869695623	real
3107	246	1869695623	real
3107	657	1869695623	real
3107	11390	17137630080419	private_dummy
3108	969	1536494450	real
3108	970	1593607205	real
3108	1346	1536494450	real
3108	11391	17137630080419	private_dummy
3109	1565	1347326682	real
3109	1566	1404439436	real
3109	1912	1347326682	real
3109	11392	17137630080419	private_dummy
3110	2166	1111345418	real
3110	2167	1168458172	real
3110	2199	1111345418	real
3110	11393	17137630080419	private_dummy
3111	2072	1184562466	real
3111	2073	1184562466	real
3111	11394	17137630080419	private_dummy
3112	5367	1536494450	real
3112	11395	17137630080419	private_dummy
3113	5369	1347326682	real
3113	11396	17137630080419	private_dummy
3114	5206	921841024	real
3114	11397	17137630080419	private_dummy
3115	5371	685312258	real
3115	11398	17137630080419	private_dummy
3116	5233	576800968	real
3116	11399	17137630080419	private_dummy
3117	5242	527988788	real
3117	11400	17137630080419	private_dummy
3118	5251	499991779	real
3118	11401	17137630080419	private_dummy
3119	5254	385769531	real
3119	11402	17137630080419	private_dummy
3120	242	1869695623	real
3120	243	1869695623	real
3120	11403	17137630080419	private_dummy
3121	966	1593607205	real
3121	967	1593607205	real
3121	11404	17137630080419	private_dummy
3122	1562	1404439436	real
3122	1563	1404439436	real
3122	11405	17137630080419	private_dummy
3123	2107	1208591486	real
3123	2109	1208591486	real
3123	2139	1151478732	real
3123	11406	17137630080419	private_dummy
3124	2163	1168458172	real
3124	2165	1168458172	real
3124	2197	1111345418	real
3124	11407	17137630080419	private_dummy
3125	2219	1160581975	real
3125	2221	1160581975	real
3125	2246	1103469220	real
3125	2248	1103469220	real
3125	11408	17137630080419	private_dummy
3126	2260	1184357587	real
3126	2262	1184357587	real
3126	2284	1127244833	real
3126	11409	17137630080419	private_dummy
3127	2297	1338005600	real
3127	2298	1338005600	real
3127	2300	1280892846	real
3127	2301	1280892846	real
3127	11410	17137630080419	private_dummy
3128	2303	1487160959	real
3128	2304	1487160959	real
3128	2306	1430048205	real
3128	11411	17137630080419	private_dummy
3129	2308	1759226661	real
3129	2309	1759226661	real
3129	2311	1702113907	real
3129	2312	1702113907	real
3129	11412	17137630080419	private_dummy
3130	2069	1184562466	real
3130	2071	1241675220	real
3130	2314	1184562466	real
3130	11413	17137630080419	private_dummy
3131	250	1869695623	real
3131	251	1869695623	real
3131	660	1869695623	real
3131	11414	17137630080419	private_dummy
3132	974	1536494450	real
3132	975	1593607205	real
3132	1349	1536494450	real
3132	11415	17137630080419	private_dummy
3133	2114	1151478732	real
3133	2116	1208591486	real
3133	2144	1151478732	real
3133	11416	17137630080419	private_dummy
3134	2226	1103469220	real
3134	2228	1160581975	real
3134	11417	17137630080419	private_dummy
3135	2267	1127244833	real
3135	2269	1184357587	real
3135	2289	1127244833	real
3135	11418	17137630080419	private_dummy
3136	2300	1184562466	real
3136	2302	1241675220	real
3136	11419	17137630080419	private_dummy
3137	5373	1536494450	real
3137	11420	17137630080419	private_dummy
3138	5195	1347326682	real
3138	11421	17137630080419	private_dummy
3139	5375	921841024	real
3139	11422	17137630080419	private_dummy
3140	5222	685312258	real
3140	11423	17137630080419	private_dummy
3141	5377	576800968	real
3141	11424	17137630080419	private_dummy
3142	5379	527988788	real
3142	11425	17137630080419	private_dummy
3143	5381	527988788	real
3143	11426	17137630080419	private_dummy
3144	5258	600626871	real
3144	11427	17137630080419	private_dummy
3145	248	1869695623	real
3145	249	1869695623	real
3145	11428	17137630080419	private_dummy
3146	972	1593607205	real
3146	973	1593607205	real
3146	11429	17137630080419	private_dummy
3147	1568	1404439436	real
3147	1569	1404439436	real
3147	1914	1347326682	real
3147	11430	17137630080419	private_dummy
3148	2111	1208591486	real
3148	2113	1208591486	real
3148	11431	17137630080419	private_dummy
3149	2168	1168458172	real
3149	2170	1168458172	real
3149	2200	1111345418	real
3149	2202	1111345418	real
3149	11432	17137630080419	private_dummy
3150	2223	1160581975	real
3150	2225	1160581975	real
3150	2251	1103469220	real
3150	11433	17137630080419	private_dummy
3151	2264	1184357587	real
3151	2266	1184357587	real
3151	11434	17137630080419	private_dummy
3152	2297	1241675220	real
3152	2299	1241675220	real
3152	2317	1184562466	real
3152	11435	17137630080419	private_dummy
3153	2326	1487160959	real
3153	2327	1487160959	real
3153	2329	1430048205	real
3153	11436	17137630080419	private_dummy
3154	2331	1759226661	real
3154	2332	1759226661	real
3154	2334	1702113907	real
3154	2335	1702113907	real
3154	11437	17137630080419	private_dummy
3155	2074	1184562466	real
3155	2076	1241675220	real
3155	2337	1184562466	real
3155	2338	1184562466	real
3155	11438	17137630080419	private_dummy
3156	256	1869695623	real
3156	257	1869695623	real
3156	662	1869695623	real
3156	11439	17137630080419	private_dummy
3157	980	1536494450	real
3157	981	1593607205	real
3157	1351	1536494450	real
3157	11440	17137630080419	private_dummy
3158	1575	1347326682	real
3158	1576	1404439436	real
3158	1918	1347326682	real
3158	11441	17137630080419	private_dummy
3159	2176	1111345418	real
3159	2177	1168458172	real
3159	2206	1111345418	real
3159	11442	17137630080419	private_dummy
3160	2232	1103469220	real
3160	2233	1160581975	real
3160	11443	17137630080419	private_dummy
3161	2273	1127244833	real
3161	2274	1184357587	real
3161	2291	1127244833	real
3161	11444	17137630080419	private_dummy
3162	2306	1184562466	real
3162	2307	1241675220	real
3162	11445	17137630080419	private_dummy
3163	2329	1280892846	real
3163	2330	1338005600	real
3163	11446	17137630080419	private_dummy
3164	5383	1536494450	real
3164	11447	17137630080419	private_dummy
3165	5385	1347326682	real
3165	11448	17137630080419	private_dummy
3166	5211	921841024	real
3166	11449	17137630080419	private_dummy
3167	5387	685312258	real
3167	11450	17137630080419	private_dummy
3168	5389	576800968	real
3168	11451	17137630080419	private_dummy
3169	5391	527988788	real
3169	11452	17137630080419	private_dummy
3170	5393	527988788	real
3170	11453	17137630080419	private_dummy
3171	5395	576800968	real
3171	11454	17137630080419	private_dummy
3172	253	1869695623	real
3172	254	1869695623	real
3172	11455	17137630080419	private_dummy
3173	977	1593607205	real
3173	978	1593607205	real
3173	11456	17137630080419	private_dummy
3174	1572	1404439436	real
3174	1573	1404439436	real
3174	11457	17137630080419	private_dummy
3175	2117	1208591486	real
3175	2119	1208591486	real
3175	2145	1151478732	real
3175	11458	17137630080419	private_dummy
3176	2173	1168458172	real
3176	2175	1168458172	real
3176	2205	1111345418	real
3176	11459	17137630080419	private_dummy
3177	2229	1160581975	real
3177	2231	1160581975	real
3177	2253	1103469220	real
3177	11460	17137630080419	private_dummy
3178	2270	1184357587	real
3178	2272	1184357587	real
3178	11461	17137630080419	private_dummy
3179	2303	1241675220	real
3179	2305	1241675220	real
3179	2319	1184562466	real
3179	11462	17137630080419	private_dummy
3180	2326	1338005600	real
3180	2328	1338005600	real
3180	11463	17137630080419	private_dummy
3181	2345	1759226661	real
3181	2346	1759226661	real
3181	2348	1702113907	real
3181	2349	1702113907	real
3181	11464	17137630080419	private_dummy
3182	2078	1184562466	real
3182	2080	1263230939	real
3182	2351	1184562466	real
3182	2352	1184562466	real
3182	11465	17137630080419	private_dummy
3183	262	1869695623	real
3183	263	1869695623	real
3183	664	1869695623	real
3183	11466	17137630080419	private_dummy
3184	986	1536494450	real
3184	987	1593607205	real
3184	1353	1536494450	real
3184	11467	17137630080419	private_dummy
3185	1581	1347326682	real
3185	1582	1404439436	real
3185	1920	1347326682	real
3185	11468	17137630080419	private_dummy
3186	2124	1151478732	real
3186	2126	1208591486	real
3186	2149	1151478732	real
3186	11469	17137630080419	private_dummy
3187	2181	1111345418	real
3187	2183	1168458172	real
3187	2209	1111345418	real
3187	11470	17137630080419	private_dummy
3188	2237	1103469220	real
3188	2239	1160581975	real
3188	11471	17137630080419	private_dummy
3189	2278	1127244833	real
3189	2280	1184357587	real
3189	2293	1127244833	real
3189	11472	17137630080419	private_dummy
3190	2311	1184562466	real
3190	2313	1241675220	real
3190	11473	17137630080419	private_dummy
3191	2334	1280892846	real
3191	2336	1338005600	real
3191	11474	17137630080419	private_dummy
3192	2348	1430048205	real
3192	2350	1487160959	real
3192	11475	17137630080419	private_dummy
3193	5397	1536494450	real
3193	11476	17137630080419	private_dummy
3194	5399	1347326682	real
3194	11477	17137630080419	private_dummy
3195	5401	921841024	real
3195	11478	17137630080419	private_dummy
3196	5403	685312258	real
3196	11479	17137630080419	private_dummy
3197	5405	576800968	real
3197	11480	17137630080419	private_dummy
3198	5407	527988788	real
3198	11481	17137630080419	private_dummy
3199	5409	527988788	real
3199	11482	17137630080419	private_dummy
3200	5411	576800968	real
3200	11483	17137630080419	private_dummy
3201	259	1869695623	real
3201	260	1869695623	real
3201	11484	17137630080419	private_dummy
3202	983	1593607205	real
3202	984	1593607205	real
3202	11485	17137630080419	private_dummy
3203	1578	1404439436	real
3203	1579	1404439436	real
3203	11486	17137630080419	private_dummy
3204	2121	1208591486	real
3204	2123	1208591486	real
3204	11487	17137630080419	private_dummy
3205	2178	1168458172	real
3205	2180	1168458172	real
3205	2208	1111345418	real
3205	11488	17137630080419	private_dummy
3206	2234	1160581975	real
3206	2236	1160581975	real
3206	2255	1103469220	real
3206	11489	17137630080419	private_dummy
3207	2275	1184357587	real
3207	2277	1184357587	real
3207	11490	17137630080419	private_dummy
3208	2308	1241675220	real
3208	2310	1241675220	real
3208	2321	1184562466	real
3208	11491	17137630080419	private_dummy
3209	2331	1338005600	real
3209	2333	1338005600	real
3209	11492	17137630080419	private_dummy
3210	2345	1487160959	real
3210	2347	1487160959	real
3210	2355	1430048205	real
3210	11493	17137630080419	private_dummy
3211	2083	1184562466	real
3211	2085	1184562466	real
3211	2360	1184562466	real
3211	2361	1184562466	real
3211	11494	17137630080419	private_dummy
3212	1584	1347326682	real
3212	1585	1404439436	real
3212	11495	17137630080419	private_dummy
3213	2127	1151478732	real
3213	2129	1208591486	real
3213	11496	17137630080419	private_dummy
3214	2184	1111345418	real
3214	2186	1168458172	real
3214	2210	1111345418	real
3214	11497	17137630080419	private_dummy
3215	2240	1103469220	real
3215	2242	1160581975	real
3215	2256	1103469220	real
3215	11498	17137630080419	private_dummy
3216	2281	1127244833	real
3216	2283	1184357587	real
3216	11499	17137630080419	private_dummy
3217	2337	1280892846	real
3217	2339	1338005600	real
3217	11500	17137630080419	private_dummy
3218	2351	1430048205	real
3218	2353	1487160959	real
3218	2356	1430048205	real
3218	11501	17137630080419	private_dummy
3219	2360	1702113907	real
3219	2362	1759226661	real
3219	2363	1702113907	real
3219	11502	17137630080419	private_dummy
3220	215	1869695623	real
3220	216	1869695623	real
3220	646	1869695623	real
3220	11503	17137630080419	private_dummy
3221	939	1536494450	real
3221	940	1536494450	real
3221	1335	1536494450	real
3221	11504	17137630080419	private_dummy
3222	1535	1347326682	real
3222	1536	1347326682	real
3222	11505	17137630080419	private_dummy
3223	2052	1151478732	real
3223	2053	1151478732	real
3223	2055	1151478732	real
3223	11506	17137630080419	private_dummy
3224	2057	1111345418	real
3224	2058	1111345418	real
3224	11507	17137630080419	private_dummy
3225	2061	1103469220	real
3225	2062	1103469220	real
3225	11508	17137630080419	private_dummy
3226	2065	1127244833	real
3226	2066	1127244833	real
3226	11509	17137630080419	private_dummy
3227	2069	1184562466	real
3227	2070	1184562466	real
3227	2072	1184562466	real
3227	11510	17137630080419	private_dummy
3228	2074	1280892846	real
3228	2075	1280892846	real
3228	11511	17137630080419	private_dummy
3229	2078	1430048205	real
3229	2079	1430048205	real
3229	2081	1430048205	real
3229	11512	17137630080419	private_dummy
3230	2083	1702113907	real
3230	2084	1702113907	real
3230	2086	1702113907	real
3230	11513	17137630080419	private_dummy
3231	5299	1109557844	real
3231	11514	17137630080419	private_dummy
3232	5299	1109557844	real
3232	11515	17137630080419	private_dummy
3233	5300	726099236	real
3233	11516	17137630080419	private_dummy
3234	5300	726099236	real
3234	11517	17137630080419	private_dummy
3235	5301	484134439	real
3235	11518	17137630080419	private_dummy
3236	5301	541247193	real
3236	11519	17137630080419	private_dummy
3237	5302	403816026	real
3237	11520	17137630080419	private_dummy
3238	5302	460928780	real
3238	11521	17137630080419	private_dummy
3239	5303	543514117	real
3239	11522	17137630080419	private_dummy
3240	5303	600626871	real
3240	11523	17137630080419	private_dummy
3241	5304	773434364	real
3241	11524	17137630080419	private_dummy
3242	5304	773434364	real
3242	11525	17137630080419	private_dummy
3243	2495	1430048205	real
3243	11526	17137630080419	private_dummy
3244	2485	1280892846	real
3244	11527	17137630080419	private_dummy
3245	2469	1184562466	real
3245	11528	17137630080419	private_dummy
3246	2430	1103469220	real
3246	11529	17137630080419	private_dummy
3247	2482	1280892846	real
3247	11530	17137630080419	private_dummy
3248	2467	1184562466	real
3248	11531	17137630080419	private_dummy
3249	2428	1103469220	real
3249	11532	17137630080419	private_dummy
3250	2464	1184562466	real
3250	11533	17137630080419	private_dummy
3251	2425	1103469220	real
3251	11534	17137630080419	private_dummy
3252	2077	1227292212	real
3252	11535	17137630080419	private_dummy
3253	2423	1103469220	real
3253	11536	17137630080419	private_dummy
3254	2073	1227292212	real
3254	11537	17137630080419	private_dummy
3255	2432	1127244833	real
3255	11538	17137630080419	private_dummy
3256	2408	1127244833	real
3256	11539	17137630080419	private_dummy
3257	2068	1227292212	real
3257	11540	17137630080419	private_dummy
3258	2064	1227292212	real
3258	11541	17137630080419	private_dummy
3259	2060	1227292212	real
3259	11542	17137630080419	private_dummy
3260	2386	1151478732	real
3260	11543	17137630080419	private_dummy
3261	1901	1227292212	real
3261	11544	17137630080419	private_dummy
3262	1334	1227292212	real
3262	11545	17137630080419	private_dummy
3263	645	1227292212	real
3263	11546	17137630080419	private_dummy
3264	5464	757626495	real
3264	11547	17137630080419	private_dummy
3265	5462	757626495	real
3265	11548	17137630080419	private_dummy
3266	5467	1151478732	real
3266	11549	17137630080419	private_dummy
3267	5467	1151478732	real
3267	11550	17137630080419	private_dummy
3268	5452	332251490	real
3268	11551	17137630080419	private_dummy
3269	5458	806438676	real
3269	5459	806438676	real
3269	11552	17137630080419	private_dummy
3270	5448	343859956	real
3270	5449	515190466	real
3270	11553	17137630080419	private_dummy
3271	5450	597775802	real
3271	11554	17137630080419	private_dummy
3272	5474	554789753	real
3272	11555	17137630080419	private_dummy
3273	5449	515190466	real
3273	11556	17137630080419	private_dummy
3274	5456	597775802	real
3274	11557	17137630080419	private_dummy
3275	5476	554789753	real
3275	11558	17137630080419	private_dummy
3276	5448	640890500	real
3276	11559	17137630080419	private_dummy
3277	5454	300745258	real
3277	11560	17137630080419	private_dummy
3278	5478	1103469220	real
3278	11561	17137630080419	private_dummy
3279	5463	450514758	real
3279	11562	17137630080419	private_dummy
3280	5460	574687520	real
3280	5461	574687520	real
3280	11563	17137630080419	private_dummy
3281	5450	516840406	real
3281	5452	516840406	real
3281	11564	17137630080419	private_dummy
3282	5454	310695772	real
3282	5456	310695772	real
3282	11565	17137630080419	private_dummy
3283	5481	713772147	real
3283	11566	17137630080419	private_dummy
3284	5469	1111879445	real
3284	11567	17137630080419	private_dummy
3285	5469	1090323727	real
3285	11568	17137630080419	private_dummy
3286	5467	1157383734	real
3286	5468	718027208	real
3286	5473	560694755	real
3286	11569	17137630080419	private_dummy
3287	5477	489589235	real
3287	11570	17137630080419	private_dummy
3288	5479	489589235	real
3288	11571	17137630080419	private_dummy
3289	5467	1171259123	real
3289	5468	983551520	real
3289	5475	826219067	real
3289	11572	17137630080419	private_dummy
3290	5477	686520976	real
3290	11573	17137630080419	private_dummy
3291	5479	489589235	real
3291	11574	17137630080419	private_dummy
3292	5466	686520976	real
3292	11575	17137630080419	private_dummy
3293	5480	410915471	real
3293	11576	17137630080419	private_dummy
3294	5482	436521993	real
3294	11577	17137630080419	private_dummy
3295	5466	686520976	real
3295	11578	17137630080419	private_dummy
3296	5480	410915471	real
3296	11579	17137630080419	private_dummy
3297	5482	436521993	real
3297	11580	17137630080419	private_dummy
3298	5465	686520976	real
3298	11581	17137630080419	private_dummy
3299	5465	983551520	real
3299	11582	17137630080419	private_dummy
3300	5423	371846286	real
3300	5424	371846286	real
3300	11583	17137630080419	private_dummy
3301	5451	634805329	real
3301	11584	17137630080419	private_dummy
3302	5447	897324586	real
3302	11585	17137630080419	private_dummy
3303	5447	596248529	real
3303	11586	17137630080419	private_dummy
3304	5413	798782256	real
3304	5414	855895011	real
3304	11587	17137630080419	private_dummy
3305	5415	597771310	real
3305	5416	597771310	real
3305	11588	17137630080419	private_dummy
3306	5417	577990920	real
3306	5418	577990920	real
3306	11589	17137630080419	private_dummy
3307	5419	895769196	real
3307	5420	895769196	real
3307	11590	17137630080419	private_dummy
3308	5421	783211990	real
3308	5422	783211990	real
3308	11591	17137630080419	private_dummy
3309	5490	804658057	real
3309	11592	17137630080419	private_dummy
3310	5490	503582000	real
3310	11593	17137630080419	private_dummy
3311	5414	855895011	real
3311	11594	17137630080419	private_dummy
3312	5432	459723160	real
3312	11595	17137630080419	private_dummy
3313	5453	407325250	real
3313	11596	17137630080419	private_dummy
3314	5492	804658057	real
3314	11597	17137630080419	private_dummy
3315	5492	503582000	real
3315	11598	17137630080419	private_dummy
3316	5413	1052445090	real
3316	11599	17137630080419	private_dummy
3317	5425	440438857	real
3317	5426	497551611	real
3317	11600	17137630080419	private_dummy
3318	5427	300740766	real
3318	5428	300740766	real
3318	11601	17137630080419	private_dummy
3319	5429	525124244	real
3319	11602	17137630080419	private_dummy
3320	5430	483553555	real
3320	5431	483553555	real
3320	11603	17137630080419	private_dummy
3321	5494	897324586	real
3321	11604	17137630080419	private_dummy
3322	5494	699323789	real
3322	11605	17137630080419	private_dummy
3323	5416	597771310	real
3323	11606	17137630080419	private_dummy
3324	5426	497551611	real
3324	11607	17137630080419	private_dummy
3325	5439	459723160	real
3325	5440	459723160	real
3325	11608	17137630080419	private_dummy
3326	5455	407325250	real
3326	11609	17137630080419	private_dummy
3327	5496	576220084	real
3327	11610	17137630080419	private_dummy
3328	5496	378219287	real
3328	11611	17137630080419	private_dummy
3329	5415	670359104	real
3329	11612	17137630080419	private_dummy
3330	5425	670359104	real
3330	11613	17137630080419	private_dummy
3331	5433	371846286	real
3331	5434	428959040	real
3331	11614	17137630080419	private_dummy
3332	5435	438906293	real
3332	5436	438906293	real
3332	11615	17137630080419	private_dummy
3333	5437	383454751	real
3333	5438	383454751	real
3333	11616	17137630080419	private_dummy
3334	5498	806140331	real
3334	11617	17137630080419	private_dummy
3335	5498	239590252	real
3335	11618	17137630080419	private_dummy
3336	5418	577990920	real
3336	5424	577990920	real
3336	11619	17137630080419	private_dummy
3337	5428	300740766	real
3337	11620	17137630080419	private_dummy
3338	5434	428959040	real
3338	11621	17137630080419	private_dummy
3339	5443	647430763	real
3339	11622	17137630080419	private_dummy
3340	5444	634805329	real
3340	11623	17137630080419	private_dummy
3341	5500	664959966	real
3341	11624	17137630080419	private_dummy
3342	5500	468028226	real
3342	11625	17137630080419	private_dummy
3343	5417	568241738	real
3343	5423	568241738	real
3343	11626	17137630080419	private_dummy
3344	5427	339803765	real
3344	11627	17137630080419	private_dummy
3345	5433	568241738	real
3345	11628	17137630080419	private_dummy
3346	5441	525124244	real
3346	11629	17137630080419	private_dummy
3347	5442	483553555	real
3347	11630	17137630080419	private_dummy
3348	5502	704022965	real
3348	11631	17137630080419	private_dummy
3349	5502	468028226	real
3349	11632	17137630080419	private_dummy
3350	5420	895769196	real
3350	11633	17137630080419	private_dummy
3351	5436	438906293	real
3351	5440	438906293	real
3351	11634	17137630080419	private_dummy
3352	5457	1031550423	real
3352	11635	17137630080419	private_dummy
3353	5504	975561394	real
3353	11636	17137630080419	private_dummy
3354	5504	511126187	real
3354	11637	17137630080419	private_dummy
3355	5419	726099236	real
3355	11638	17137630080419	private_dummy
3356	5429	381059179	real
3356	5432	381059179	real
3356	11639	17137630080419	private_dummy
3357	5435	332246999	real
3357	5439	332246999	real
3357	11640	17137630080419	private_dummy
3358	5441	489570469	real
3358	5443	489570469	real
3358	11641	17137630080419	private_dummy
3359	5445	895769196	real
3359	5446	1088663177	real
3359	11642	17137630080419	private_dummy
3360	5506	831496330	real
3360	11643	17137630080419	private_dummy
3361	5506	511126187	real
3361	11644	17137630080419	private_dummy
3362	5422	685312258	real
3362	11645	17137630080419	private_dummy
3363	5431	407325250	real
3363	11646	17137630080419	private_dummy
3364	5438	349558832	real
3364	11647	17137630080419	private_dummy
3365	5446	1088663177	real
3365	11648	17137630080419	private_dummy
3366	5508	839021880	real
3366	11649	17137630080419	private_dummy
3367	5508	597775802	real
3367	11650	17137630080419	private_dummy
3368	5421	1109557844	real
3368	11651	17137630080419	private_dummy
3369	5430	727471858	real
3369	11652	17137630080419	private_dummy
3370	5437	625354492	real
3370	11653	17137630080419	private_dummy
3371	5442	685312258	real
3371	5444	685312258	real
3371	11654	17137630080419	private_dummy
3372	5445	1211545455	real
3372	11655	17137630080419	private_dummy
3373	5510	1103170875	real
3373	11656	17137630080419	private_dummy
3374	5510	597775802	real
3374	11657	17137630080419	private_dummy
3375	5471	482026282	real
3375	5489	482026282	real
3375	11658	17137630080419	private_dummy
3376	5493	573948669	real
3376	11659	17137630080419	private_dummy
3377	5495	367804034	real
3377	11660	17137630080419	private_dummy
3378	5471	585101542	real
3378	5491	585101542	real
3378	11661	17137630080419	private_dummy
3379	5493	652617141	real
3379	11662	17137630080419	private_dummy
3380	5495	367804034	real
3380	11663	17137630080419	private_dummy
3381	5497	296698515	real
3381	11664	17137630080419	private_dummy
3382	5499	296698515	real
3382	11665	17137630080419	private_dummy
3383	5497	296698515	real
3383	11666	17137630080419	private_dummy
3384	5499	296698515	real
3384	11667	17137630080419	private_dummy
3385	5501	367804034	real
3385	11668	17137630080419	private_dummy
3386	5503	573948669	real
3386	11669	17137630080419	private_dummy
3387	5501	367804034	real
3387	11670	17137630080419	private_dummy
3388	5503	573948669	real
3388	11671	17137630080419	private_dummy
3389	5505	489570469	real
3389	11672	17137630080419	private_dummy
3390	5507	489570469	real
3390	11673	17137630080419	private_dummy
3391	5505	489570469	real
3391	11674	17137630080419	private_dummy
3392	5507	489570469	real
3392	11675	17137630080419	private_dummy
3393	5509	582236998	real
3393	11676	17137630080419	private_dummy
3394	5511	600626871	real
3394	11677	17137630080419	private_dummy
3395	5509	582236998	real
3395	11678	17137630080419	private_dummy
3396	5511	600626871	real
3396	11679	17137630080419	private_dummy
3397	5472	482026282	real
3397	11680	17137630080419	private_dummy
3398	5472	585101542	real
3398	11681	17137630080419	private_dummy
3399	5469	1125877502	real
3399	5470	875878519	real
3399	11682	17137630080419	private_dummy
3400	5469	1090323727	real
3400	5470	840324744	real
3400	11683	17137630080419	private_dummy
3401	2086	1227292212	real
3401	2087	1227292212	real
3401	11684	17137630080419	private_dummy
3402	2494	1487160959	real
3402	2496	1430048205	real
3402	11685	17137630080419	private_dummy
3403	2483	1338005600	real
3403	2484	1280892846	real
3403	2490	1280892846	real
3403	11686	17137630080419	private_dummy
3404	2468	1241675220	real
3404	2475	1184562466	real
3404	11687	17137630080419	private_dummy
3405	2451	1184357587	real
3405	2452	1127244833	real
3405	2459	1127244833	real
3405	11688	17137630080419	private_dummy
3406	2429	1160581975	real
3406	2438	1103469220	real
3406	11689	17137630080419	private_dummy
3407	2406	1168458172	real
3407	2414	1111345418	real
3407	11690	17137630080419	private_dummy
3408	2384	1208591486	real
3408	2385	1151478732	real
3408	2393	1151478732	real
3408	11691	17137630080419	private_dummy
3409	1603	1404439436	real
3409	1604	1347326682	real
3409	1933	1347326682	real
3409	11692	17137630080419	private_dummy
3410	1006	1593607205	real
3410	1007	1536494450	real
3410	1367	1536494450	real
3410	11693	17137630080419	private_dummy
3411	281	1869695623	real
3411	282	1869695623	real
3411	679	1869695623	real
3411	11694	17137630080419	private_dummy
3412	2084	1227292212	real
3412	2085	1227292212	real
3412	11695	17137630080419	private_dummy
3413	5513	1109557844	real
3413	11696	17137630080419	private_dummy
3414	5515	934563483	real
3414	11697	17137630080419	private_dummy
3415	5517	830547118	real
3415	11698	17137630080419	private_dummy
3416	5519	773151825	real
3416	11699	17137630080419	private_dummy
3417	5521	754689937	real
3417	11700	17137630080419	private_dummy
3418	5523	773151825	real
3418	11701	17137630080419	private_dummy
3419	5525	691918083	real
3419	11702	17137630080419	private_dummy
3420	5527	704543517	real
3420	11703	17137630080419	private_dummy
3421	2496	1702113907	real
3421	2497	1702113907	real
3421	11704	17137630080419	private_dummy
3422	2081	1227292212	real
3422	2082	1227292212	real
3422	11705	17137630080419	private_dummy
3423	2494	1759226661	real
3423	11706	17137630080419	private_dummy
3424	2479	1338005600	real
3424	2481	1280892846	real
3424	2488	1280892846	real
3424	11707	17137630080419	private_dummy
3425	2465	1241675220	real
3425	2473	1184562466	real
3425	11708	17137630080419	private_dummy
3426	2448	1184357587	real
3426	2450	1127244833	real
3426	2457	1127244833	real
3426	11709	17137630080419	private_dummy
3427	2426	1160581975	real
3427	2436	1103469220	real
3427	11710	17137630080419	private_dummy
3428	2404	1168458172	real
3428	2412	1111345418	real
3428	11711	17137630080419	private_dummy
3429	2381	1208591486	real
3429	2383	1151478732	real
3429	2391	1151478732	real
3429	11712	17137630080419	private_dummy
3430	1601	1404439436	real
3430	1602	1347326682	real
3430	1931	1347326682	real
3430	11713	17137630080419	private_dummy
3431	1004	1593607205	real
3431	1005	1536494450	real
3431	1365	1536494450	real
3431	11714	17137630080419	private_dummy
3432	279	1869695623	real
3432	280	1869695623	real
3432	677	1869695623	real
3432	11715	17137630080419	private_dummy
3433	2079	1227292212	real
3433	2080	1305960685	real
3433	11716	17137630080419	private_dummy
3434	5530	1245339071	real
3434	11717	17137630080419	private_dummy
3435	5532	934563483	real
3435	11718	17137630080419	private_dummy
3436	5534	770586556	real
3436	11719	17137630080419	private_dummy
3437	5536	679295344	real
3437	11720	17137630080419	private_dummy
3438	5538	636962957	real
3438	11721	17137630080419	private_dummy
3439	5540	636962957	real
3439	11722	17137630080419	private_dummy
3440	5542	540666309	real
3440	11723	17137630080419	private_dummy
3441	5544	546683223	real
3441	11724	17137630080419	private_dummy
3442	2490	1702113907	real
3442	2491	1702113907	real
3442	11725	17137630080419	private_dummy
3443	2488	1430048205	real
3443	2489	1430048205	real
3443	11726	17137630080419	private_dummy
3444	1600	1347326682	real
3444	11727	17137630080419	private_dummy
3445	2483	1759226661	real
3445	11728	17137630080419	private_dummy
3446	2479	1487160959	real
3446	2480	1430048205	real
3446	11729	17137630080419	private_dummy
3447	2463	1241675220	real
3447	2471	1184562466	real
3447	11730	17137630080419	private_dummy
3448	2446	1184357587	real
3448	2447	1127244833	real
3448	2455	1127244833	real
3448	11731	17137630080419	private_dummy
3449	2424	1160581975	real
3449	2434	1103469220	real
3449	11732	17137630080419	private_dummy
3450	2403	1168458172	real
3450	2410	1111345418	real
3450	11733	17137630080419	private_dummy
3451	2379	1208591486	real
3451	2380	1151478732	real
3451	2389	1151478732	real
3451	11734	17137630080419	private_dummy
3452	1598	1404439436	real
3452	1599	1347326682	real
3452	11735	17137630080419	private_dummy
3453	1002	1593607205	real
3453	1003	1536494450	real
3453	1363	1536494450	real
3453	11736	17137630080419	private_dummy
3454	277	1869695623	real
3454	278	1869695623	real
3454	675	1869695623	real
3454	11737	17137630080419	private_dummy
3455	2075	1227292212	real
3455	2076	1284404966	real
3455	2486	1227292212	real
3455	11738	17137630080419	private_dummy
3456	5547	1430048205	real
3456	11739	17137630080419	private_dummy
3457	5549	1130305272	real
3457	11740	17137630080419	private_dummy
3458	5551	830547118	real
3458	11741	17137630080419	private_dummy
3459	5553	679295344	real
3459	11742	17137630080419	private_dummy
3460	5555	603067038	real
3460	11743	17137630080419	private_dummy
3461	5557	579196540	real
3461	11744	17137630080419	private_dummy
3462	5559	464438004	real
3462	11745	17137630080419	private_dummy
3463	5561	462578721	real
3463	11746	17137630080419	private_dummy
3464	2475	1702113907	real
3464	2476	1702113907	real
3464	11747	17137630080419	private_dummy
3465	2473	1430048205	real
3465	2474	1430048205	real
3465	11748	17137630080419	private_dummy
3466	2471	1280892846	real
3466	2472	1280892846	real
3466	11749	17137630080419	private_dummy
3467	2445	1127244833	real
3467	11750	17137630080419	private_dummy
3468	2378	1151478732	real
3468	11751	17137630080419	private_dummy
3469	1000	1536494450	real
3469	11752	17137630080419	private_dummy
3470	2468	1759226661	real
3470	11753	17137630080419	private_dummy
3471	2465	1487160959	real
3471	2466	1430048205	real
3471	11754	17137630080419	private_dummy
3472	2463	1338005600	real
3472	11755	17137630080419	private_dummy
3473	2442	1184357587	real
3473	2444	1127244833	real
3473	11756	17137630080419	private_dummy
3474	2421	1160581975	real
3474	2433	1103469220	real
3474	11757	17137630080419	private_dummy
3475	2401	1168458172	real
3475	2409	1111345418	real
3475	11758	17137630080419	private_dummy
3476	2375	1208591486	real
3476	2377	1151478732	real
3476	11759	17137630080419	private_dummy
3477	1595	1404439436	real
3477	1596	1347326682	real
3477	1929	1347326682	real
3477	11760	17137630080419	private_dummy
3478	998	1593607205	real
3478	999	1536494450	real
3478	11761	17137630080419	private_dummy
3479	274	1869695623	real
3479	275	1869695623	real
3479	674	1869695623	real
3479	11762	17137630080419	private_dummy
3480	2070	1227292212	real
3480	2071	1284404966	real
3480	2470	1227292212	real
3480	11763	17137630080419	private_dummy
3481	5564	1430048205	real
3481	11764	17137630080419	private_dummy
3482	5566	1280892846	real
3482	11765	17137630080419	private_dummy
3483	5568	1060184826	real
3483	11766	17137630080419	private_dummy
3484	5570	773151825	real
3484	11767	17137630080419	private_dummy
3485	5572	636962957	real
3485	11768	17137630080419	private_dummy
3486	5574	579196540	real
3486	11769	17137630080419	private_dummy
3487	5576	440567505	real
3487	11770	17137630080419	private_dummy
3488	5578	428959040	real
3488	11771	17137630080419	private_dummy
3489	2459	1702113907	real
3489	2460	1702113907	real
3489	11772	17137630080419	private_dummy
3490	2457	1430048205	real
3490	2458	1430048205	real
3490	11773	17137630080419	private_dummy
3491	2455	1280892846	real
3491	2456	1280892846	real
3491	11774	17137630080419	private_dummy
3492	2419	1103469220	real
3492	2420	1103469220	real
3492	11775	17137630080419	private_dummy
3493	2400	1111345418	real
3493	11776	17137630080419	private_dummy
3494	1594	1347326682	real
3494	11777	17137630080419	private_dummy
3495	2451	1759226661	real
3495	11778	17137630080419	private_dummy
3496	2448	1487160959	real
3496	2449	1430048205	real
3496	11779	17137630080419	private_dummy
3497	2446	1338005600	real
3497	11780	17137630080419	private_dummy
3498	2442	1241675220	real
3498	2443	1184562466	real
3498	2445	1184562466	real
3498	11781	17137630080419	private_dummy
3499	2418	1160581975	real
3499	11782	17137630080419	private_dummy
3500	2399	1168458172	real
3500	11783	17137630080419	private_dummy
3501	2373	1208591486	real
3501	2374	1151478732	real
3501	2387	1151478732	real
3501	11784	17137630080419	private_dummy
3502	1592	1404439436	real
3502	1593	1347326682	real
3502	11785	17137630080419	private_dummy
3503	996	1593607205	real
3503	997	1536494450	real
3503	1361	1536494450	real
3503	11786	17137630080419	private_dummy
3504	272	1869695623	real
3504	273	1869695623	real
3504	672	1869695623	real
3504	11787	17137630080419	private_dummy
3505	2066	1227292212	real
3505	2067	1284404966	real
3505	2453	1227292212	real
3505	11788	17137630080419	private_dummy
3506	5581	1430048205	real
3506	11789	17137630080419	private_dummy
3507	5583	1280892846	real
3507	11790	17137630080419	private_dummy
3508	5585	1184562466	real
3508	11791	17137630080419	private_dummy
3509	5587	1026660031	real
3509	11792	17137630080419	private_dummy
3510	5589	754689937	real
3510	11793	17137630080419	private_dummy
3511	5591	636962957	real
3511	11794	17137630080419	private_dummy
3512	5593	464438004	real
3512	11795	17137630080419	private_dummy
3513	5595	440026725	real
3513	11796	17137630080419	private_dummy
3514	2438	1702113907	real
3514	2439	1702113907	real
3514	11797	17137630080419	private_dummy
3515	2436	1430048205	real
3515	2437	1430048205	real
3515	11798	17137630080419	private_dummy
3516	2434	1280892846	real
3516	2435	1280892846	real
3516	11799	17137630080419	private_dummy
3517	2433	1184562466	real
3517	11800	17137630080419	private_dummy
3518	2398	1111345418	real
3518	11801	17137630080419	private_dummy
3519	2372	1151478732	real
3519	11802	17137630080419	private_dummy
3520	2429	1759226661	real
3520	11803	17137630080419	private_dummy
3521	2426	1487160959	real
3521	2427	1430048205	real
3521	11804	17137630080419	private_dummy
3522	2424	1338005600	real
3522	11805	17137630080419	private_dummy
3523	2421	1241675220	real
3523	2422	1184562466	real
3523	11806	17137630080419	private_dummy
3524	2418	1184357587	real
3524	2419	1127244833	real
3524	11807	17137630080419	private_dummy
3525	2397	1168458172	real
3525	11808	17137630080419	private_dummy
3526	2370	1208591486	real
3526	2371	1151478732	real
3526	11809	17137630080419	private_dummy
3527	1590	1404439436	real
3527	1591	1347326682	real
3527	1927	1347326682	real
3527	11810	17137630080419	private_dummy
3528	994	1593607205	real
3528	995	1536494450	real
3528	1360	1536494450	real
3528	11811	17137630080419	private_dummy
3529	270	1869695623	real
3529	271	1869695623	real
3529	671	1869695623	real
3529	11812	17137630080419	private_dummy
3530	2062	1227292212	real
3530	2063	1284404966	real
3530	2431	1227292212	real
3530	11813	17137630080419	private_dummy
3531	5598	1430048205	real
3531	11814	17137630080419	private_dummy
3532	5600	1280892846	real
3532	11815	17137630080419	private_dummy
3533	5602	1184562466	real
3533	11816	17137630080419	private_dummy
3534	5604	1127244833	real
3534	11817	17137630080419	private_dummy
3535	5606	1026660031	real
3535	11818	17137630080419	private_dummy
3536	5608	773151825	real
3536	11819	17137630080419	private_dummy
3537	5610	540666309	real
3537	11820	17137630080419	private_dummy
3538	5612	497551611	real
3538	11821	17137630080419	private_dummy
3539	2414	1702113907	real
3539	2415	1702113907	real
3539	11822	17137630080419	private_dummy
3540	2412	1430048205	real
3540	2413	1430048205	real
3540	11823	17137630080419	private_dummy
3541	2410	1280892846	real
3541	2411	1280892846	real
3541	11824	17137630080419	private_dummy
3542	2409	1184562466	real
3542	11825	17137630080419	private_dummy
3543	2369	1151478732	real
3543	11826	17137630080419	private_dummy
3544	2406	1759226661	real
3544	11827	17137630080419	private_dummy
3545	2404	1487160959	real
3545	2405	1430048205	real
3545	11828	17137630080419	private_dummy
3546	2403	1338005600	real
3546	11829	17137630080419	private_dummy
3547	2401	1241675220	real
3547	2402	1184562466	real
3547	11830	17137630080419	private_dummy
3548	2399	1184357587	real
3548	2400	1127244833	real
3548	11831	17137630080419	private_dummy
3549	2397	1160581975	real
3549	2398	1103469220	real
3549	11832	17137630080419	private_dummy
3550	2366	1208591486	real
3550	2368	1151478732	real
3550	11833	17137630080419	private_dummy
3551	1588	1404439436	real
3551	1589	1347326682	real
3551	1925	1347326682	real
3551	11834	17137630080419	private_dummy
3552	992	1593607205	real
3552	993	1536494450	real
3552	1358	1536494450	real
3552	11835	17137630080419	private_dummy
3553	268	1869695623	real
3553	269	1869695623	real
3553	669	1869695623	real
3553	11836	17137630080419	private_dummy
3554	2058	1227292212	real
3554	2059	1284404966	real
3554	2407	1227292212	real
3554	11837	17137630080419	private_dummy
3555	5615	1430048205	real
3555	11838	17137630080419	private_dummy
3556	5617	1280892846	real
3556	11839	17137630080419	private_dummy
3557	5619	1184562466	real
3557	11840	17137630080419	private_dummy
3558	5621	1127244833	real
3558	11841	17137630080419	private_dummy
3559	5623	1103469220	real
3559	11842	17137630080419	private_dummy
3560	5625	1060184826	real
3560	11843	17137630080419	private_dummy
3561	5627	691918083	real
3561	11844	17137630080419	private_dummy
3562	5629	613249611	real
3562	11845	17137630080419	private_dummy
3563	2393	1702113907	real
3563	2394	1702113907	real
3563	11846	17137630080419	private_dummy
3564	2391	1430048205	real
3564	2392	1430048205	real
3564	11847	17137630080419	private_dummy
3565	2389	1280892846	real
3565	2390	1280892846	real
3565	11848	17137630080419	private_dummy
3566	2387	1127244833	real
3566	2388	1127244833	real
3566	11849	17137630080419	private_dummy
3567	2055	1227292212	real
3567	2056	1227292212	real
3567	11850	17137630080419	private_dummy
3568	2384	1759226661	real
3568	11851	17137630080419	private_dummy
3569	2381	1487160959	real
3569	2382	1430048205	real
3569	11852	17137630080419	private_dummy
3570	2379	1338005600	real
3570	11853	17137630080419	private_dummy
3571	2375	1241675220	real
3571	2376	1184562466	real
3571	2378	1184562466	real
3571	11854	17137630080419	private_dummy
3572	2373	1184357587	real
3572	11855	17137630080419	private_dummy
3573	2370	1160581975	real
3573	2372	1103469220	real
3573	11856	17137630080419	private_dummy
3574	2366	1168458172	real
3574	2367	1111345418	real
3574	2369	1111345418	real
3574	11857	17137630080419	private_dummy
3575	1586	1404439436	real
3575	1587	1347326682	real
3575	1923	1347326682	real
3575	11858	17137630080419	private_dummy
3576	990	1593607205	real
3576	991	1536494450	real
3576	1356	1536494450	real
3576	11859	17137630080419	private_dummy
3577	266	1869695623	real
3577	267	1869695623	real
3577	667	1869695623	real
3577	11860	17137630080419	private_dummy
3578	2053	1227292212	real
3578	2054	1284404966	real
3578	11861	17137630080419	private_dummy
3579	5632	1430048205	real
3579	11862	17137630080419	private_dummy
3580	5634	1280892846	real
3580	11863	17137630080419	private_dummy
3581	5636	1184562466	real
3581	11864	17137630080419	private_dummy
3582	5638	1127244833	real
3582	11865	17137630080419	private_dummy
3583	5640	1103469220	real
3583	11866	17137630080419	private_dummy
3584	5642	1111345418	real
3584	11867	17137630080419	private_dummy
3585	5644	1105898485	real
3585	11868	17137630080419	private_dummy
3586	5646	970117258	real
3586	11869	17137630080419	private_dummy
3587	1534	1284404966	real
3587	1536	1227292212	real
3587	1605	1227292212	real
3587	11870	17137630080419	private_dummy
3588	4703	1430048205	real
3588	4705	1659968452	real
3588	11871	17137630080419	private_dummy
3589	4839	1280892846	real
3589	11872	17137630080419	private_dummy
3590	4697	1184562466	real
3590	11873	17137630080419	private_dummy
3591	4694	1127244833	real
3591	11874	17137630080419	private_dummy
3592	4691	1103469220	real
3592	11875	17137630080419	private_dummy
3593	4688	1111345418	real
3593	11876	17137630080419	private_dummy
3594	4686	1151478732	real
3594	11877	17137630080419	private_dummy
3595	4837	1124216952	real
3595	11878	17137630080419	private_dummy
3596	938	1284404966	real
3596	940	1227292212	real
3596	1008	1227292212	real
3596	11879	17137630080419	private_dummy
3597	4182	1430048205	real
3597	4184	1659968452	real
3597	11880	17137630080419	private_dummy
3598	4318	1280892846	real
3598	11881	17137630080419	private_dummy
3599	4176	1184562466	real
3599	11882	17137630080419	private_dummy
3600	4173	1127244833	real
3600	11883	17137630080419	private_dummy
3601	4170	1103469220	real
3601	11884	17137630080419	private_dummy
3602	4167	1111345418	real
3602	11885	17137630080419	private_dummy
3603	4165	1151478732	real
3603	11886	17137630080419	private_dummy
3604	4316	1088663177	real
3604	11887	17137630080419	private_dummy
3605	214	1284404966	real
3605	216	1227292212	real
3605	283	1227292212	real
3605	11888	17137630080419	private_dummy
3606	3627	1430048205	real
3606	3629	1659968452	real
3606	11889	17137630080419	private_dummy
3607	3763	1280892846	real
3607	11890	17137630080419	private_dummy
3608	3621	1184562466	real
3608	11891	17137630080419	private_dummy
3609	3618	1127244833	real
3609	11892	17137630080419	private_dummy
3610	3615	1103469220	real
3610	11893	17137630080419	private_dummy
3611	3612	1111345418	real
3611	11894	17137630080419	private_dummy
3612	3610	1151478732	real
3612	11895	17137630080419	private_dummy
3613	3761	1088663177	real
3613	11896	17137630080419	private_dummy
3614	2486	1280892846	real
3614	2487	1280892846	real
3614	11897	17137630080419	private_dummy
3615	2470	1184562466	real
3615	11898	17137630080419	private_dummy
3616	2453	1127244833	real
3616	2454	1127244833	real
3616	11899	17137630080419	private_dummy
3617	2431	1103469220	real
3617	11900	17137630080419	private_dummy
3618	2407	1111345418	real
3618	11901	17137630080419	private_dummy
3619	1605	1347326682	real
3619	1606	1347326682	real
3619	11902	17137630080419	private_dummy
3620	1008	1536494450	real
3620	1009	1536494450	real
3620	11903	17137630080419	private_dummy
3621	283	1869695623	real
3621	284	1869695623	real
3621	11904	17137630080419	private_dummy
3622	5483	796682206	real
3622	11905	17137630080419	private_dummy
3623	5483	796682206	real
3623	11906	17137630080419	private_dummy
3624	5484	482026282	real
3624	11907	17137630080419	private_dummy
3625	5484	482026282	real
3625	11908	17137630080419	private_dummy
3626	5485	482026282	real
3626	11909	17137630080419	private_dummy
3627	5485	482026282	real
3627	11910	17137630080419	private_dummy
3628	5486	796682206	real
3628	11911	17137630080419	private_dummy
3629	5486	796682206	real
3629	11912	17137630080419	private_dummy
3630	5487	952881950	real
3630	11913	17137630080419	private_dummy
3631	5487	895769196	real
3631	11914	17137630080419	private_dummy
3632	5488	934563483	real
3632	11915	17137630080419	private_dummy
3633	5488	934563483	real
3633	11916	17137630080419	private_dummy
3634	328	1869695623	real
3634	11917	17137630080419	private_dummy
3635	1053	1593607205	real
3635	11918	17137630080419	private_dummy
3636	1636	1404439436	real
3636	1948	1347326682	real
3636	11919	17137630080419	private_dummy
3637	1934	1127244833	real
3637	11920	17137630080419	private_dummy
3638	2094	1284404966	real
3638	11921	17137630080419	private_dummy
3639	2110	1284404966	real
3639	11922	17137630080419	private_dummy
3640	2120	1284404966	real
3640	11923	17137630080419	private_dummy
3641	2364	1127244833	real
3641	11924	17137630080419	private_dummy
3642	2537	1168458172	real
3642	2570	1111345418	real
3642	11925	17137630080419	private_dummy
3643	2541	1168458172	real
3643	2574	1111345418	real
3643	11926	17137630080419	private_dummy
3644	2575	1241675220	real
3644	11927	17137630080419	private_dummy
3645	2551	1168458172	real
3645	2579	1111345418	real
3645	11928	17137630080419	private_dummy
3646	2580	1487160959	real
3646	11929	17137630080419	private_dummy
3647	2582	1759226661	real
3647	11930	17137630080419	private_dummy
3648	2503	1127244833	real
3648	2584	1127244833	real
3648	11931	17137630080419	private_dummy
3649	2591	1160581975	real
3649	2620	1103469220	real
3649	11932	17137630080419	private_dummy
3650	2596	1160581975	real
3650	2623	1103469220	real
3650	11933	17137630080419	private_dummy
3651	2624	1338005600	real
3651	11934	17137630080419	private_dummy
3652	2626	1487160959	real
3652	11935	17137630080419	private_dummy
3653	2628	1759226661	real
3653	11936	17137630080419	private_dummy
3654	2507	1127244833	real
3654	2630	1127244833	real
3654	11937	17137630080419	private_dummy
3655	2638	1184357587	real
3655	11938	17137630080419	private_dummy
3656	2662	1338005600	real
3656	11939	17137630080419	private_dummy
3657	2664	1487160959	real
3657	11940	17137630080419	private_dummy
3658	2666	1759226661	real
3658	11941	17137630080419	private_dummy
3659	2511	1127244833	real
3659	2668	1127244833	real
3659	11942	17137630080419	private_dummy
3660	2692	1338005600	real
3660	11943	17137630080419	private_dummy
3661	2693	1487160959	real
3661	11944	17137630080419	private_dummy
3662	2694	1759226661	real
3662	11945	17137630080419	private_dummy
3663	2691	1241675220	real
3663	11946	17137630080419	private_dummy
3664	2714	1487160959	real
3664	11947	17137630080419	private_dummy
3665	2716	1759226661	real
3665	11948	17137630080419	private_dummy
3666	2520	1127244833	real
3666	2718	1127244833	real
3666	11949	17137630080419	private_dummy
3667	2732	1759226661	real
3667	11950	17137630080419	private_dummy
3668	2525	1127244833	real
3668	2734	1127244833	real
3668	11951	17137630080419	private_dummy
3669	2530	1127244833	real
3669	2742	1127244833	real
3669	11952	17137630080419	private_dummy
3670	5743	1427002987	real
3670	11953	17137630080419	private_dummy
3671	5741	633453734	real
3671	11954	17137630080419	private_dummy
3672	5746	757626495	real
3672	11955	17137630080419	private_dummy
3673	5746	751721493	real
3673	11956	17137630080419	private_dummy
3674	5731	93856481	real
3674	11957	17137630080419	private_dummy
3675	5737	400968218	real
3675	5738	400968218	real
3675	11958	17137630080419	private_dummy
3676	5727	328667456	real
3676	5728	328667456	real
3676	11959	17137630080419	private_dummy
3677	5729	265191483	real
3677	11960	17137630080419	private_dummy
3678	5753	539597253	real
3678	11961	17137630080419	private_dummy
3679	5728	328667456	real
3679	11962	17137630080419	private_dummy
3680	5735	560694755	real
3680	11963	17137630080419	private_dummy
3681	5755	539597253	real
3681	11964	17137630080419	private_dummy
3682	5727	502842350	real
3682	11965	17137630080419	private_dummy
3683	5733	389364245	real
3683	11966	17137630080419	private_dummy
3684	5757	713772147	real
3684	11967	17137630080419	private_dummy
3685	5742	631800274	real
3685	11968	17137630080419	private_dummy
3686	5739	773151825	real
3686	5740	773151825	real
3686	11969	17137630080419	private_dummy
3687	5729	347364688	real
3687	5731	347364688	real
3687	11970	17137630080419	private_dummy
3688	5733	440031217	real
3688	5735	611361727	real
3688	11971	17137630080419	private_dummy
3689	5760	636962957	real
3689	11972	17137630080419	private_dummy
3690	5748	712122206	real
3690	11973	17137630080419	private_dummy
3691	5748	633453734	real
3691	11974	17137630080419	private_dummy
3692	5746	633453734	real
3692	5747	633453734	real
3692	5752	343855464	real
3692	11975	17137630080419	private_dummy
3693	5756	713772147	real
3693	11976	17137630080419	private_dummy
3694	5758	436521993	real
3694	11977	17137630080419	private_dummy
3695	5746	726120263	real
3695	5747	804788735	real
3695	5754	436521993	real
3695	11978	17137630080419	private_dummy
3696	5756	885107149	real
3696	11979	17137630080419	private_dummy
3697	5758	607856995	real
3697	11980	17137630080419	private_dummy
3698	5745	572298728	real
3698	11981	17137630080419	private_dummy
3699	5759	507627513	real
3699	11982	17137630080419	private_dummy
3700	5761	692216429	real
3700	11983	17137630080419	private_dummy
3701	5745	789596235	real
3701	11984	17137630080419	private_dummy
3702	5759	678962514	real
3702	11985	17137630080419	private_dummy
3703	5761	909513936	real
3703	11986	17137630080419	private_dummy
3704	5744	789596235	real
3704	11987	17137630080419	private_dummy
3705	5744	963771130	real
3705	11988	17137630080419	private_dummy
3706	5658	459723160	real
3706	5659	459723160	real
3706	11989	17137630080419	private_dummy
3707	5730	543514117	real
3707	11990	17137630080419	private_dummy
3708	5726	1027230012	real
3708	11991	17137630080419	private_dummy
3709	5726	1048785731	real
3709	11992	17137630080419	private_dummy
3710	5648	895769196	real
3710	5649	952881950	real
3710	11993	17137630080419	private_dummy
3711	5650	577990920	real
3711	5651	577990920	real
3711	11994	17137630080419	private_dummy
3712	5652	597771310	real
3712	5653	597771310	real
3712	11995	17137630080419	private_dummy
3713	5654	798782256	real
3713	5655	798782256	real
3713	11996	17137630080419	private_dummy
3714	5656	597771310	real
3714	5657	597771310	real
3714	11997	17137630080419	private_dummy
3715	5769	934563483	real
3715	11998	17137630080419	private_dummy
3716	5769	956119202	real
3716	11999	17137630080419	private_dummy
3717	5649	952881950	real
3717	12000	17137630080419	private_dummy
3718	5673	405465967	real
3718	12001	17137630080419	private_dummy
3719	5732	543514117	real
3719	12002	17137630080419	private_dummy
3720	5771	934563483	real
3720	12003	17137630080419	private_dummy
3721	5771	956119202	real
3721	12004	17137630080419	private_dummy
3722	5648	1211545455	real
3722	12005	17137630080419	private_dummy
3723	5660	381059179	real
3723	5661	381059179	real
3723	12006	17137630080419	private_dummy
3724	5662	332246999	real
3724	5663	332246999	real
3724	12007	17137630080419	private_dummy
3725	5666	489570469	real
3725	12008	17137630080419	private_dummy
3726	5667	426440801	real
3726	5668	426440801	real
3726	12009	17137630080419	private_dummy
3727	5773	1208973745	real
3727	12010	17137630080419	private_dummy
3728	5773	1208973745	real
3728	12011	17137630080419	private_dummy
3729	5651	577990920	real
3729	12012	17137630080419	private_dummy
3730	5661	381059179	real
3730	12013	17137630080419	private_dummy
3731	5699	440438857	real
3731	5702	440438857	real
3731	12014	17137630080419	private_dummy
3732	5734	486071794	real
3732	12015	17137630080419	private_dummy
3733	5775	424173877	real
3733	12016	17137630080419	private_dummy
3734	5775	459727652	real
3734	12017	17137630080419	private_dummy
3735	5650	628199503	real
3735	12018	17137630080419	private_dummy
3736	5660	489570469	real
3736	12019	17137630080419	private_dummy
3737	5680	382913971	real
3737	5683	440026725	real
3737	12020	17137630080419	private_dummy
3738	5686	382913971	real
3738	5689	382913971	real
3738	12021	17137630080419	private_dummy
3739	5691	625354492	real
3739	5692	625354492	real
3739	12022	17137630080419	private_dummy
3740	5777	568238941	real
3740	12023	17137630080419	private_dummy
3741	5777	459727652	real
3741	12024	17137630080419	private_dummy
3742	5653	597771310	real
3742	5659	597771310	real
3742	12025	17137630080419	private_dummy
3743	5663	332246999	real
3743	12026	17137630080419	private_dummy
3744	5683	440026725	real
3744	12027	17137630080419	private_dummy
3745	5715	855895011	real
3745	12028	17137630080419	private_dummy
3746	5719	389359753	real
3746	12029	17137630080419	private_dummy
3747	5779	446930724	real
3747	12030	17137630080419	private_dummy
3748	5779	285552758	real
3748	12031	17137630080419	private_dummy
3749	5652	568241738	real
3749	5658	568241738	real
3749	12032	17137630080419	private_dummy
3750	5662	332246999	real
3750	12033	17137630080419	private_dummy
3751	5680	568241738	real
3751	12034	17137630080419	private_dummy
3752	5708	556136856	real
3752	12035	17137630080419	private_dummy
3753	5712	370656334	real
3753	12036	17137630080419	private_dummy
3754	5781	459733537	real
3754	12037	17137630080419	private_dummy
3755	5781	285552758	real
3755	12038	17137630080419	private_dummy
3756	5655	798782256	real
3756	12039	17137630080419	private_dummy
3757	5689	382913971	real
3757	5702	382913971	real
3757	12040	17137630080419	private_dummy
3758	5736	796689494	real
3758	12041	17137630080419	private_dummy
3759	5783	612888999	real
3759	12042	17137630080419	private_dummy
3760	5783	382918462	real
3760	12043	17137630080419	private_dummy
3761	5654	670359104	real
3761	12044	17137630080419	private_dummy
3762	5666	381059179	real
3762	5673	381059179	real
3762	12045	17137630080419	private_dummy
3763	5686	339803765	real
3763	5699	339803765	real
3763	12046	17137630080419	private_dummy
3764	5708	670359104	real
3764	5715	727471858	real
3764	12047	17137630080419	private_dummy
3765	5723	496019047	real
3765	5724	553131802	real
3765	12048	17137630080419	private_dummy
3766	5785	512253907	real
3766	12049	17137630080419	private_dummy
3767	5785	382918462	real
3767	12050	17137630080419	private_dummy
3768	5657	670359104	real
3768	12051	17137630080419	private_dummy
3769	5668	577692575	real
3769	12052	17137630080419	private_dummy
3770	5692	625354492	real
3770	12053	17137630080419	private_dummy
3771	5724	553131802	real
3771	12054	17137630080419	private_dummy
3772	5787	851521952	real
3772	12055	17137630080419	private_dummy
3773	5787	597775802	real
3773	12056	17137630080419	private_dummy
3774	5656	1052445090	real
3774	12057	17137630080419	private_dummy
3775	5667	726099236	real
3775	12058	17137630080419	private_dummy
3776	5691	625354492	real
3776	12059	17137630080419	private_dummy
3777	5712	727471858	real
3777	5719	727471858	real
3777	12060	17137630080419	private_dummy
3778	5723	1109557844	real
3778	12061	17137630080419	private_dummy
3779	5789	851521952	real
3779	12062	17137630080419	private_dummy
3780	5789	700851062	real
3780	12063	17137630080419	private_dummy
3781	5750	1105898485	real
3781	5768	970117258	real
3781	12064	17137630080419	private_dummy
3782	5772	934563483	real
3782	12065	17137630080419	private_dummy
3783	5774	934563483	real
3783	12066	17137630080419	private_dummy
3784	5750	1208973745	real
3784	5770	1073192518	real
3784	12067	17137630080419	private_dummy
3785	5772	1013231956	real
3785	12068	17137630080419	private_dummy
3786	5774	934563483	real
3786	12069	17137630080419	private_dummy
3787	5776	568238941	real
3787	12070	17137630080419	private_dummy
3788	5778	424173877	real
3788	12071	17137630080419	private_dummy
3789	5776	568238941	real
3789	12072	17137630080419	private_dummy
3790	5778	424173877	real
3790	12073	17137630080419	private_dummy
3791	5780	356658278	real
3791	12074	17137630080419	private_dummy
3792	5782	343855464	real
3792	12075	17137630080419	private_dummy
3793	5780	356658278	real
3793	12076	17137630080419	private_dummy
3794	5782	343855464	real
3794	12077	17137630080419	private_dummy
3795	5784	382918462	real
3795	12078	17137630080419	private_dummy
3796	5786	483553555	real
3796	12079	17137630080419	private_dummy
3797	5784	382918462	real
3797	12080	17137630080419	private_dummy
3798	5786	483553555	real
3798	12081	17137630080419	private_dummy
3799	5788	713473802	real
3799	12082	17137630080419	private_dummy
3800	5790	770586556	real
3800	12083	17137630080419	private_dummy
3801	5788	713473802	real
3801	12084	17137630080419	private_dummy
3802	5790	770586556	real
3802	12085	17137630080419	private_dummy
3803	5751	322299745	real
3803	12086	17137630080419	private_dummy
3804	5751	460928780	real
3804	12087	17137630080419	private_dummy
3805	5748	633453734	real
3805	5749	361899033	real
3805	12088	17137630080419	private_dummy
3806	5748	633453734	real
3806	5749	476121280	real
3806	12089	17137630080419	private_dummy
3807	680	1127244833	real
3807	681	1127244833	real
3807	12090	17137630080419	private_dummy
3808	4082	1268658209	real
3808	4084	1347326682	real
3808	12091	17137630080419	private_dummy
3809	4080	1124216952	real
3809	12092	17137630080419	private_dummy
3810	4078	796682206	real
3810	12093	17137630080419	private_dummy
3811	4076	573948669	real
3811	12094	17137630080419	private_dummy
3812	4074	482026282	real
3812	12095	17137630080419	private_dummy
3813	4072	454030968	real
3813	12096	17137630080419	private_dummy
3814	4070	482026282	real
3814	12097	17137630080419	private_dummy
3815	4068	573948669	real
3815	12098	17137630080419	private_dummy
3816	285	1184357587	real
3816	286	1127244833	real
3816	327	1127244833	real
3816	12099	17137630080419	private_dummy
3817	1368	1127244833	real
3817	1369	1127244833	real
3817	12100	17137630080419	private_dummy
3818	4637	1268658209	real
3818	4639	1347326682	real
3818	12101	17137630080419	private_dummy
3819	4635	1009994705	real
3819	12102	17137630080419	private_dummy
3820	4633	639349752	real
3820	12103	17137630080419	private_dummy
3821	4631	416616215	real
3821	12104	17137630080419	private_dummy
3822	4629	324693828	real
3822	12105	17137630080419	private_dummy
3823	4627	296698515	real
3823	12106	17137630080419	private_dummy
3824	4625	324693828	real
3824	12107	17137630080419	private_dummy
3825	4623	416616215	real
3825	12108	17137630080419	private_dummy
3826	1010	1184357587	real
3826	1011	1127244833	real
3826	1052	1127244833	real
3826	12109	17137630080419	private_dummy
3827	5158	1536494450	real
3827	5160	1593607205	real
3827	12110	17137630080419	private_dummy
3828	5156	1124216952	real
3828	12111	17137630080419	private_dummy
3829	5154	639349752	real
3829	12112	17137630080419	private_dummy
3830	5152	416616215	real
3830	12113	17137630080419	private_dummy
3831	5150	324693828	real
3831	12114	17137630080419	private_dummy
3832	5148	296698515	real
3832	12115	17137630080419	private_dummy
3833	5146	324693828	real
3833	12116	17137630080419	private_dummy
3834	5144	416616215	real
3834	12117	17137630080419	private_dummy
3835	1607	1184357587	real
3835	1608	1127244833	real
3835	1648	1127244833	real
3835	1649	1127244833	real
3835	12118	17137630080419	private_dummy
3836	5645	1536494450	real
3836	5647	1672275677	real
3836	12119	17137630080419	private_dummy
3837	5643	1347326682	real
3837	12120	17137630080419	private_dummy
3838	5641	875350678	real
3838	12121	17137630080419	private_dummy
3839	5639	652617141	real
3839	12122	17137630080419	private_dummy
3840	5637	560694755	real
3840	12123	17137630080419	private_dummy
3841	5635	532699441	real
3841	12124	17137630080419	private_dummy
3842	5633	560694755	real
3842	12125	17137630080419	private_dummy
3843	5631	652617141	real
3843	12126	17137630080419	private_dummy
3844	2088	1184357587	real
3844	2089	1127244833	real
3844	2127	1127244833	real
3844	2128	1127244833	real
3844	12127	17137630080419	private_dummy
3845	291	1869695623	real
3845	292	1869695623	real
3845	684	1869695623	real
3845	12128	17137630080419	private_dummy
3846	1016	1536494450	real
3846	1017	1593607205	real
3846	1372	1536494450	real
3846	12129	17137630080419	private_dummy
3847	1613	1347326682	real
3847	1614	1404439436	real
3847	1937	1347326682	real
3847	12130	17137630080419	private_dummy
3848	2567	1103469220	real
3848	2568	1160581975	real
3848	2569	1103469220	real
3848	12131	17137630080419	private_dummy
3849	2571	1127244833	real
3849	2572	1184357587	real
3849	2573	1127244833	real
3849	12132	17137630080419	private_dummy
3850	2577	1280892846	real
3850	2578	1338005600	real
3850	12133	17137630080419	private_dummy
3851	5792	1536494450	real
3851	12134	17137630080419	private_dummy
3852	5794	1347326682	real
3852	12135	17137630080419	private_dummy
3853	5670	1227292212	real
3853	12136	17137630080419	private_dummy
3854	5796	713772147	real
3854	12137	17137630080419	private_dummy
3855	5798	507627513	real
3855	12138	17137630080419	private_dummy
3856	5682	436521993	real
3856	12139	17137630080419	private_dummy
3857	5800	436521993	real
3857	12140	17137630080419	private_dummy
3858	5688	507627513	real
3858	12141	17137630080419	private_dummy
3859	289	1869695623	real
3859	290	1869695623	real
3859	12142	17137630080419	private_dummy
3860	1014	1593607205	real
3860	1015	1593607205	real
3860	12143	17137630080419	private_dummy
3861	1611	1404439436	real
3861	1612	1404439436	real
3861	12144	17137630080419	private_dummy
3862	2092	1284404966	real
3862	2093	1284404966	real
3862	2367	1227292212	real
3862	2368	1227292212	real
3862	12145	17137630080419	private_dummy
3863	2534	1160581975	real
3863	2535	1160581975	real
3863	12146	17137630080419	private_dummy
3864	2538	1184357587	real
3864	2539	1184357587	real
3864	12147	17137630080419	private_dummy
3865	2542	1241675220	real
3865	2543	1241675220	real
3865	2545	1184562466	real
3865	2546	1184562466	real
3865	12148	17137630080419	private_dummy
3866	2548	1338005600	real
3866	2549	1338005600	real
3866	12149	17137630080419	private_dummy
3867	2552	1487160959	real
3867	2553	1487160959	real
3867	2555	1430048205	real
3867	2556	1430048205	real
3867	12150	17137630080419	private_dummy
3868	2558	1759226661	real
3868	2559	1759226661	real
3868	2561	1702113907	real
3868	2562	1702113907	real
3868	12151	17137630080419	private_dummy
3869	2500	1127244833	real
3869	2502	1184357587	real
3869	2564	1127244833	real
3869	2565	1127244833	real
3869	12152	17137630080419	private_dummy
3870	297	1869695623	real
3870	298	1869695623	real
3870	687	1869695623	real
3870	12153	17137630080419	private_dummy
3871	1022	1536494450	real
3871	1023	1593607205	real
3871	1375	1536494450	real
3871	12154	17137630080419	private_dummy
3872	1619	1347326682	real
3872	1620	1404439436	real
3872	1940	1347326682	real
3872	12155	17137630080419	private_dummy
3873	2099	1227292212	real
3873	2100	1284404966	real
3873	12156	17137630080419	private_dummy
3874	2617	1127244833	real
3874	2618	1184357587	real
3874	2619	1127244833	real
3874	12157	17137630080419	private_dummy
3875	2621	1184562466	real
3875	2622	1241675220	real
3875	12158	17137630080419	private_dummy
3876	5802	1536494450	real
3876	12159	17137630080419	private_dummy
3877	5804	1347326682	real
3877	12160	17137630080419	private_dummy
3878	5806	1227292212	real
3878	12161	17137630080419	private_dummy
3879	5677	857837211	real
3879	12162	17137630080419	private_dummy
3880	5808	507627513	real
3880	12163	17137630080419	private_dummy
3881	5810	322299745	real
3881	12164	17137630080419	private_dummy
3882	5698	279189539	real
3882	12165	17137630080419	private_dummy
3883	5701	322299745	real
3883	12166	17137630080419	private_dummy
3884	294	1869695623	real
3884	295	1869695623	real
3884	12167	17137630080419	private_dummy
3885	1019	1593607205	real
3885	1020	1593607205	real
3885	12168	17137630080419	private_dummy
3886	1616	1404439436	real
3886	1617	1404439436	real
3886	12169	17137630080419	private_dummy
3887	2096	1284404966	real
3887	2097	1284404966	real
3887	2371	1227292212	real
3887	12170	17137630080419	private_dummy
3888	2534	1168458172	real
3888	2536	1168458172	real
3888	2567	1111345418	real
3888	12171	17137630080419	private_dummy
3889	2588	1184357587	real
3889	2589	1184357587	real
3889	12172	17137630080419	private_dummy
3890	2592	1241675220	real
3890	2593	1241675220	real
3890	2595	1184562466	real
3890	12173	17137630080419	private_dummy
3891	2597	1338005600	real
3891	2598	1338005600	real
3891	2600	1280892846	real
3891	12174	17137630080419	private_dummy
3892	2602	1487160959	real
3892	2603	1487160959	real
3892	2605	1430048205	real
3892	2606	1430048205	real
3892	12175	17137630080419	private_dummy
3893	2608	1759226661	real
3893	2609	1759226661	real
3893	2611	1702113907	real
3893	2612	1702113907	real
3893	12176	17137630080419	private_dummy
3894	2504	1127244833	real
3894	2506	1184357587	real
3894	2614	1127244833	real
3894	2615	1127244833	real
3894	12177	17137630080419	private_dummy
3895	303	1869695623	real
3895	304	1869695623	real
3895	689	1869695623	real
3895	12178	17137630080419	private_dummy
3896	1028	1536494450	real
3896	1029	1593607205	real
3896	1377	1536494450	real
3896	12179	17137630080419	private_dummy
3897	1625	1347326682	real
3897	1626	1404439436	real
3897	1942	1347326682	real
3897	12180	17137630080419	private_dummy
3898	2105	1227292212	real
3898	2106	1284404966	real
3898	12181	17137630080419	private_dummy
3899	2659	1184562466	real
3899	2660	1241675220	real
3899	12182	17137630080419	private_dummy
3900	5812	1536494450	real
3900	12183	17137630080419	private_dummy
3901	5814	1347326682	real
3901	12184	17137630080419	private_dummy
3902	5816	1227292212	real
3902	12185	17137630080419	private_dummy
3903	5679	857837211	real
3903	12186	17137630080419	private_dummy
3904	5694	635103674	real
3904	12187	17137630080419	private_dummy
3905	5818	460928780	real
3905	12188	17137630080419	private_dummy
3906	5707	303596327	real
3906	12189	17137630080419	private_dummy
3907	5710	303596327	real
3907	12190	17137630080419	private_dummy
3908	300	1869695623	real
3908	301	1869695623	real
3908	12191	17137630080419	private_dummy
3909	1025	1593607205	real
3909	1026	1593607205	real
3909	12192	17137630080419	private_dummy
3910	1622	1404439436	real
3910	1623	1404439436	real
3910	12193	17137630080419	private_dummy
3911	2102	1284404966	real
3911	2103	1284404966	real
3911	2374	1227292212	real
3911	12194	17137630080419	private_dummy
3912	2538	1168458172	real
3912	2540	1168458172	real
3912	2571	1111345418	real
3912	12195	17137630080419	private_dummy
3913	2588	1160581975	real
3913	2590	1160581975	real
3913	2617	1103469220	real
3913	12196	17137630080419	private_dummy
3914	2634	1241675220	real
3914	2635	1241675220	real
3914	2637	1184562466	real
3914	12197	17137630080419	private_dummy
3915	2639	1338005600	real
3915	2640	1338005600	real
3915	2642	1280892846	real
3915	12198	17137630080419	private_dummy
3916	2644	1487160959	real
3916	2645	1487160959	real
3916	2647	1430048205	real
3916	2648	1430048205	real
3916	12199	17137630080419	private_dummy
3917	2650	1759226661	real
3917	2651	1759226661	real
3917	2653	1702113907	real
3917	2654	1702113907	real
3917	12200	17137630080419	private_dummy
3918	2508	1127244833	real
3918	2510	1184357587	real
3918	2656	1127244833	real
3918	2657	1127244833	real
3918	12201	17137630080419	private_dummy
3919	308	1869695623	real
3919	309	1869695623	real
3919	692	1869695623	real
3919	12202	17137630080419	private_dummy
3920	1033	1536494450	real
3920	1034	1593607205	real
3920	1380	1536494450	real
3920	12203	17137630080419	private_dummy
3921	1630	1347326682	real
3921	1631	1404439436	real
3921	1945	1347326682	real
3921	12204	17137630080419	private_dummy
3922	2545	1111345418	real
3922	2547	1168458172	real
3922	2576	1111345418	real
3922	12205	17137630080419	private_dummy
3923	2515	1127244833	real
3923	2516	1127244833	real
3923	2695	1127244833	real
3923	12206	17137630080419	private_dummy
3924	5820	1536494450	real
3924	12207	17137630080419	private_dummy
3925	5822	1347326682	real
3925	12208	17137630080419	private_dummy
3926	5672	1227292212	real
3926	12209	17137630080419	private_dummy
3927	5824	857837211	real
3927	12210	17137630080419	private_dummy
3928	5696	635103674	real
3928	12211	17137630080419	private_dummy
3929	5705	543181287	real
3929	12212	17137630080419	private_dummy
3930	5714	476121280	real
3930	12213	17137630080419	private_dummy
3931	5717	361899033	real
3931	12214	17137630080419	private_dummy
3932	306	1869695623	real
3932	307	1869695623	real
3932	12215	17137630080419	private_dummy
3933	1031	1593607205	real
3933	1032	1593607205	real
3933	12216	17137630080419	private_dummy
3934	1628	1404439436	real
3934	1629	1404439436	real
3934	12217	17137630080419	private_dummy
3935	2108	1284404966	real
3935	2109	1284404966	real
3935	2376	1227292212	real
3935	2377	1227292212	real
3935	12218	17137630080419	private_dummy
3936	2542	1168458172	real
3936	2544	1168458172	real
3936	12219	17137630080419	private_dummy
3937	2592	1160581975	real
3937	2594	1160581975	real
3937	2621	1103469220	real
3937	12220	17137630080419	private_dummy
3938	2634	1184357587	real
3938	2636	1184357587	real
3938	2659	1127244833	real
3938	2661	1127244833	real
3938	12221	17137630080419	private_dummy
3939	2673	1338005600	real
3939	2674	1338005600	real
3939	2676	1280892846	real
3939	12222	17137630080419	private_dummy
3940	2678	1487160959	real
3940	2679	1487160959	real
3940	2681	1430048205	real
3940	2682	1430048205	real
3940	12223	17137630080419	private_dummy
3941	2684	1759226661	real
3941	2685	1759226661	real
3941	2687	1702113907	real
3941	2688	1702113907	real
3941	12224	17137630080419	private_dummy
3942	2512	1127244833	real
3942	2514	1184357587	real
3942	2690	1127244833	real
3942	12225	17137630080419	private_dummy
3943	314	1869695623	real
3943	315	1869695623	real
3943	694	1869695623	real
3943	12226	17137630080419	private_dummy
3944	1039	1536494450	real
3944	1040	1593607205	real
3944	1382	1536494450	real
3944	12227	17137630080419	private_dummy
3945	2115	1227292212	real
3945	2116	1284404966	real
3945	12228	17137630080419	private_dummy
3946	2600	1103469220	real
3946	2601	1160581975	real
3946	2625	1103469220	real
3946	12229	17137630080419	private_dummy
3947	2642	1127244833	real
3947	2643	1184357587	real
3947	12230	17137630080419	private_dummy
3948	2676	1184562466	real
3948	2677	1241675220	real
3948	12231	17137630080419	private_dummy
3949	5826	1536494450	real
3949	12232	17137630080419	private_dummy
3950	5665	1347326682	real
3950	12233	17137630080419	private_dummy
3951	5828	1227292212	real
3951	12234	17137630080419	private_dummy
3952	5685	857837211	real
3952	12235	17137630080419	private_dummy
3953	5830	635103674	real
3953	12236	17137630080419	private_dummy
3954	5832	543181287	real
3954	12237	17137630080419	private_dummy
3955	5834	515185974	real
3955	12238	17137630080419	private_dummy
3956	5721	558294485	real
3956	12239	17137630080419	private_dummy
3957	311	1869695623	real
3957	312	1869695623	real
3957	12240	17137630080419	private_dummy
3958	1036	1593607205	real
3958	1037	1593607205	real
3958	12241	17137630080419	private_dummy
3959	1633	1404439436	real
3959	1634	1404439436	real
3959	1947	1347326682	real
3959	12242	17137630080419	private_dummy
3960	2112	1284404966	real
3960	2113	1284404966	real
3960	2380	1227292212	real
3960	12243	17137630080419	private_dummy
3961	2548	1168458172	real
3961	2550	1168458172	real
3961	2577	1111345418	real
3961	12244	17137630080419	private_dummy
3962	2597	1160581975	real
3962	2599	1160581975	real
3962	12245	17137630080419	private_dummy
3963	2639	1184357587	real
3963	2641	1184357587	real
3963	2663	1127244833	real
3963	12246	17137630080419	private_dummy
3964	2673	1241675220	real
3964	2675	1241675220	real
3964	12247	17137630080419	private_dummy
3965	2699	1487160959	real
3965	2700	1487160959	real
3965	2702	1430048205	real
3965	2703	1430048205	real
3965	12248	17137630080419	private_dummy
3966	2705	1759226661	real
3966	2706	1759226661	real
3966	2708	1702113907	real
3966	2709	1702113907	real
3966	12249	17137630080419	private_dummy
3967	2517	1127244833	real
3967	2519	1184357587	real
3967	2711	1127244833	real
3967	2712	1127244833	real
3967	12250	17137630080419	private_dummy
3968	319	1869695623	real
3968	320	1869695623	real
3968	696	1869695623	real
3968	12251	17137630080419	private_dummy
3969	1044	1536494450	real
3969	1045	1593607205	real
3969	1384	1536494450	real
3969	12252	17137630080419	private_dummy
3970	1640	1347326682	real
3970	1641	1404439436	real
3970	1950	1347326682	real
3970	12253	17137630080419	private_dummy
3971	2555	1111345418	real
3971	2557	1168458172	real
3971	2581	1111345418	real
3971	12254	17137630080419	private_dummy
3972	2605	1103469220	real
3972	2607	1160581975	real
3972	2627	1103469220	real
3972	12255	17137630080419	private_dummy
3973	2647	1127244833	real
3973	2649	1184357587	real
3973	12256	17137630080419	private_dummy
3974	2681	1184562466	real
3974	2683	1241675220	real
3974	12257	17137630080419	private_dummy
3975	2702	1280892846	real
3975	2704	1338005600	real
3975	12258	17137630080419	private_dummy
3976	5836	1536494450	real
3976	12259	17137630080419	private_dummy
3977	5838	1347326682	real
3977	12260	17137630080419	private_dummy
3978	5675	1227292212	real
3978	12261	17137630080419	private_dummy
3979	5840	857837211	real
3979	12262	17137630080419	private_dummy
3980	5842	635103674	real
3980	12263	17137630080419	private_dummy
3981	5844	543181287	real
3981	12264	17137630080419	private_dummy
3982	5846	515185974	real
3982	12265	17137630080419	private_dummy
3983	5848	543181287	real
3983	12266	17137630080419	private_dummy
3984	317	1869695623	real
3984	318	1869695623	real
3984	12267	17137630080419	private_dummy
3985	1042	1593607205	real
3985	1043	1593607205	real
3985	12268	17137630080419	private_dummy
3986	1638	1404439436	real
3986	1639	1404439436	real
3986	12269	17137630080419	private_dummy
3987	2118	1284404966	real
3987	2119	1284404966	real
3987	2382	1227292212	real
3987	2383	1227292212	real
3987	12270	17137630080419	private_dummy
3988	2552	1168458172	real
3988	2554	1168458172	real
3988	12271	17137630080419	private_dummy
3989	2602	1160581975	real
3989	2604	1160581975	real
3989	12272	17137630080419	private_dummy
3990	2644	1184357587	real
3990	2646	1184357587	real
3990	2665	1127244833	real
3990	12273	17137630080419	private_dummy
3991	2678	1241675220	real
3991	2680	1241675220	real
3991	12274	17137630080419	private_dummy
3992	2699	1338005600	real
3992	2701	1338005600	real
3992	2715	1280892846	real
3992	12275	17137630080419	private_dummy
3993	2723	1759226661	real
3993	2724	1759226661	real
3993	2726	1702113907	real
3993	2727	1702113907	real
3993	12276	17137630080419	private_dummy
3994	2521	1127244833	real
3994	2523	1205913306	real
3994	2729	1127244833	real
3994	2730	1127244833	real
3994	12277	17137630080419	private_dummy
3995	325	1869695623	real
3995	326	1869695623	real
3995	698	1869695623	real
3995	12278	17137630080419	private_dummy
3996	1050	1536494450	real
3996	1051	1593607205	real
3996	1386	1536494450	real
3996	12279	17137630080419	private_dummy
3997	1646	1347326682	real
3997	1647	1404439436	real
3997	1952	1347326682	real
3997	12280	17137630080419	private_dummy
3998	2125	1227292212	real
3998	2126	1284404966	real
3998	12281	17137630080419	private_dummy
3999	2561	1111345418	real
3999	2563	1168458172	real
3999	2583	1111345418	real
3999	12282	17137630080419	private_dummy
4000	2611	1103469220	real
4000	2613	1160581975	real
4000	2629	1103469220	real
4000	12283	17137630080419	private_dummy
4001	2653	1127244833	real
4001	2655	1184357587	real
4001	12284	17137630080419	private_dummy
4002	2687	1184562466	real
4002	2689	1241675220	real
4002	12285	17137630080419	private_dummy
4003	2708	1280892846	real
4003	2710	1338005600	real
4003	12286	17137630080419	private_dummy
4004	2726	1430048205	real
4004	2728	1487160959	real
4004	12287	17137630080419	private_dummy
4005	5850	1536494450	real
4005	12288	17137630080419	private_dummy
4006	5852	1347326682	real
4006	12289	17137630080419	private_dummy
4007	5854	1227292212	real
4007	12290	17137630080419	private_dummy
4008	5856	857837211	real
4008	12291	17137630080419	private_dummy
4009	5858	635103674	real
4009	12292	17137630080419	private_dummy
4010	5860	543181287	real
4010	12293	17137630080419	private_dummy
4011	5862	515185974	real
4011	12294	17137630080419	private_dummy
4012	5864	543181287	real
4012	12295	17137630080419	private_dummy
4013	322	1869695623	real
4013	323	1869695623	real
4013	12296	17137630080419	private_dummy
4014	1047	1593607205	real
4014	1048	1593607205	real
4014	12297	17137630080419	private_dummy
4015	1643	1404439436	real
4015	1644	1404439436	real
4015	12298	17137630080419	private_dummy
4016	2122	1284404966	real
4016	2123	1284404966	real
4016	2385	1227292212	real
4016	12299	17137630080419	private_dummy
4017	2558	1168458172	real
4017	2560	1168458172	real
4017	12300	17137630080419	private_dummy
4018	2608	1160581975	real
4018	2610	1160581975	real
4018	12301	17137630080419	private_dummy
4019	2650	1184357587	real
4019	2652	1184357587	real
4019	2667	1127244833	real
4019	12302	17137630080419	private_dummy
4020	2684	1241675220	real
4020	2686	1241675220	real
4020	12303	17137630080419	private_dummy
4021	2705	1338005600	real
4021	2707	1338005600	real
4021	2717	1280892846	real
4021	12304	17137630080419	private_dummy
4022	2723	1487160959	real
4022	2725	1487160959	real
4022	2733	1430048205	real
4022	12305	17137630080419	private_dummy
4023	2526	1127244833	real
4023	2528	1127244833	real
4023	2739	1127244833	real
4023	2740	1127244833	real
4023	12306	17137630080419	private_dummy
4024	1649	1347326682	real
4024	1650	1404439436	real
4024	12307	17137630080419	private_dummy
4025	2128	1227292212	real
4025	2129	1284404966	real
4025	2386	1227292212	real
4025	12308	17137630080419	private_dummy
4026	2564	1111345418	real
4026	2566	1168458172	real
4026	12309	17137630080419	private_dummy
4027	2614	1103469220	real
4027	2616	1160581975	real
4027	12310	17137630080419	private_dummy
4028	2656	1127244833	real
4028	2658	1184357587	real
4028	2669	1127244833	real
4028	12311	17137630080419	private_dummy
4029	2711	1280892846	real
4029	2713	1338005600	real
4029	2719	1280892846	real
4029	12312	17137630080419	private_dummy
4030	2729	1430048205	real
4030	2731	1487160959	real
4030	2735	1430048205	real
4030	12313	17137630080419	private_dummy
4031	2739	1702113907	real
4031	2741	1759226661	real
4031	2743	1702113907	real
4031	12314	17137630080419	private_dummy
4032	286	1869695623	real
4032	287	1869695623	real
4032	681	1869695623	real
4032	12315	17137630080419	private_dummy
4033	1011	1536494450	real
4033	1012	1536494450	real
4033	1369	1536494450	real
4033	12316	17137630080419	private_dummy
4034	1608	1347326682	real
4034	1609	1347326682	real
4034	12317	17137630080419	private_dummy
4035	2089	1227292212	real
4035	2090	1227292212	real
4035	2365	1227292212	real
4035	12318	17137630080419	private_dummy
4036	2500	1111345418	real
4036	2501	1111345418	real
4036	12319	17137630080419	private_dummy
4037	2504	1103469220	real
4037	2505	1103469220	real
4037	12320	17137630080419	private_dummy
4038	2508	1127244833	real
4038	2509	1127244833	real
4038	12321	17137630080419	private_dummy
4039	2512	1184562466	real
4039	2513	1184562466	real
4039	2515	1184562466	real
4039	12322	17137630080419	private_dummy
4040	2517	1280892846	real
4040	2518	1280892846	real
4040	12323	17137630080419	private_dummy
4041	2521	1430048205	real
4041	2522	1430048205	real
4041	2524	1430048205	real
4041	12324	17137630080419	private_dummy
4042	2526	1702113907	real
4042	2527	1702113907	real
4042	2529	1702113907	real
4042	12325	17137630080419	private_dummy
4043	5762	934563483	real
4043	12326	17137630080419	private_dummy
4044	5762	934563483	real
4044	12327	17137630080419	private_dummy
4045	5763	934563483	real
4045	12328	17137630080419	private_dummy
4046	5763	934563483	real
4046	12329	17137630080419	private_dummy
4047	5764	577990920	real
4047	12330	17137630080419	private_dummy
4048	5764	635103674	real
4048	12331	17137630080419	private_dummy
4049	5765	403816026	real
4049	12332	17137630080419	private_dummy
4050	5765	460928780	real
4050	12333	17137630080419	private_dummy
4051	5766	501181730	real
4051	12334	17137630080419	private_dummy
4052	5766	558294485	real
4052	12335	17137630080419	private_dummy
4053	5767	716039070	real
4053	12336	17137630080419	private_dummy
4054	5767	716039070	real
4054	12337	17137630080419	private_dummy
4055	2846	1430048205	real
4055	12338	17137630080419	private_dummy
4056	2838	1280892846	real
4056	12339	17137630080419	private_dummy
4057	2825	1184562466	real
4057	12340	17137630080419	private_dummy
4058	2806	1127244833	real
4058	12341	17137630080419	private_dummy
4059	2149	1227292212	real
4059	12342	17137630080419	private_dummy
4060	2836	1280892846	real
4060	12343	17137630080419	private_dummy
4061	2822	1184562466	real
4061	12344	17137630080419	private_dummy
4062	2804	1127244833	real
4062	12345	17137630080419	private_dummy
4063	2147	1227292212	real
4063	12346	17137630080419	private_dummy
4064	2819	1184562466	real
4064	12347	17137630080419	private_dummy
4065	2802	1127244833	real
4065	12348	17137630080419	private_dummy
4066	2144	1227292212	real
4066	12349	17137630080419	private_dummy
4067	2520	1151478732	real
4067	12350	17137630080419	private_dummy
4068	2808	1184562466	real
4068	12351	17137630080419	private_dummy
4069	2516	1151478732	real
4069	12352	17137630080419	private_dummy
4070	2138	1227292212	real
4070	12353	17137630080419	private_dummy
4071	2511	1151478732	real
4071	12354	17137630080419	private_dummy
4072	2507	1151478732	real
4072	12355	17137630080419	private_dummy
4073	2503	1151478732	real
4073	12356	17137630080419	private_dummy
4074	1934	1151478732	real
4074	12357	17137630080419	private_dummy
4075	1368	1151478732	real
4075	12358	17137630080419	private_dummy
4076	680	1151478732	real
4076	12359	17137630080419	private_dummy
4077	5917	757626495	real
4077	12360	17137630080419	private_dummy
4078	5915	527988788	real
4078	12361	17137630080419	private_dummy
4079	5920	891702124	real
4079	12362	17137630080419	private_dummy
4080	5920	884804312	real
4080	12363	17137630080419	private_dummy
4081	5905	208078729	real
4081	12364	17137630080419	private_dummy
4082	5911	499991779	real
4082	5912	499991779	real
4082	12365	17137630080419	private_dummy
4083	5901	92666530	real
4083	5902	263997040	real
4083	12366	17137630080419	private_dummy
4084	5903	459727652	real
4084	12367	17137630080419	private_dummy
4085	5927	263997040	real
4085	12368	17137630080419	private_dummy
4086	5902	263997040	real
4086	12369	17137630080419	private_dummy
4087	5909	657736364	real
4087	12370	17137630080419	private_dummy
4088	5929	303596327	real
4088	12371	17137630080419	private_dummy
4089	5901	619334782	real
4089	12372	17137630080419	private_dummy
4090	5907	229637708	real
4090	12373	17137630080419	private_dummy
4091	5931	1103469220	real
4091	12374	17137630080419	private_dummy
4092	5916	343855464	real
4092	12375	17137630080419	private_dummy
4093	5913	527988788	real
4093	5914	527988788	real
4093	12376	17137630080419	private_dummy
4094	5903	516840406	real
4094	5905	516840406	real
4094	12377	17137630080419	private_dummy
4095	5907	275141997	real
4095	5909	370656334	real
4095	12378	17137630080419	private_dummy
4096	5934	713772147	real
4096	12379	17137630080419	private_dummy
4097	5922	852102836	real
4097	12380	17137630080419	private_dummy
4098	5922	830547118	real
4098	12381	17137630080419	private_dummy
4099	5920	891702124	real
4099	5921	482484499	real
4099	5926	325152045	real
4099	12382	17137630080419	private_dummy
4100	5930	560694755	real
4100	12383	17137630080419	private_dummy
4101	5932	285552758	real
4101	12384	17137630080419	private_dummy
4102	5920	907356308	real
4102	5921	734133422	real
4102	5928	576800968	real
4102	12385	17137630080419	private_dummy
4103	5930	757626495	real
4103	12386	17137630080419	private_dummy
4104	5932	285552758	real
4104	12387	17137630080419	private_dummy
4105	5919	402626074	real
4105	12388	17137630080419	private_dummy
4106	5933	304256177	real
4106	12389	17137630080419	private_dummy
4107	5935	402626074	real
4107	12390	17137630080419	private_dummy
4108	5919	402626074	real
4108	12391	17137630080419	private_dummy
4109	5933	304256177	real
4109	12392	17137630080419	private_dummy
4110	5935	402626074	real
4110	12393	17137630080419	private_dummy
4111	5918	402626074	real
4111	12394	17137630080419	private_dummy
4112	5918	929294326	real
4112	12395	17137630080419	private_dummy
4113	5876	199321332	real
4113	5877	199321332	real
4113	12396	17137630080419	private_dummy
4114	5904	543514117	real
4114	12397	17137630080419	private_dummy
4115	5900	826219067	real
4115	12398	17137630080419	private_dummy
4116	5900	596248529	real
4116	12399	17137630080419	private_dummy
4117	5866	798782256	real
4117	5867	855895011	real
4117	12400	17137630080419	private_dummy
4118	5868	597771310	real
4118	5869	597771310	real
4118	12401	17137630080419	private_dummy
4119	5870	405465967	real
4119	5871	405465967	real
4119	12402	17137630080419	private_dummy
4120	5872	895769196	real
4120	5873	895769196	real
4120	12403	17137630080419	private_dummy
4121	5874	685312258	real
4121	5875	685312258	real
4121	12404	17137630080419	private_dummy
4122	5943	733552537	real
4122	12405	17137630080419	private_dummy
4123	5943	503582000	real
4123	12406	17137630080419	private_dummy
4124	5867	855895011	real
4124	12407	17137630080419	private_dummy
4125	5885	459723160	real
4125	12408	17137630080419	private_dummy
4126	5906	349558832	real
4126	12409	17137630080419	private_dummy
4127	5945	733552537	real
4127	12410	17137630080419	private_dummy
4128	5945	503582000	real
4128	12411	17137630080419	private_dummy
4129	5866	1052445090	real
4129	12412	17137630080419	private_dummy
4130	5878	440438857	real
4130	5879	497551611	real
4130	12413	17137630080419	private_dummy
4131	5880	128215813	real
4131	5881	128215813	real
4131	12414	17137630080419	private_dummy
4132	5882	525124244	real
4132	12415	17137630080419	private_dummy
4133	5883	407325250	real
4133	5884	407325250	real
4133	12416	17137630080419	private_dummy
4134	5947	826219067	real
4134	12417	17137630080419	private_dummy
4135	5947	699323789	real
4135	12418	17137630080419	private_dummy
4136	5869	597771310	real
4136	12419	17137630080419	private_dummy
4137	5879	497551611	real
4137	12420	17137630080419	private_dummy
4138	5892	459723160	real
4138	5893	459723160	real
4138	12421	17137630080419	private_dummy
4139	5908	407325250	real
4139	12422	17137630080419	private_dummy
4140	5949	576220084	real
4140	12423	17137630080419	private_dummy
4141	5949	449324807	real
4141	12424	17137630080419	private_dummy
4142	5868	670359104	real
4142	12425	17137630080419	private_dummy
4143	5878	670359104	real
4143	12426	17137630080419	private_dummy
4144	5886	199321332	real
4144	5887	256434086	real
4144	12427	17137630080419	private_dummy
4145	5888	438906293	real
4145	5889	438906293	real
4145	12428	17137630080419	private_dummy
4146	5890	349558832	real
4146	5891	349558832	real
4146	12429	17137630080419	private_dummy
4147	5951	806140331	real
4147	12430	17137630080419	private_dummy
4148	5951	310695772	real
4148	12431	17137630080419	private_dummy
4149	5871	628199503	real
4149	5877	628199503	real
4149	12432	17137630080419	private_dummy
4150	5881	313543580	real
4150	12433	17137630080419	private_dummy
4151	5887	370656334	real
4151	12434	17137630080419	private_dummy
4152	5896	952881950	real
4152	12435	17137630080419	private_dummy
4153	5897	783211990	real
4153	12436	17137630080419	private_dummy
4154	5953	677762780	real
4154	12437	17137630080419	private_dummy
4155	5953	356658278	real
4155	12438	17137630080419	private_dummy
4156	5870	568241738	real
4156	5876	568241738	real
4156	12439	17137630080419	private_dummy
4157	5880	339803765	real
4157	12440	17137630080419	private_dummy
4158	5886	568241738	real
4158	12441	17137630080419	private_dummy
4159	5894	525124244	real
4159	12442	17137630080419	private_dummy
4160	5895	543514117	real
4160	12443	17137630080419	private_dummy
4161	5955	704022965	real
4161	12444	17137630080419	private_dummy
4162	5955	299545523	real
4162	12445	17137630080419	private_dummy
4163	5873	895769196	real
4163	12446	17137630080419	private_dummy
4164	5889	438906293	real
4164	5893	438906293	real
4164	12447	17137630080419	private_dummy
4165	5910	861880462	real
4165	12448	17137630080419	private_dummy
4166	5957	938155625	real
4166	12449	17137630080419	private_dummy
4167	5957	367061123	real
4167	12450	17137630080419	private_dummy
4168	5872	726099236	real
4168	12451	17137630080419	private_dummy
4169	5882	381059179	real
4169	5885	381059179	real
4169	12452	17137630080419	private_dummy
4170	5888	332246999	real
4170	5892	332246999	real
4170	12453	17137630080419	private_dummy
4171	5894	489570469	real
4171	5896	546683223	real
4171	12454	17137630080419	private_dummy
4172	5898	647430763	real
4172	5899	783211990	real
4172	12455	17137630080419	private_dummy
4173	5959	794090560	real
4173	12456	17137630080419	private_dummy
4174	5959	367061123	real
4174	12457	17137630080419	private_dummy
4175	5875	635103674	real
4175	12458	17137630080419	private_dummy
4176	5884	383454751	real
4176	12459	17137630080419	private_dummy
4177	5891	383454751	real
4177	12460	17137630080419	private_dummy
4178	5899	783211990	real
4178	12461	17137630080419	private_dummy
4179	5961	783886680	real
4179	12462	17137630080419	private_dummy
4180	5961	521547497	real
4180	12463	17137630080419	private_dummy
4181	5874	1109557844	real
4181	12464	17137630080419	private_dummy
4182	5883	727471858	real
4182	12465	17137630080419	private_dummy
4183	5890	625354492	real
4183	12466	17137630080419	private_dummy
4184	5895	546683223	real
4184	5897	546683223	real
4184	12467	17137630080419	private_dummy
4185	5898	1211545455	real
4185	12468	17137630080419	private_dummy
4186	5963	1060838489	real
4186	12469	17137630080419	private_dummy
4187	5963	521547497	real
4187	12470	17137630080419	private_dummy
4188	5924	482026282	real
4188	5942	482026282	real
4188	12471	17137630080419	private_dummy
4189	5946	553131802	real
4189	12472	17137630080419	private_dummy
4190	5948	367804034	real
4190	12473	17137630080419	private_dummy
4191	5924	585101542	real
4191	5944	585101542	real
4191	12474	17137630080419	private_dummy
4192	5946	631800274	real
4192	12475	17137630080419	private_dummy
4193	5948	367804034	real
4193	12476	17137630080419	private_dummy
4194	5950	324693828	real
4194	12477	17137630080419	private_dummy
4195	5952	367804034	real
4195	12478	17137630080419	private_dummy
4196	5950	324693828	real
4196	12479	17137630080419	private_dummy
4197	5952	367804034	real
4197	12480	17137630080419	private_dummy
4198	5954	553131802	real
4198	12481	17137630080419	private_dummy
4199	5956	405465967	real
4199	12482	17137630080419	private_dummy
4200	5954	553131802	real
4200	12483	17137630080419	private_dummy
4201	5956	405465967	real
4201	12484	17137630080419	private_dummy
4202	5958	345505405	real
4202	12485	17137630080419	private_dummy
4203	5960	405465967	real
4203	12486	17137630080419	private_dummy
4204	5958	345505405	real
4204	12487	17137630080419	private_dummy
4205	5960	405465967	real
4205	12488	17137630080419	private_dummy
4206	5962	516835914	real
4206	12489	17137630080419	private_dummy
4207	5964	558294485	real
4207	12490	17137630080419	private_dummy
4208	5962	516835914	real
4208	12491	17137630080419	private_dummy
4209	5964	558294485	real
4209	12492	17137630080419	private_dummy
4210	5925	277989805	real
4210	12493	17137630080419	private_dummy
4211	5925	370656334	real
4211	12494	17137630080419	private_dummy
4212	5922	830547118	real
4212	5923	613249611	real
4212	12495	17137630080419	private_dummy
4213	5922	830547118	real
4213	5923	691918083	real
4213	12496	17137630080419	private_dummy
4214	2529	1151478732	real
4214	2530	1151478732	real
4214	12497	17137630080419	private_dummy
4215	2845	1487160959	real
4215	2847	1430048205	real
4215	12498	17137630080419	private_dummy
4216	2837	1338005600	real
4216	2842	1280892846	real
4216	12499	17137630080419	private_dummy
4217	2823	1241675220	real
4217	2824	1184562466	real
4217	2832	1184562466	real
4217	12500	17137630080419	private_dummy
4218	2805	1184357587	real
4218	2813	1127244833	real
4218	12501	17137630080419	private_dummy
4219	2784	1160581975	real
4219	2785	1103469220	real
4219	2794	1103469220	real
4219	12502	17137630080419	private_dummy
4220	2760	1168458172	real
4220	2761	1111345418	real
4220	2770	1111345418	real
4220	12503	17137630080419	private_dummy
4221	2148	1284404966	real
4221	2394	1227292212	real
4221	12504	17137630080419	private_dummy
4222	1668	1404439436	real
4222	1669	1347326682	real
4222	1961	1347326682	real
4222	12505	17137630080419	private_dummy
4223	1070	1593607205	real
4223	1071	1536494450	real
4223	1396	1536494450	real
4223	12506	17137630080419	private_dummy
4224	344	1869695623	real
4224	345	1869695623	real
4224	709	1869695623	real
4224	12507	17137630080419	private_dummy
4225	2527	1151478732	real
4225	2528	1151478732	real
4225	12508	17137630080419	private_dummy
4226	5966	1109557844	real
4226	12509	17137630080419	private_dummy
4227	5968	934563483	real
4227	12510	17137630080419	private_dummy
4228	5970	830547118	real
4228	12511	17137630080419	private_dummy
4229	5972	773151825	real
4229	12512	17137630080419	private_dummy
4230	5974	754689937	real
4230	12513	17137630080419	private_dummy
4231	5976	600626871	real
4231	12514	17137630080419	private_dummy
4232	5978	546683223	real
4232	12515	17137630080419	private_dummy
4233	5980	546683223	real
4233	12516	17137630080419	private_dummy
4234	2847	1702113907	real
4234	2848	1702113907	real
4234	12517	17137630080419	private_dummy
4235	2524	1151478732	real
4235	2525	1151478732	real
4235	12518	17137630080419	private_dummy
4236	2845	1759226661	real
4236	12519	17137630080419	private_dummy
4237	2835	1338005600	real
4237	2840	1280892846	real
4237	12520	17137630080419	private_dummy
4238	2820	1241675220	real
4238	2821	1184562466	real
4238	2830	1184562466	real
4238	12521	17137630080419	private_dummy
4239	2803	1184357587	real
4239	2811	1127244833	real
4239	12522	17137630080419	private_dummy
4240	2782	1160581975	real
4240	2783	1103469220	real
4240	2792	1103469220	real
4240	12523	17137630080419	private_dummy
4241	2758	1168458172	real
4241	2759	1111345418	real
4241	2768	1111345418	real
4241	12524	17137630080419	private_dummy
4242	2146	1284404966	real
4242	2392	1227292212	real
4242	12525	17137630080419	private_dummy
4243	1666	1404439436	real
4243	1667	1347326682	real
4243	1959	1347326682	real
4243	12526	17137630080419	private_dummy
4244	1068	1593607205	real
4244	1069	1536494450	real
4244	1394	1536494450	real
4244	12527	17137630080419	private_dummy
4245	342	1869695623	real
4245	343	1869695623	real
4245	707	1869695623	real
4245	12528	17137630080419	private_dummy
4246	2522	1151478732	real
4246	2523	1230147205	real
4246	12529	17137630080419	private_dummy
4247	5983	1245339071	real
4247	12530	17137630080419	private_dummy
4248	5985	934563483	real
4248	12531	17137630080419	private_dummy
4249	5987	770586556	real
4249	12532	17137630080419	private_dummy
4250	5989	679295344	real
4250	12533	17137630080419	private_dummy
4251	5991	636962957	real
4251	12534	17137630080419	private_dummy
4252	5993	464438004	real
4252	12535	17137630080419	private_dummy
4253	5995	402618159	real
4253	12536	17137630080419	private_dummy
4254	5997	402618159	real
4254	12537	17137630080419	private_dummy
4255	2842	1702113907	real
4255	2843	1702113907	real
4255	12538	17137630080419	private_dummy
4256	2840	1430048205	real
4256	2841	1430048205	real
4256	12539	17137630080419	private_dummy
4257	1664	1347326682	real
4257	12540	17137630080419	private_dummy
4258	2837	1759226661	real
4258	12541	17137630080419	private_dummy
4259	2835	1487160959	real
4259	12542	17137630080419	private_dummy
4260	2816	1241675220	real
4260	2818	1184562466	real
4260	2828	1184562466	real
4260	12543	17137630080419	private_dummy
4261	2800	1184357587	real
4261	2809	1127244833	real
4261	12544	17137630080419	private_dummy
4262	2779	1160581975	real
4262	2781	1103469220	real
4262	2790	1103469220	real
4262	12545	17137630080419	private_dummy
4263	2755	1168458172	real
4263	2757	1111345418	real
4263	2766	1111345418	real
4263	12546	17137630080419	private_dummy
4264	2143	1284404966	real
4264	2390	1227292212	real
4264	12547	17137630080419	private_dummy
4265	1662	1404439436	real
4265	1663	1347326682	real
4265	12548	17137630080419	private_dummy
4266	1065	1593607205	real
4266	1066	1536494450	real
4266	1392	1536494450	real
4266	12549	17137630080419	private_dummy
4267	339	1869695623	real
4267	340	1869695623	real
4267	705	1869695623	real
4267	12550	17137630080419	private_dummy
4268	2518	1151478732	real
4268	2519	1208591486	real
4268	2839	1151478732	real
4268	12551	17137630080419	private_dummy
4269	6000	1430048205	real
4269	12552	17137630080419	private_dummy
4270	6002	1130305272	real
4270	12553	17137630080419	private_dummy
4271	6004	830547118	real
4271	12554	17137630080419	private_dummy
4272	6006	679295344	real
4272	12555	17137630080419	private_dummy
4273	6008	603067038	real
4273	12556	17137630080419	private_dummy
4274	6010	406671586	real
4274	12557	17137630080419	private_dummy
4275	6012	335102559	real
4275	12558	17137630080419	private_dummy
4276	6014	335102559	real
4276	12559	17137630080419	private_dummy
4277	2832	1702113907	real
4277	2833	1702113907	real
4277	12560	17137630080419	private_dummy
4278	2830	1430048205	real
4278	2831	1430048205	real
4278	12561	17137630080419	private_dummy
4279	2828	1280892846	real
4279	2829	1280892846	real
4279	12562	17137630080419	private_dummy
4280	2798	1127244833	real
4280	2799	1127244833	real
4280	12563	17137630080419	private_dummy
4281	2141	1227292212	real
4281	2142	1227292212	real
4281	12564	17137630080419	private_dummy
4282	1064	1536494450	real
4282	12565	17137630080419	private_dummy
4283	2823	1759226661	real
4283	12566	17137630080419	private_dummy
4284	2820	1487160959	real
4284	12567	17137630080419	private_dummy
4285	2816	1338005600	real
4285	2817	1280892846	real
4285	12568	17137630080419	private_dummy
4286	2797	1184357587	real
4286	12569	17137630080419	private_dummy
4287	2777	1160581975	real
4287	2778	1103469220	real
4287	2788	1103469220	real
4287	12570	17137630080419	private_dummy
4288	2753	1168458172	real
4288	2754	1111345418	real
4288	2764	1111345418	real
4288	12571	17137630080419	private_dummy
4289	2140	1284404966	real
4289	12572	17137630080419	private_dummy
4290	1660	1404439436	real
4290	1661	1347326682	real
4290	1956	1347326682	real
4290	12573	17137630080419	private_dummy
4291	1062	1593607205	real
4291	1063	1536494450	real
4291	12574	17137630080419	private_dummy
4292	337	1869695623	real
4292	338	1869695623	real
4292	703	1869695623	real
4292	12575	17137630080419	private_dummy
4293	2513	1151478732	real
4293	2514	1208591486	real
4293	2826	1151478732	real
4293	12576	17137630080419	private_dummy
4294	6017	1430048205	real
4294	12577	17137630080419	private_dummy
4295	6019	1280892846	real
4295	12578	17137630080419	private_dummy
4296	6021	1060184826	real
4296	12579	17137630080419	private_dummy
4297	6023	773151825	real
4297	12580	17137630080419	private_dummy
4298	6025	636962957	real
4298	12581	17137630080419	private_dummy
4299	6027	406671586	real
4299	12582	17137630080419	private_dummy
4300	6029	322299745	real
4300	12583	17137630080419	private_dummy
4301	6031	322299745	real
4301	12584	17137630080419	private_dummy
4302	2813	1702113907	real
4302	2814	1702113907	real
4302	12585	17137630080419	private_dummy
4303	2811	1430048205	real
4303	2812	1430048205	real
4303	12586	17137630080419	private_dummy
4304	2809	1280892846	real
4304	2810	1280892846	real
4304	12587	17137630080419	private_dummy
4305	2776	1103469220	real
4305	12588	17137630080419	private_dummy
4306	2752	1111345418	real
4306	12589	17137630080419	private_dummy
4307	1658	1347326682	real
4307	12590	17137630080419	private_dummy
4308	2805	1759226661	real
4308	12591	17137630080419	private_dummy
4309	2803	1487160959	real
4309	12592	17137630080419	private_dummy
4310	2800	1338005600	real
4310	2801	1280892846	real
4310	12593	17137630080419	private_dummy
4311	2797	1241675220	real
4311	2798	1184562466	real
4311	12594	17137630080419	private_dummy
4312	2773	1160581975	real
4312	2775	1103469220	real
4312	12595	17137630080419	private_dummy
4313	2749	1168458172	real
4313	2751	1111345418	real
4313	12596	17137630080419	private_dummy
4314	2137	1284404966	real
4314	2388	1227292212	real
4314	12597	17137630080419	private_dummy
4315	1656	1404439436	real
4315	1657	1347326682	real
4315	12598	17137630080419	private_dummy
4316	1059	1593607205	real
4316	1060	1536494450	real
4316	1390	1536494450	real
4316	12599	17137630080419	private_dummy
4317	334	1869695623	real
4317	335	1869695623	real
4317	702	1869695623	real
4317	12600	17137630080419	private_dummy
4318	2509	1151478732	real
4318	2510	1208591486	real
4318	2807	1151478732	real
4318	12601	17137630080419	private_dummy
4319	6034	1430048205	real
4319	12602	17137630080419	private_dummy
4320	6036	1280892846	real
4320	12603	17137630080419	private_dummy
4321	6038	1184562466	real
4321	12604	17137630080419	private_dummy
4322	6040	1026660031	real
4322	12605	17137630080419	private_dummy
4323	6042	754689937	real
4323	12606	17137630080419	private_dummy
4324	6044	464438004	real
4324	12607	17137630080419	private_dummy
4325	6046	361362744	real
4325	12608	17137630080419	private_dummy
4326	6048	361362744	real
4326	12609	17137630080419	private_dummy
4327	2794	1702113907	real
4327	2795	1702113907	real
4327	12610	17137630080419	private_dummy
4328	2792	1430048205	real
4328	2793	1430048205	real
4328	12611	17137630080419	private_dummy
4329	2790	1280892846	real
4329	2791	1280892846	real
4329	12612	17137630080419	private_dummy
4330	2788	1184562466	real
4330	2789	1184562466	real
4330	12613	17137630080419	private_dummy
4331	2748	1111345418	real
4331	12614	17137630080419	private_dummy
4332	2135	1227292212	real
4332	2136	1227292212	real
4332	12615	17137630080419	private_dummy
4333	2784	1759226661	real
4333	12616	17137630080419	private_dummy
4334	2782	1487160959	real
4334	12617	17137630080419	private_dummy
4335	2779	1338005600	real
4335	2780	1280892846	real
4335	12618	17137630080419	private_dummy
4336	2777	1241675220	real
4336	12619	17137630080419	private_dummy
4337	2773	1184357587	real
4337	2774	1127244833	real
4337	2776	1127244833	real
4337	12620	17137630080419	private_dummy
4338	2745	1168458172	real
4338	2747	1111345418	real
4338	12621	17137630080419	private_dummy
4339	2134	1284404966	real
4339	12622	17137630080419	private_dummy
4340	1654	1404439436	real
4340	1655	1347326682	real
4340	1954	1347326682	real
4340	12623	17137630080419	private_dummy
4341	1057	1593607205	real
4341	1058	1536494450	real
4341	1388	1536494450	real
4341	12624	17137630080419	private_dummy
4342	332	1869695623	real
4342	333	1869695623	real
4342	700	1869695623	real
4342	12625	17137630080419	private_dummy
4343	2505	1151478732	real
4343	2506	1208591486	real
4343	2786	1151478732	real
4343	12626	17137630080419	private_dummy
4344	6051	1430048205	real
4344	12627	17137630080419	private_dummy
4345	6053	1280892846	real
4345	12628	17137630080419	private_dummy
4346	6055	1184562466	real
4346	12629	17137630080419	private_dummy
4347	6057	1127244833	real
4347	12630	17137630080419	private_dummy
4348	6059	1026660031	real
4348	12631	17137630080419	private_dummy
4349	6061	600626871	real
4349	12632	17137630080419	private_dummy
4350	6063	461997836	real
4350	12633	17137630080419	private_dummy
4351	6065	461997836	real
4351	12634	17137630080419	private_dummy
4352	2770	1702113907	real
4352	2771	1702113907	real
4352	12635	17137630080419	private_dummy
4353	2768	1430048205	real
4353	2769	1430048205	real
4353	12636	17137630080419	private_dummy
4354	2766	1280892846	real
4354	2767	1280892846	real
4354	12637	17137630080419	private_dummy
4355	2764	1184562466	real
4355	2765	1184562466	real
4355	12638	17137630080419	private_dummy
4356	2132	1227292212	real
4356	2133	1227292212	real
4356	12639	17137630080419	private_dummy
4357	2760	1759226661	real
4357	12640	17137630080419	private_dummy
4358	2758	1487160959	real
4358	12641	17137630080419	private_dummy
4359	2755	1338005600	real
4359	2756	1280892846	real
4359	12642	17137630080419	private_dummy
4360	2753	1241675220	real
4360	12643	17137630080419	private_dummy
4361	2749	1184357587	real
4361	2750	1127244833	real
4361	2752	1127244833	real
4361	12644	17137630080419	private_dummy
4362	2745	1160581975	real
4362	2746	1103469220	real
4362	2748	1103469220	real
4362	12645	17137630080419	private_dummy
4363	2131	1284404966	real
4363	12646	17137630080419	private_dummy
4364	1652	1404439436	real
4364	1653	1347326682	real
4364	1953	1347326682	real
4364	12647	17137630080419	private_dummy
4365	1055	1593607205	real
4365	1056	1536494450	real
4365	1387	1536494450	real
4365	12648	17137630080419	private_dummy
4366	330	1869695623	real
4366	331	1869695623	real
4366	699	1869695623	real
4366	12649	17137630080419	private_dummy
4367	2501	1151478732	real
4367	2502	1208591486	real
4367	2762	1151478732	real
4367	12650	17137630080419	private_dummy
4368	6068	1430048205	real
4368	12651	17137630080419	private_dummy
4369	6070	1280892846	real
4369	12652	17137630080419	private_dummy
4370	6072	1184562466	real
4370	12653	17137630080419	private_dummy
4371	6074	1127244833	real
4371	12654	17137630080419	private_dummy
4372	6076	1103469220	real
4372	12655	17137630080419	private_dummy
4373	6078	1001882120	real
4373	12656	17137630080419	private_dummy
4374	6080	806140331	real
4374	12657	17137630080419	private_dummy
4375	6082	806140331	real
4375	12658	17137630080419	private_dummy
4376	2364	1151478732	real
4376	2365	1151478732	real
4376	12659	17137630080419	private_dummy
4377	2088	1208591486	real
4377	2090	1151478732	real
4377	12660	17137630080419	private_dummy
4378	5212	1644905545	real
4378	5336	1430048205	real
4378	12661	17137630080419	private_dummy
4379	5207	1280892846	real
4379	12662	17137630080419	private_dummy
4380	5334	1184562466	real
4380	12663	17137630080419	private_dummy
4381	5203	1127244833	real
4381	12664	17137630080419	private_dummy
4382	5201	1103469220	real
4382	12665	17137630080419	private_dummy
4383	5332	1111345418	real
4383	12666	17137630080419	private_dummy
4384	5330	954546992	real
4384	12667	17137630080419	private_dummy
4385	5328	818765765	real
4385	12668	17137630080419	private_dummy
4386	1607	1208591486	real
4386	1609	1151478732	real
4386	1670	1151478732	real
4386	12669	17137630080419	private_dummy
4387	4721	1644905545	real
4387	4849	1430048205	real
4387	12670	17137630080419	private_dummy
4388	4716	1280892846	real
4388	12671	17137630080419	private_dummy
4389	4847	1184562466	real
4389	12672	17137630080419	private_dummy
4390	4712	1127244833	real
4390	12673	17137630080419	private_dummy
4391	4710	1103469220	real
4391	12674	17137630080419	private_dummy
4392	4845	1111345418	real
4392	12675	17137630080419	private_dummy
4393	4843	978953779	real
4393	12676	17137630080419	private_dummy
4394	4841	761656271	real
4394	12677	17137630080419	private_dummy
4395	1010	1208591486	real
4395	1012	1151478732	real
4395	1072	1151478732	real
4395	12678	17137630080419	private_dummy
4396	4200	1644905545	real
4396	4328	1430048205	real
4396	12679	17137630080419	private_dummy
4397	4195	1280892846	real
4397	12680	17137630080419	private_dummy
4398	4326	1184562466	real
4398	12681	17137630080419	private_dummy
4399	4191	1127244833	real
4399	12682	17137630080419	private_dummy
4400	4189	1103469220	real
4400	12683	17137630080419	private_dummy
4401	4324	1111345418	real
4401	12684	17137630080419	private_dummy
4402	4322	978953779	real
4402	12685	17137630080419	private_dummy
4403	4320	840324744	real
4403	12686	17137630080419	private_dummy
4404	285	1208591486	real
4404	287	1151478732	real
4404	346	1151478732	real
4404	12687	17137630080419	private_dummy
4405	3645	1644905545	real
4405	3773	1430048205	real
4405	12688	17137630080419	private_dummy
4406	3640	1280892846	real
4406	12689	17137630080419	private_dummy
4407	3771	1184562466	real
4407	12690	17137630080419	private_dummy
4408	3636	1127244833	real
4408	12691	17137630080419	private_dummy
4409	3634	1103469220	real
4409	12692	17137630080419	private_dummy
4410	3769	1111345418	real
4410	12693	17137630080419	private_dummy
4411	3767	978953779	real
4411	12694	17137630080419	private_dummy
4412	3765	840324744	real
4412	12695	17137630080419	private_dummy
4413	2839	1280892846	real
4413	12696	17137630080419	private_dummy
4414	2826	1184562466	real
4414	2827	1184562466	real
4414	12697	17137630080419	private_dummy
4415	2807	1127244833	real
4415	12698	17137630080419	private_dummy
4416	2786	1103469220	real
4416	2787	1103469220	real
4416	12699	17137630080419	private_dummy
4417	2762	1111345418	real
4417	2763	1111345418	real
4417	12700	17137630080419	private_dummy
4418	1670	1347326682	real
4418	1671	1347326682	real
4418	12701	17137630080419	private_dummy
4419	1072	1536494450	real
4419	1073	1536494450	real
4419	12702	17137630080419	private_dummy
4420	346	1869695623	real
4420	347	1869695623	real
4420	12703	17137630080419	private_dummy
4421	5936	759276436	real
4421	12704	17137630080419	private_dummy
4422	5936	759276436	real
4422	12705	17137630080419	private_dummy
4423	5937	482026282	real
4423	12706	17137630080419	private_dummy
4424	5937	482026282	real
4424	12707	17137630080419	private_dummy
4425	5938	553131802	real
4425	12708	17137630080419	private_dummy
4426	5938	553131802	real
4426	12709	17137630080419	private_dummy
4427	5939	628199503	real
4427	12710	17137630080419	private_dummy
4428	5939	628199503	real
4428	12711	17137630080419	private_dummy
4429	5940	783211990	real
4429	12712	17137630080419	private_dummy
4430	5940	726099236	real
4430	12713	17137630080419	private_dummy
4431	5941	830547118	real
4431	12714	17137630080419	private_dummy
4432	5941	830547118	real
4432	12715	17137630080419	private_dummy
4433	385	1869695623	real
4433	12716	17137630080419	private_dummy
4434	1111	1593607205	real
4434	12717	17137630080419	private_dummy
4435	1694	1404439436	real
4435	1973	1347326682	real
4435	12718	17137630080419	private_dummy
4436	1962	1103469220	real
4436	1978	1103469220	real
4436	12719	17137630080419	private_dummy
4437	2167	1284404966	real
4437	12720	17137630080419	private_dummy
4438	2177	1284404966	real
4438	12721	17137630080419	private_dummy
4439	2395	1103469220	real
4439	2407	1103469220	real
4439	12722	17137630080419	private_dummy
4440	2537	1208591486	real
4440	12723	17137630080419	private_dummy
4441	2541	1208591486	real
4441	12724	17137630080419	private_dummy
4442	2551	1208591486	real
4442	12725	17137630080419	private_dummy
4443	2744	1103469220	real
4443	2762	1103469220	real
4443	12726	17137630080419	private_dummy
4444	2883	1160581975	real
4444	2912	1103469220	real
4444	12727	17137630080419	private_dummy
4445	2887	1160581975	real
4445	2915	1103469220	real
4445	12728	17137630080419	private_dummy
4446	2916	1338005600	real
4446	12729	17137630080419	private_dummy
4447	2918	1487160959	real
4447	12730	17137630080419	private_dummy
4448	2920	1759226661	real
4448	12731	17137630080419	private_dummy
4449	2853	1103469220	real
4449	2922	1103469220	real
4449	12732	17137630080419	private_dummy
4450	2929	1184357587	real
4450	12733	17137630080419	private_dummy
4451	2953	1338005600	real
4451	12734	17137630080419	private_dummy
4452	2954	1487160959	real
4452	12735	17137630080419	private_dummy
4453	2955	1759226661	real
4453	12736	17137630080419	private_dummy
4454	2857	1103469220	real
4454	2956	1103469220	real
4454	12737	17137630080419	private_dummy
4455	2980	1338005600	real
4455	12738	17137630080419	private_dummy
4456	2982	1487160959	real
4456	12739	17137630080419	private_dummy
4457	2984	1759226661	real
4457	12740	17137630080419	private_dummy
4458	2979	1241675220	real
4458	2987	1184562466	real
4458	12741	17137630080419	private_dummy
4459	3006	1487160959	real
4459	12742	17137630080419	private_dummy
4460	3008	1759226661	real
4460	12743	17137630080419	private_dummy
4461	2866	1103469220	real
4461	3010	1103469220	real
4461	12744	17137630080419	private_dummy
4462	3024	1759226661	real
4462	12745	17137630080419	private_dummy
4463	2871	1103469220	real
4463	3026	1103469220	real
4463	12746	17137630080419	private_dummy
4464	2876	1103469220	real
4464	3034	1103469220	real
4464	12747	17137630080419	private_dummy
4465	6172	1003072071	real
4465	12748	17137630080419	private_dummy
4466	6170	460928780	real
4466	12749	17137630080419	private_dummy
4467	6175	657324232	real
4467	12750	17137630080419	private_dummy
4468	6175	714436986	real
4468	12751	17137630080419	private_dummy
4469	6160	0	real
4469	12752	17137630080419	private_dummy
4470	6166	367072299	real
4470	6167	367072299	real
4470	12753	17137630080419	private_dummy
4471	6156	111369948	real
4471	6157	249998983	real
4471	12754	17137630080419	private_dummy
4472	6158	249998983	real
4472	12755	17137630080419	private_dummy
4473	6182	228443265	real
4473	12756	17137630080419	private_dummy
4474	6157	445740772	real
4474	12757	17137630080419	private_dummy
4475	6164	652617141	real
4475	12758	17137630080419	private_dummy
4476	6184	539597253	real
4476	12759	17137630080419	private_dummy
4477	6156	424173877	real
4477	12760	17137630080419	private_dummy
4478	6162	186523010	real
4478	12761	17137630080419	private_dummy
4479	6186	831499126	real
4479	12762	17137630080419	private_dummy
4480	6171	383454751	real
4480	12763	17137630080419	private_dummy
4481	6168	558294485	real
4481	6169	558294485	real
4481	12764	17137630080419	private_dummy
4482	6158	347364688	real
4482	6160	347364688	real
4482	12765	17137630080419	private_dummy
4483	6162	164967292	real
4483	6164	322299745	real
4483	12766	17137630080419	private_dummy
4484	6189	636962957	real
4484	12767	17137630080419	private_dummy
4485	6177	735992705	real
4485	12768	17137630080419	private_dummy
4486	6177	657324232	real
4486	12769	17137630080419	private_dummy
4487	6175	735992705	real
4487	6176	539597253	real
4487	6181	249998983	real
4487	12770	17137630080419	private_dummy
4488	6185	713772147	real
4488	12771	17137630080419	private_dummy
4489	6187	343855464	real
4489	12772	17137630080419	private_dummy
4490	6175	768694180	real
4490	6176	789596235	real
4490	6183	421329493	real
4490	12773	17137630080419	private_dummy
4491	6185	963771130	real
4491	12774	17137630080419	private_dummy
4492	6187	422523937	real
4492	12775	17137630080419	private_dummy
4493	6174	460928780	real
4493	12776	17137630080419	private_dummy
4494	6188	383454751	real
4494	12777	17137630080419	private_dummy
4495	6190	558294485	real
4495	12778	17137630080419	private_dummy
4496	6174	539597253	real
4496	12779	17137630080419	private_dummy
4497	6188	462123224	real
4497	12780	17137630080419	private_dummy
4498	6190	636962957	real
4498	12781	17137630080419	private_dummy
4499	6173	735339042	real
4499	12782	17137630080419	private_dummy
4500	6173	852401182	real
4500	12783	17137630080419	private_dummy
4501	6094	459723160	real
4501	6095	459723160	real
4501	12784	17137630080419	private_dummy
4502	6159	501181730	real
4502	12785	17137630080419	private_dummy
4503	6155	727471858	real
4503	12786	17137630080419	private_dummy
4504	6155	806140331	real
4504	12787	17137630080419	private_dummy
4505	6084	895769196	real
4505	6085	952881950	real
4505	12788	17137630080419	private_dummy
4506	6086	405465967	real
4506	6087	405465967	real
4506	12789	17137630080419	private_dummy
4507	6088	597771310	real
4507	6089	597771310	real
4507	12790	17137630080419	private_dummy
4508	6090	798782256	real
4508	6091	798782256	real
4508	12791	17137630080419	private_dummy
4509	6092	568241738	real
4509	6093	568241738	real
4509	12792	17137630080419	private_dummy
4510	6198	634805329	real
4510	12793	17137630080419	private_dummy
4511	6198	713473802	real
4511	12794	17137630080419	private_dummy
4512	6085	952881950	real
4512	12795	17137630080419	private_dummy
4513	6107	405465967	real
4513	12796	17137630080419	private_dummy
4514	6161	407325250	real
4514	12797	17137630080419	private_dummy
4515	6200	634805329	real
4515	12798	17137630080419	private_dummy
4516	6200	713473802	real
4516	12799	17137630080419	private_dummy
4517	6084	1211545455	real
4517	12800	17137630080419	private_dummy
4518	6096	266836932	real
4518	6097	323949686	real
4518	12801	17137630080419	private_dummy
4519	6098	332246999	real
4519	6099	332246999	real
4519	12802	17137630080419	private_dummy
4520	6102	489570469	real
4520	12803	17137630080419	private_dummy
4521	6103	350212495	real
4521	6104	350212495	real
4521	12804	17137630080419	private_dummy
4522	6202	830547118	real
4522	12805	17137630080419	private_dummy
4523	6202	1001882120	real
4523	12806	17137630080419	private_dummy
4524	6087	577990920	real
4524	12807	17137630080419	private_dummy
4525	6097	438171934	real
4525	12808	17137630080419	private_dummy
4526	6128	440438857	real
4526	6131	440438857	real
4526	12809	17137630080419	private_dummy
4527	6163	692216429	real
4527	12810	17137630080419	private_dummy
4528	6204	424173877	real
4528	12811	17137630080419	private_dummy
4529	6204	562802912	real
4529	12812	17137630080419	private_dummy
4530	6086	726099236	real
4530	12813	17137630080419	private_dummy
4531	6096	726099236	real
4531	12814	17137630080419	private_dummy
4532	6114	300740766	real
4532	6115	357853520	real
4532	12815	17137630080419	private_dummy
4533	6118	371846286	real
4533	6119	371846286	real
4533	12816	17137630080419	private_dummy
4534	6120	501181730	real
4534	6121	444068976	real
4534	12817	17137630080419	private_dummy
4535	6206	861880462	real
4535	12818	17137630080419	private_dummy
4536	6206	367061123	real
4536	12819	17137630080419	private_dummy
4537	6089	597771310	real
4537	6095	597771310	real
4537	12820	17137630080419	private_dummy
4538	6099	332246999	real
4538	12821	17137630080419	private_dummy
4539	6115	243631273	real
4539	12822	17137630080419	private_dummy
4540	6144	855895011	real
4540	12823	17137630080419	private_dummy
4541	6148	438171934	real
4541	12824	17137630080419	private_dummy
4542	6208	539597253	real
4542	12825	17137630080419	private_dummy
4543	6208	192886229	real
4543	12826	17137630080419	private_dummy
4544	6088	568241738	real
4544	6094	568241738	real
4544	12827	17137630080419	private_dummy
4545	6098	332246999	real
4545	12828	17137630080419	private_dummy
4546	6114	371846286	real
4546	12829	17137630080419	private_dummy
4547	6137	556136856	real
4547	12830	17137630080419	private_dummy
4548	6141	462578721	real
4548	12831	17137630080419	private_dummy
4549	6210	552400067	real
4549	12832	17137630080419	private_dummy
4550	6210	192886229	real
4550	12833	17137630080419	private_dummy
4551	6091	798782256	real
4551	12834	17137630080419	private_dummy
4552	6119	186518519	real
4552	6131	186518519	real
4552	12835	17137630080419	private_dummy
4553	6165	806438676	real
4553	12836	17137630080419	private_dummy
4554	6212	679295344	real
4554	12837	17137630080419	private_dummy
4555	6212	232485516	real
4555	12838	17137630080419	private_dummy
4556	6090	670359104	real
4556	12839	17137630080419	private_dummy
4557	6102	381059179	real
4557	6107	381059179	real
4557	12840	17137630080419	private_dummy
4558	6118	143408313	real
4558	6128	143408313	real
4558	12841	17137630080419	private_dummy
4559	6137	670359104	real
4559	6144	727471858	real
4559	12842	17137630080419	private_dummy
4560	6152	516835914	real
4560	6153	573948669	real
4560	12843	17137630080419	private_dummy
4561	6214	578660251	real
4561	12844	17137630080419	private_dummy
4562	6214	232485516	real
4562	12845	17137630080419	private_dummy
4563	6093	597771310	real
4563	12846	17137630080419	private_dummy
4564	6104	426440801	real
4564	12847	17137630080419	private_dummy
4565	6121	444068976	real
4565	12848	17137630080419	private_dummy
4566	6153	573948669	real
4566	12849	17137630080419	private_dummy
4567	6216	679295344	real
4567	12850	17137630080419	private_dummy
4568	6216	428880968	real
4568	12851	17137630080419	private_dummy
4569	6092	1052445090	real
4569	12852	17137630080419	private_dummy
4570	6103	726099236	real
4570	12853	17137630080419	private_dummy
4571	6120	428959040	real
4571	12854	17137630080419	private_dummy
4572	6141	727471858	real
4572	6148	727471858	real
4572	12855	17137630080419	private_dummy
4573	6152	1109557844	real
4573	12856	17137630080419	private_dummy
4574	6218	909215591	real
4574	12857	17137630080419	private_dummy
4575	6218	485993722	real
4575	12858	17137630080419	private_dummy
4576	6179	806140331	real
4576	6197	727471858	real
4576	12859	17137630080419	private_dummy
4577	6201	770586556	real
4577	12860	17137630080419	private_dummy
4578	6203	691918083	real
4578	12861	17137630080419	private_dummy
4579	6179	909215591	real
4579	6199	830547118	real
4579	12862	17137630080419	private_dummy
4580	6201	849255029	real
4580	12863	17137630080419	private_dummy
4581	6203	691918083	real
4581	12864	17137630080419	private_dummy
4582	6205	770586556	real
4582	12865	17137630080419	private_dummy
4583	6207	484134439	real
4583	12866	17137630080419	private_dummy
4584	6205	770586556	real
4584	12867	17137630080419	private_dummy
4585	6207	484134439	real
4585	12868	17137630080419	private_dummy
4586	6209	356658278	real
4586	12869	17137630080419	private_dummy
4587	6211	309959545	real
4587	12870	17137630080419	private_dummy
4588	6209	356658278	real
4588	12871	17137630080419	private_dummy
4589	6211	309959545	real
4589	12872	17137630080419	private_dummy
4590	6213	325152045	real
4590	12873	17137630080419	private_dummy
4591	6215	407325250	real
4591	12874	17137630080419	private_dummy
4592	6213	325152045	real
4592	12875	17137630080419	private_dummy
4593	6215	407325250	real
4593	12876	17137630080419	private_dummy
4594	6217	622182589	real
4594	12877	17137630080419	private_dummy
4595	6219	679295344	real
4595	12878	17137630080419	private_dummy
4596	6217	622182589	real
4596	12879	17137630080419	private_dummy
4597	6219	679295344	real
4597	12880	17137630080419	private_dummy
4598	6180	265186991	real
4598	12881	17137630080419	private_dummy
4599	6180	403816026	real
4599	12882	17137630080419	private_dummy
4600	6177	657324232	real
4600	6178	385769531	real
4600	12883	17137630080419	private_dummy
4601	6177	657324232	real
4601	6178	499991779	real
4601	12884	17137630080419	private_dummy
4602	710	1103469220	real
4602	711	1103469220	real
4602	726	1103469220	real
4602	12885	17137630080419	private_dummy
4603	4065	1268658209	real
4603	4067	1407287244	real
4603	12886	17137630080419	private_dummy
4604	4063	1124216952	real
4604	12887	17137630080419	private_dummy
4605	4061	1033210972	real
4605	12888	17137630080419	private_dummy
4606	4059	759276436	real
4606	12889	17137630080419	private_dummy
4607	4057	553131802	real
4607	12890	17137630080419	private_dummy
4608	4055	482026282	real
4608	12891	17137630080419	private_dummy
4609	4053	482026282	real
4609	12892	17137630080419	private_dummy
4610	4051	553131802	real
4610	12893	17137630080419	private_dummy
4611	348	1160581975	real
4611	349	1103469220	real
4611	384	1103469220	real
4611	12894	17137630080419	private_dummy
4612	1397	1103469220	real
4612	1398	1103469220	real
4612	1413	1103469220	real
4612	12895	17137630080419	private_dummy
4613	4620	1268658209	real
4613	4622	1407287244	real
4613	12896	17137630080419	private_dummy
4614	4618	1009994705	real
4614	12897	17137630080419	private_dummy
4615	4616	875878519	real
4615	12898	17137630080419	private_dummy
4616	4614	573948669	real
4616	12899	17137630080419	private_dummy
4617	4612	367804034	real
4617	12900	17137630080419	private_dummy
4618	4610	296698515	real
4618	12901	17137630080419	private_dummy
4619	4608	296698515	real
4619	12902	17137630080419	private_dummy
4620	4606	367804034	real
4620	12903	17137630080419	private_dummy
4621	1074	1160581975	real
4621	1075	1103469220	real
4621	1110	1103469220	real
4621	12904	17137630080419	private_dummy
4622	5141	1536494450	real
4622	5143	1629160979	real
4622	12905	17137630080419	private_dummy
4623	5139	1124216952	real
4623	12906	17137630080419	private_dummy
4624	5137	875878519	real
4624	12907	17137630080419	private_dummy
4625	5135	530838463	real
4625	12908	17137630080419	private_dummy
4626	5133	324693828	real
4626	12909	17137630080419	private_dummy
4627	5131	253588309	real
4627	12910	17137630080419	private_dummy
4628	5129	253588309	real
4628	12911	17137630080419	private_dummy
4629	5127	324693828	real
4629	12912	17137630080419	private_dummy
4630	1672	1160581975	real
4630	1673	1103469220	real
4630	1707	1103469220	real
4630	1708	1103469220	real
4630	12913	17137630080419	private_dummy
4631	5628	1536494450	real
4631	5630	1672275677	real
4631	12914	17137630080419	private_dummy
4632	5626	1347326682	real
4632	12915	17137630080419	private_dummy
4633	5624	1033210972	real
4633	12916	17137630080419	private_dummy
4634	5622	573948669	real
4634	12917	17137630080419	private_dummy
4635	5620	367804034	real
4635	12918	17137630080419	private_dummy
4636	5618	296698515	real
4636	12919	17137630080419	private_dummy
4637	5616	296698515	real
4637	12920	17137630080419	private_dummy
4638	5614	367804034	real
4638	12921	17137630080419	private_dummy
4639	2150	1160581975	real
4639	2151	1103469220	real
4639	2184	1103469220	real
4639	2185	1103469220	real
4639	12922	17137630080419	private_dummy
4640	6081	1536494450	real
4640	6083	1732236239	real
4640	12923	17137630080419	private_dummy
4641	6079	1347326682	real
4641	12924	17137630080419	private_dummy
4642	6077	1227292212	real
4642	12925	17137630080419	private_dummy
4643	6075	837944909	real
4643	12926	17137630080419	private_dummy
4644	6073	631800274	real
4644	12927	17137630080419	private_dummy
4645	6071	560694755	real
4645	12928	17137630080419	private_dummy
4646	6069	560694755	real
4646	12929	17137630080419	private_dummy
4647	6067	631800274	real
4647	12930	17137630080419	private_dummy
4648	2531	1160581975	real
4648	2532	1103469220	real
4648	2564	1103469220	real
4648	2565	1103469220	real
4648	12931	17137630080419	private_dummy
4649	354	1869695623	real
4649	355	1869695623	real
4649	714	1869695623	real
4649	12932	17137630080419	private_dummy
4650	1080	1536494450	real
4650	1081	1593607205	real
4650	1401	1536494450	real
4650	12933	17137630080419	private_dummy
4651	1678	1347326682	real
4651	1679	1404439436	real
4651	1965	1347326682	real
4651	12934	17137630080419	private_dummy
4652	2156	1227292212	real
4652	2157	1284404966	real
4652	12935	17137630080419	private_dummy
4653	2909	1127244833	real
4653	2910	1184357587	real
4653	2911	1127244833	real
4653	12936	17137630080419	private_dummy
4654	2913	1184562466	real
4654	2914	1241675220	real
4654	12937	17137630080419	private_dummy
4655	6221	1536494450	real
4655	12938	17137630080419	private_dummy
4656	6223	1347326682	real
4656	12939	17137630080419	private_dummy
4657	6225	1227292212	real
4657	12940	17137630080419	private_dummy
4658	6111	1151478732	real
4658	12941	17137630080419	private_dummy
4659	6227	704022965	real
4659	12942	17137630080419	private_dummy
4660	6229	518695198	real
4660	12943	17137630080419	private_dummy
4661	6127	475584991	real
4661	12944	17137630080419	private_dummy
4662	6130	518695198	real
4662	12945	17137630080419	private_dummy
4663	352	1869695623	real
4663	353	1869695623	real
4663	12946	17137630080419	private_dummy
4664	1078	1593607205	real
4664	1079	1593607205	real
4664	12947	17137630080419	private_dummy
4665	1676	1404439436	real
4665	1677	1404439436	real
4665	12948	17137630080419	private_dummy
4666	2154	1284404966	real
4666	2155	1284404966	real
4666	12949	17137630080419	private_dummy
4667	2535	1208591486	real
4667	2536	1208591486	real
4667	2746	1151478732	real
4667	2747	1151478732	real
4667	12950	17137630080419	private_dummy
4668	2880	1184357587	real
4668	2881	1184357587	real
4668	12951	17137630080419	private_dummy
4669	2884	1241675220	real
4669	2885	1241675220	real
4669	12952	17137630080419	private_dummy
4670	2888	1338005600	real
4670	2889	1338005600	real
4670	2891	1280892846	real
4670	2892	1280892846	real
4670	12953	17137630080419	private_dummy
4671	2894	1487160959	real
4671	2895	1487160959	real
4671	2897	1430048205	real
4671	2898	1430048205	real
4671	12954	17137630080419	private_dummy
4672	2900	1759226661	real
4672	2901	1759226661	real
4672	2903	1702113907	real
4672	2904	1702113907	real
4672	12955	17137630080419	private_dummy
4673	2850	1103469220	real
4673	2852	1160581975	real
4673	2906	1103469220	real
4673	2907	1103469220	real
4673	12956	17137630080419	private_dummy
4674	359	1869695623	real
4674	360	1869695623	real
4674	717	1869695623	real
4674	12957	17137630080419	private_dummy
4675	1085	1536494450	real
4675	1086	1593607205	real
4675	1404	1536494450	real
4675	12958	17137630080419	private_dummy
4676	1683	1347326682	real
4676	1684	1404439436	real
4676	1968	1347326682	real
4676	12959	17137630080419	private_dummy
4677	2161	1227292212	real
4677	2162	1284404966	real
4677	12960	17137630080419	private_dummy
4678	2951	1184562466	real
4678	2952	1241675220	real
4678	12961	17137630080419	private_dummy
4679	6231	1536494450	real
4679	12962	17137630080419	private_dummy
4680	6233	1347326682	real
4680	12963	17137630080419	private_dummy
4681	6235	1227292212	real
4681	12964	17137630080419	private_dummy
4682	6113	1151478732	real
4682	12965	17137630080419	private_dummy
4683	6123	831499126	real
4683	12966	17137630080419	private_dummy
4684	6237	518695198	real
4684	12967	17137630080419	private_dummy
4685	6136	361362744	real
4685	12968	17137630080419	private_dummy
4686	6139	361362744	real
4686	12969	17137630080419	private_dummy
4687	357	1869695623	real
4687	358	1869695623	real
4687	12970	17137630080419	private_dummy
4688	1083	1593607205	real
4688	1084	1593607205	real
4688	12971	17137630080419	private_dummy
4689	1681	1404439436	real
4689	1682	1404439436	real
4689	12972	17137630080419	private_dummy
4690	2159	1284404966	real
4690	2160	1284404966	real
4690	12973	17137630080419	private_dummy
4691	2539	1208591486	real
4691	2540	1208591486	real
4691	2750	1151478732	real
4691	2751	1151478732	real
4691	12974	17137630080419	private_dummy
4692	2880	1160581975	real
4692	2882	1160581975	real
4692	2909	1103469220	real
4692	12975	17137630080419	private_dummy
4693	2926	1241675220	real
4693	2927	1241675220	real
4693	12976	17137630080419	private_dummy
4694	2930	1338005600	real
4694	2931	1338005600	real
4694	2933	1280892846	real
4694	2934	1280892846	real
4694	12977	17137630080419	private_dummy
4695	2936	1487160959	real
4695	2937	1487160959	real
4695	2939	1430048205	real
4695	2940	1430048205	real
4695	12978	17137630080419	private_dummy
4696	2942	1759226661	real
4696	2943	1759226661	real
4696	2945	1702113907	real
4696	2946	1702113907	real
4696	12979	17137630080419	private_dummy
4697	2854	1103469220	real
4697	2856	1160581975	real
4697	2948	1103469220	real
4697	2949	1103469220	real
4697	12980	17137630080419	private_dummy
4698	365	1869695623	real
4698	366	1869695623	real
4698	719	1869695623	real
4698	12981	17137630080419	private_dummy
4699	1091	1536494450	real
4699	1092	1593607205	real
4699	1406	1536494450	real
4699	12982	17137630080419	private_dummy
4700	1689	1347326682	real
4700	1690	1404439436	real
4700	1970	1347326682	real
4700	12983	17137630080419	private_dummy
4701	2546	1151478732	real
4701	2547	1208591486	real
4701	12984	17137630080419	private_dummy
4702	2861	1103469220	real
4702	2862	1103469220	real
4702	2986	1103469220	real
4702	12985	17137630080419	private_dummy
4703	6239	1536494450	real
4703	12986	17137630080419	private_dummy
4704	6241	1347326682	real
4704	12987	17137630080419	private_dummy
4705	6106	1227292212	real
4705	12988	17137630080419	private_dummy
4706	6243	1151478732	real
4706	12989	17137630080419	private_dummy
4707	6125	831499126	real
4707	12990	17137630080419	private_dummy
4708	6134	625354492	real
4708	12991	17137630080419	private_dummy
4709	6143	499991779	real
4709	12992	17137630080419	private_dummy
4710	6146	385769531	real
4710	12993	17137630080419	private_dummy
4711	362	1869695623	real
4711	363	1869695623	real
4711	12994	17137630080419	private_dummy
4712	1088	1593607205	real
4712	1089	1593607205	real
4712	12995	17137630080419	private_dummy
4713	1686	1404439436	real
4713	1687	1404439436	real
4713	12996	17137630080419	private_dummy
4714	2164	1284404966	real
4714	2165	1284404966	real
4714	2402	1227292212	real
4714	12997	17137630080419	private_dummy
4715	2543	1208591486	real
4715	2544	1208591486	real
4715	2754	1151478732	real
4715	12998	17137630080419	private_dummy
4716	2884	1160581975	real
4716	2886	1160581975	real
4716	2913	1103469220	real
4716	12999	17137630080419	private_dummy
4717	2926	1184357587	real
4717	2928	1184357587	real
4717	2951	1127244833	real
4717	13000	17137630080419	private_dummy
4718	2960	1338005600	real
4718	2961	1338005600	real
4718	2963	1280892846	real
4718	2964	1280892846	real
4718	13001	17137630080419	private_dummy
4719	2966	1487160959	real
4719	2967	1487160959	real
4719	2969	1430048205	real
4719	2970	1430048205	real
4719	13002	17137630080419	private_dummy
4720	2972	1759226661	real
4720	2973	1759226661	real
4720	2975	1702113907	real
4720	2976	1702113907	real
4720	13003	17137630080419	private_dummy
4721	2858	1103469220	real
4721	2860	1160581975	real
4721	2978	1103469220	real
4721	13004	17137630080419	private_dummy
4722	370	1869695623	real
4722	371	1869695623	real
4722	721	1869695623	real
4722	13005	17137630080419	private_dummy
4723	1096	1536494450	real
4723	1097	1593607205	real
4723	1408	1536494450	real
4723	13006	17137630080419	private_dummy
4724	2171	1227292212	real
4724	2172	1284404966	real
4724	13007	17137630080419	private_dummy
4725	2891	1103469220	real
4725	2893	1160581975	real
4725	2917	1103469220	real
4725	13008	17137630080419	private_dummy
4726	2933	1127244833	real
4726	2935	1184357587	real
4726	13009	17137630080419	private_dummy
4727	2963	1184562466	real
4727	2965	1241675220	real
4727	13010	17137630080419	private_dummy
4728	6245	1536494450	real
4728	13011	17137630080419	private_dummy
4729	6101	1347326682	real
4729	13012	17137630080419	private_dummy
4730	6247	1227292212	real
4730	13013	17137630080419	private_dummy
4731	6117	1151478732	real
4731	13014	17137630080419	private_dummy
4732	6249	831499126	real
4732	13015	17137630080419	private_dummy
4733	6251	625354492	real
4733	13016	17137630080419	private_dummy
4734	6253	554248972	real
4734	13017	17137630080419	private_dummy
4735	6150	558294485	real
4735	13018	17137630080419	private_dummy
4736	368	1869695623	real
4736	369	1869695623	real
4736	13019	17137630080419	private_dummy
4737	1094	1593607205	real
4737	1095	1593607205	real
4737	13020	17137630080419	private_dummy
4738	1692	1404439436	real
4738	1693	1404439436	real
4738	1972	1347326682	real
4738	13021	17137630080419	private_dummy
4739	2169	1284404966	real
4739	2170	1284404966	real
4739	13022	17137630080419	private_dummy
4740	2549	1208591486	real
4740	2550	1208591486	real
4740	2756	1151478732	real
4740	2757	1151478732	real
4740	13023	17137630080419	private_dummy
4741	2888	1160581975	real
4741	2890	1160581975	real
4741	13024	17137630080419	private_dummy
4742	2930	1184357587	real
4742	2932	1184357587	real
4742	13025	17137630080419	private_dummy
4743	2960	1241675220	real
4743	2962	1241675220	real
4743	2981	1184562466	real
4743	13026	17137630080419	private_dummy
4744	2991	1487160959	real
4744	2992	1487160959	real
4744	2994	1430048205	real
4744	2995	1430048205	real
4744	13027	17137630080419	private_dummy
4745	2997	1759226661	real
4745	2998	1759226661	real
4745	3000	1702113907	real
4745	3001	1702113907	real
4745	13028	17137630080419	private_dummy
4746	2863	1103469220	real
4746	2865	1160581975	real
4746	3003	1103469220	real
4746	3004	1103469220	real
4746	13029	17137630080419	private_dummy
4747	376	1869695623	real
4747	377	1869695623	real
4747	723	1869695623	real
4747	13030	17137630080419	private_dummy
4748	1102	1536494450	real
4748	1103	1593607205	real
4748	1410	1536494450	real
4748	13031	17137630080419	private_dummy
4749	1699	1347326682	real
4749	1700	1404439436	real
4749	1975	1347326682	real
4749	13032	17137630080419	private_dummy
4750	2556	1151478732	real
4750	2557	1208591486	real
4750	13033	17137630080419	private_dummy
4751	2897	1103469220	real
4751	2899	1160581975	real
4751	2919	1103469220	real
4751	13034	17137630080419	private_dummy
4752	2939	1127244833	real
4752	2941	1184357587	real
4752	13035	17137630080419	private_dummy
4753	2969	1184562466	real
4753	2971	1241675220	real
4753	13036	17137630080419	private_dummy
4754	2994	1280892846	real
4754	2996	1338005600	real
4754	13037	17137630080419	private_dummy
4755	6255	1536494450	real
4755	13038	17137630080419	private_dummy
4756	6257	1347326682	real
4756	13039	17137630080419	private_dummy
4757	6109	1227292212	real
4757	13040	17137630080419	private_dummy
4758	6259	1151478732	real
4758	13041	17137630080419	private_dummy
4759	6261	831499126	real
4759	13042	17137630080419	private_dummy
4760	6263	625354492	real
4760	13043	17137630080419	private_dummy
4761	6265	554248972	real
4761	13044	17137630080419	private_dummy
4762	6267	554248972	real
4762	13045	17137630080419	private_dummy
4763	373	1869695623	real
4763	374	1869695623	real
4763	13046	17137630080419	private_dummy
4764	1099	1593607205	real
4764	1100	1593607205	real
4764	13047	17137630080419	private_dummy
4765	1696	1404439436	real
4765	1697	1404439436	real
4765	13048	17137630080419	private_dummy
4766	2174	1284404966	real
4766	2175	1284404966	real
4766	2405	1227292212	real
4766	13049	17137630080419	private_dummy
4767	2553	1208591486	real
4767	2554	1208591486	real
4767	2759	1151478732	real
4767	13050	17137630080419	private_dummy
4768	2894	1160581975	real
4768	2896	1160581975	real
4768	13051	17137630080419	private_dummy
4769	2936	1184357587	real
4769	2938	1184357587	real
4769	13052	17137630080419	private_dummy
4770	2966	1241675220	real
4770	2968	1241675220	real
4770	2983	1184562466	real
4770	13053	17137630080419	private_dummy
4771	2991	1338005600	real
4771	2993	1338005600	real
4771	3007	1280892846	real
4771	13054	17137630080419	private_dummy
4772	3015	1759226661	real
4772	3016	1759226661	real
4772	3018	1702113907	real
4772	3019	1702113907	real
4772	13055	17137630080419	private_dummy
4773	2867	1103469220	real
4773	2869	1182137693	real
4773	3021	1103469220	real
4773	3022	1103469220	real
4773	13056	17137630080419	private_dummy
4774	382	1869695623	real
4774	383	1869695623	real
4774	725	1869695623	real
4774	13057	17137630080419	private_dummy
4775	1108	1536494450	real
4775	1109	1593607205	real
4775	1412	1536494450	real
4775	13058	17137630080419	private_dummy
4776	1705	1347326682	real
4776	1706	1404439436	real
4776	1977	1347326682	real
4776	13059	17137630080419	private_dummy
4777	2182	1227292212	real
4777	2183	1284404966	real
4777	13060	17137630080419	private_dummy
4778	2562	1151478732	real
4778	2563	1208591486	real
4778	13061	17137630080419	private_dummy
4779	2903	1103469220	real
4779	2905	1160581975	real
4779	2921	1103469220	real
4779	13062	17137630080419	private_dummy
4780	2945	1127244833	real
4780	2947	1184357587	real
4780	13063	17137630080419	private_dummy
4781	2975	1184562466	real
4781	2977	1241675220	real
4781	13064	17137630080419	private_dummy
4782	3000	1280892846	real
4782	3002	1338005600	real
4782	13065	17137630080419	private_dummy
4783	3018	1430048205	real
4783	3020	1487160959	real
4783	13066	17137630080419	private_dummy
4784	6269	1536494450	real
4784	13067	17137630080419	private_dummy
4785	6271	1347326682	real
4785	13068	17137630080419	private_dummy
4786	6273	1227292212	real
4786	13069	17137630080419	private_dummy
4787	6275	1151478732	real
4787	13070	17137630080419	private_dummy
4788	6277	831499126	real
4788	13071	17137630080419	private_dummy
4789	6279	625354492	real
4789	13072	17137630080419	private_dummy
4790	6281	554248972	real
4790	13073	17137630080419	private_dummy
4791	6283	554248972	real
4791	13074	17137630080419	private_dummy
4792	379	1869695623	real
4792	380	1869695623	real
4792	13075	17137630080419	private_dummy
4793	1105	1593607205	real
4793	1106	1593607205	real
4793	13076	17137630080419	private_dummy
4794	1702	1404439436	real
4794	1703	1404439436	real
4794	13077	17137630080419	private_dummy
4795	2179	1284404966	real
4795	2180	1284404966	real
4795	13078	17137630080419	private_dummy
4796	2559	1208591486	real
4796	2560	1208591486	real
4796	2761	1151478732	real
4796	13079	17137630080419	private_dummy
4797	2900	1160581975	real
4797	2902	1160581975	real
4797	13080	17137630080419	private_dummy
4798	2942	1184357587	real
4798	2944	1184357587	real
4798	13081	17137630080419	private_dummy
4799	2972	1241675220	real
4799	2974	1241675220	real
4799	2985	1184562466	real
4799	13082	17137630080419	private_dummy
4800	2997	1338005600	real
4800	2999	1338005600	real
4800	3009	1280892846	real
4800	13083	17137630080419	private_dummy
4801	3015	1487160959	real
4801	3017	1487160959	real
4801	3025	1430048205	real
4801	13084	17137630080419	private_dummy
4802	2872	1103469220	real
4802	2874	1103469220	real
4802	3031	1103469220	real
4802	3032	1103469220	real
4802	13085	17137630080419	private_dummy
4803	1708	1347326682	real
4803	1709	1404439436	real
4803	13086	17137630080419	private_dummy
4804	2185	1227292212	real
4804	2186	1284404966	real
4804	13087	17137630080419	private_dummy
4805	2565	1151478732	real
4805	2566	1208591486	real
4805	2763	1151478732	real
4805	13088	17137630080419	private_dummy
4806	2906	1103469220	real
4806	2908	1160581975	real
4806	13089	17137630080419	private_dummy
4807	2948	1127244833	real
4807	2950	1184357587	real
4807	13090	17137630080419	private_dummy
4808	3003	1280892846	real
4808	3005	1338005600	real
4808	3011	1280892846	real
4808	13091	17137630080419	private_dummy
4809	3021	1430048205	real
4809	3023	1487160959	real
4809	3027	1430048205	real
4809	13092	17137630080419	private_dummy
4810	3031	1702113907	real
4810	3033	1759226661	real
4810	3035	1702113907	real
4810	13093	17137630080419	private_dummy
4811	349	1869695623	real
4811	350	1869695623	real
4811	711	1869695623	real
4811	13094	17137630080419	private_dummy
4812	1075	1536494450	real
4812	1076	1536494450	real
4812	1398	1536494450	real
4812	13095	17137630080419	private_dummy
4813	1673	1347326682	real
4813	1674	1347326682	real
4813	13096	17137630080419	private_dummy
4814	2151	1227292212	real
4814	2152	1227292212	real
4814	2396	1227292212	real
4814	13097	17137630080419	private_dummy
4815	2532	1151478732	real
4815	2533	1151478732	real
4815	13098	17137630080419	private_dummy
4816	2850	1103469220	real
4816	2851	1103469220	real
4816	13099	17137630080419	private_dummy
4817	2854	1127244833	real
4817	2855	1127244833	real
4817	13100	17137630080419	private_dummy
4818	2858	1184562466	real
4818	2859	1184562466	real
4818	2861	1184562466	real
4818	13101	17137630080419	private_dummy
4819	2863	1280892846	real
4819	2864	1280892846	real
4819	13102	17137630080419	private_dummy
4820	2867	1430048205	real
4820	2868	1430048205	real
4820	2870	1430048205	real
4820	13103	17137630080419	private_dummy
4821	2872	1702113907	real
4821	2873	1702113907	real
4821	2875	1702113907	real
4821	13104	17137630080419	private_dummy
4822	6191	830547118	real
4822	13105	17137630080419	private_dummy
4823	6191	830547118	real
4823	13106	17137630080419	private_dummy
4824	6192	691918083	real
4824	13107	17137630080419	private_dummy
4825	6192	691918083	real
4825	13108	17137630080419	private_dummy
4826	6193	577990920	real
4826	13109	17137630080419	private_dummy
4827	6193	577990920	real
4827	13110	17137630080419	private_dummy
4828	6194	461582443	real
4828	13111	17137630080419	private_dummy
4829	6194	518695198	real
4829	13112	17137630080419	private_dummy
4830	6195	501181730	real
4830	13113	17137630080419	private_dummy
4831	6195	558294485	real
4831	13114	17137630080419	private_dummy
4832	6196	697577182	real
4832	13115	17137630080419	private_dummy
4833	6196	697577182	real
4833	13116	17137630080419	private_dummy
4834	3110	1430048205	real
4834	13117	17137630080419	private_dummy
4835	3102	1280892846	real
4835	13118	17137630080419	private_dummy
4836	3090	1184562466	real
4836	13119	17137630080419	private_dummy
4837	3074	1127244833	real
4837	13120	17137630080419	private_dummy
4838	2583	1151478732	real
4838	13121	17137630080419	private_dummy
4839	2209	1227292212	real
4839	13122	17137630080419	private_dummy
4840	3100	1280892846	real
4840	13123	17137630080419	private_dummy
4841	3088	1184562466	real
4841	13124	17137630080419	private_dummy
4842	3071	1127244833	real
4842	13125	17137630080419	private_dummy
4843	2581	1151478732	real
4843	13126	17137630080419	private_dummy
4844	2206	1227292212	real
4844	13127	17137630080419	private_dummy
4845	3086	1184562466	real
4845	13128	17137630080419	private_dummy
4846	3068	1127244833	real
4846	13129	17137630080419	private_dummy
4847	2579	1151478732	real
4847	13130	17137630080419	private_dummy
4848	2203	1227292212	real
4848	13131	17137630080419	private_dummy
4849	2866	1111345418	real
4849	13132	17137630080419	private_dummy
4850	3077	1184562466	real
4850	13133	17137630080419	private_dummy
4851	2576	1151478732	real
4851	13134	17137630080419	private_dummy
4852	2862	1111345418	real
4852	13135	17137630080419	private_dummy
4853	2195	1227292212	real
4853	13136	17137630080419	private_dummy
4854	2857	1111345418	real
4854	13137	17137630080419	private_dummy
4855	2853	1111345418	real
4855	13138	17137630080419	private_dummy
4856	2744	1111345418	real
4856	13139	17137630080419	private_dummy
4857	2210	1227292212	real
4857	13140	17137630080419	private_dummy
4858	1962	1111345418	real
4858	13141	17137630080419	private_dummy
4859	1397	1111345418	real
4859	13142	17137630080419	private_dummy
4860	710	1111345418	real
4860	13143	17137630080419	private_dummy
4861	6336	806438676	real
4861	13144	17137630080419	private_dummy
4862	6334	449324807	real
4862	13145	17137630080419	private_dummy
4863	6339	740450349	real
4863	13146	17137630080419	private_dummy
4864	6339	714849119	real
4864	13147	17137630080419	private_dummy
4865	6324	114222248	real
4865	13148	17137630080419	private_dummy
4866	6330	382264799	real
4866	6331	382264799	real
4866	13149	17137630080419	private_dummy
4867	6320	171335002	real
4867	6321	342665512	real
4867	13150	17137630080419	private_dummy
4868	6322	332251490	real
4868	13151	17137630080419	private_dummy
4869	6346	185333059	real
4869	13152	17137630080419	private_dummy
4870	6321	499997966	real
4870	13153	17137630080419	private_dummy
4871	6328	769106312	real
4871	13154	17137630080419	private_dummy
4872	6348	539597253	real
4872	13155	17137630080419	private_dummy
4873	6320	640890500	real
4873	13156	17137630080419	private_dummy
4874	6326	311153989	real
4874	13157	17137630080419	private_dummy
4875	6350	1103469220	real
4875	13158	17137630080419	private_dummy
4876	6335	325152045	real
4876	13159	17137630080419	private_dummy
4877	6332	543181287	real
4877	6333	543181287	real
4877	13160	17137630080419	private_dummy
4878	6322	516840406	real
4878	6324	516840406	real
4878	13161	17137630080419	private_dummy
4879	6326	413771032	real
4879	6328	482026282	real
4879	13162	17137630080419	private_dummy
4880	6353	713772147	real
4880	13163	17137630080419	private_dummy
4881	6341	700851062	real
4881	13164	17137630080419	private_dummy
4882	6341	679295344	real
4882	13165	17137630080419	private_dummy
4883	6339	725257849	real
4883	6340	388628018	real
4883	6345	231295564	real
4883	13166	17137630080419	private_dummy
4884	6349	766839389	real
4884	13167	17137630080419	private_dummy
4885	6351	285552758	real
4885	13168	17137630080419	private_dummy
4886	6339	746355351	real
4886	6340	606657260	real
4886	6347	449324807	real
4886	13169	17137630080419	private_dummy
4887	6349	963771130	real
4887	13170	17137630080419	private_dummy
4888	6351	285552758	real
4888	13171	17137630080419	private_dummy
4889	6338	342665512	real
4889	13172	17137630080419	private_dummy
4890	6352	285552758	real
4890	13173	17137630080419	private_dummy
4891	6354	436521993	real
4891	13174	17137630080419	private_dummy
4892	6338	342665512	real
4892	13175	17137630080419	private_dummy
4893	6352	285552758	real
4893	13176	17137630080419	private_dummy
4894	6354	436521993	real
4894	13177	17137630080419	private_dummy
4895	6337	499997966	real
4895	13178	17137630080419	private_dummy
4896	6337	812221010	real
4896	13179	17137630080419	private_dummy
4897	6295	405465967	real
4897	6296	405465967	real
4897	13180	17137630080419	private_dummy
4898	6323	501181730	real
4898	13181	17137630080419	private_dummy
4899	6319	668886613	real
4899	13182	17137630080419	private_dummy
4900	6319	645060710	real
4900	13183	17137630080419	private_dummy
4901	6285	798782256	real
4901	6286	855895011	real
4901	13184	17137630080419	private_dummy
4902	6287	597771310	real
4902	6288	597771310	real
4902	13185	17137630080419	private_dummy
4903	6289	628199503	real
4903	6290	628199503	real
4903	13186	17137630080419	private_dummy
4904	6291	895769196	real
4904	6292	895769196	real
4904	13187	17137630080419	private_dummy
4905	6293	635103674	real
4905	6294	635103674	real
4905	13188	17137630080419	private_dummy
4906	6362	576220084	real
4906	13189	17137630080419	private_dummy
4907	6362	552394181	real
4907	13190	17137630080419	private_dummy
4908	6286	855895011	real
4908	13191	17137630080419	private_dummy
4909	6304	459723160	real
4909	13192	17137630080419	private_dummy
4910	6325	349558832	real
4910	13193	17137630080419	private_dummy
4911	6364	576220084	real
4911	13194	17137630080419	private_dummy
4912	6364	552394181	real
4912	13195	17137630080419	private_dummy
4913	6285	1052445090	real
4913	13196	17137630080419	private_dummy
4914	6297	440438857	real
4914	6298	497551611	real
4914	13197	17137630080419	private_dummy
4915	6299	313543580	real
4915	6300	313543580	real
4915	13198	17137630080419	private_dummy
4916	6301	525124244	real
4916	13199	17137630080419	private_dummy
4917	6302	383454751	real
4917	6303	383454751	real
4917	13200	17137630080419	private_dummy
4918	6366	668886613	real
4918	13201	17137630080419	private_dummy
4919	6366	748135970	real
4919	13202	17137630080419	private_dummy
4920	6288	597771310	real
4920	13203	17137630080419	private_dummy
4921	6298	497551611	real
4921	13204	17137630080419	private_dummy
4922	6311	459723160	real
4922	6312	459723160	real
4922	13205	17137630080419	private_dummy
4923	6327	501181730	real
4923	13206	17137630080419	private_dummy
4924	6368	576220084	real
4924	13207	17137630080419	private_dummy
4925	6368	655469441	real
4925	13208	17137630080419	private_dummy
4926	6287	670359104	real
4926	13209	17137630080419	private_dummy
4927	6297	670359104	real
4927	13210	17137630080419	private_dummy
4928	6305	313543580	real
4928	6306	313543580	real
4928	13211	17137630080419	private_dummy
4929	6307	438906293	real
4929	6308	438906293	real
4929	13212	17137630080419	private_dummy
4930	6309	383454751	real
4930	6310	383454751	real
4930	13213	17137630080419	private_dummy
4931	6370	806140331	real
4931	13214	17137630080419	private_dummy
4932	6370	516840406	real
4932	13215	17137630080419	private_dummy
4933	6290	628199503	real
4933	6296	628199503	real
4933	13216	17137630080419	private_dummy
4934	6300	313543580	real
4934	13217	17137630080419	private_dummy
4935	6306	313543580	real
4935	13218	17137630080419	private_dummy
4936	6315	952881950	real
4936	13219	17137630080419	private_dummy
4937	6316	546683223	real
4937	13220	17137630080419	private_dummy
4938	6372	677762780	real
4938	13221	17137630080419	private_dummy
4939	6372	299545523	real
4939	13222	17137630080419	private_dummy
4940	6289	577990920	real
4940	6295	577990920	real
4940	13223	17137630080419	private_dummy
4941	6299	300740766	real
4941	13224	17137630080419	private_dummy
4942	6305	371846286	real
4942	13225	17137630080419	private_dummy
4943	6313	647430763	real
4943	13226	17137630080419	private_dummy
4944	6314	628199503	real
4944	13227	17137630080419	private_dummy
4945	6374	664959966	real
4945	13228	17137630080419	private_dummy
4946	6374	299545523	real
4946	13229	17137630080419	private_dummy
4947	6292	895769196	real
4947	13230	17137630080419	private_dummy
4948	6308	438906293	real
4948	6312	438906293	real
4948	13231	17137630080419	private_dummy
4949	6329	763980730	real
4949	13232	17137630080419	private_dummy
4950	6376	889343444	real
4950	13233	17137630080419	private_dummy
4951	6376	299545523	real
4951	13234	17137630080419	private_dummy
4952	6291	726099236	real
4952	13235	17137630080419	private_dummy
4953	6301	381059179	real
4953	6304	381059179	real
4953	13236	17137630080419	private_dummy
4954	6307	332246999	real
4954	6311	332246999	real
4954	13237	17137630080419	private_dummy
4955	6313	726099236	real
4955	6315	783211990	real
4955	13238	17137630080419	private_dummy
4956	6317	525124244	real
4956	6318	660905471	real
4956	13239	17137630080419	private_dummy
4957	6378	745278379	real
4957	13240	17137630080419	private_dummy
4958	6378	299545523	real
4958	13241	17137630080419	private_dummy
4959	6294	625354492	real
4959	13242	17137630080419	private_dummy
4960	6303	407325250	real
4960	13243	17137630080419	private_dummy
4961	6310	501181730	real
4961	13244	17137630080419	private_dummy
4962	6318	660905471	real
4962	13245	17137630080419	private_dummy
4963	6380	765183261	real
4963	13246	17137630080419	private_dummy
4964	6380	497676999	real
4964	13247	17137630080419	private_dummy
4965	6293	1109557844	real
4965	13248	17137630080419	private_dummy
4966	6302	727471858	real
4966	13249	17137630080419	private_dummy
4967	6309	625354492	real
4967	13250	17137630080419	private_dummy
4968	6314	726099236	real
4968	6316	783211990	real
4968	13251	17137630080419	private_dummy
4969	6317	1211545455	real
4969	13252	17137630080419	private_dummy
4970	6382	1003072071	real
4970	13253	17137630080419	private_dummy
4971	6382	497676999	real
4971	13254	17137630080419	private_dummy
4972	6343	530838463	real
4972	6361	530838463	real
4972	13255	17137630080419	private_dummy
4973	6365	573948669	real
4973	13256	17137630080419	private_dummy
4974	6367	416616215	real
4974	13257	17137630080419	private_dummy
4975	6343	633913723	real
4975	6363	633913723	real
4975	13258	17137630080419	private_dummy
4976	6365	652617141	real
4976	13259	17137630080419	private_dummy
4977	6367	416616215	real
4977	13260	17137630080419	private_dummy
4978	6369	416616215	real
4978	13261	17137630080419	private_dummy
4979	6371	573948669	real
4979	13262	17137630080419	private_dummy
4980	6369	416616215	real
4980	13263	17137630080419	private_dummy
4981	6371	573948669	real
4981	13264	17137630080419	private_dummy
4982	6373	371846286	real
4982	13265	17137630080419	private_dummy
4983	6375	277989805	real
4983	13266	17137630080419	private_dummy
4984	6373	371846286	real
4984	13267	17137630080419	private_dummy
4985	6375	277989805	real
4985	13268	17137630080419	private_dummy
4986	6377	277989805	real
4986	13269	17137630080419	private_dummy
4987	6379	371846286	real
4987	13270	17137630080419	private_dummy
4988	6377	277989805	real
4988	13271	17137630080419	private_dummy
4989	6379	371846286	real
4989	13272	17137630080419	private_dummy
4990	6381	496019047	real
4990	13273	17137630080419	private_dummy
4991	6383	558294485	real
4991	13274	17137630080419	private_dummy
4992	6381	496019047	real
4992	13275	17137630080419	private_dummy
4993	6383	558294485	real
4993	13276	17137630080419	private_dummy
4994	6344	277989805	real
4994	13277	17137630080419	private_dummy
4995	6344	335102559	real
4995	13278	17137630080419	private_dummy
4996	6341	679295344	real
4996	6342	461997836	real
4996	13279	17137630080419	private_dummy
4997	6341	679295344	real
4997	6342	540666309	real
4997	13280	17137630080419	private_dummy
4998	2875	1111345418	real
4998	2876	1111345418	real
4998	13281	17137630080419	private_dummy
4999	3109	1487160959	real
4999	3111	1430048205	real
4999	13282	17137630080419	private_dummy
5000	3101	1338005600	real
5000	3106	1280892846	real
5000	13283	17137630080419	private_dummy
5001	3089	1241675220	real
5001	3096	1184562466	real
5001	13284	17137630080419	private_dummy
5002	3072	1184357587	real
5002	3073	1127244833	real
5002	3082	1127244833	real
5002	13285	17137630080419	private_dummy
5003	3048	1160581975	real
5003	3049	1103469220	real
5003	3058	1103469220	real
5003	13286	17137630080419	private_dummy
5004	2582	1208591486	real
5004	2771	1151478732	real
5004	13287	17137630080419	private_dummy
5005	2207	1284404966	real
5005	2208	1227292212	real
5005	2415	1227292212	real
5005	13288	17137630080419	private_dummy
5006	1725	1404439436	real
5006	1726	1347326682	real
5006	1986	1347326682	real
5006	13289	17137630080419	private_dummy
5007	1126	1593607205	real
5007	1127	1536494450	real
5007	1422	1536494450	real
5007	13290	17137630080419	private_dummy
5008	399	1869695623	real
5008	400	1869695623	real
5008	736	1869695623	real
5008	13291	17137630080419	private_dummy
5009	2873	1111345418	real
5009	2874	1111345418	real
5009	13292	17137630080419	private_dummy
5010	6385	1109557844	real
5010	13293	17137630080419	private_dummy
5011	6387	934563483	real
5011	13294	17137630080419	private_dummy
5012	6389	830547118	real
5012	13295	17137630080419	private_dummy
5013	6391	773151825	real
5013	13296	17137630080419	private_dummy
5014	6393	558294485	real
5014	13297	17137630080419	private_dummy
5015	6395	462578721	real
5015	13298	17137630080419	private_dummy
5016	6397	402618159	real
5016	13299	17137630080419	private_dummy
5017	6399	462578721	real
5017	13300	17137630080419	private_dummy
5018	3111	1702113907	real
5018	3112	1702113907	real
5018	13301	17137630080419	private_dummy
5019	2870	1111345418	real
5019	2871	1111345418	real
5019	13302	17137630080419	private_dummy
5020	3109	1759226661	real
5020	13303	17137630080419	private_dummy
5021	3099	1338005600	real
5021	3104	1280892846	real
5021	13304	17137630080419	private_dummy
5022	3087	1241675220	real
5022	3094	1184562466	real
5022	13305	17137630080419	private_dummy
5023	3069	1184357587	real
5023	3070	1127244833	real
5023	3080	1127244833	real
5023	13306	17137630080419	private_dummy
5024	3046	1160581975	real
5024	3047	1103469220	real
5024	3056	1103469220	real
5024	13307	17137630080419	private_dummy
5025	2580	1208591486	real
5025	2769	1151478732	real
5025	13308	17137630080419	private_dummy
5026	2204	1284404966	real
5026	2205	1227292212	real
5026	2413	1227292212	real
5026	13309	17137630080419	private_dummy
5027	1723	1404439436	real
5027	1724	1347326682	real
5027	1984	1347326682	real
5027	13310	17137630080419	private_dummy
5028	1124	1593607205	real
5028	1125	1536494450	real
5028	1420	1536494450	real
5028	13311	17137630080419	private_dummy
5029	397	1869695623	real
5029	398	1869695623	real
5029	734	1869695623	real
5029	13312	17137630080419	private_dummy
5030	2868	1111345418	real
5030	2869	1190013890	real
5030	13313	17137630080419	private_dummy
5031	6402	1245339071	real
5031	13314	17137630080419	private_dummy
5032	6404	934563483	real
5032	13315	17137630080419	private_dummy
5033	6406	770586556	real
5033	13316	17137630080419	private_dummy
5034	6408	679295344	real
5034	13317	17137630080419	private_dummy
5035	6410	440567505	real
5035	13318	17137630080419	private_dummy
5036	6412	335102559	real
5036	13319	17137630080419	private_dummy
5037	6414	275141997	real
5037	13320	17137630080419	private_dummy
5038	6416	335102559	real
5038	13321	17137630080419	private_dummy
5039	3106	1702113907	real
5039	3107	1702113907	real
5039	13322	17137630080419	private_dummy
5040	3104	1430048205	real
5040	3105	1430048205	real
5040	13323	17137630080419	private_dummy
5041	1722	1347326682	real
5041	13324	17137630080419	private_dummy
5042	3101	1759226661	real
5042	13325	17137630080419	private_dummy
5043	3099	1487160959	real
5043	13326	17137630080419	private_dummy
5044	3085	1241675220	real
5044	3092	1184562466	real
5044	13327	17137630080419	private_dummy
5045	3066	1184357587	real
5045	3067	1127244833	real
5045	3078	1127244833	real
5045	13328	17137630080419	private_dummy
5046	3044	1160581975	real
5046	3045	1103469220	real
5046	3054	1103469220	real
5046	13329	17137630080419	private_dummy
5047	2578	1208591486	real
5047	2767	1151478732	real
5047	13330	17137630080419	private_dummy
5048	2201	1284404966	real
5048	2202	1227292212	real
5048	2411	1227292212	real
5048	13331	17137630080419	private_dummy
5049	1720	1404439436	real
5049	1721	1347326682	real
5049	13332	17137630080419	private_dummy
5050	1122	1593607205	real
5050	1123	1536494450	real
5050	1418	1536494450	real
5050	13333	17137630080419	private_dummy
5051	395	1869695623	real
5051	396	1869695623	real
5051	732	1869695623	real
5051	13334	17137630080419	private_dummy
5052	2864	1111345418	real
5052	2865	1168458172	real
5052	3103	1111345418	real
5052	13335	17137630080419	private_dummy
5053	6419	1430048205	real
5053	13336	17137630080419	private_dummy
5054	6421	1130305272	real
5054	13337	17137630080419	private_dummy
5055	6423	830547118	real
5055	13338	17137630080419	private_dummy
5056	6425	679295344	real
5056	13339	17137630080419	private_dummy
5057	6427	406671586	real
5057	13340	17137630080419	private_dummy
5058	6429	288403827	real
5058	13341	17137630080419	private_dummy
5059	6431	228443265	real
5059	13342	17137630080419	private_dummy
5060	6433	288403827	real
5060	13343	17137630080419	private_dummy
5061	3096	1702113907	real
5061	3097	1702113907	real
5061	13344	17137630080419	private_dummy
5062	3094	1430048205	real
5062	3095	1430048205	real
5062	13345	17137630080419	private_dummy
5063	3092	1280892846	real
5063	3093	1280892846	real
5063	13346	17137630080419	private_dummy
5064	3064	1127244833	real
5064	3065	1127244833	real
5064	13347	17137630080419	private_dummy
5065	2198	1227292212	real
5065	2199	1227292212	real
5065	13348	17137630080419	private_dummy
5066	1120	1536494450	real
5066	13349	17137630080419	private_dummy
5067	3089	1759226661	real
5067	13350	17137630080419	private_dummy
5068	3087	1487160959	real
5068	13351	17137630080419	private_dummy
5069	3085	1338005600	real
5069	13352	17137630080419	private_dummy
5070	3061	1184357587	real
5070	3063	1127244833	real
5070	13353	17137630080419	private_dummy
5071	3041	1160581975	real
5071	3043	1103469220	real
5071	3052	1103469220	real
5071	13354	17137630080419	private_dummy
5072	2575	1208591486	real
5072	2765	1151478732	real
5072	13355	17137630080419	private_dummy
5073	2196	1284404966	real
5073	2197	1227292212	real
5073	13356	17137630080419	private_dummy
5074	1717	1404439436	real
5074	1718	1347326682	real
5074	1981	1347326682	real
5074	13357	17137630080419	private_dummy
5075	1118	1593607205	real
5075	1119	1536494450	real
5075	13358	17137630080419	private_dummy
5076	392	1869695623	real
5076	393	1869695623	real
5076	730	1869695623	real
5076	13359	17137630080419	private_dummy
5077	2859	1111345418	real
5077	2860	1168458172	real
5077	3091	1111345418	real
5077	13360	17137630080419	private_dummy
5078	6436	1430048205	real
5078	13361	17137630080419	private_dummy
5079	6438	1280892846	real
5079	13362	17137630080419	private_dummy
5080	6440	1060184826	real
5080	13363	17137630080419	private_dummy
5081	6442	773151825	real
5081	13364	17137630080419	private_dummy
5082	6444	440567505	real
5082	13365	17137630080419	private_dummy
5083	6446	303596327	real
5083	13366	17137630080419	private_dummy
5084	6448	243635765	real
5084	13367	17137630080419	private_dummy
5085	6450	303596327	real
5085	13368	17137630080419	private_dummy
5086	3082	1702113907	real
5086	3083	1702113907	real
5086	13369	17137630080419	private_dummy
5087	3080	1430048205	real
5087	3081	1430048205	real
5087	13370	17137630080419	private_dummy
5088	3078	1280892846	real
5088	3079	1280892846	real
5088	13371	17137630080419	private_dummy
5089	3040	1103469220	real
5089	13372	17137630080419	private_dummy
5090	2573	1151478732	real
5090	2574	1151478732	real
5090	13373	17137630080419	private_dummy
5091	1716	1347326682	real
5091	13374	17137630080419	private_dummy
5092	3072	1759226661	real
5092	13375	17137630080419	private_dummy
5093	3069	1487160959	real
5093	13376	17137630080419	private_dummy
5094	3066	1338005600	real
5094	13377	17137630080419	private_dummy
5095	3061	1241675220	real
5095	3062	1184562466	real
5095	3064	1184562466	real
5095	13378	17137630080419	private_dummy
5096	3037	1160581975	real
5096	3039	1103469220	real
5096	13379	17137630080419	private_dummy
5097	2572	1208591486	real
5097	13380	17137630080419	private_dummy
5098	2193	1284404966	real
5098	2194	1227292212	real
5098	2408	1227292212	real
5098	13381	17137630080419	private_dummy
5099	1714	1404439436	real
5099	1715	1347326682	real
5099	13382	17137630080419	private_dummy
5100	1116	1593607205	real
5100	1117	1536494450	real
5100	1415	1536494450	real
5100	13383	17137630080419	private_dummy
5101	390	1869695623	real
5101	391	1869695623	real
5101	728	1869695623	real
5101	13384	17137630080419	private_dummy
5102	2855	1111345418	real
5102	2856	1168458172	real
5102	3075	1111345418	real
5102	13385	17137630080419	private_dummy
5103	6453	1430048205	real
5103	13386	17137630080419	private_dummy
5104	6455	1280892846	real
5104	13387	17137630080419	private_dummy
5105	6457	1184562466	real
5105	13388	17137630080419	private_dummy
5106	6459	1026660031	real
5106	13389	17137630080419	private_dummy
5107	6461	558294485	real
5107	13390	17137630080419	private_dummy
5108	6463	385769531	real
5108	13391	17137630080419	private_dummy
5109	6465	325808969	real
5109	13392	17137630080419	private_dummy
5110	6467	385769531	real
5110	13393	17137630080419	private_dummy
5111	3058	1702113907	real
5111	3059	1702113907	real
5111	13394	17137630080419	private_dummy
5112	3056	1430048205	real
5112	3057	1430048205	real
5112	13395	17137630080419	private_dummy
5113	3054	1280892846	real
5113	3055	1280892846	real
5113	13396	17137630080419	private_dummy
5114	3052	1184562466	real
5114	3053	1184562466	real
5114	13397	17137630080419	private_dummy
5115	2569	1151478732	real
5115	2570	1151478732	real
5115	13398	17137630080419	private_dummy
5116	2190	1227292212	real
5116	2191	1227292212	real
5116	13399	17137630080419	private_dummy
5117	3048	1759226661	real
5117	13400	17137630080419	private_dummy
5118	3046	1487160959	real
5118	13401	17137630080419	private_dummy
5119	3044	1338005600	real
5119	13402	17137630080419	private_dummy
5120	3041	1241675220	real
5120	3042	1184562466	real
5120	13403	17137630080419	private_dummy
5121	3037	1184357587	real
5121	3038	1127244833	real
5121	3040	1127244833	real
5121	13404	17137630080419	private_dummy
5122	2568	1208591486	real
5122	13405	17137630080419	private_dummy
5123	2188	1284404966	real
5123	2189	1227292212	real
5123	13406	17137630080419	private_dummy
5124	1711	1404439436	real
5124	1712	1347326682	real
5124	1979	1347326682	real
5124	13407	17137630080419	private_dummy
5125	1113	1593607205	real
5125	1114	1536494450	real
5125	1414	1536494450	real
5125	13408	17137630080419	private_dummy
5126	387	1869695623	real
5126	388	1869695623	real
5126	727	1869695623	real
5126	13409	17137630080419	private_dummy
5127	2851	1111345418	real
5127	2852	1168458172	real
5127	3050	1111345418	real
5127	13410	17137630080419	private_dummy
5128	6470	1430048205	real
5128	13411	17137630080419	private_dummy
5129	6472	1280892846	real
5129	13412	17137630080419	private_dummy
5130	6474	1184562466	real
5130	13413	17137630080419	private_dummy
5131	6476	1127244833	real
5131	13414	17137630080419	private_dummy
5132	6478	944486826	real
5132	13415	17137630080419	private_dummy
5133	6480	714849119	real
5133	13416	17137630080419	private_dummy
5134	6482	654888557	real
5134	13417	17137630080419	private_dummy
5135	6484	714849119	real
5135	13418	17137630080419	private_dummy
5136	2531	1168458172	real
5136	2533	1111345418	real
5136	2584	1111345418	real
5136	13419	17137630080419	private_dummy
5137	5687	1430048205	real
5137	5690	1626443657	real
5137	13420	17137630080419	private_dummy
5138	5799	1280892846	real
5138	13421	17137630080419	private_dummy
5139	5681	1184562466	real
5139	13422	17137630080419	private_dummy
5140	5797	1127244833	real
5140	13423	17137630080419	private_dummy
5141	5795	1103469220	real
5141	13424	17137630080419	private_dummy
5142	5669	856647260	real
5142	13425	17137630080419	private_dummy
5143	5793	660905471	real
5143	13426	17137630080419	private_dummy
5144	5791	660905471	real
5144	13427	17137630080419	private_dummy
5145	2395	1111345418	real
5145	2396	1111345418	real
5145	13428	17137630080419	private_dummy
5146	2150	1168458172	real
5146	2152	1111345418	real
5146	13429	17137630080419	private_dummy
5147	5224	1430048205	real
5147	5227	1626443657	real
5147	13430	17137630080419	private_dummy
5148	5346	1280892846	real
5148	13431	17137630080419	private_dummy
5149	5218	1184562466	real
5149	13432	17137630080419	private_dummy
5150	5344	1127244833	real
5150	13433	17137630080419	private_dummy
5151	5342	1103469220	real
5151	13434	17137630080419	private_dummy
5152	5199	914949965	real
5152	13435	17137630080419	private_dummy
5153	5340	603795977	real
5153	13436	17137630080419	private_dummy
5154	5338	546683223	real
5154	13437	17137630080419	private_dummy
5155	1672	1168458172	real
5155	1674	1111345418	real
5155	1727	1111345418	real
5155	13438	17137630080419	private_dummy
5156	4733	1430048205	real
5156	4736	1626443657	real
5156	13439	17137630080419	private_dummy
5157	4859	1280892846	real
5157	13440	17137630080419	private_dummy
5158	4727	1184562466	real
5158	13441	17137630080419	private_dummy
5159	4857	1127244833	real
5159	13442	17137630080419	private_dummy
5160	4855	1103469220	real
5160	13443	17137630080419	private_dummy
5161	4708	914949965	real
5161	13444	17137630080419	private_dummy
5162	4853	742425012	real
5162	13445	17137630080419	private_dummy
5163	4851	639349752	real
5163	13446	17137630080419	private_dummy
5164	1074	1168458172	real
5164	1076	1111345418	real
5164	1128	1111345418	real
5164	13447	17137630080419	private_dummy
5165	4212	1430048205	real
5165	4215	1626443657	real
5165	13448	17137630080419	private_dummy
5166	4338	1280892846	real
5166	13449	17137630080419	private_dummy
5167	4206	1184562466	real
5167	13450	17137630080419	private_dummy
5168	4336	1127244833	real
5168	13451	17137630080419	private_dummy
5169	4334	1103469220	real
5169	13452	17137630080419	private_dummy
5170	4187	914949965	real
5170	13453	17137630080419	private_dummy
5171	4332	742425012	real
5171	13454	17137630080419	private_dummy
5172	4330	718018225	real
5172	13455	17137630080419	private_dummy
5173	348	1168458172	real
5173	350	1111345418	real
5173	401	1111345418	real
5173	13456	17137630080419	private_dummy
5174	3657	1430048205	real
5174	3660	1626443657	real
5174	13457	17137630080419	private_dummy
5175	3783	1280892846	real
5175	13458	17137630080419	private_dummy
5176	3651	1184562466	real
5176	13459	17137630080419	private_dummy
5177	3781	1127244833	real
5177	13460	17137630080419	private_dummy
5178	3779	1103469220	real
5178	13461	17137630080419	private_dummy
5179	3632	914949965	real
5179	13462	17137630080419	private_dummy
5180	3777	742425012	real
5180	13463	17137630080419	private_dummy
5181	3775	718018225	real
5181	13464	17137630080419	private_dummy
5182	3103	1280892846	real
5182	13465	17137630080419	private_dummy
5183	3091	1184562466	real
5183	13466	17137630080419	private_dummy
5184	3075	1127244833	real
5184	3076	1127244833	real
5184	13467	17137630080419	private_dummy
5185	3050	1103469220	real
5185	3051	1103469220	real
5185	13468	17137630080419	private_dummy
5186	2584	1151478732	real
5186	13469	17137630080419	private_dummy
5187	1727	1347326682	real
5187	1728	1347326682	real
5187	13470	17137630080419	private_dummy
5188	1128	1536494450	real
5188	1129	1536494450	real
5188	13471	17137630080419	private_dummy
5189	401	1869695623	real
5189	402	1869695623	real
5189	13472	17137630080419	private_dummy
5190	6355	759276436	real
5190	13473	17137630080419	private_dummy
5191	6355	759276436	real
5191	13474	17137630080419	private_dummy
5192	6356	530838463	real
5192	13475	17137630080419	private_dummy
5193	6356	530838463	real
5193	13476	17137630080419	private_dummy
5194	6357	759276436	real
5194	13477	17137630080419	private_dummy
5195	6357	759276436	real
5195	13478	17137630080419	private_dummy
5196	6358	685312258	real
5196	13479	17137630080419	private_dummy
5197	6358	628199503	real
5197	13480	17137630080419	private_dummy
5198	6359	685312258	real
5198	13481	17137630080419	private_dummy
5199	6359	628199503	real
5199	13482	17137630080419	private_dummy
5200	6360	773151825	real
5200	13483	17137630080419	private_dummy
5201	6360	773151825	real
5201	13484	17137630080419	private_dummy
5202	435	1869695623	real
5202	13485	17137630080419	private_dummy
5203	1162	1593607205	real
5203	13486	17137630080419	private_dummy
5204	1746	1404439436	real
5204	13487	17137630080419	private_dummy
5205	1987	1111345418	real
5205	1995	1111345418	real
5205	13488	17137630080419	private_dummy
5206	2222	1284404966	real
5206	2423	1227292212	real
5206	13489	17137630080419	private_dummy
5207	2233	1284404966	real
5207	2428	1227292212	real
5207	13490	17137630080419	private_dummy
5208	2416	1111345418	real
5208	2431	1111345418	real
5208	13491	17137630080419	private_dummy
5209	2591	1208591486	real
5209	13492	17137630080419	private_dummy
5210	2601	1208591486	real
5210	13493	17137630080419	private_dummy
5211	2772	1111345418	real
5211	2786	1111345418	real
5211	13494	17137630080419	private_dummy
5212	2883	1168458172	real
5212	13495	17137630080419	private_dummy
5213	2887	1168458172	real
5213	13496	17137630080419	private_dummy
5214	3036	1111345418	real
5214	3050	1111345418	real
5214	13497	17137630080419	private_dummy
5215	3143	1184357587	real
5215	3168	1127244833	real
5215	13498	17137630080419	private_dummy
5216	3169	1338005600	real
5216	13499	17137630080419	private_dummy
5217	3171	1487160959	real
5217	13500	17137630080419	private_dummy
5218	3173	1759226661	real
5218	13501	17137630080419	private_dummy
5219	3117	1111345418	real
5219	3175	1111345418	real
5219	13502	17137630080419	private_dummy
5220	3199	1338005600	real
5220	13503	17137630080419	private_dummy
5221	3201	1487160959	real
5221	13504	17137630080419	private_dummy
5222	3203	1759226661	real
5222	13505	17137630080419	private_dummy
5223	3198	1241675220	real
5223	3206	1184562466	real
5223	13506	17137630080419	private_dummy
5224	3225	1487160959	real
5224	13507	17137630080419	private_dummy
5225	3227	1759226661	real
5225	13508	17137630080419	private_dummy
5226	3126	1111345418	real
5226	3229	1111345418	real
5226	13509	17137630080419	private_dummy
5227	3243	1759226661	real
5227	13510	17137630080419	private_dummy
5228	3131	1111345418	real
5228	3245	1111345418	real
5228	13511	17137630080419	private_dummy
5229	3136	1111345418	real
5229	3253	1111345418	real
5229	13512	17137630080419	private_dummy
5230	6567	851820297	real
5230	13513	17137630080419	private_dummy
5231	6565	436521993	real
5231	13514	17137630080419	private_dummy
5232	6570	733552537	real
5232	13515	17137630080419	private_dummy
5233	6570	826219067	real
5233	13516	17137630080419	private_dummy
5234	6555	0	real
5234	13517	17137630080419	private_dummy
5235	6561	400968218	real
5235	6562	400968218	real
5235	13518	17137630080419	private_dummy
5236	6551	190038421	real
5236	6552	361368931	real
5236	13519	17137630080419	private_dummy
5237	6553	296697716	real
5237	13520	17137630080419	private_dummy
5238	6577	204036478	real
5238	13521	17137630080419	private_dummy
5239	6552	499997966	real
5239	13522	17137630080419	private_dummy
5240	6559	875350678	real
5240	13523	17137630080419	private_dummy
5241	6579	539597253	real
5241	13524	17137630080419	private_dummy
5242	6551	782688641	real
5242	13525	17137630080419	private_dummy
5243	6557	265191483	real
5243	13526	17137630080419	private_dummy
5244	6581	1383315512	real
5244	13527	17137630080419	private_dummy
5245	6566	289598270	real
5245	13528	17137630080419	private_dummy
5246	6563	476121280	real
5246	6564	476121280	real
5246	13529	17137630080419	private_dummy
5247	6553	347364688	real
5247	6555	347364688	real
5247	13530	17137630080419	private_dummy
5248	6557	243635765	real
5248	6559	322299745	real
5248	13531	17137630080419	private_dummy
5249	6584	636962957	real
5249	13532	17137630080419	private_dummy
5250	6572	812221010	real
5250	13533	17137630080419	private_dummy
5251	6572	733552537	real
5251	13534	17137630080419	private_dummy
5252	6570	836627797	real
5252	6571	539597253	real
5252	6576	249998983	real
5252	13535	17137630080419	private_dummy
5253	6580	944486826	real
5253	13536	17137630080419	private_dummy
5254	6582	343855464	real
5254	13537	17137630080419	private_dummy
5255	6570	857725299	real
5255	6571	836294968	real
5255	6578	468028226	real
5255	13538	17137630080419	private_dummy
5256	6580	1220087040	real
5256	13539	17137630080419	private_dummy
5257	6582	422523937	real
5257	13540	17137630080419	private_dummy
5258	6569	400968218	real
5258	13541	17137630080419	private_dummy
5259	6583	289598270	real
5259	13542	17137630080419	private_dummy
5260	6585	440567505	real
5260	13543	17137630080419	private_dummy
5261	6569	479636691	real
5261	13544	17137630080419	private_dummy
5262	6583	368266743	real
5262	13545	17137630080419	private_dummy
5263	6585	519235978	real
5263	13546	17137630080419	private_dummy
5264	6568	618265726	real
5264	13547	17137630080419	private_dummy
5265	6568	1072286911	real
5265	13548	17137630080419	private_dummy
5266	6496	459723160	real
5266	6497	459723160	real
5266	13549	17137630080419	private_dummy
5267	6554	501181730	real
5267	13550	17137630080419	private_dummy
5268	6550	660905471	real
5268	13551	17137630080419	private_dummy
5269	6550	690442331	real
5269	13552	17137630080419	private_dummy
5270	6486	895769196	real
5270	6487	952881950	real
5270	13553	17137630080419	private_dummy
5271	6488	628199503	real
5271	6489	628199503	real
5271	13554	17137630080419	private_dummy
5272	6490	597771310	real
5272	6491	597771310	real
5272	13555	17137630080419	private_dummy
5273	6492	798782256	real
5273	6493	798782256	real
5273	13556	17137630080419	private_dummy
5274	6494	577990920	real
5274	6495	577990920	real
5274	13557	17137630080419	private_dummy
5275	6593	568238941	real
5275	13558	17137630080419	private_dummy
5276	6593	597775802	real
5276	13559	17137630080419	private_dummy
5277	6487	952881950	real
5277	13560	17137630080419	private_dummy
5278	6509	405465967	real
5278	13561	17137630080419	private_dummy
5279	6556	349558832	real
5279	13562	17137630080419	private_dummy
5280	6595	568238941	real
5280	13563	17137630080419	private_dummy
5281	6595	597775802	real
5281	13564	17137630080419	private_dummy
5282	6486	1211545455	real
5282	13565	17137630080419	private_dummy
5283	6498	489570469	real
5283	6499	546683223	real
5283	13566	17137630080419	private_dummy
5284	6500	332246999	real
5284	6501	332246999	real
5284	13567	17137630080419	private_dummy
5285	6504	489570469	real
5285	13568	17137630080419	private_dummy
5286	6505	326341997	real
5286	6506	326341997	real
5286	13569	17137630080419	private_dummy
5287	6597	763980730	real
5287	13570	17137630080419	private_dummy
5288	6597	896592851	real
5288	13571	17137630080419	private_dummy
5289	6489	628199503	real
5289	13572	17137630080419	private_dummy
5290	6499	546683223	real
5290	13573	17137630080419	private_dummy
5291	6526	382913971	real
5291	6527	382913971	real
5291	13574	17137630080419	private_dummy
5292	6558	501181730	real
5292	13575	17137630080419	private_dummy
5293	6599	568238941	real
5293	13576	17137630080419	private_dummy
5294	6599	700851062	real
5294	13577	17137630080419	private_dummy
5295	6488	726099236	real
5295	13578	17137630080419	private_dummy
5296	6498	726099236	real
5296	13579	17137630080419	private_dummy
5297	6514	300740766	real
5297	6515	300740766	real
5297	13580	17137630080419	private_dummy
5298	6518	371846286	real
5298	6519	371846286	real
5298	13581	17137630080419	private_dummy
5299	6520	326341997	real
5299	6521	326341997	real
5299	13582	17137630080419	private_dummy
5300	6601	861880462	real
5300	13583	17137630080419	private_dummy
5301	6601	562222027	real
5301	13584	17137630080419	private_dummy
5302	6491	597771310	real
5302	6497	597771310	real
5302	13585	17137630080419	private_dummy
5303	6501	332246999	real
5303	13586	17137630080419	private_dummy
5304	6515	300740766	real
5304	13587	17137630080419	private_dummy
5305	6539	855895011	real
5305	13588	17137630080419	private_dummy
5306	6543	546683223	real
5306	13589	17137630080419	private_dummy
5307	6603	633453734	real
5307	13590	17137630080419	private_dummy
5308	6603	286742710	real
5308	13591	17137630080419	private_dummy
5309	6490	568241738	real
5309	6496	568241738	real
5309	13592	17137630080419	private_dummy
5310	6500	332246999	real
5310	13593	17137630080419	private_dummy
5311	6514	371846286	real
5311	13594	17137630080419	private_dummy
5312	6532	556136856	real
5312	13595	17137630080419	private_dummy
5313	6536	685312258	real
5313	13596	17137630080419	private_dummy
5314	6605	646256547	real
5314	13597	17137630080419	private_dummy
5315	6605	286742710	real
5315	13598	17137630080419	private_dummy
5316	6493	798782256	real
5316	13599	17137630080419	private_dummy
5317	6519	371846286	real
5317	6527	371846286	real
5317	13600	17137630080419	private_dummy
5318	6560	856647260	real
5318	13601	17137630080419	private_dummy
5319	6607	773151825	real
5319	13602	17137630080419	private_dummy
5320	6607	232485516	real
5320	13603	17137630080419	private_dummy
5321	6492	670359104	real
5321	13604	17137630080419	private_dummy
5322	6504	381059179	real
5322	6509	381059179	real
5322	13605	17137630080419	private_dummy
5323	6518	300740766	real
5323	6526	300740766	real
5323	13606	17137630080419	private_dummy
5324	6532	670359104	real
5324	6539	727471858	real
5324	13607	17137630080419	private_dummy
5325	6547	582236998	real
5325	6548	639349752	real
5325	13608	17137630080419	private_dummy
5326	6609	672516732	real
5326	13609	17137630080419	private_dummy
5327	6609	232485516	real
5327	13610	17137630080419	private_dummy
5328	6495	568241738	real
5328	13611	17137630080419	private_dummy
5329	6506	350212495	real
5329	13612	17137630080419	private_dummy
5330	6521	444068976	real
5330	13613	17137630080419	private_dummy
5331	6548	639349752	real
5331	13614	17137630080419	private_dummy
5332	6611	672516732	real
5332	13615	17137630080419	private_dummy
5333	6611	405010469	real
5333	13616	17137630080419	private_dummy
5334	6494	1052445090	real
5334	13617	17137630080419	private_dummy
5335	6505	726099236	real
5335	13618	17137630080419	private_dummy
5336	6520	577990920	real
5336	13619	17137630080419	private_dummy
5337	6536	727471858	real
5337	6543	727471858	real
5337	13620	17137630080419	private_dummy
5338	6547	1109557844	real
5338	13621	17137630080419	private_dummy
5339	6613	1003072071	real
5339	13622	17137630080419	private_dummy
5340	6613	462123224	real
5340	13623	17137630080419	private_dummy
5341	6574	654888557	real
5341	6592	611773859	real
5341	13624	17137630080419	private_dummy
5342	6596	679295344	real
5342	13625	17137630080419	private_dummy
5343	6598	576220084	real
5343	13626	17137630080419	private_dummy
5344	6574	757963816	real
5344	6594	714849119	real
5344	13627	17137630080419	private_dummy
5345	6596	757963816	real
5345	13628	17137630080419	private_dummy
5346	6598	576220084	real
5346	13629	17137630080419	private_dummy
5347	6600	540666309	real
5347	13630	17137630080419	private_dummy
5348	6602	679295344	real
5348	13631	17137630080419	private_dummy
5349	6600	540666309	real
5349	13632	17137630080419	private_dummy
5350	6602	679295344	real
5350	13633	17137630080419	private_dummy
5351	6604	450514758	real
5351	13634	17137630080419	private_dummy
5352	6606	343855464	real
5352	13635	17137630080419	private_dummy
5353	6604	450514758	real
5353	13636	17137630080419	private_dummy
5354	6606	343855464	real
5354	13637	17137630080419	private_dummy
5355	6608	325152045	real
5355	13638	17137630080419	private_dummy
5356	6610	383454751	real
5356	13639	17137630080419	private_dummy
5357	6608	325152045	real
5357	13640	17137630080419	private_dummy
5358	6610	383454751	real
5358	13641	17137630080419	private_dummy
5359	6612	579850203	real
5359	13642	17137630080419	private_dummy
5360	6614	636962957	real
5360	13643	17137630080419	private_dummy
5361	6612	579850203	real
5361	13644	17137630080419	private_dummy
5362	6614	636962957	real
5362	13645	17137630080419	private_dummy
5363	6575	265186991	real
5363	13646	17137630080419	private_dummy
5364	6575	322299745	real
5364	13647	17137630080419	private_dummy
5365	6572	733552537	real
5365	6573	461997836	real
5365	13648	17137630080419	private_dummy
5366	6572	733552537	real
5366	6573	576220084	real
5366	13649	17137630080419	private_dummy
5367	737	1111345418	real
5367	738	1111345418	real
5367	750	1111345418	real
5367	13650	17137630080419	private_dummy
5368	4048	1268658209	real
5368	4050	1441183163	real
5368	13651	17137630080419	private_dummy
5369	4046	1124216952	real
5369	13652	17137630080419	private_dummy
5370	4044	1033210972	real
5370	13653	17137630080419	private_dummy
5371	4042	982009973	real
5371	13654	17137630080419	private_dummy
5372	4040	759276436	real
5372	13655	17137630080419	private_dummy
5373	4038	573948669	real
5373	13656	17137630080419	private_dummy
5374	4036	530838463	real
5374	13657	17137630080419	private_dummy
5375	4034	573948669	real
5375	13658	17137630080419	private_dummy
5376	403	1168458172	real
5376	404	1111345418	real
5376	434	1111345418	real
5376	13659	17137630080419	private_dummy
5377	1423	1111345418	real
5377	1424	1111345418	real
5377	1436	1111345418	real
5377	13660	17137630080419	private_dummy
5378	4603	1268658209	real
5378	4605	1441183163	real
5378	13661	17137630080419	private_dummy
5379	4601	1009994705	real
5379	13662	17137630080419	private_dummy
5380	4599	875878519	real
5380	13663	17137630080419	private_dummy
5381	4597	796682206	real
5381	13664	17137630080419	private_dummy
5382	4595	553131802	real
5382	13665	17137630080419	private_dummy
5383	4593	367804034	real
5383	13666	17137630080419	private_dummy
5384	4591	324693828	real
5384	13667	17137630080419	private_dummy
5385	4589	367804034	real
5385	13668	17137630080419	private_dummy
5386	1130	1168458172	real
5386	1131	1111345418	real
5386	1161	1111345418	real
5386	13669	17137630080419	private_dummy
5387	5124	1536494450	real
5387	5126	1647864398	real
5387	13670	17137630080419	private_dummy
5388	5122	1124216952	real
5388	13671	17137630080419	private_dummy
5389	5120	875878519	real
5389	13672	17137630080419	private_dummy
5390	5118	753572000	real
5390	13673	17137630080419	private_dummy
5391	5116	482026282	real
5391	13674	17137630080419	private_dummy
5392	5114	296698515	real
5392	13675	17137630080419	private_dummy
5393	5112	253588309	real
5393	13676	17137630080419	private_dummy
5394	5110	296698515	real
5394	13677	17137630080419	private_dummy
5395	1729	1168458172	real
5395	1730	1111345418	real
5395	1759	1111345418	real
5395	1760	1111345418	real
5395	13678	17137630080419	private_dummy
5396	5611	1536494450	real
5396	5613	1672275677	real
5396	13679	17137630080419	private_dummy
5397	5609	1347326682	real
5397	13680	17137630080419	private_dummy
5398	5607	1033210972	real
5398	13681	17137630080419	private_dummy
5399	5605	796682206	real
5399	13682	17137630080419	private_dummy
5400	5603	482026282	real
5400	13683	17137630080419	private_dummy
5401	5601	296698515	real
5401	13684	17137630080419	private_dummy
5402	5599	253588309	real
5402	13685	17137630080419	private_dummy
5403	5597	296698515	real
5403	13686	17137630080419	private_dummy
5404	2211	1168458172	real
5404	2212	1111345418	real
5404	2240	1111345418	real
5404	2241	1111345418	real
5404	13687	17137630080419	private_dummy
5405	6064	1536494450	real
5405	6066	1732236239	real
5405	13688	17137630080419	private_dummy
5406	6062	1347326682	real
5406	13689	17137630080419	private_dummy
5407	6060	1227292212	real
5407	13690	17137630080419	private_dummy
5408	6058	982009973	real
5408	13691	17137630080419	private_dummy
5409	6056	553131802	real
5409	13692	17137630080419	private_dummy
5410	6054	367804034	real
5410	13693	17137630080419	private_dummy
5411	6052	324693828	real
5411	13694	17137630080419	private_dummy
5412	6050	367804034	real
5412	13695	17137630080419	private_dummy
5413	2585	1168458172	real
5413	2586	1111345418	real
5413	2614	1111345418	real
5413	2615	1111345418	real
5413	13696	17137630080419	private_dummy
5414	6483	1536494450	real
5414	6485	1766132158	real
5414	13697	17137630080419	private_dummy
5415	6481	1347326682	real
5415	13698	17137630080419	private_dummy
5416	6479	1227292212	real
5416	13699	17137630080419	private_dummy
5417	6477	1151478732	real
5417	13700	17137630080419	private_dummy
5418	6475	837944909	real
5418	13701	17137630080419	private_dummy
5419	6473	652617141	real
5419	13702	17137630080419	private_dummy
5420	6471	609506935	real
5420	13703	17137630080419	private_dummy
5421	6469	652617141	real
5421	13704	17137630080419	private_dummy
5422	2877	1168458172	real
5422	2878	1111345418	real
5422	2906	1111345418	real
5422	2907	1111345418	real
5422	13705	17137630080419	private_dummy
5423	409	1869695623	real
5423	410	1869695623	real
5423	741	1869695623	real
5423	13706	17137630080419	private_dummy
5424	1136	1536494450	real
5424	1137	1593607205	real
5424	1427	1536494450	real
5424	13707	17137630080419	private_dummy
5425	1735	1347326682	real
5425	1736	1404439436	real
5425	13708	17137630080419	private_dummy
5426	2217	1227292212	real
5426	2218	1284404966	real
5426	2420	1227292212	real
5426	13709	17137630080419	private_dummy
5427	3165	1184562466	real
5427	3166	1241675220	real
5427	3167	1184562466	real
5427	13710	17137630080419	private_dummy
5428	6616	1536494450	real
5428	13711	17137630080419	private_dummy
5429	6618	1347326682	real
5429	13712	17137630080419	private_dummy
5430	6620	1227292212	real
5430	13713	17137630080419	private_dummy
5431	6513	1151478732	real
5431	13714	17137630080419	private_dummy
5432	6523	1111345418	real
5432	13715	17137630080419	private_dummy
5433	6622	733552537	real
5433	13716	17137630080419	private_dummy
5434	6531	576220084	real
5434	13717	17137630080419	private_dummy
5435	6534	576220084	real
5435	13718	17137630080419	private_dummy
5436	407	1869695623	real
5436	408	1869695623	real
5436	13719	17137630080419	private_dummy
5437	1134	1593607205	real
5437	1135	1593607205	real
5437	13720	17137630080419	private_dummy
5438	1733	1404439436	real
5438	1734	1404439436	real
5438	13721	17137630080419	private_dummy
5439	2215	1284404966	real
5439	2216	1284404966	real
5439	13722	17137630080419	private_dummy
5440	2589	1208591486	real
5440	2590	1208591486	real
5440	2774	1151478732	real
5440	2775	1151478732	real
5440	13723	17137630080419	private_dummy
5441	2881	1168458172	real
5441	2882	1168458172	real
5441	3038	1111345418	real
5441	3039	1111345418	real
5441	13724	17137630080419	private_dummy
5442	3140	1241675220	real
5442	3141	1241675220	real
5442	13725	17137630080419	private_dummy
5443	3144	1338005600	real
5443	3145	1338005600	real
5443	3147	1280892846	real
5443	3148	1280892846	real
5443	13726	17137630080419	private_dummy
5444	3150	1487160959	real
5444	3151	1487160959	real
5444	3153	1430048205	real
5444	3154	1430048205	real
5444	13727	17137630080419	private_dummy
5445	3156	1759226661	real
5445	3157	1759226661	real
5445	3159	1702113907	real
5445	3160	1702113907	real
5445	13728	17137630080419	private_dummy
5446	3114	1111345418	real
5446	3116	1168458172	real
5446	3162	1111345418	real
5446	3163	1111345418	real
5446	13729	17137630080419	private_dummy
5447	414	1869695623	real
5447	415	1869695623	real
5447	743	1869695623	real
5447	13730	17137630080419	private_dummy
5448	1141	1536494450	real
5448	1142	1593607205	real
5448	1429	1536494450	real
5448	13731	17137630080419	private_dummy
5449	1740	1347326682	real
5449	1741	1404439436	real
5449	13732	17137630080419	private_dummy
5450	2595	1151478732	real
5450	2596	1208591486	real
5450	13733	17137630080419	private_dummy
5451	3121	1111345418	real
5451	3122	1111345418	real
5451	3205	1111345418	real
5451	13734	17137630080419	private_dummy
5452	6624	1536494450	real
5452	13735	17137630080419	private_dummy
5453	6626	1347326682	real
5453	13736	17137630080419	private_dummy
5454	6508	1227292212	real
5454	13737	17137630080419	private_dummy
5455	6628	1151478732	real
5455	13738	17137630080419	private_dummy
5456	6525	1111345418	real
5456	13739	17137630080419	private_dummy
5457	6529	840211832	real
5457	13740	17137630080419	private_dummy
5458	6538	576220084	real
5458	13741	17137630080419	private_dummy
5459	6541	461997836	real
5459	13742	17137630080419	private_dummy
5460	412	1869695623	real
5460	413	1869695623	real
5460	13743	17137630080419	private_dummy
5461	1139	1593607205	real
5461	1140	1593607205	real
5461	13744	17137630080419	private_dummy
5462	1738	1404439436	real
5462	1739	1404439436	real
5462	13745	17137630080419	private_dummy
5463	2220	1284404966	real
5463	2221	1284404966	real
5463	2422	1227292212	real
5463	13746	17137630080419	private_dummy
5464	2593	1208591486	real
5464	2594	1208591486	real
5464	2778	1151478732	real
5464	13747	17137630080419	private_dummy
5465	2885	1168458172	real
5465	2886	1168458172	real
5465	3042	1111345418	real
5465	3043	1111345418	real
5465	13748	17137630080419	private_dummy
5466	3140	1184357587	real
5466	3142	1184357587	real
5466	3165	1127244833	real
5466	13749	17137630080419	private_dummy
5467	3179	1338005600	real
5467	3180	1338005600	real
5467	3182	1280892846	real
5467	3183	1280892846	real
5467	13750	17137630080419	private_dummy
5468	3185	1487160959	real
5468	3186	1487160959	real
5468	3188	1430048205	real
5468	3189	1430048205	real
5468	13751	17137630080419	private_dummy
5469	3191	1759226661	real
5469	3192	1759226661	real
5469	3194	1702113907	real
5469	3195	1702113907	real
5469	13752	17137630080419	private_dummy
5470	3118	1111345418	real
5470	3120	1168458172	real
5470	3197	1111345418	real
5470	13753	17137630080419	private_dummy
5471	420	1869695623	real
5471	421	1869695623	real
5471	745	1869695623	real
5471	13754	17137630080419	private_dummy
5472	1147	1536494450	real
5472	1148	1593607205	real
5472	1431	1536494450	real
5472	13755	17137630080419	private_dummy
5473	2227	1227292212	real
5473	2228	1284404966	real
5473	2425	1227292212	real
5473	13756	17137630080419	private_dummy
5474	2892	1111345418	real
5474	2893	1168458172	real
5474	13757	17137630080419	private_dummy
5475	3147	1127244833	real
5475	3149	1184357587	real
5475	3170	1127244833	real
5475	13758	17137630080419	private_dummy
5476	3182	1184562466	real
5476	3184	1241675220	real
5476	13759	17137630080419	private_dummy
5477	6630	1536494450	real
5477	13760	17137630080419	private_dummy
5478	6503	1347326682	real
5478	13761	17137630080419	private_dummy
5479	6632	1227292212	real
5479	13762	17137630080419	private_dummy
5480	6517	1151478732	real
5480	13763	17137630080419	private_dummy
5481	6634	1111345418	real
5481	13764	17137630080419	private_dummy
5482	6636	840211832	real
5482	13765	17137630080419	private_dummy
5483	6638	654884065	real
5483	13766	17137630080419	private_dummy
5484	6545	600626871	real
5484	13767	17137630080419	private_dummy
5485	417	1869695623	real
5485	418	1869695623	real
5485	13768	17137630080419	private_dummy
5486	1144	1593607205	real
5486	1145	1593607205	real
5486	13769	17137630080419	private_dummy
5487	1743	1404439436	real
5487	1744	1404439436	real
5487	1992	1347326682	real
5487	13770	17137630080419	private_dummy
5488	2224	1284404966	real
5488	2225	1284404966	real
5488	13771	17137630080419	private_dummy
5489	2598	1208591486	real
5489	2599	1208591486	real
5489	2780	1151478732	real
5489	2781	1151478732	real
5489	13772	17137630080419	private_dummy
5490	2889	1168458172	real
5490	2890	1168458172	real
5490	3045	1111345418	real
5490	13773	17137630080419	private_dummy
5491	3144	1184357587	real
5491	3146	1184357587	real
5491	13774	17137630080419	private_dummy
5492	3179	1241675220	real
5492	3181	1241675220	real
5492	3200	1184562466	real
5492	13775	17137630080419	private_dummy
5493	3210	1487160959	real
5493	3211	1487160959	real
5493	3213	1430048205	real
5493	3214	1430048205	real
5493	13776	17137630080419	private_dummy
5494	3216	1759226661	real
5494	3217	1759226661	real
5494	3219	1702113907	real
5494	3220	1702113907	real
5494	13777	17137630080419	private_dummy
5495	3123	1111345418	real
5495	3125	1168458172	real
5495	3222	1111345418	real
5495	3223	1111345418	real
5495	13778	17137630080419	private_dummy
5496	426	1869695623	real
5496	427	1869695623	real
5496	747	1869695623	real
5496	13779	17137630080419	private_dummy
5497	1153	1536494450	real
5497	1154	1593607205	real
5497	1433	1536494450	real
5497	13780	17137630080419	private_dummy
5498	1751	1347326682	real
5498	1752	1404439436	real
5498	13781	17137630080419	private_dummy
5499	2606	1151478732	real
5499	2607	1208591486	real
5499	13782	17137630080419	private_dummy
5500	2898	1111345418	real
5500	2899	1168458172	real
5500	13783	17137630080419	private_dummy
5501	3153	1127244833	real
5501	3155	1184357587	real
5501	3172	1127244833	real
5501	13784	17137630080419	private_dummy
5502	3188	1184562466	real
5502	3190	1241675220	real
5502	13785	17137630080419	private_dummy
5503	3213	1280892846	real
5503	3215	1338005600	real
5503	13786	17137630080419	private_dummy
5504	6640	1536494450	real
5504	13787	17137630080419	private_dummy
5505	6642	1347326682	real
5505	13788	17137630080419	private_dummy
5506	6511	1227292212	real
5506	13789	17137630080419	private_dummy
5507	6644	1151478732	real
5507	13790	17137630080419	private_dummy
5508	6646	1111345418	real
5508	13791	17137630080419	private_dummy
5509	6648	840211832	real
5509	13792	17137630080419	private_dummy
5510	6650	654884065	real
5510	13793	17137630080419	private_dummy
5511	6652	611773859	real
5511	13794	17137630080419	private_dummy
5512	423	1869695623	real
5512	424	1869695623	real
5512	13795	17137630080419	private_dummy
5513	1150	1593607205	real
5513	1151	1593607205	real
5513	13796	17137630080419	private_dummy
5514	1748	1404439436	real
5514	1749	1404439436	real
5514	13797	17137630080419	private_dummy
5515	2230	1284404966	real
5515	2231	1284404966	real
5515	2427	1227292212	real
5515	13798	17137630080419	private_dummy
5516	2603	1208591486	real
5516	2604	1208591486	real
5516	2783	1151478732	real
5516	13799	17137630080419	private_dummy
5517	2895	1168458172	real
5517	2896	1168458172	real
5517	3047	1111345418	real
5517	13800	17137630080419	private_dummy
5518	3150	1184357587	real
5518	3152	1184357587	real
5518	13801	17137630080419	private_dummy
5519	3185	1241675220	real
5519	3187	1241675220	real
5519	3202	1184562466	real
5519	13802	17137630080419	private_dummy
5520	3210	1338005600	real
5520	3212	1338005600	real
5520	3226	1280892846	real
5520	13803	17137630080419	private_dummy
5521	3234	1759226661	real
5521	3235	1759226661	real
5521	3237	1702113907	real
5521	3238	1702113907	real
5521	13804	17137630080419	private_dummy
5522	3127	1111345418	real
5522	3129	1190013890	real
5522	3240	1111345418	real
5522	3241	1111345418	real
5522	13805	17137630080419	private_dummy
5523	432	1869695623	real
5523	433	1869695623	real
5523	749	1869695623	real
5523	13806	17137630080419	private_dummy
5524	1159	1536494450	real
5524	1160	1593607205	real
5524	1435	1536494450	real
5524	13807	17137630080419	private_dummy
5525	1757	1347326682	real
5525	1758	1404439436	real
5525	13808	17137630080419	private_dummy
5526	2238	1227292212	real
5526	2239	1284404966	real
5526	2430	1227292212	real
5526	13809	17137630080419	private_dummy
5527	2612	1151478732	real
5527	2613	1208591486	real
5527	13810	17137630080419	private_dummy
5528	2904	1111345418	real
5528	2905	1168458172	real
5528	13811	17137630080419	private_dummy
5529	3159	1127244833	real
5529	3161	1184357587	real
5529	3174	1127244833	real
5529	13812	17137630080419	private_dummy
5530	3194	1184562466	real
5530	3196	1241675220	real
5530	13813	17137630080419	private_dummy
5531	3219	1280892846	real
5531	3221	1338005600	real
5531	13814	17137630080419	private_dummy
5532	3237	1430048205	real
5532	3239	1487160959	real
5532	13815	17137630080419	private_dummy
5533	6654	1536494450	real
5533	13816	17137630080419	private_dummy
5534	6656	1347326682	real
5534	13817	17137630080419	private_dummy
5535	6658	1227292212	real
5535	13818	17137630080419	private_dummy
5536	6660	1151478732	real
5536	13819	17137630080419	private_dummy
5537	6662	1111345418	real
5537	13820	17137630080419	private_dummy
5538	6664	840211832	real
5538	13821	17137630080419	private_dummy
5539	6666	654884065	real
5539	13822	17137630080419	private_dummy
5540	6668	611773859	real
5540	13823	17137630080419	private_dummy
5541	429	1869695623	real
5541	430	1869695623	real
5541	13824	17137630080419	private_dummy
5542	1156	1593607205	real
5542	1157	1593607205	real
5542	13825	17137630080419	private_dummy
5543	1754	1404439436	real
5543	1755	1404439436	real
5543	13826	17137630080419	private_dummy
5544	2235	1284404966	real
5544	2236	1284404966	real
5544	13827	17137630080419	private_dummy
5545	2609	1208591486	real
5545	2610	1208591486	real
5545	2785	1151478732	real
5545	13828	17137630080419	private_dummy
5546	2901	1168458172	real
5546	2902	1168458172	real
5546	3049	1111345418	real
5546	13829	17137630080419	private_dummy
5547	3156	1184357587	real
5547	3158	1184357587	real
5547	13830	17137630080419	private_dummy
5548	3191	1241675220	real
5548	3193	1241675220	real
5548	3204	1184562466	real
5548	13831	17137630080419	private_dummy
5549	3216	1338005600	real
5549	3218	1338005600	real
5549	3228	1280892846	real
5549	13832	17137630080419	private_dummy
5550	3234	1487160959	real
5550	3236	1487160959	real
5550	3244	1430048205	real
5550	13833	17137630080419	private_dummy
5551	3132	1111345418	real
5551	3134	1111345418	real
5551	3250	1111345418	real
5551	3251	1111345418	real
5551	13834	17137630080419	private_dummy
5552	1760	1347326682	real
5552	1761	1404439436	real
5552	13835	17137630080419	private_dummy
5553	2241	1227292212	real
5553	2242	1284404966	real
5553	13836	17137630080419	private_dummy
5554	2615	1151478732	real
5554	2616	1208591486	real
5554	2787	1151478732	real
5554	13837	17137630080419	private_dummy
5555	2907	1111345418	real
5555	2908	1168458172	real
5555	3051	1111345418	real
5555	13838	17137630080419	private_dummy
5556	3162	1127244833	real
5556	3164	1184357587	real
5556	13839	17137630080419	private_dummy
5557	3222	1280892846	real
5557	3224	1338005600	real
5557	3230	1280892846	real
5557	13840	17137630080419	private_dummy
5558	3240	1430048205	real
5558	3242	1487160959	real
5558	3246	1430048205	real
5558	13841	17137630080419	private_dummy
5559	3250	1702113907	real
5559	3252	1759226661	real
5559	3254	1702113907	real
5559	13842	17137630080419	private_dummy
5560	404	1869695623	real
5560	405	1869695623	real
5560	738	1869695623	real
5560	13843	17137630080419	private_dummy
5561	1131	1536494450	real
5561	1132	1536494450	real
5561	1424	1536494450	real
5561	13844	17137630080419	private_dummy
5562	1730	1347326682	real
5562	1731	1347326682	real
5562	13845	17137630080419	private_dummy
5563	2212	1227292212	real
5563	2213	1227292212	real
5563	2417	1227292212	real
5563	13846	17137630080419	private_dummy
5564	2586	1151478732	real
5564	2587	1151478732	real
5564	13847	17137630080419	private_dummy
5565	2878	1111345418	real
5565	2879	1111345418	real
5565	13848	17137630080419	private_dummy
5566	3114	1127244833	real
5566	3115	1127244833	real
5566	13849	17137630080419	private_dummy
5567	3118	1184562466	real
5567	3119	1184562466	real
5567	3121	1184562466	real
5567	13850	17137630080419	private_dummy
5568	3123	1280892846	real
5568	3124	1280892846	real
5568	13851	17137630080419	private_dummy
5569	3127	1430048205	real
5569	3128	1430048205	real
5569	3130	1430048205	real
5569	13852	17137630080419	private_dummy
5570	3132	1702113907	real
5570	3133	1702113907	real
5570	3135	1702113907	real
5570	13853	17137630080419	private_dummy
5571	6586	773151825	real
5571	13854	17137630080419	private_dummy
5572	6586	773151825	real
5572	13855	17137630080419	private_dummy
5573	6587	576220084	real
5573	13856	17137630080419	private_dummy
5574	6587	576220084	real
5574	13857	17137630080419	private_dummy
5575	6588	773151825	real
5575	13858	17137630080419	private_dummy
5576	6588	773151825	real
5576	13859	17137630080419	private_dummy
5577	6589	597771310	real
5577	13860	17137630080419	private_dummy
5578	6589	654884065	real
5578	13861	17137630080419	private_dummy
5579	6590	543514117	real
5579	13862	17137630080419	private_dummy
5580	6590	600626871	real
5580	13863	17137630080419	private_dummy
5581	6591	716039070	real
5581	13864	17137630080419	private_dummy
5582	6591	716039070	real
5582	13865	17137630080419	private_dummy
5583	3300	1430048205	real
5583	13866	17137630080419	private_dummy
5584	3292	1280892846	real
5584	13867	17137630080419	private_dummy
5585	3280	1184562466	real
5585	13868	17137630080419	private_dummy
5586	2921	1111345418	real
5586	13869	17137630080419	private_dummy
5587	2629	1151478732	real
5587	13870	17137630080419	private_dummy
5588	1780	1347326682	real
5588	13871	17137630080419	private_dummy
5589	3290	1280892846	real
5589	13872	17137630080419	private_dummy
5590	3278	1184562466	real
5590	13873	17137630080419	private_dummy
5591	2919	1111345418	real
5591	13874	17137630080419	private_dummy
5592	2627	1151478732	real
5592	13875	17137630080419	private_dummy
5593	1777	1347326682	real
5593	13876	17137630080419	private_dummy
5594	3276	1184562466	real
5594	13877	17137630080419	private_dummy
5595	2917	1111345418	real
5595	13878	17137630080419	private_dummy
5596	2625	1151478732	real
5596	13879	17137630080419	private_dummy
5597	3126	1103469220	real
5597	13880	17137630080419	private_dummy
5598	2915	1111345418	real
5598	13881	17137630080419	private_dummy
5599	2623	1151478732	real
5599	13882	17137630080419	private_dummy
5600	1770	1347326682	real
5600	13883	17137630080419	private_dummy
5601	3122	1103469220	real
5601	13884	17137630080419	private_dummy
5602	3117	1103469220	real
5602	13885	17137630080419	private_dummy
5603	3036	1103469220	real
5603	13886	17137630080419	private_dummy
5604	2772	1103469220	real
5604	13887	17137630080419	private_dummy
5605	2256	1227292212	real
5605	13888	17137630080419	private_dummy
5606	1987	1103469220	real
5606	13889	17137630080419	private_dummy
5607	1423	1103469220	real
5607	13890	17137630080419	private_dummy
5608	737	1103469220	real
5608	13891	17137630080419	private_dummy
5609	6721	914949965	real
5609	13892	17137630080419	private_dummy
5610	6719	473731594	real
5610	13893	17137630080419	private_dummy
5611	6724	664222044	real
5611	13894	17137630080419	private_dummy
5612	6724	603067038	real
5612	13895	17137630080419	private_dummy
5613	6709	114222248	real
5613	13896	17137630080419	private_dummy
5614	6715	348368880	real
5614	6716	348368880	real
5614	13897	17137630080419	private_dummy
5615	6705	92666530	real
5615	6706	231295564	real
5615	13898	17137630080419	private_dummy
5616	6707	285552758	real
5616	13899	17137630080419	private_dummy
5617	6731	209739846	real
5617	13900	17137630080419	private_dummy
5618	6706	445740772	real
5618	13901	17137630080419	private_dummy
5619	6713	652617141	real
5619	13902	17137630080419	private_dummy
5620	6733	539597253	real
5620	13903	17137630080419	private_dummy
5621	6705	347364688	real
5621	13904	17137630080419	private_dummy
5622	6711	129410256	real
5622	13905	17137630080419	private_dummy
5623	6735	754689937	real
5623	13906	17137630080419	private_dummy
5624	6720	383454751	real
5624	13907	17137630080419	private_dummy
5625	6717	625354492	real
5625	6718	625354492	real
5625	13908	17137630080419	private_dummy
5626	6707	516840406	real
5626	6709	516840406	real
5626	13909	17137630080419	private_dummy
5627	6711	232027299	real
5627	6713	446472507	real
5627	13910	17137630080419	private_dummy
5628	6738	713772147	real
5628	13911	17137630080419	private_dummy
5629	6726	624622757	real
5629	13912	17137630080419	private_dummy
5630	6726	603067038	real
5630	13913	17137630080419	private_dummy
5631	6724	624622757	real
5631	6725	388628018	real
5631	6730	231295564	real
5631	13914	17137630080419	private_dummy
5632	6734	540250916	real
5632	13915	17137630080419	private_dummy
5633	6736	249998983	real
5633	13916	17137630080419	private_dummy
5634	6724	657324232	real
5634	6725	559958528	real
5634	6732	402626074	real
5634	13917	17137630080419	private_dummy
5635	6734	711581426	real
5635	13918	17137630080419	private_dummy
5636	6736	249998983	real
5636	13919	17137630080419	private_dummy
5637	6723	402626074	real
5637	13920	17137630080419	private_dummy
5638	6737	343855464	real
5638	13921	17137630080419	private_dummy
5639	6739	554248972	real
5639	13922	17137630080419	private_dummy
5640	6723	402626074	real
5640	13923	17137630080419	private_dummy
5641	6737	343855464	real
5641	13924	17137630080419	private_dummy
5642	6739	554248972	real
5642	13925	17137630080419	private_dummy
5643	6722	617071282	real
5643	13926	17137630080419	private_dummy
5644	6722	657324232	real
5644	13927	17137630080419	private_dummy
5645	6680	405465967	real
5645	6681	405465967	real
5645	13928	17137630080419	private_dummy
5646	6708	501181730	real
5646	13929	17137630080419	private_dummy
5647	6704	696462506	real
5647	13930	17137630080419	private_dummy
5648	6704	718018225	real
5648	13931	17137630080419	private_dummy
5649	6670	798782256	real
5649	6671	855895011	real
5649	13932	17137630080419	private_dummy
5650	6672	382913971	real
5650	6673	382913971	real
5650	13933	17137630080419	private_dummy
5651	6674	628199503	real
5651	6675	628199503	real
5651	13934	17137630080419	private_dummy
5652	6676	895769196	real
5652	6677	895769196	real
5652	13935	17137630080419	private_dummy
5653	6678	625354492	real
5653	6679	625354492	real
5653	13936	17137630080419	private_dummy
5654	6747	603795977	real
5654	13937	17137630080419	private_dummy
5655	6747	625351696	real
5655	13938	17137630080419	private_dummy
5656	6671	855895011	real
5656	13939	17137630080419	private_dummy
5657	6689	459723160	real
5657	13940	17137630080419	private_dummy
5658	6710	407325250	real
5658	13941	17137630080419	private_dummy
5659	6749	603795977	real
5659	13942	17137630080419	private_dummy
5660	6749	625351696	real
5660	13943	17137630080419	private_dummy
5661	6670	1052445090	real
5661	13944	17137630080419	private_dummy
5662	6682	225581517	real
5662	6683	282694271	real
5662	13945	17137630080419	private_dummy
5663	6684	313543580	real
5663	6685	313543580	real
5663	13946	17137630080419	private_dummy
5664	6686	525124244	real
5664	13947	17137630080419	private_dummy
5665	6687	407325250	real
5665	6688	407325250	real
5665	13948	17137630080419	private_dummy
5666	6751	696462506	real
5666	13949	17137630080419	private_dummy
5667	6751	810684754	real
5667	13950	17137630080419	private_dummy
5668	6673	568241738	real
5668	13951	17137630080419	private_dummy
5669	6683	396916519	real
5669	13952	17137630080419	private_dummy
5670	6696	525124244	real
5670	6697	525124244	real
5670	13953	17137630080419	private_dummy
5671	6712	713772147	real
5671	13954	17137630080419	private_dummy
5672	6753	475584991	real
5672	13955	17137630080419	private_dummy
5673	6753	521547497	real
5673	13956	17137630080419	private_dummy
5674	6672	670359104	real
5674	13957	17137630080419	private_dummy
5675	6682	670359104	real
5675	13958	17137630080419	private_dummy
5676	6690	313543580	real
5676	6691	370656334	real
5676	13959	17137630080419	private_dummy
5677	6692	438906293	real
5677	6693	438906293	real
5677	13960	17137630080419	private_dummy
5678	6694	501181730	real
5678	6695	501181730	real
5678	13961	17137630080419	private_dummy
5679	6755	806140331	real
5679	13962	17137630080419	private_dummy
5680	6755	325805708	real
5680	13963	17137630080419	private_dummy
5681	6675	628199503	real
5681	6681	628199503	real
5681	13964	17137630080419	private_dummy
5682	6685	313543580	real
5682	13965	17137630080419	private_dummy
5683	6691	256434086	real
5683	13966	17137630080419	private_dummy
5684	6700	952881950	real
5684	13967	17137630080419	private_dummy
5685	6701	381059179	real
5685	13968	17137630080419	private_dummy
5686	6757	606657260	real
5686	13969	17137630080419	private_dummy
5687	6757	192886229	real
5687	13970	17137630080419	private_dummy
5688	6674	577990920	real
5688	6680	577990920	real
5688	13971	17137630080419	private_dummy
5689	6684	300740766	real
5689	13972	17137630080419	private_dummy
5690	6690	371846286	real
5690	13973	17137630080419	private_dummy
5691	6698	647430763	real
5691	13974	17137630080419	private_dummy
5692	6699	405465967	real
5692	13975	17137630080419	private_dummy
5693	6759	593854447	real
5693	13976	17137630080419	private_dummy
5694	6759	192886229	real
5694	13977	17137630080419	private_dummy
5695	6677	895769196	real
5695	13978	17137630080419	private_dummy
5696	6693	253578526	real
5696	6697	253578526	real
5696	13979	17137630080419	private_dummy
5697	6714	713772147	real
5697	13980	17137630080419	private_dummy
5698	6761	818237924	real
5698	13981	17137630080419	private_dummy
5699	6761	286742710	real
5699	13982	17137630080419	private_dummy
5700	6676	726099236	real
5700	13983	17137630080419	private_dummy
5701	6686	381059179	real
5701	6689	381059179	real
5701	13984	17137630080419	private_dummy
5702	6692	174914545	real
5702	6696	174914545	real
5702	13985	17137630080419	private_dummy
5703	6698	726099236	real
5703	6700	783211990	real
5703	13986	17137630080419	private_dummy
5704	6702	459723160	real
5704	6703	595504387	real
5704	13987	17137630080419	private_dummy
5705	6763	674172860	real
5705	13988	17137630080419	private_dummy
5706	6763	286742710	real
5706	13989	17137630080419	private_dummy
5707	6679	654884065	real
5707	13990	17137630080419	private_dummy
5708	6688	483553555	real
5708	13991	17137630080419	private_dummy
5709	6695	501181730	real
5709	13992	17137630080419	private_dummy
5710	6703	595504387	real
5710	13993	17137630080419	private_dummy
5711	6765	771961873	real
5711	13994	17137630080419	private_dummy
5712	6765	521547497	real
5712	13995	17137630080419	private_dummy
5713	6678	1109557844	real
5713	13996	17137630080419	private_dummy
5714	6687	727471858	real
5714	13997	17137630080419	private_dummy
5715	6694	428959040	real
5715	13998	17137630080419	private_dummy
5716	6699	726099236	real
5716	6701	726099236	real
5716	13999	17137630080419	private_dummy
5717	6702	1211545455	real
5717	14000	17137630080419	private_dummy
5718	6767	909215591	real
5718	14001	17137630080419	private_dummy
5719	6767	521547497	real
5719	14002	17137630080419	private_dummy
5720	6728	639349752	real
5720	6746	639349752	real
5720	14003	17137630080419	private_dummy
5721	6750	639349752	real
5721	14004	17137630080419	private_dummy
5722	6752	525127505	real
5722	14005	17137630080419	private_dummy
5723	6728	742425012	real
5723	6748	742425012	real
5723	14006	17137630080419	private_dummy
5724	6750	718018225	real
5724	14007	17137630080419	private_dummy
5725	6752	525127505	real
5725	14008	17137630080419	private_dummy
5726	6754	639349752	real
5726	14009	17137630080419	private_dummy
5727	6756	382913971	real
5727	14010	17137630080419	private_dummy
5728	6754	639349752	real
5728	14011	17137630080419	private_dummy
5729	6756	382913971	real
5729	14012	17137630080419	private_dummy
5730	6758	265186991	real
5730	14013	17137630080419	private_dummy
5731	6760	231291072	real
5731	14014	17137630080419	private_dummy
5732	6758	265186991	real
5732	14015	17137630080419	private_dummy
5733	6760	231291072	real
5733	14016	17137630080419	private_dummy
5734	6762	265186991	real
5734	14017	17137630080419	private_dummy
5735	6764	382913971	real
5735	14018	17137630080419	private_dummy
5736	6762	265186991	real
5736	14019	17137630080419	private_dummy
5737	6764	382913971	real
5737	14020	17137630080419	private_dummy
5738	6766	516835914	real
5738	14021	17137630080419	private_dummy
5739	6768	600626871	real
5739	14022	17137630080419	private_dummy
5740	6766	516835914	real
5740	14023	17137630080419	private_dummy
5741	6768	600626871	real
5741	14024	17137630080419	private_dummy
5742	6729	277989805	real
5742	14025	17137630080419	private_dummy
5743	6729	416618840	real
5743	14026	17137630080419	private_dummy
5744	6726	603067038	real
5744	6727	385769531	real
5744	14027	17137630080419	private_dummy
5745	6726	603067038	real
5745	6727	464438004	real
5745	14028	17137630080419	private_dummy
5746	3135	1103469220	real
5746	3136	1103469220	real
5746	14029	17137630080419	private_dummy
5747	3299	1487160959	real
5747	3301	1430048205	real
5747	14030	17137630080419	private_dummy
5748	3291	1338005600	real
5748	3296	1280892846	real
5748	14031	17137630080419	private_dummy
5749	3279	1241675220	real
5749	3286	1184562466	real
5749	14032	17137630080419	private_dummy
5750	3264	1184357587	real
5750	3265	1127244833	real
5750	3272	1127244833	real
5750	14033	17137630080419	private_dummy
5751	2920	1168458172	real
5751	3059	1111345418	real
5751	14034	17137630080419	private_dummy
5752	2628	1208591486	real
5752	2795	1151478732	real
5752	14035	17137630080419	private_dummy
5753	2254	1284404966	real
5753	2255	1227292212	real
5753	2439	1227292212	real
5753	14036	17137630080419	private_dummy
5754	1778	1404439436	real
5754	1779	1347326682	real
5754	2002	1347326682	real
5754	14037	17137630080419	private_dummy
5755	1174	1593607205	real
5755	1175	1536494450	real
5755	1444	1536494450	real
5755	14038	17137630080419	private_dummy
5756	446	1869695623	real
5756	447	1869695623	real
5756	759	1869695623	real
5756	14039	17137630080419	private_dummy
5757	3133	1103469220	real
5757	3134	1103469220	real
5757	14040	17137630080419	private_dummy
5758	6770	1109557844	real
5758	14041	17137630080419	private_dummy
5759	6772	934563483	real
5759	14042	17137630080419	private_dummy
5760	6774	830547118	real
5760	14043	17137630080419	private_dummy
5761	6776	558294485	real
5761	14044	17137630080419	private_dummy
5762	6778	428959040	real
5762	14045	17137630080419	private_dummy
5763	6780	335102559	real
5763	14046	17137630080419	private_dummy
5764	6782	335102559	real
5764	14047	17137630080419	private_dummy
5765	6784	428959040	real
5765	14048	17137630080419	private_dummy
5766	3301	1702113907	real
5766	3302	1702113907	real
5766	14049	17137630080419	private_dummy
5767	3130	1103469220	real
5767	3131	1103469220	real
5767	14050	17137630080419	private_dummy
5768	3299	1759226661	real
5768	14051	17137630080419	private_dummy
5769	3289	1338005600	real
5769	3294	1280892846	real
5769	14052	17137630080419	private_dummy
5770	3277	1241675220	real
5770	3284	1184562466	real
5770	14053	17137630080419	private_dummy
5771	3262	1184357587	real
5771	3263	1127244833	real
5771	3270	1127244833	real
5771	14054	17137630080419	private_dummy
5772	2918	1168458172	real
5772	3057	1111345418	real
5772	14055	17137630080419	private_dummy
5773	2626	1208591486	real
5773	2793	1151478732	real
5773	14056	17137630080419	private_dummy
5774	2252	1284404966	real
5774	2253	1227292212	real
5774	2437	1227292212	real
5774	14057	17137630080419	private_dummy
5775	1775	1404439436	real
5775	1776	1347326682	real
5775	2000	1347326682	real
5775	14058	17137630080419	private_dummy
5776	1172	1593607205	real
5776	1173	1536494450	real
5776	1442	1536494450	real
5776	14059	17137630080419	private_dummy
5777	444	1869695623	real
5777	445	1869695623	real
5777	757	1869695623	real
5777	14060	17137630080419	private_dummy
5778	3128	1103469220	real
5778	3129	1182137693	real
5778	14061	17137630080419	private_dummy
5779	6787	1245339071	real
5779	14062	17137630080419	private_dummy
5780	6789	934563483	real
5780	14063	17137630080419	private_dummy
5781	6791	770586556	real
5781	14064	17137630080419	private_dummy
5782	6793	464438004	real
5782	14065	17137630080419	private_dummy
5783	6795	322299745	real
5783	14066	17137630080419	private_dummy
5784	6797	228443265	real
5784	14067	17137630080419	private_dummy
5785	6799	228443265	real
5785	14068	17137630080419	private_dummy
5786	6801	322299745	real
5786	14069	17137630080419	private_dummy
5787	3296	1702113907	real
5787	3297	1702113907	real
5787	14070	17137630080419	private_dummy
5788	3294	1430048205	real
5788	3295	1430048205	real
5788	14071	17137630080419	private_dummy
5789	1773	1347326682	real
5789	1774	1347326682	real
5789	14072	17137630080419	private_dummy
5790	3291	1759226661	real
5790	14073	17137630080419	private_dummy
5791	3289	1487160959	real
5791	14074	17137630080419	private_dummy
5792	3275	1241675220	real
5792	3282	1184562466	real
5792	14075	17137630080419	private_dummy
5793	3260	1184357587	real
5793	3261	1127244833	real
5793	3268	1127244833	real
5793	14076	17137630080419	private_dummy
5794	2916	1168458172	real
5794	3055	1111345418	real
5794	14077	17137630080419	private_dummy
5795	2624	1208591486	real
5795	2791	1151478732	real
5795	14078	17137630080419	private_dummy
5796	2250	1284404966	real
5796	2251	1227292212	real
5796	2435	1227292212	real
5796	14079	17137630080419	private_dummy
5797	1771	1404439436	real
5797	1772	1347326682	real
5797	14080	17137630080419	private_dummy
5798	1170	1593607205	real
5798	1171	1536494450	real
5798	1440	1536494450	real
5798	14081	17137630080419	private_dummy
5799	442	1869695623	real
5799	443	1869695623	real
5799	755	1869695623	real
5799	14082	17137630080419	private_dummy
5800	3124	1103469220	real
5800	3125	1160581975	real
5800	3293	1103469220	real
5800	14083	17137630080419	private_dummy
5801	6804	1430048205	real
5801	14084	17137630080419	private_dummy
5802	6806	1130305272	real
5802	14085	17137630080419	private_dummy
5803	6808	830547118	real
5803	14086	17137630080419	private_dummy
5804	6810	464438004	real
5804	14087	17137630080419	private_dummy
5805	6812	303596327	real
5805	14088	17137630080419	private_dummy
5806	6814	209739846	real
5806	14089	17137630080419	private_dummy
5807	6816	209739846	real
5807	14090	17137630080419	private_dummy
5808	6818	303596327	real
5808	14091	17137630080419	private_dummy
5809	3286	1702113907	real
5809	3287	1702113907	real
5809	14092	17137630080419	private_dummy
5810	3284	1430048205	real
5810	3285	1430048205	real
5810	14093	17137630080419	private_dummy
5811	3282	1280892846	real
5811	3283	1280892846	real
5811	14094	17137630080419	private_dummy
5812	3259	1127244833	real
5812	14095	17137630080419	private_dummy
5813	2249	1227292212	real
5813	14096	17137630080419	private_dummy
5814	1169	1536494450	real
5814	14097	17137630080419	private_dummy
5815	3279	1759226661	real
5815	14098	17137630080419	private_dummy
5816	3277	1487160959	real
5816	14099	17137630080419	private_dummy
5817	3275	1338005600	real
5817	14100	17137630080419	private_dummy
5818	3256	1184357587	real
5818	3258	1127244833	real
5818	14101	17137630080419	private_dummy
5819	2914	1168458172	real
5819	3053	1111345418	real
5819	14102	17137630080419	private_dummy
5820	2622	1208591486	real
5820	2789	1151478732	real
5820	14103	17137630080419	private_dummy
5821	2247	1284404966	real
5821	2248	1227292212	real
5821	14104	17137630080419	private_dummy
5822	1768	1404439436	real
5822	1769	1347326682	real
5822	1997	1347326682	real
5822	14105	17137630080419	private_dummy
5823	1167	1593607205	real
5823	1168	1536494450	real
5823	14106	17137630080419	private_dummy
5824	440	1869695623	real
5824	441	1869695623	real
5824	753	1869695623	real
5824	14107	17137630080419	private_dummy
5825	3119	1103469220	real
5825	3120	1160581975	real
5825	3281	1103469220	real
5825	14108	17137630080419	private_dummy
5826	6821	1430048205	real
5826	14109	17137630080419	private_dummy
5827	6823	1280892846	real
5827	14110	17137630080419	private_dummy
5828	6825	1060184826	real
5828	14111	17137630080419	private_dummy
5829	6827	558294485	real
5829	14112	17137630080419	private_dummy
5830	6829	361899033	real
5830	14113	17137630080419	private_dummy
5831	6831	268042552	real
5831	14114	17137630080419	private_dummy
5832	6833	268042552	real
5832	14115	17137630080419	private_dummy
5833	6835	361899033	real
5833	14116	17137630080419	private_dummy
5834	3272	1702113907	real
5834	3273	1702113907	real
5834	14117	17137630080419	private_dummy
5835	3270	1430048205	real
5835	3271	1430048205	real
5835	14118	17137630080419	private_dummy
5836	3268	1280892846	real
5836	3269	1280892846	real
5836	14119	17137630080419	private_dummy
5837	2911	1111345418	real
5837	2912	1111345418	real
5837	14120	17137630080419	private_dummy
5838	2619	1151478732	real
5838	2620	1151478732	real
5838	14121	17137630080419	private_dummy
5839	1765	1347326682	real
5839	1766	1347326682	real
5839	14122	17137630080419	private_dummy
5840	3264	1759226661	real
5840	14123	17137630080419	private_dummy
5841	3262	1487160959	real
5841	14124	17137630080419	private_dummy
5842	3260	1338005600	real
5842	14125	17137630080419	private_dummy
5843	3256	1241675220	real
5843	3257	1184562466	real
5843	3259	1184562466	real
5843	14126	17137630080419	private_dummy
5844	2910	1168458172	real
5844	14127	17137630080419	private_dummy
5845	2618	1208591486	real
5845	14128	17137630080419	private_dummy
5846	2244	1284404966	real
5846	2245	1227292212	real
5846	2432	1227292212	real
5846	14129	17137630080419	private_dummy
5847	1763	1404439436	real
5847	1764	1347326682	real
5847	14130	17137630080419	private_dummy
5848	1164	1593607205	real
5848	1165	1536494450	real
5848	1437	1536494450	real
5848	14131	17137630080419	private_dummy
5849	437	1869695623	real
5849	438	1869695623	real
5849	751	1869695623	real
5849	14132	17137630080419	private_dummy
5850	3115	1103469220	real
5850	3116	1160581975	real
5850	3266	1103469220	real
5850	14133	17137630080419	private_dummy
5851	6838	1430048205	real
5851	14134	17137630080419	private_dummy
5852	6840	1280892846	real
5852	14135	17137630080419	private_dummy
5853	6842	1184562466	real
5853	14136	17137630080419	private_dummy
5854	6844	926024938	real
5854	14137	17137630080419	private_dummy
5855	6846	672516732	real
5855	14138	17137630080419	private_dummy
5856	6848	578660251	real
5856	14139	17137630080419	private_dummy
5857	6850	578660251	real
5857	14140	17137630080419	private_dummy
5858	6852	672516732	real
5858	14141	17137630080419	private_dummy
5859	2877	1160581975	real
5859	2879	1103469220	real
5859	2922	1103469220	real
5859	14142	17137630080419	private_dummy
5860	6129	1430048205	real
5860	6132	1602573158	real
5860	14143	17137630080419	private_dummy
5861	6126	1280892846	real
5861	14144	17137630080419	private_dummy
5862	6228	1184562466	real
5862	14145	17137630080419	private_dummy
5863	6226	1127244833	real
5863	14146	17137630080419	private_dummy
5864	6110	806438676	real
5864	14147	17137630080419	private_dummy
5865	6224	576800968	real
5865	14148	17137630080419	private_dummy
5866	6222	516840406	real
5866	14149	17137630080419	private_dummy
5867	6220	576800968	real
5867	14150	17137630080419	private_dummy
5868	2585	1160581975	real
5868	2587	1103469220	real
5868	2630	1103469220	real
5868	14151	17137630080419	private_dummy
5869	5700	1430048205	real
5869	5703	1602573158	real
5869	14152	17137630080419	private_dummy
5870	5697	1280892846	real
5870	14153	17137630080419	private_dummy
5871	5809	1184562466	real
5871	14154	17137630080419	private_dummy
5872	5807	1127244833	real
5872	14155	17137630080419	private_dummy
5873	5676	888611881	real
5873	14156	17137630080419	private_dummy
5874	5805	519691475	real
5874	14157	17137630080419	private_dummy
5875	5803	402618159	real
5875	14158	17137630080419	private_dummy
5876	5801	402618159	real
5876	14159	17137630080419	private_dummy
5877	2416	1103469220	real
5877	2417	1103469220	real
5877	14160	17137630080419	private_dummy
5878	2211	1160581975	real
5878	2213	1103469220	real
5878	14161	17137630080419	private_dummy
5879	5237	1430048205	real
5879	5240	1602573158	real
5879	14162	17137630080419	private_dummy
5880	5234	1280892846	real
5880	14163	17137630080419	private_dummy
5881	5356	1184562466	real
5881	14164	17137630080419	private_dummy
5882	5354	1127244833	real
5882	14165	17137630080419	private_dummy
5883	5213	888611881	real
5883	14166	17137630080419	private_dummy
5884	5352	692216429	real
5884	14167	17137630080419	private_dummy
5885	5350	495284688	real
5885	14168	17137630080419	private_dummy
5886	5348	462578721	real
5886	14169	17137630080419	private_dummy
5887	1729	1160581975	real
5887	1731	1103469220	real
5887	1781	1103469220	real
5887	14170	17137630080419	private_dummy
5888	4746	1430048205	real
5888	4749	1602573158	real
5888	14171	17137630080419	private_dummy
5889	4743	1280892846	real
5889	14172	17137630080419	private_dummy
5890	4869	1184562466	real
5890	14173	17137630080419	private_dummy
5891	4867	1127244833	real
5891	14174	17137630080419	private_dummy
5892	4722	888611881	real
5892	14175	17137630080419	private_dummy
5893	4865	692216429	real
5893	14176	17137630080419	private_dummy
5894	4863	633913723	real
5894	14177	17137630080419	private_dummy
5895	4861	573948669	real
5895	14178	17137630080419	private_dummy
5896	1130	1160581975	real
5896	1132	1103469220	real
5896	1176	1103469220	real
5896	14179	17137630080419	private_dummy
5897	4225	1430048205	real
5897	4228	1602573158	real
5897	14180	17137630080419	private_dummy
5898	4222	1280892846	real
5898	14181	17137630080419	private_dummy
5899	4348	1184562466	real
5899	14182	17137630080419	private_dummy
5900	4346	1127244833	real
5900	14183	17137630080419	private_dummy
5901	4201	888611881	real
5901	14184	17137630080419	private_dummy
5902	4344	692216429	real
5902	14185	17137630080419	private_dummy
5903	4342	633913723	real
5903	14186	17137630080419	private_dummy
5904	4340	652617141	real
5904	14187	17137630080419	private_dummy
5905	403	1160581975	real
5905	405	1103469220	real
5905	448	1103469220	real
5905	14188	17137630080419	private_dummy
5906	3670	1430048205	real
5906	3673	1602573158	real
5906	14189	17137630080419	private_dummy
5907	3667	1280892846	real
5907	14190	17137630080419	private_dummy
5908	3793	1184562466	real
5908	14191	17137630080419	private_dummy
5909	3791	1127244833	real
5909	14192	17137630080419	private_dummy
5910	3646	888611881	real
5910	14193	17137630080419	private_dummy
5911	3789	692216429	real
5911	14194	17137630080419	private_dummy
5912	3787	633913723	real
5912	14195	17137630080419	private_dummy
5913	3785	652617141	real
5913	14196	17137630080419	private_dummy
5914	3293	1280892846	real
5914	14197	17137630080419	private_dummy
5915	3281	1184562466	real
5915	14198	17137630080419	private_dummy
5916	3266	1127244833	real
5916	3267	1127244833	real
5916	14199	17137630080419	private_dummy
5917	2922	1111345418	real
5917	14200	17137630080419	private_dummy
5918	2630	1151478732	real
5918	14201	17137630080419	private_dummy
5919	1781	1347326682	real
5919	1782	1347326682	real
5919	14202	17137630080419	private_dummy
5920	1176	1536494450	real
5920	1177	1536494450	real
5920	14203	17137630080419	private_dummy
5921	448	1869695623	real
5921	449	1869695623	real
5921	14204	17137630080419	private_dummy
5922	6740	796682206	real
5922	14205	17137630080419	private_dummy
5923	6740	796682206	real
5923	14206	17137630080419	private_dummy
5924	6741	639349752	real
5924	14207	17137630080419	private_dummy
5925	6741	639349752	real
5925	14208	17137630080419	private_dummy
5926	6742	568241738	real
5926	14209	17137630080419	private_dummy
5927	6742	568241738	real
5927	14210	17137630080419	private_dummy
5928	6743	541247193	real
5928	14211	17137630080419	private_dummy
5929	6743	484134439	real
5929	14212	17137630080419	private_dummy
5930	6744	635103674	real
5930	14213	17137630080419	private_dummy
5931	6744	577990920	real
5931	14214	17137630080419	private_dummy
5932	6745	754689937	real
5932	14215	17137630080419	private_dummy
5933	6745	754689937	real
5933	14216	17137630080419	private_dummy
5934	477	1869695623	real
5934	14217	17137630080419	private_dummy
5935	1205	1593607205	real
5935	14218	17137630080419	private_dummy
5936	1795	1404439436	real
5936	2009	1347326682	real
5936	14219	17137630080419	private_dummy
5937	2003	1151478732	real
5937	2014	1151478732	real
5937	14220	17137630080419	private_dummy
5938	2263	1284404966	real
5938	14221	17137630080419	private_dummy
5939	2274	1284404966	real
5939	14222	17137630080419	private_dummy
5940	2440	1151478732	real
5940	2453	1151478732	real
5940	14223	17137630080419	private_dummy
5941	2643	1208591486	real
5941	2802	1151478732	real
5941	14224	17137630080419	private_dummy
5942	2796	1151478732	real
5942	2807	1151478732	real
5942	14225	17137630080419	private_dummy
5943	2929	1168458172	real
5943	3065	1111345418	real
5943	14226	17137630080419	private_dummy
5944	3060	1151478732	real
5944	3075	1151478732	real
5944	14227	17137630080419	private_dummy
5945	3143	1160581975	real
5945	14228	17137630080419	private_dummy
5946	3255	1151478732	real
5946	3266	1151478732	real
5946	14229	17137630080419	private_dummy
5947	3345	1338005600	real
5947	14230	17137630080419	private_dummy
5948	3347	1487160959	real
5948	14231	17137630080419	private_dummy
5949	3349	1759226661	real
5949	14232	17137630080419	private_dummy
5950	3344	1241675220	real
5950	3352	1184562466	real
5950	14233	17137630080419	private_dummy
5951	3370	1487160959	real
5951	14234	17137630080419	private_dummy
5952	3372	1759226661	real
5952	14235	17137630080419	private_dummy
5953	3312	1151478732	real
5953	3374	1151478732	real
5953	14236	17137630080419	private_dummy
5954	3387	1759226661	real
5954	14237	17137630080419	private_dummy
5955	3317	1151478732	real
5955	3389	1151478732	real
5955	14238	17137630080419	private_dummy
5956	3322	1151478732	real
5956	3396	1151478732	real
5956	14239	17137630080419	private_dummy
5957	6926	775591992	real
5957	14240	17137630080419	private_dummy
5958	6924	515185974	real
5958	14241	17137630080419	private_dummy
5959	6929	884804312	real
5959	14242	17137630080419	private_dummy
5960	6929	996174260	real
5960	14243	17137630080419	private_dummy
5961	6914	93856481	real
5961	14244	17137630080419	private_dummy
5962	6920	518695198	real
5962	6921	518695198	real
5962	14245	17137630080419	private_dummy
5963	6910	111369948	real
5963	6911	282700458	real
5963	14246	17137630080419	private_dummy
5964	6912	424173877	real
5964	14247	17137630080419	private_dummy
5965	6936	282700458	real
5965	14248	17137630080419	private_dummy
5966	6911	282700458	real
5966	14249	17137630080419	private_dummy
5967	6918	622182589	real
5967	14250	17137630080419	private_dummy
5968	6938	322299745	real
5968	14251	17137630080419	private_dummy
5969	6910	761132923	real
5969	14252	17137630080419	private_dummy
5970	6916	229637708	real
5970	14253	17137630080419	private_dummy
5971	6940	1383315512	real
5971	14254	17137630080419	private_dummy
5972	6925	289598270	real
5972	14255	17137630080419	private_dummy
5973	6922	460928780	real
5973	6923	460928780	real
5973	14256	17137630080419	private_dummy
5974	6912	347364688	real
5974	6914	347364688	real
5974	14257	17137630080419	private_dummy
5975	6916	150969236	real
5975	6918	210929798	real
5975	14258	17137630080419	private_dummy
5976	6943	636962957	real
5976	14259	17137630080419	private_dummy
5977	6931	963472784	real
5977	14260	17137630080419	private_dummy
5978	6931	884804312	real
5978	14261	17137630080419	private_dummy
5979	6929	1003072071	real
5979	6930	633453734	real
5979	6935	343855464	real
5979	14262	17137630080419	private_dummy
5980	6939	672516732	real
5980	14263	17137630080419	private_dummy
5981	6941	343855464	real
5981	14264	17137630080419	private_dummy
5982	6929	1018726256	real
5982	6930	963771130	real
5982	6937	595504387	real
5982	14265	17137630080419	private_dummy
5983	6939	948116945	real
5983	14266	17137630080419	private_dummy
5984	6941	422523937	real
5984	14267	17137630080419	private_dummy
5985	6928	460928780	real
5985	14268	17137630080419	private_dummy
5986	6942	289598270	real
5986	14269	17137630080419	private_dummy
5987	6944	406671586	real
5987	14270	17137630080419	private_dummy
5988	6928	539597253	real
5988	14271	17137630080419	private_dummy
5989	6942	368266743	real
5989	14272	17137630080419	private_dummy
5990	6944	485340059	real
5990	14273	17137630080419	private_dummy
5991	6927	539597253	real
5991	14274	17137630080419	private_dummy
5992	6927	1189360227	real
5992	14275	17137630080419	private_dummy
5993	6864	253578526	real
5993	6865	253578526	real
5993	14276	17137630080419	private_dummy
5994	6913	543514117	real
5994	14277	17137630080419	private_dummy
5995	6909	856647260	real
5995	14278	17137630080419	private_dummy
5996	6909	614214026	real
5996	14279	17137630080419	private_dummy
5997	6854	895769196	real
5997	6855	952881950	real
5997	14280	17137630080419	private_dummy
5998	6856	628199503	real
5998	6857	628199503	real
5998	14281	17137630080419	private_dummy
5999	6858	382913971	real
5999	6859	382913971	real
5999	14282	17137630080419	private_dummy
6000	6860	798782256	real
6000	6861	798782256	real
6000	14283	17137630080419	private_dummy
6001	6862	628199503	real
6001	6863	628199503	real
6001	14284	17137630080419	private_dummy
6002	6952	763980730	real
6002	14285	17137630080419	private_dummy
6003	6952	521547497	real
6003	14286	17137630080419	private_dummy
6004	6855	952881950	real
6004	14287	17137630080419	private_dummy
6005	6877	405465967	real
6005	14288	17137630080419	private_dummy
6006	6915	349558832	real
6006	14289	17137630080419	private_dummy
6007	6954	763980730	real
6007	14290	17137630080419	private_dummy
6008	6954	521547497	real
6008	14291	17137630080419	private_dummy
6009	6854	1211545455	real
6009	14292	17137630080419	private_dummy
6010	6866	489570469	real
6010	6867	546683223	real
6010	14293	17137630080419	private_dummy
6011	6868	146919231	real
6011	6869	146919231	real
6011	14294	17137630080419	private_dummy
6012	6872	489570469	real
6012	14295	17137630080419	private_dummy
6013	6873	350212495	real
6013	6874	350212495	real
6013	14296	17137630080419	private_dummy
6014	6956	959722519	real
6014	14297	17137630080419	private_dummy
6015	6956	820364546	real
6015	14298	17137630080419	private_dummy
6016	6857	628199503	real
6016	14299	17137630080419	private_dummy
6017	6867	546683223	real
6017	14300	17137630080419	private_dummy
6018	6890	382913971	real
6018	6891	382913971	real
6018	14301	17137630080419	private_dummy
6019	6917	407325250	real
6019	14302	17137630080419	private_dummy
6020	6958	625351696	real
6020	14303	17137630080419	private_dummy
6021	6958	485993722	real
6021	14304	17137630080419	private_dummy
6022	6856	726099236	real
6022	14305	17137630080419	private_dummy
6023	6866	726099236	real
6023	14306	17137630080419	private_dummy
6024	6880	186518519	real
6024	6881	243631273	real
6024	14307	17137630080419	private_dummy
6025	6884	371846286	real
6025	6885	371846286	real
6025	14308	17137630080419	private_dummy
6026	6886	292446078	real
6026	6887	292446078	real
6026	14309	17137630080419	private_dummy
6027	6960	918993217	real
6027	14310	17137630080419	private_dummy
6028	6960	347364688	real
6028	14311	17137630080419	private_dummy
6029	6859	597771310	real
6029	6865	597771310	real
6029	14312	17137630080419	private_dummy
6030	6869	332246999	real
6030	14313	17137630080419	private_dummy
6031	6881	357853520	real
6031	14314	17137630080419	private_dummy
6032	6898	855895011	real
6032	14315	17137630080419	private_dummy
6033	6902	726099236	real
6033	14316	17137630080419	private_dummy
6034	6962	633453734	real
6034	14317	17137630080419	private_dummy
6035	6962	343855464	real
6035	14318	17137630080419	private_dummy
6036	6858	577990920	real
6036	6864	577990920	real
6036	14319	17137630080419	private_dummy
6037	6868	381059179	real
6037	14320	17137630080419	private_dummy
6038	6880	577990920	real
6038	14321	17137630080419	private_dummy
6039	6894	440438857	real
6039	14322	17137630080419	private_dummy
6040	6895	543514117	real
6040	14323	17137630080419	private_dummy
6041	6964	713772147	real
6041	14324	17137630080419	private_dummy
6042	6964	286742710	real
6042	14325	17137630080419	private_dummy
6043	6861	798782256	real
6043	14326	17137630080419	private_dummy
6044	6885	371846286	real
6044	6891	371846286	real
6044	14327	17137630080419	private_dummy
6045	6919	954546992	real
6045	14328	17137630080419	private_dummy
6046	6966	830918242	real
6046	14329	17137630080419	private_dummy
6047	6966	290251933	real
6047	14330	17137630080419	private_dummy
6048	6860	670359104	real
6048	14331	17137630080419	private_dummy
6049	6872	381059179	real
6049	6877	381059179	real
6049	14332	17137630080419	private_dummy
6050	6884	300740766	real
6050	6890	300740766	real
6050	14333	17137630080419	private_dummy
6051	6894	440438857	real
6051	6898	497551611	real
6051	14334	17137630080419	private_dummy
6052	6906	704543517	real
6052	6907	761656271	real
6052	14335	17137630080419	private_dummy
6053	6968	730283149	real
6053	14336	17137630080419	private_dummy
6054	6968	290251933	real
6054	14337	17137630080419	private_dummy
6055	6863	577990920	real
6055	14338	17137630080419	private_dummy
6056	6874	326341997	real
6056	14339	17137630080419	private_dummy
6057	6887	326341997	real
6057	14340	17137630080419	private_dummy
6058	6907	761656271	real
6058	14341	17137630080419	private_dummy
6059	6970	691220151	real
6059	14342	17137630080419	private_dummy
6060	6970	428880968	real
6060	14343	17137630080419	private_dummy
6061	6862	1052445090	real
6061	14344	17137630080419	private_dummy
6062	6873	726099236	real
6062	14345	17137630080419	private_dummy
6063	6886	577990920	real
6063	14346	17137630080419	private_dummy
6064	6895	497551611	real
6064	6902	440438857	real
6064	14347	17137630080419	private_dummy
6065	6906	1109557844	real
6065	14348	17137630080419	private_dummy
6066	6972	1060838489	real
6066	14349	17137630080419	private_dummy
6067	6972	485993722	real
6067	14350	17137630080419	private_dummy
6068	6933	578660251	real
6068	6951	554248972	real
6068	14351	17137630080419	private_dummy
6069	6955	636962957	real
6069	14352	17137630080419	private_dummy
6070	6957	518695198	real
6070	14353	17137630080419	private_dummy
6071	6933	681735511	real
6071	6953	657324232	real
6071	14354	17137630080419	private_dummy
6072	6955	715631430	real
6072	14355	17137630080419	private_dummy
6073	6957	518695198	real
6073	14356	17137630080419	private_dummy
6074	6959	440031217	real
6074	14357	17137630080419	private_dummy
6075	6961	464438004	real
6075	14358	17137630080419	private_dummy
6076	6959	440031217	real
6076	14359	17137630080419	private_dummy
6077	6961	464438004	real
6077	14360	17137630080419	private_dummy
6078	6963	636962957	real
6078	14361	17137630080419	private_dummy
6079	6965	461582443	real
6079	14362	17137630080419	private_dummy
6080	6963	636962957	real
6080	14363	17137630080419	private_dummy
6081	6965	461582443	real
6081	14364	17137630080419	private_dummy
6082	6967	382918462	real
6082	14365	17137630080419	private_dummy
6083	6969	407325250	real
6083	14366	17137630080419	private_dummy
6084	6967	382918462	real
6084	14367	17137630080419	private_dummy
6085	6969	407325250	real
6085	14368	17137630080419	private_dummy
6086	6971	579850203	real
6086	14369	17137630080419	private_dummy
6087	6973	636962957	real
6087	14370	17137630080419	private_dummy
6088	6971	579850203	real
6088	14371	17137630080419	private_dummy
6089	6973	636962957	real
6089	14372	17137630080419	private_dummy
6090	6934	265186991	real
6090	14373	17137630080419	private_dummy
6091	6934	357853520	real
6091	14374	17137630080419	private_dummy
6092	6931	884804312	real
6092	6932	613249611	real
6092	14375	17137630080419	private_dummy
6093	6931	884804312	real
6093	6932	727471858	real
6093	14376	17137630080419	private_dummy
6094	760	1151478732	real
6094	761	1151478732	real
6094	771	1151478732	real
6094	14377	17137630080419	private_dummy
6095	4031	1268658209	real
6095	4033	1465053661	real
6095	14378	17137630080419	private_dummy
6096	4029	1124216952	real
6096	14379	17137630080419	private_dummy
6097	4027	1033210972	real
6097	14380	17137630080419	private_dummy
6098	4025	982009973	real
6098	14381	17137630080419	private_dummy
6099	4023	965421070	real
6099	14382	17137630080419	private_dummy
6100	4021	796682206	real
6100	14383	17137630080419	private_dummy
6101	4019	639349752	real
6101	14384	17137630080419	private_dummy
6102	4017	639349752	real
6102	14385	17137630080419	private_dummy
6103	450	1208591486	real
6103	451	1151478732	real
6103	476	1151478732	real
6103	14386	17137630080419	private_dummy
6104	1445	1151478732	real
6104	1446	1151478732	real
6104	1452	1151478732	real
6104	14387	17137630080419	private_dummy
6105	4586	1268658209	real
6105	4588	1465053661	real
6105	14388	17137630080419	private_dummy
6106	4584	1009994705	real
6106	14389	17137630080419	private_dummy
6107	4582	875878519	real
6107	14390	17137630080419	private_dummy
6108	4580	796682206	real
6108	14391	17137630080419	private_dummy
6109	4578	759276436	real
6109	14392	17137630080419	private_dummy
6110	4576	573948669	real
6110	14393	17137630080419	private_dummy
6111	4574	416616215	real
6111	14394	17137630080419	private_dummy
6112	4572	416616215	real
6112	14395	17137630080419	private_dummy
6113	1178	1208591486	real
6113	1179	1151478732	real
6113	1204	1151478732	real
6113	14396	17137630080419	private_dummy
6114	5107	1536494450	real
6114	5109	1660667212	real
6114	14397	17137630080419	private_dummy
6115	5105	1124216952	real
6115	14398	17137630080419	private_dummy
6116	5103	875878519	real
6116	14399	17137630080419	private_dummy
6117	5101	753572000	real
6117	14400	17137630080419	private_dummy
6118	5099	688170916	real
6118	14401	17137630080419	private_dummy
6119	5097	482026282	real
6119	14402	17137630080419	private_dummy
6120	5095	324693828	real
6120	14403	17137630080419	private_dummy
6121	5093	324693828	real
6121	14404	17137630080419	private_dummy
6122	1783	1208591486	real
6122	1784	1151478732	real
6122	1808	1151478732	real
6122	1809	1151478732	real
6122	14405	17137630080419	private_dummy
6123	5594	1536494450	real
6123	5596	1672275677	real
6123	14406	17137630080419	private_dummy
6124	5592	1347326682	real
6124	14407	17137630080419	private_dummy
6125	5590	1033210972	real
6125	14408	17137630080419	private_dummy
6126	5588	796682206	real
6126	14409	17137630080419	private_dummy
6127	5586	688170916	real
6127	14410	17137630080419	private_dummy
6128	5584	454030968	real
6128	14411	17137630080419	private_dummy
6129	5582	296698515	real
6129	14412	17137630080419	private_dummy
6130	5580	296698515	real
6130	14413	17137630080419	private_dummy
6131	2257	1208591486	real
6131	2258	1151478732	real
6131	2281	1151478732	real
6131	2282	1151478732	real
6131	14414	17137630080419	private_dummy
6132	6047	1536494450	real
6132	6049	1732236239	real
6132	14415	17137630080419	private_dummy
6133	6045	1347326682	real
6133	14416	17137630080419	private_dummy
6134	6043	1227292212	real
6134	14417	17137630080419	private_dummy
6135	6041	982009973	real
6135	14418	17137630080419	private_dummy
6136	6039	759276436	real
6136	14419	17137630080419	private_dummy
6137	6037	482026282	real
6137	14420	17137630080419	private_dummy
6138	6035	324693828	real
6138	14421	17137630080419	private_dummy
6139	6033	324693828	real
6139	14422	17137630080419	private_dummy
6140	2631	1208591486	real
6140	2632	1151478732	real
6140	2656	1151478732	real
6140	2657	1151478732	real
6140	14423	17137630080419	private_dummy
6141	6466	1536494450	real
6141	6468	1766132158	real
6141	14424	17137630080419	private_dummy
6142	6464	1347326682	real
6142	14425	17137630080419	private_dummy
6143	6462	1227292212	real
6143	14426	17137630080419	private_dummy
6144	6460	1151478732	real
6144	14427	17137630080419	private_dummy
6145	6458	965421070	real
6145	14428	17137630080419	private_dummy
6146	6456	573948669	real
6146	14429	17137630080419	private_dummy
6147	6454	416616215	real
6147	14430	17137630080419	private_dummy
6148	6452	416616215	real
6148	14431	17137630080419	private_dummy
6149	2923	1208591486	real
6149	2924	1151478732	real
6149	2948	1151478732	real
6149	2949	1151478732	real
6149	14432	17137630080419	private_dummy
6150	6851	1536494450	real
6150	6853	1790002657	real
6150	14433	17137630080419	private_dummy
6151	6849	1347326682	real
6151	14434	17137630080419	private_dummy
6152	6847	1227292212	real
6152	14435	17137630080419	private_dummy
6153	6845	1151478732	real
6153	14436	17137630080419	private_dummy
6154	6843	1111345418	real
6154	14437	17137630080419	private_dummy
6155	6841	875350678	real
6155	14438	17137630080419	private_dummy
6156	6839	718018225	real
6156	14439	17137630080419	private_dummy
6157	6837	718018225	real
6157	14440	17137630080419	private_dummy
6158	3137	1208591486	real
6158	3138	1151478732	real
6158	3162	1151478732	real
6158	3163	1151478732	real
6158	14441	17137630080419	private_dummy
6159	456	1869695623	real
6159	457	1869695623	real
6159	764	1869695623	real
6159	14442	17137630080419	private_dummy
6160	1184	1536494450	real
6160	1185	1593607205	real
6160	14443	17137630080419	private_dummy
6161	1789	1347326682	real
6161	1790	1404439436	real
6161	2006	1347326682	real
6161	14444	17137630080419	private_dummy
6162	2637	1151478732	real
6162	2638	1208591486	real
6162	2799	1151478732	real
6162	14445	17137630080419	private_dummy
6163	3307	1151478732	real
6163	3308	1151478732	real
6163	3351	1151478732	real
6163	14446	17137630080419	private_dummy
6164	6975	1536494450	real
6164	14447	17137630080419	private_dummy
6165	6977	1347326682	real
6165	14448	17137630080419	private_dummy
6166	6876	1227292212	real
6166	14449	17137630080419	private_dummy
6167	6979	1151478732	real
6167	14450	17137630080419	private_dummy
6168	6889	1111345418	real
6168	14451	17137630080419	private_dummy
6169	6893	1103469220	real
6169	14452	17137630080419	private_dummy
6170	6897	806140331	real
6170	14453	17137630080419	private_dummy
6171	6900	691918083	real
6171	14454	17137630080419	private_dummy
6172	454	1869695623	real
6172	455	1869695623	real
6172	14455	17137630080419	private_dummy
6173	1182	1593607205	real
6173	1183	1593607205	real
6173	14456	17137630080419	private_dummy
6174	1787	1404439436	real
6174	1788	1404439436	real
6174	14457	17137630080419	private_dummy
6175	2261	1284404966	real
6175	2262	1284404966	real
6175	2443	1227292212	real
6175	2444	1227292212	real
6175	14458	17137630080419	private_dummy
6176	2635	1208591486	real
6176	2636	1208591486	real
6176	14459	17137630080419	private_dummy
6177	2927	1168458172	real
6177	2928	1168458172	real
6177	3062	1111345418	real
6177	3063	1111345418	real
6177	14460	17137630080419	private_dummy
6178	3141	1160581975	real
6178	3142	1160581975	real
6178	3257	1103469220	real
6178	3258	1103469220	real
6178	14461	17137630080419	private_dummy
6179	3326	1338005600	real
6179	3327	1338005600	real
6179	3329	1280892846	real
6179	3330	1280892846	real
6179	14462	17137630080419	private_dummy
6180	3332	1487160959	real
6180	3333	1487160959	real
6180	3335	1430048205	real
6180	3336	1430048205	real
6180	14463	17137630080419	private_dummy
6181	3338	1759226661	real
6181	3339	1759226661	real
6181	3341	1702113907	real
6181	3342	1702113907	real
6181	14464	17137630080419	private_dummy
6182	3304	1151478732	real
6182	3306	1208591486	real
6182	14465	17137630080419	private_dummy
6183	462	1869695623	real
6183	463	1869695623	real
6183	766	1869695623	real
6183	14466	17137630080419	private_dummy
6184	1190	1536494450	real
6184	1191	1593607205	real
6184	14467	17137630080419	private_dummy
6185	2268	1227292212	real
6185	2269	1284404966	real
6185	14468	17137630080419	private_dummy
6186	2934	1111345418	real
6186	2935	1168458172	real
6186	3068	1111345418	real
6186	14469	17137630080419	private_dummy
6187	3148	1103469220	real
6187	3149	1160581975	real
6187	14470	17137630080419	private_dummy
6188	3329	1184562466	real
6188	3331	1241675220	real
6188	14471	17137630080419	private_dummy
6189	6981	1536494450	real
6189	14472	17137630080419	private_dummy
6190	6871	1347326682	real
6190	14473	17137630080419	private_dummy
6191	6983	1227292212	real
6191	14474	17137630080419	private_dummy
6192	6883	1151478732	real
6192	14475	17137630080419	private_dummy
6193	6985	1111345418	real
6193	14476	17137630080419	private_dummy
6194	6987	1103469220	real
6194	14477	17137630080419	private_dummy
6195	6989	884804312	real
6195	14478	17137630080419	private_dummy
6196	6904	691918083	real
6196	14479	17137630080419	private_dummy
6197	459	1869695623	real
6197	460	1869695623	real
6197	14480	17137630080419	private_dummy
6198	1187	1593607205	real
6198	1188	1593607205	real
6198	14481	17137630080419	private_dummy
6199	1792	1404439436	real
6199	1793	1404439436	real
6199	2008	1347326682	real
6199	14482	17137630080419	private_dummy
6200	2265	1284404966	real
6200	2266	1284404966	real
6200	2447	1227292212	real
6200	14483	17137630080419	private_dummy
6201	2640	1208591486	real
6201	2641	1208591486	real
6201	2801	1151478732	real
6201	14484	17137630080419	private_dummy
6202	2931	1168458172	real
6202	2932	1168458172	real
6202	3067	1111345418	real
6202	14485	17137630080419	private_dummy
6203	3145	1160581975	real
6203	3146	1160581975	real
6203	3261	1103469220	real
6203	14486	17137630080419	private_dummy
6204	3326	1241675220	real
6204	3328	1241675220	real
6204	3346	1184562466	real
6204	14487	17137630080419	private_dummy
6205	3356	1487160959	real
6205	3357	1487160959	real
6205	3359	1430048205	real
6205	3360	1430048205	real
6205	14488	17137630080419	private_dummy
6206	3362	1759226661	real
6206	3363	1759226661	real
6206	3365	1702113907	real
6206	3366	1702113907	real
6206	14489	17137630080419	private_dummy
6207	3309	1151478732	real
6207	3311	1208591486	real
6207	3368	1151478732	real
6207	14490	17137630080419	private_dummy
6208	468	1869695623	real
6208	469	1869695623	real
6208	768	1869695623	real
6208	14491	17137630080419	private_dummy
6209	1196	1536494450	real
6209	1197	1593607205	real
6209	14492	17137630080419	private_dummy
6210	1800	1347326682	real
6210	1801	1404439436	real
6210	2011	1347326682	real
6210	14493	17137630080419	private_dummy
6211	2648	1151478732	real
6211	2649	1208591486	real
6211	2804	1151478732	real
6211	14494	17137630080419	private_dummy
6212	2940	1111345418	real
6212	2941	1168458172	real
6212	3071	1111345418	real
6212	14495	17137630080419	private_dummy
6213	3154	1103469220	real
6213	3155	1160581975	real
6213	14496	17137630080419	private_dummy
6214	3335	1184562466	real
6214	3337	1241675220	real
6214	14497	17137630080419	private_dummy
6215	3359	1280892846	real
6215	3361	1338005600	real
6215	14498	17137630080419	private_dummy
6216	6991	1536494450	real
6216	14499	17137630080419	private_dummy
6217	6993	1347326682	real
6217	14500	17137630080419	private_dummy
6218	6879	1227292212	real
6218	14501	17137630080419	private_dummy
6219	6995	1151478732	real
6219	14502	17137630080419	private_dummy
6220	6997	1111345418	real
6220	14503	17137630080419	private_dummy
6221	6999	1103469220	real
6221	14504	17137630080419	private_dummy
6222	7001	884804312	real
6222	14505	17137630080419	private_dummy
6223	7003	727471858	real
6223	14506	17137630080419	private_dummy
6224	465	1869695623	real
6224	466	1869695623	real
6224	14507	17137630080419	private_dummy
6225	1193	1593607205	real
6225	1194	1593607205	real
6225	14508	17137630080419	private_dummy
6226	1797	1404439436	real
6226	1798	1404439436	real
6226	14509	17137630080419	private_dummy
6227	2271	1284404966	real
6227	2272	1284404966	real
6227	2449	1227292212	real
6227	2450	1227292212	real
6227	14510	17137630080419	private_dummy
6228	2645	1208591486	real
6228	2646	1208591486	real
6228	14511	17137630080419	private_dummy
6229	2937	1168458172	real
6229	2938	1168458172	real
6229	3070	1111345418	real
6229	14512	17137630080419	private_dummy
6230	3151	1160581975	real
6230	3152	1160581975	real
6230	3263	1103469220	real
6230	14513	17137630080419	private_dummy
6231	3332	1241675220	real
6231	3334	1241675220	real
6231	3348	1184562466	real
6231	14514	17137630080419	private_dummy
6232	3356	1338005600	real
6232	3358	1338005600	real
6232	3371	1280892846	real
6232	14515	17137630080419	private_dummy
6233	3379	1759226661	real
6233	3380	1759226661	real
6233	3382	1702113907	real
6233	3383	1702113907	real
6233	14516	17137630080419	private_dummy
6234	3313	1151478732	real
6234	3315	1230147205	real
6234	3385	1151478732	real
6234	14517	17137630080419	private_dummy
6235	474	1869695623	real
6235	475	1869695623	real
6235	770	1869695623	real
6235	14518	17137630080419	private_dummy
6236	1202	1536494450	real
6236	1203	1593607205	real
6236	14519	17137630080419	private_dummy
6237	1806	1347326682	real
6237	1807	1404439436	real
6237	2013	1347326682	real
6237	14520	17137630080419	private_dummy
6238	2279	1227292212	real
6238	2280	1284404966	real
6238	14521	17137630080419	private_dummy
6239	2654	1151478732	real
6239	2655	1208591486	real
6239	2806	1151478732	real
6239	14522	17137630080419	private_dummy
6240	2946	1111345418	real
6240	2947	1168458172	real
6240	3074	1111345418	real
6240	14523	17137630080419	private_dummy
6241	3160	1103469220	real
6241	3161	1160581975	real
6241	14524	17137630080419	private_dummy
6242	3341	1184562466	real
6242	3343	1241675220	real
6242	14525	17137630080419	private_dummy
6243	3365	1280892846	real
6243	3367	1338005600	real
6243	14526	17137630080419	private_dummy
6244	3382	1430048205	real
6244	3384	1487160959	real
6244	14527	17137630080419	private_dummy
6245	7005	1536494450	real
6245	14528	17137630080419	private_dummy
6246	7007	1347326682	real
6246	14529	17137630080419	private_dummy
6247	7009	1227292212	real
6247	14530	17137630080419	private_dummy
6248	7011	1151478732	real
6248	14531	17137630080419	private_dummy
6249	7013	1111345418	real
6249	14532	17137630080419	private_dummy
6250	7015	1103469220	real
6250	14533	17137630080419	private_dummy
6251	7017	884804312	real
6251	14534	17137630080419	private_dummy
6252	7019	727471858	real
6252	14535	17137630080419	private_dummy
6253	471	1869695623	real
6253	472	1869695623	real
6253	14536	17137630080419	private_dummy
6254	1199	1593607205	real
6254	1200	1593607205	real
6254	14537	17137630080419	private_dummy
6255	1803	1404439436	real
6255	1804	1404439436	real
6255	14538	17137630080419	private_dummy
6256	2276	1284404966	real
6256	2277	1284404966	real
6256	2452	1227292212	real
6256	14539	17137630080419	private_dummy
6257	2651	1208591486	real
6257	2652	1208591486	real
6257	14540	17137630080419	private_dummy
6258	2943	1168458172	real
6258	2944	1168458172	real
6258	3073	1111345418	real
6258	14541	17137630080419	private_dummy
6259	3157	1160581975	real
6259	3158	1160581975	real
6259	3265	1103469220	real
6259	14542	17137630080419	private_dummy
6260	3338	1241675220	real
6260	3340	1241675220	real
6260	3350	1184562466	real
6260	14543	17137630080419	private_dummy
6261	3362	1338005600	real
6261	3364	1338005600	real
6261	3373	1280892846	real
6261	14544	17137630080419	private_dummy
6262	3379	1487160959	real
6262	3381	1487160959	real
6262	3388	1430048205	real
6262	14545	17137630080419	private_dummy
6263	3318	1151478732	real
6263	3320	1151478732	real
6263	3394	1151478732	real
6263	14546	17137630080419	private_dummy
6264	1809	1347326682	real
6264	1810	1404439436	real
6264	14547	17137630080419	private_dummy
6265	2282	1227292212	real
6265	2283	1284404966	real
6265	2454	1227292212	real
6265	14548	17137630080419	private_dummy
6266	2657	1151478732	real
6266	2658	1208591486	real
6266	14549	17137630080419	private_dummy
6267	2949	1111345418	real
6267	2950	1168458172	real
6267	3076	1111345418	real
6267	14550	17137630080419	private_dummy
6268	3163	1103469220	real
6268	3164	1160581975	real
6268	3267	1103469220	real
6268	14551	17137630080419	private_dummy
6269	3368	1280892846	real
6269	3369	1338005600	real
6269	3375	1280892846	real
6269	14552	17137630080419	private_dummy
6270	3385	1430048205	real
6270	3386	1487160959	real
6270	3390	1430048205	real
6270	14553	17137630080419	private_dummy
6271	3394	1702113907	real
6271	3395	1759226661	real
6271	14554	17137630080419	private_dummy
6272	451	1869695623	real
6272	452	1869695623	real
6272	761	1869695623	real
6272	14555	17137630080419	private_dummy
6273	1179	1536494450	real
6273	1180	1536494450	real
6273	1446	1536494450	real
6273	14556	17137630080419	private_dummy
6274	1784	1347326682	real
6274	1785	1347326682	real
6274	14557	17137630080419	private_dummy
6275	2258	1227292212	real
6275	2259	1227292212	real
6275	2441	1227292212	real
6275	14558	17137630080419	private_dummy
6276	2632	1151478732	real
6276	2633	1151478732	real
6276	14559	17137630080419	private_dummy
6277	2924	1111345418	real
6277	2925	1111345418	real
6277	14560	17137630080419	private_dummy
6278	3138	1103469220	real
6278	3139	1103469220	real
6278	14561	17137630080419	private_dummy
6279	3304	1184562466	real
6279	3305	1184562466	real
6279	3307	1184562466	real
6279	14562	17137630080419	private_dummy
6280	3309	1280892846	real
6280	3310	1280892846	real
6280	14563	17137630080419	private_dummy
6281	3313	1430048205	real
6281	3314	1430048205	real
6281	3316	1430048205	real
6281	14564	17137630080419	private_dummy
6282	3318	1702113907	real
6282	3319	1702113907	real
6282	3321	1702113907	real
6282	14565	17137630080419	private_dummy
6283	6945	754689937	real
6283	14566	17137630080419	private_dummy
6284	6945	754689937	real
6284	14567	17137630080419	private_dummy
6285	6946	518695198	real
6285	14568	17137630080419	private_dummy
6286	6946	518695198	real
6286	14569	17137630080419	private_dummy
6287	6947	558294485	real
6287	14570	17137630080419	private_dummy
6288	6947	558294485	real
6288	14571	17137630080419	private_dummy
6289	6948	597771310	real
6289	14572	17137630080419	private_dummy
6290	6948	597771310	real
6290	14573	17137630080419	private_dummy
6291	6949	634805329	real
6291	14574	17137630080419	private_dummy
6292	6949	691918083	real
6292	14575	17137630080419	private_dummy
6293	6950	773434364	real
6293	14576	17137630080419	private_dummy
6294	6950	773434364	real
6294	14577	17137630080419	private_dummy
6295	3426	1430048205	real
6295	14578	17137630080419	private_dummy
6296	3417	1280892846	real
6296	14579	17137630080419	private_dummy
6297	3404	1184562466	real
6297	14580	17137630080419	private_dummy
6298	3174	1103469220	real
6298	14581	17137630080419	private_dummy
6299	2293	1227292212	real
6299	14582	17137630080419	private_dummy
6300	1219	1536494450	real
6300	14583	17137630080419	private_dummy
6301	3431	1702113907	real
6301	14584	17137630080419	private_dummy
6302	3415	1280892846	real
6302	14585	17137630080419	private_dummy
6303	3402	1184562466	real
6303	14586	17137630080419	private_dummy
6304	3172	1103469220	real
6304	14587	17137630080419	private_dummy
6305	2291	1227292212	real
6305	14588	17137630080419	private_dummy
6306	1216	1536494450	real
6306	14589	17137630080419	private_dummy
6307	3400	1184562466	real
6307	14590	17137630080419	private_dummy
6308	3170	1103469220	real
6308	14591	17137630080419	private_dummy
6309	2289	1227292212	real
6309	14592	17137630080419	private_dummy
6310	1213	1536494450	real
6310	14593	17137630080419	private_dummy
6311	3312	1127244833	real
6311	14594	17137630080419	private_dummy
6312	3308	1127244833	real
6312	14595	17137630080419	private_dummy
6313	3255	1127244833	real
6313	14596	17137630080419	private_dummy
6314	3060	1127244833	real
6314	14597	17137630080419	private_dummy
6315	2796	1127244833	real
6315	14598	17137630080419	private_dummy
6316	2003	1127244833	real
6316	14599	17137630080419	private_dummy
6317	1445	1127244833	real
6317	14600	17137630080419	private_dummy
6318	760	1127244833	real
6318	14601	17137630080419	private_dummy
6319	7072	1151478732	real
6319	14602	17137630080419	private_dummy
6320	7070	646256547	real
6320	14603	17137630080419	private_dummy
6321	7075	640351545	real
6321	14604	17137630080419	private_dummy
6322	7075	640351545	real
6322	14605	17137630080419	private_dummy
6323	7060	208078729	real
6323	14606	17137630080419	private_dummy
6324	7066	382264799	real
6324	7067	382264799	real
6324	14607	17137630080419	private_dummy
6325	7056	328667456	real
6325	7057	328667456	real
6325	14608	17137630080419	private_dummy
6326	7058	300745258	real
6326	14609	17137630080419	private_dummy
6327	7082	539597253	real
6327	14610	17137630080419	private_dummy
6328	7057	328667456	real
6328	14611	17137630080419	private_dummy
6329	7064	606657260	real
6329	14612	17137630080419	private_dummy
6330	7084	539597253	real
6330	14613	17137630080419	private_dummy
6331	7056	426033160	real
6331	14614	17137630080419	private_dummy
6332	7062	332251490	real
6332	14615	17137630080419	private_dummy
6333	7086	636962957	real
6333	14616	17137630080419	private_dummy
6334	7071	704022965	real
6334	14617	17137630080419	private_dummy
6335	7068	840211832	real
6335	7069	840211832	real
6335	14618	17137630080419	private_dummy
6336	7058	516840406	real
6336	7060	516840406	real
6336	14619	17137630080419	private_dummy
6337	7062	516840406	real
6337	7064	791246176	real
6337	14620	17137630080419	private_dummy
6338	7089	713772147	real
6338	14621	17137630080419	private_dummy
6339	7077	600752258	real
6339	14622	17137630080419	private_dummy
6340	7077	579196540	real
6340	14623	17137630080419	private_dummy
6341	7075	522083786	real
6341	7076	482484499	real
6341	7081	325152045	real
6341	14624	17137630080419	private_dummy
6342	7085	540250916	real
6342	14625	17137630080419	private_dummy
6343	7087	388628018	real
6343	14626	17137630080419	private_dummy
6344	7075	614750315	real
6344	7076	575151028	real
6344	7083	417818574	real
6344	14627	17137630080419	private_dummy
6345	7085	632917445	real
6345	14628	17137630080419	private_dummy
6346	7087	481294547	real
6346	14629	17137630080419	private_dummy
6347	7074	513996022	real
6347	14630	17137630080419	private_dummy
6348	7088	540250916	real
6348	14631	17137630080419	private_dummy
6349	7090	688170916	real
6349	14632	17137630080419	private_dummy
6350	7074	671328476	real
6350	14633	17137630080419	private_dummy
6351	7088	632917445	real
6351	14634	17137630080419	private_dummy
6352	7090	845503370	real
6352	14635	17137630080419	private_dummy
6353	7073	671328476	real
6353	14636	17137630080419	private_dummy
6354	7073	768694180	real
6354	14637	17137630080419	private_dummy
6355	7031	405465967	real
6355	7032	405465967	real
6355	14638	17137630080419	private_dummy
6356	7059	543514117	real
6356	14639	17137630080419	private_dummy
6357	7055	932991273	real
6357	14640	17137630080419	private_dummy
6358	7055	897434237	real
6358	14641	17137630080419	private_dummy
6359	7021	798782256	real
6359	7022	855895011	real
6359	14642	17137630080419	private_dummy
6360	7023	568241738	real
6360	7024	568241738	real
6360	14643	17137630080419	private_dummy
6361	7025	628199503	real
6361	7026	628199503	real
6361	14644	17137630080419	private_dummy
6362	7027	895769196	real
6362	7028	895769196	real
6362	14645	17137630080419	private_dummy
6363	7029	654884065	real
6363	7030	654884065	real
6363	14646	17137630080419	private_dummy
6364	7098	840324744	real
6364	14647	17137630080419	private_dummy
6365	7098	804767708	real
6365	14648	17137630080419	private_dummy
6366	7022	855895011	real
6366	14649	17137630080419	private_dummy
6367	7040	459723160	real
6367	14650	17137630080419	private_dummy
6368	7061	543514117	real
6368	14651	17137630080419	private_dummy
6369	7100	840324744	real
6369	14652	17137630080419	private_dummy
6370	7100	804767708	real
6370	14653	17137630080419	private_dummy
6371	7021	1052445090	real
6371	14654	17137630080419	private_dummy
6372	7033	339803765	real
6372	7034	339803765	real
6372	14655	17137630080419	private_dummy
6373	7035	313543580	real
6373	7036	313543580	real
6373	14656	17137630080419	private_dummy
6374	7037	525124244	real
6374	14657	17137630080419	private_dummy
6375	7038	483553555	real
6375	7039	483553555	real
6375	14658	17137630080419	private_dummy
6376	7102	1047213521	real
6376	14659	17137630080419	private_dummy
6377	7102	954546992	real
6377	14660	17137630080419	private_dummy
6378	7024	568241738	real
6378	14661	17137630080419	private_dummy
6379	7034	339803765	real
6379	14662	17137630080419	private_dummy
6380	7047	525124244	real
6380	7048	525124244	real
6380	14663	17137630080419	private_dummy
6381	7063	428959040	real
6381	14664	17137630080419	private_dummy
6382	7104	475584991	real
6382	14665	17137630080419	private_dummy
6383	7104	418472237	real
6383	14666	17137630080419	private_dummy
6384	7023	597771310	real
6384	14667	17137630080419	private_dummy
6385	7033	440438857	real
6385	14668	17137630080419	private_dummy
6386	7041	405465967	real
6386	7042	462578721	real
6386	14669	17137630080419	private_dummy
6387	7043	459723160	real
6387	7044	459723160	real
6387	14670	17137630080419	private_dummy
6388	7045	568241738	real
6388	7046	625354492	real
6388	14671	17137630080419	private_dummy
6389	7106	576220084	real
6389	14672	17137630080419	private_dummy
6390	7106	418472237	real
6390	14673	17137630080419	private_dummy
6391	7026	628199503	real
6391	7032	628199503	real
6391	14674	17137630080419	private_dummy
6392	7036	313543580	real
6392	14675	17137630080419	private_dummy
6393	7042	462578721	real
6393	14676	17137630080419	private_dummy
6394	7051	952881950	real
6394	14677	17137630080419	private_dummy
6395	7052	332246999	real
6395	14678	17137630080419	private_dummy
6396	7108	449324807	real
6396	14679	17137630080419	private_dummy
6397	7108	266849339	real
6397	14680	17137630080419	private_dummy
6398	7025	577990920	real
6398	7031	577990920	real
6398	14681	17137630080419	private_dummy
6399	7035	300740766	real
6399	14682	17137630080419	private_dummy
6400	7041	577990920	real
6400	14683	17137630080419	private_dummy
6401	7049	647430763	real
6401	14684	17137630080419	private_dummy
6402	7050	313543580	real
6402	14685	17137630080419	private_dummy
6403	7110	436521993	real
6403	14686	17137630080419	private_dummy
6404	7110	266849339	real
6404	14687	17137630080419	private_dummy
6405	7028	895769196	real
6405	14688	17137630080419	private_dummy
6406	7044	459723160	real
6406	7048	459723160	real
6406	14689	17137630080419	private_dummy
6407	7065	704022965	real
6407	14690	17137630080419	private_dummy
6408	7112	660905471	real
6408	14691	17137630080419	private_dummy
6409	7112	418472237	real
6409	14692	17137630080419	private_dummy
6410	7027	726099236	real
6410	14693	17137630080419	private_dummy
6411	7037	381059179	real
6411	7040	381059179	real
6411	14694	17137630080419	private_dummy
6412	7043	381059179	real
6412	7047	381059179	real
6412	14695	17137630080419	private_dummy
6413	7049	726099236	real
6413	7051	783211990	real
6413	14696	17137630080419	private_dummy
6414	7053	438906293	real
6414	7054	574687520	real
6414	14697	17137630080419	private_dummy
6415	7114	516840406	real
6415	14698	17137630080419	private_dummy
6416	7114	418472237	real
6416	14699	17137630080419	private_dummy
6417	7030	727471858	real
6417	14700	17137630080419	private_dummy
6418	7039	634805329	real
6418	14701	17137630080419	private_dummy
6419	7046	625354492	real
6419	14702	17137630080419	private_dummy
6420	7054	574687520	real
6420	14703	17137630080419	private_dummy
6421	7116	944188481	real
6421	14704	17137630080419	private_dummy
6422	7116	690442331	real
6422	14705	17137630080419	private_dummy
6423	7029	1109557844	real
6423	14706	17137630080419	private_dummy
6424	7038	727471858	real
6424	14707	17137630080419	private_dummy
6425	7045	577990920	real
6425	14708	17137630080419	private_dummy
6426	7050	726099236	real
6426	7052	726099236	real
6426	14709	17137630080419	private_dummy
6427	7053	1211545455	real
6427	14710	17137630080419	private_dummy
6428	7118	851521952	real
6428	14711	17137630080419	private_dummy
6429	7118	700851062	real
6429	14712	17137630080419	private_dummy
6430	7079	875878519	real
6430	7097	875878519	real
6430	14713	17137630080419	private_dummy
6431	7101	761656271	real
6431	14714	17137630080419	private_dummy
6432	7103	761656271	real
6432	14715	17137630080419	private_dummy
6433	7079	978953779	real
6433	7099	978953779	real
6433	14716	17137630080419	private_dummy
6434	7101	840324744	real
6434	14717	17137630080419	private_dummy
6435	7103	761656271	real
6435	14718	17137630080419	private_dummy
6436	7105	440438857	real
6436	14719	17137630080419	private_dummy
6437	7107	304249990	real
6437	14720	17137630080419	private_dummy
6438	7105	440438857	real
6438	14721	17137630080419	private_dummy
6439	7107	304249990	real
6439	14722	17137630080419	private_dummy
6440	7109	246483572	real
6440	14723	17137630080419	private_dummy
6441	7111	246483572	real
6441	14724	17137630080419	private_dummy
6442	7109	246483572	real
6442	14725	17137630080419	private_dummy
6443	7111	246483572	real
6443	14726	17137630080419	private_dummy
6444	7113	304249990	real
6444	14727	17137630080419	private_dummy
6445	7115	440438857	real
6445	14728	17137630080419	private_dummy
6446	7113	304249990	real
6446	14729	17137630080419	private_dummy
6447	7115	440438857	real
6447	14730	17137630080419	private_dummy
6448	7117	582236998	real
6448	14731	17137630080419	private_dummy
6449	7119	691918083	real
6449	14732	17137630080419	private_dummy
6450	7117	582236998	real
6450	14733	17137630080419	private_dummy
6451	7119	691918083	real
6451	14734	17137630080419	private_dummy
6452	7080	335102559	real
6452	14735	17137630080419	private_dummy
6453	7080	473731594	real
6453	14736	17137630080419	private_dummy
6454	7077	579196540	real
6454	7078	361899033	real
6454	14737	17137630080419	private_dummy
6455	7077	579196540	real
6455	7078	440567505	real
6455	14738	17137630080419	private_dummy
6456	3321	1127244833	real
6456	3322	1127244833	real
6456	14739	17137630080419	private_dummy
6457	3425	1487160959	real
6457	3427	1430048205	real
6457	14740	17137630080419	private_dummy
6458	3416	1338005600	real
6458	3421	1280892846	real
6458	14741	17137630080419	private_dummy
6459	3403	1241675220	real
6459	3410	1184562466	real
6459	14742	17137630080419	private_dummy
6460	3173	1160581975	real
6460	3273	1103469220	real
6460	14743	17137630080419	private_dummy
6461	2955	1168458172	real
6461	3083	1111345418	real
6461	14744	17137630080419	private_dummy
6462	2666	1208591486	real
6462	2667	1151478732	real
6462	2814	1151478732	real
6462	14745	17137630080419	private_dummy
6463	2292	1284404966	real
6463	2460	1227292212	real
6463	14746	17137630080419	private_dummy
6464	1819	1404439436	real
6464	1820	1347326682	real
6464	2020	1347326682	real
6464	14747	17137630080419	private_dummy
6465	1217	1593607205	real
6465	1218	1536494450	real
6465	1458	1536494450	real
6465	14748	17137630080419	private_dummy
6466	485	1869695623	real
6466	486	1869695623	real
6466	778	1869695623	real
6466	14749	17137630080419	private_dummy
6467	3319	1127244833	real
6467	3320	1127244833	real
6467	14750	17137630080419	private_dummy
6468	7121	1109557844	real
6468	14751	17137630080419	private_dummy
6469	7123	934563483	real
6469	14752	17137630080419	private_dummy
6470	7125	600626871	real
6470	14753	17137630080419	private_dummy
6471	7127	440026725	real
6471	14754	17137630080419	private_dummy
6472	7129	322299745	real
6472	14755	17137630080419	private_dummy
6473	7131	288403827	real
6473	14756	17137630080419	private_dummy
6474	7133	322299745	real
6474	14757	17137630080419	private_dummy
6475	7135	440026725	real
6475	14758	17137630080419	private_dummy
6476	3427	1702113907	real
6476	3428	1702113907	real
6476	14759	17137630080419	private_dummy
6477	3316	1127244833	real
6477	3317	1127244833	real
6477	14760	17137630080419	private_dummy
6478	3425	1759226661	real
6478	14761	17137630080419	private_dummy
6479	3414	1338005600	real
6479	3419	1280892846	real
6479	14762	17137630080419	private_dummy
6480	3401	1241675220	real
6480	3408	1184562466	real
6480	14763	17137630080419	private_dummy
6481	3171	1160581975	real
6481	3271	1103469220	real
6481	14764	17137630080419	private_dummy
6482	2954	1168458172	real
6482	3081	1111345418	real
6482	14765	17137630080419	private_dummy
6483	2664	1208591486	real
6483	2665	1151478732	real
6483	2812	1151478732	real
6483	14766	17137630080419	private_dummy
6484	2290	1284404966	real
6484	2458	1227292212	real
6484	14767	17137630080419	private_dummy
6485	1817	1404439436	real
6485	1818	1347326682	real
6485	2018	1347326682	real
6485	14768	17137630080419	private_dummy
6486	1214	1593607205	real
6486	1215	1536494450	real
6486	1456	1536494450	real
6486	14769	17137630080419	private_dummy
6487	483	1869695623	real
6487	484	1869695623	real
6487	776	1869695623	real
6487	14770	17137630080419	private_dummy
6488	3314	1127244833	real
6488	3315	1205913306	real
6488	14771	17137630080419	private_dummy
6489	7138	1245339071	real
6489	14772	17137630080419	private_dummy
6490	7140	934563483	real
6490	14773	17137630080419	private_dummy
6491	7142	540666309	real
6491	14774	17137630080419	private_dummy
6492	7144	361362744	real
6492	14775	17137630080419	private_dummy
6493	7146	243635765	real
6493	14776	17137630080419	private_dummy
6494	7148	209739846	real
6494	14777	17137630080419	private_dummy
6495	7150	243635765	real
6495	14778	17137630080419	private_dummy
6496	7152	361362744	real
6496	14779	17137630080419	private_dummy
6497	3421	1702113907	real
6497	3422	1702113907	real
6497	14780	17137630080419	private_dummy
6498	3419	1430048205	real
6498	3420	1430048205	real
6498	14781	17137630080419	private_dummy
6499	1816	1347326682	real
6499	14782	17137630080419	private_dummy
6500	3416	1759226661	real
6500	14783	17137630080419	private_dummy
6501	3414	1487160959	real
6501	14784	17137630080419	private_dummy
6502	3399	1241675220	real
6502	3406	1184562466	real
6502	14785	17137630080419	private_dummy
6503	3169	1160581975	real
6503	3269	1103469220	real
6503	14786	17137630080419	private_dummy
6504	2953	1168458172	real
6504	3079	1111345418	real
6504	14787	17137630080419	private_dummy
6505	2662	1208591486	real
6505	2663	1151478732	real
6505	2810	1151478732	real
6505	14788	17137630080419	private_dummy
6506	2288	1284404966	real
6506	2456	1227292212	real
6506	14789	17137630080419	private_dummy
6507	1814	1404439436	real
6507	1815	1347326682	real
6507	14790	17137630080419	private_dummy
6508	1211	1593607205	real
6508	1212	1536494450	real
6508	1454	1536494450	real
6508	14791	17137630080419	private_dummy
6509	481	1869695623	real
6509	482	1869695623	real
6509	774	1869695623	real
6509	14792	17137630080419	private_dummy
6510	3310	1127244833	real
6510	3311	1184357587	real
6510	3418	1127244833	real
6510	14793	17137630080419	private_dummy
6511	7155	1430048205	real
6511	14794	17137630080419	private_dummy
6512	7157	1130305272	real
6512	14795	17137630080419	private_dummy
6513	7159	600626871	real
6513	14796	17137630080419	private_dummy
6514	7161	385769531	real
6514	14797	17137630080419	private_dummy
6515	7163	268042552	real
6515	14798	17137630080419	private_dummy
6516	7165	234146633	real
6516	14799	17137630080419	private_dummy
6517	7167	268042552	real
6517	14800	17137630080419	private_dummy
6518	7169	385769531	real
6518	14801	17137630080419	private_dummy
6519	3410	1702113907	real
6519	3411	1702113907	real
6519	14802	17137630080419	private_dummy
6520	3408	1430048205	real
6520	3409	1430048205	real
6520	14803	17137630080419	private_dummy
6521	3406	1280892846	real
6521	3407	1280892846	real
6521	14804	17137630080419	private_dummy
6522	3167	1103469220	real
6522	3168	1103469220	real
6522	14805	17137630080419	private_dummy
6523	2286	1227292212	real
6523	2287	1227292212	real
6523	14806	17137630080419	private_dummy
6524	1209	1536494450	real
6524	1210	1536494450	real
6524	14807	17137630080419	private_dummy
6525	3403	1759226661	real
6525	14808	17137630080419	private_dummy
6526	3401	1487160959	real
6526	14809	17137630080419	private_dummy
6527	3399	1338005600	real
6527	14810	17137630080419	private_dummy
6528	3166	1160581975	real
6528	14811	17137630080419	private_dummy
6529	2952	1168458172	real
6529	3077	1111345418	real
6529	14812	17137630080419	private_dummy
6530	2660	1208591486	real
6530	2661	1151478732	real
6530	2808	1151478732	real
6530	14813	17137630080419	private_dummy
6531	2285	1284404966	real
6531	14814	17137630080419	private_dummy
6532	1812	1404439436	real
6532	1813	1347326682	real
6532	2015	1347326682	real
6532	14815	17137630080419	private_dummy
6533	1207	1593607205	real
6533	1208	1536494450	real
6533	14816	17137630080419	private_dummy
6534	479	1869695623	real
6534	480	1869695623	real
6534	772	1869695623	real
6534	14817	17137630080419	private_dummy
6535	3305	1127244833	real
6535	3306	1184357587	real
6535	3405	1127244833	real
6535	14818	17137630080419	private_dummy
6536	7172	1430048205	real
6536	14819	17137630080419	private_dummy
6537	7174	1280892846	real
6537	14820	17137630080419	private_dummy
6538	7176	944486826	real
6538	14821	17137630080419	private_dummy
6539	7178	672516732	real
6539	14822	17137630080419	private_dummy
6540	7180	554789753	real
6540	14823	17137630080419	private_dummy
6541	7182	520893834	real
6541	14824	17137630080419	private_dummy
6542	7184	554789753	real
6542	14825	17137630080419	private_dummy
6543	7186	672516732	real
6543	14826	17137630080419	private_dummy
6544	3137	1184357587	real
6544	3139	1127244833	real
6544	3175	1127244833	real
6544	14827	17137630080419	private_dummy
6545	6533	1430048205	real
6545	6535	1568677239	real
6545	14828	17137630080419	private_dummy
6546	6530	1280892846	real
6546	14829	17137630080419	private_dummy
6547	6621	1184562466	real
6547	14830	17137630080419	private_dummy
6548	6522	796689494	real
6548	14831	17137630080419	private_dummy
6549	6512	543181287	real
6549	14832	17137630080419	private_dummy
6550	6619	449324807	real
6550	14833	17137630080419	private_dummy
6551	6617	449324807	real
6551	14834	17137630080419	private_dummy
6552	6615	543181287	real
6552	14835	17137630080419	private_dummy
6553	2923	1184357587	real
6553	2925	1127244833	real
6553	2956	1127244833	real
6553	14836	17137630080419	private_dummy
6554	6138	1430048205	real
6554	6140	1568677239	real
6554	14837	17137630080419	private_dummy
6555	6135	1280892846	real
6555	14838	17137630080419	private_dummy
6556	6236	1184562466	real
6556	14839	17137630080419	private_dummy
6557	6122	897324586	real
6557	14840	17137630080419	private_dummy
6558	6112	486071794	real
6558	14841	17137630080419	private_dummy
6559	6234	335102559	real
6559	14842	17137630080419	private_dummy
6560	6232	275141997	real
6560	14843	17137630080419	private_dummy
6561	6230	335102559	real
6561	14844	17137630080419	private_dummy
6562	2631	1184357587	real
6562	2633	1127244833	real
6562	2668	1127244833	real
6562	14845	17137630080419	private_dummy
6563	5709	1430048205	real
6563	5711	1568677239	real
6563	14846	17137630080419	private_dummy
6564	5706	1280892846	real
6564	14847	17137630080419	private_dummy
6565	5817	1184562466	real
6565	14848	17137630080419	private_dummy
6566	5693	897324586	real
6566	14849	17137630080419	private_dummy
6567	5678	682467246	real
6567	14850	17137630080419	private_dummy
6568	5815	427769088	real
6568	14851	17137630080419	private_dummy
6569	5813	335102559	real
6569	14852	17137630080419	private_dummy
6570	5811	335102559	real
6570	14853	17137630080419	private_dummy
6571	2440	1127244833	real
6571	2441	1127244833	real
6571	14854	17137630080419	private_dummy
6572	2257	1184357587	real
6572	2259	1127244833	real
6572	14855	17137630080419	private_dummy
6573	5246	1430048205	real
6573	5248	1568677239	real
6573	14856	17137630080419	private_dummy
6574	5243	1280892846	real
6574	14857	17137630080419	private_dummy
6575	5364	1184562466	real
6575	14858	17137630080419	private_dummy
6576	5230	897324586	real
6576	14859	17137630080419	private_dummy
6577	5215	682467246	real
6577	14860	17137630080419	private_dummy
6578	5362	600294042	real
6578	14861	17137630080419	private_dummy
6579	5360	446472507	real
6579	14862	17137630080419	private_dummy
6580	5358	428959040	real
6580	14863	17137630080419	private_dummy
6581	1783	1184357587	real
6581	1785	1127244833	real
6581	1821	1127244833	real
6581	14864	17137630080419	private_dummy
6582	4755	1430048205	real
6582	4757	1568677239	real
6582	14865	17137630080419	private_dummy
6583	4752	1280892846	real
6583	14866	17137630080419	private_dummy
6584	4877	1184562466	real
6584	14867	17137630080419	private_dummy
6585	4739	897324586	real
6585	14868	17137630080419	private_dummy
6586	4724	682467246	real
6586	14869	17137630080419	private_dummy
6587	4875	600294042	real
6587	14870	17137630080419	private_dummy
6588	4873	585101542	real
6588	14871	17137630080419	private_dummy
6589	4871	553131802	real
6589	14872	17137630080419	private_dummy
6590	1178	1184357587	real
6590	1180	1127244833	real
6590	1220	1127244833	real
6590	14873	17137630080419	private_dummy
6591	4234	1430048205	real
6591	4236	1568677239	real
6591	14874	17137630080419	private_dummy
6592	4231	1280892846	real
6592	14875	17137630080419	private_dummy
6593	4356	1184562466	real
6593	14876	17137630080419	private_dummy
6594	4218	897324586	real
6594	14877	17137630080419	private_dummy
6595	4203	682467246	real
6595	14878	17137630080419	private_dummy
6596	4354	600294042	real
6596	14879	17137630080419	private_dummy
6597	4352	585101542	real
6597	14880	17137630080419	private_dummy
6598	4350	631800274	real
6598	14881	17137630080419	private_dummy
6599	450	1184357587	real
6599	452	1127244833	real
6599	487	1127244833	real
6599	14882	17137630080419	private_dummy
6600	3679	1430048205	real
6600	3681	1568677239	real
6600	14883	17137630080419	private_dummy
6601	3676	1280892846	real
6601	14884	17137630080419	private_dummy
6602	3801	1184562466	real
6602	14885	17137630080419	private_dummy
6603	3663	897324586	real
6603	14886	17137630080419	private_dummy
6604	3648	682467246	real
6604	14887	17137630080419	private_dummy
6605	3799	600294042	real
6605	14888	17137630080419	private_dummy
6606	3797	585101542	real
6606	14889	17137630080419	private_dummy
6607	3795	631800274	real
6607	14890	17137630080419	private_dummy
6608	3418	1280892846	real
6608	14891	17137630080419	private_dummy
6609	3405	1184562466	real
6609	14892	17137630080419	private_dummy
6610	3175	1103469220	real
6610	14893	17137630080419	private_dummy
6611	2956	1111345418	real
6611	14894	17137630080419	private_dummy
6612	2668	1151478732	real
6612	2669	1151478732	real
6612	14895	17137630080419	private_dummy
6613	1821	1347326682	real
6613	1822	1347326682	real
6613	14896	17137630080419	private_dummy
6614	1220	1536494450	real
6614	1221	1536494450	real
6614	14897	17137630080419	private_dummy
6615	487	1869695623	real
6615	488	1869695623	real
6615	14898	17137630080419	private_dummy
6616	7091	875878519	real
6616	14899	17137630080419	private_dummy
6617	7091	875878519	real
6617	14900	17137630080419	private_dummy
6618	7092	875878519	real
6618	14901	17137630080419	private_dummy
6619	7092	875878519	real
6619	14902	17137630080419	private_dummy
6620	7093	625354492	real
6620	14903	17137630080419	private_dummy
6621	7093	568241738	real
6621	14904	17137630080419	private_dummy
6622	7094	473731594	real
6622	14905	17137630080419	private_dummy
6623	7094	416618840	real
6623	14906	17137630080419	private_dummy
6624	7095	625354492	real
6624	14907	17137630080419	private_dummy
6625	7095	568241738	real
6625	14908	17137630080419	private_dummy
6626	7096	773151825	real
6626	14909	17137630080419	private_dummy
6627	7096	773151825	real
6627	14910	17137630080419	private_dummy
6628	510	1869695623	real
6628	14911	17137630080419	private_dummy
6629	1243	1593607205	real
6629	14912	17137630080419	private_dummy
6630	1830	1404439436	real
6630	14913	17137630080419	private_dummy
6631	2021	1227292212	real
6631	2029	1227292212	real
6631	14914	17137630080419	private_dummy
6632	2307	1284404966	real
6632	2467	1227292212	real
6632	14915	17137630080419	private_dummy
6633	2461	1227292212	real
6633	2470	1227292212	real
6633	14916	17137630080419	private_dummy
6634	2677	1208591486	real
6634	2819	1151478732	real
6634	14917	17137630080419	private_dummy
6635	2815	1227292212	real
6635	2826	1227292212	real
6635	14918	17137630080419	private_dummy
6636	3084	1227292212	real
6636	3091	1227292212	real
6636	14919	17137630080419	private_dummy
6637	3274	1227292212	real
6637	3281	1227292212	real
6637	14920	17137630080419	private_dummy
6638	3344	1184357587	real
6638	14921	17137630080419	private_dummy
6639	3464	1487160959	real
6639	14922	17137630080419	private_dummy
6640	3466	1759226661	real
6640	14923	17137630080419	private_dummy
6641	3435	1227292212	real
6641	3468	1227292212	real
6641	14924	17137630080419	private_dummy
6642	3482	1759226661	real
6642	14925	17137630080419	private_dummy
6643	3440	1227292212	real
6643	3484	1227292212	real
6643	14926	17137630080419	private_dummy
6644	3445	1227292212	real
6644	3492	1227292212	real
6644	14927	17137630080419	private_dummy
6645	7249	751721493	real
6645	14928	17137630080419	private_dummy
6646	7247	751721493	real
6646	14929	17137630080419	private_dummy
6647	7252	1302830226	real
6647	14930	17137630080419	private_dummy
6648	7252	1421097985	real
6648	14931	17137630080419	private_dummy
6649	7237	218029243	real
6649	14932	17137630080419	private_dummy
6650	7243	837944909	real
6650	7244	837944909	real
6650	14933	17137630080419	private_dummy
6651	7233	375366188	real
6651	7234	546696698	real
6651	14934	17137630080419	private_dummy
6652	7235	562222027	real
6652	14935	17137630080419	private_dummy
6653	7259	586295985	real
6653	14936	17137630080419	private_dummy
6654	7234	546696698	real
6654	14937	17137630080419	private_dummy
6655	7241	562222027	real
6655	14938	17137630080419	private_dummy
6656	7261	586295985	real
6656	14939	17137630080419	private_dummy
6657	7233	782688641	real
6657	14940	17137630080419	private_dummy
6658	7239	265191483	real
6658	14941	17137630080419	private_dummy
6659	7263	1383315512	real
6659	14942	17137630080419	private_dummy
6660	7248	383454751	real
6660	14943	17137630080419	private_dummy
6661	7245	507627513	real
6661	7246	507627513	real
6661	14944	17137630080419	private_dummy
6662	7235	347364688	real
6662	7237	347364688	real
6662	14945	17137630080419	private_dummy
6663	7239	150969236	real
6663	7241	150969236	real
6663	14946	17137630080419	private_dummy
6664	7266	636962957	real
6664	14947	17137630080419	private_dummy
6665	7254	1381498698	real
6665	14948	17137630080419	private_dummy
6666	7254	1302830226	real
6666	14949	17137630080419	private_dummy
6667	7252	1427002987	real
6667	7253	875894255	real
6667	7258	586295985	real
6667	14950	17137630080419	private_dummy
6668	7262	554789753	real
6668	14951	17137630080419	private_dummy
6669	7264	554789753	real
6669	14952	17137630080419	private_dummy
6670	7252	1440878376	real
6670	7253	1220087040	real
6670	7260	851820297	real
6670	14953	17137630080419	private_dummy
6671	7262	830389966	real
6671	14954	17137630080419	private_dummy
6672	7264	633458225	real
6672	14955	17137630080419	private_dummy
6673	7251	757626495	real
6673	14956	17137630080419	private_dummy
6674	7265	383454751	real
6674	14957	17137630080419	private_dummy
6675	7267	440567505	real
6675	14958	17137630080419	private_dummy
6676	7251	836294968	real
6676	14959	17137630080419	private_dummy
6677	7265	462123224	real
6677	14960	17137630080419	private_dummy
6678	7267	519235978	real
6678	14961	17137630080419	private_dummy
6679	7250	836294968	real
6679	14962	17137630080419	private_dummy
6680	7250	1243617421	real
6680	14963	17137630080419	private_dummy
6681	7198	438906293	real
6681	7199	438906293	real
6681	14964	17137630080419	private_dummy
6682	7236	634805329	real
6682	14965	17137630080419	private_dummy
6683	7232	950503740	real
6683	14966	17137630080419	private_dummy
6684	7232	590343528	real
6684	14967	17137630080419	private_dummy
6685	7188	895769196	real
6685	7189	952881950	real
6685	14968	17137630080419	private_dummy
6686	7190	628199503	real
6686	7191	628199503	real
6686	14969	17137630080419	private_dummy
6687	7192	568241738	real
6687	7193	568241738	real
6687	14970	17137630080419	private_dummy
6688	7194	798782256	real
6688	7195	798782256	real
6688	14971	17137630080419	private_dummy
6689	7196	726099236	real
6689	7197	726099236	real
6689	14972	17137630080419	private_dummy
6690	7275	857837211	real
6690	14973	17137630080419	private_dummy
6691	7275	497676999	real
6691	14974	17137630080419	private_dummy
6692	7189	952881950	real
6692	14975	17137630080419	private_dummy
6693	7209	405465967	real
6693	14976	17137630080419	private_dummy
6694	7238	407325250	real
6694	14977	17137630080419	private_dummy
6695	7277	857837211	real
6695	14978	17137630080419	private_dummy
6696	7277	497676999	real
6696	14979	17137630080419	private_dummy
6697	7188	1211545455	real
6697	14980	17137630080419	private_dummy
6698	7200	489570469	real
6698	7201	546683223	real
6698	14981	17137630080419	private_dummy
6699	7202	332246999	real
6699	7203	332246999	real
6699	14982	17137630080419	private_dummy
6700	7206	489570469	real
6700	14983	17137630080419	private_dummy
6701	7207	426440801	real
6701	7208	426440801	real
6701	14984	17137630080419	private_dummy
6702	7279	1053579000	real
6702	14985	17137630080419	private_dummy
6703	7279	796494047	real
6703	14986	17137630080419	private_dummy
6704	7191	628199503	real
6704	14987	17137630080419	private_dummy
6705	7201	546683223	real
6705	14988	17137630080419	private_dummy
6706	7220	382913971	real
6706	7221	382913971	real
6706	14989	17137630080419	private_dummy
6707	7240	407325250	real
6707	14990	17137630080419	private_dummy
6708	7281	660905471	real
6708	14991	17137630080419	private_dummy
6709	7281	403820518	real
6709	14992	17137630080419	private_dummy
6710	7190	726099236	real
6710	14993	17137630080419	private_dummy
6711	7200	726099236	real
6711	14994	17137630080419	private_dummy
6712	7212	371846286	real
6712	7213	428959040	real
6712	14995	17137630080419	private_dummy
6713	7216	371846286	real
6713	7217	371846286	real
6713	14996	17137630080419	private_dummy
6714	7218	326341997	real
6714	7219	326341997	real
6714	14997	17137630080419	private_dummy
6715	7283	954546992	real
6715	14998	17137630080419	private_dummy
6716	7283	265191483	real
6716	14999	17137630080419	private_dummy
6717	7193	568241738	real
6717	7199	568241738	real
6717	15000	17137630080419	private_dummy
6718	7203	332246999	real
6718	15001	17137630080419	private_dummy
6719	7213	428959040	real
6719	15002	17137630080419	private_dummy
6720	7224	556136856	real
6720	15003	17137630080419	private_dummy
6721	7225	577692575	real
6721	15004	17137630080419	private_dummy
6722	7285	646256547	real
6722	15005	17137630080419	private_dummy
6723	7285	462123224	real
6723	15006	17137630080419	private_dummy
6724	7192	577990920	real
6724	7198	577990920	real
6724	15007	17137630080419	private_dummy
6725	7202	381059179	real
6725	15008	17137630080419	private_dummy
6726	7212	577990920	real
6726	15009	17137630080419	private_dummy
6727	7222	440438857	real
6727	15010	17137630080419	private_dummy
6728	7223	426440801	real
6728	15011	17137630080419	private_dummy
6729	7287	713772147	real
6729	15012	17137630080419	private_dummy
6730	7287	462123224	real
6730	15013	17137630080419	private_dummy
6731	7195	798782256	real
6731	15014	17137630080419	private_dummy
6732	7217	371846286	real
6732	7221	371846286	real
6732	15015	17137630080419	private_dummy
6733	7242	1124216952	real
6733	15016	17137630080419	private_dummy
6734	7289	873250628	real
6734	15017	17137630080419	private_dummy
6735	7289	426440801	real
6735	15018	17137630080419	private_dummy
6736	7194	670359104	real
6736	15019	17137630080419	private_dummy
6737	7206	381059179	real
6737	7209	381059179	real
6737	15020	17137630080419	private_dummy
6738	7216	300740766	real
6738	7220	300740766	real
6738	15021	17137630080419	private_dummy
6739	7222	440438857	real
6739	7224	440438857	real
6739	15022	17137630080419	private_dummy
6740	7229	952881950	real
6740	7230	1009994705	real
6740	15023	17137630080419	private_dummy
6741	7291	772615536	real
6741	15024	17137630080419	private_dummy
6742	7291	426440801	real
6742	15025	17137630080419	private_dummy
6743	7197	628199503	real
6743	15026	17137630080419	private_dummy
6744	7208	350212495	real
6744	15027	17137630080419	private_dummy
6745	7219	292446078	real
6745	15028	17137630080419	private_dummy
6746	7230	1009994705	real
6746	15029	17137630080419	private_dummy
6747	7293	746355351	real
6747	15030	17137630080419	private_dummy
6748	7293	505109273	real
6748	15031	17137630080419	private_dummy
6749	7196	1052445090	real
6749	15032	17137630080419	private_dummy
6750	7207	726099236	real
6750	15033	17137630080419	private_dummy
6751	7218	577990920	real
6751	15034	17137630080419	private_dummy
6752	7223	597771310	real
6752	7225	597771310	real
6752	15035	17137630080419	private_dummy
6753	7229	1109557844	real
6753	15036	17137630080419	private_dummy
6754	7295	1103170875	real
6754	15037	17137630080419	private_dummy
6755	7295	562222027	real
6755	15038	17137630080419	private_dummy
6756	7256	554789753	real
6756	7274	543181287	real
6756	15039	17137630080419	private_dummy
6757	7278	636962957	real
6757	15040	17137630080419	private_dummy
6758	7280	507627513	real
6758	15041	17137630080419	private_dummy
6759	7256	657865013	real
6759	7276	646256547	real
6759	15042	17137630080419	private_dummy
6760	7278	715631430	real
6760	15043	17137630080419	private_dummy
6761	7280	507627513	real
6761	15044	17137630080419	private_dummy
6762	7282	400968218	real
6762	15045	17137630080419	private_dummy
6763	7284	382264799	real
6763	15046	17137630080419	private_dummy
6764	7282	400968218	real
6764	15047	17137630080419	private_dummy
6765	7284	382264799	real
6765	15048	17137630080419	private_dummy
6766	7286	440567505	real
6766	15049	17137630080419	private_dummy
6767	7288	636962957	real
6767	15050	17137630080419	private_dummy
6768	7286	440567505	real
6768	15051	17137630080419	private_dummy
6769	7288	636962957	real
6769	15052	17137630080419	private_dummy
6770	7290	519107330	real
6770	15053	17137630080419	private_dummy
6771	7292	483553555	real
6771	15054	17137630080419	private_dummy
6772	7290	519107330	real
6772	15055	17137630080419	private_dummy
6773	7292	483553555	real
6773	15056	17137630080419	private_dummy
6774	7294	622182589	real
6774	15057	17137630080419	private_dummy
6775	7296	679295344	real
6775	15058	17137630080419	private_dummy
6776	7294	622182589	real
6776	15059	17137630080419	private_dummy
6777	7296	679295344	real
6777	15060	17137630080419	private_dummy
6778	7257	476121280	real
6778	15061	17137630080419	private_dummy
6779	7257	579196540	real
6779	15062	17137630080419	private_dummy
6780	7254	1381498698	real
6780	7255	991676238	real
6780	15063	17137630080419	private_dummy
6781	7254	1302830226	real
6781	7255	1027230012	real
6781	15064	17137630080419	private_dummy
6782	779	1227292212	real
6782	780	1227292212	real
6782	787	1227292212	real
6782	15065	17137630080419	private_dummy
6783	4014	1268658209	real
6783	4016	1483515549	real
6783	15066	17137630080419	private_dummy
6784	4012	1124216952	real
6784	15067	17137630080419	private_dummy
6785	4010	1033210972	real
6785	15068	17137630080419	private_dummy
6786	4008	982009973	real
6786	15069	17137630080419	private_dummy
6787	4006	965421070	real
6787	15070	17137630080419	private_dummy
6788	4004	982009973	real
6788	15071	17137630080419	private_dummy
6789	4002	875878519	real
6789	15072	17137630080419	private_dummy
6790	4000	761656271	real
6790	15073	17137630080419	private_dummy
6791	489	1284404966	real
6791	490	1227292212	real
6791	15074	17137630080419	private_dummy
6792	1459	1227292212	real
6792	1460	1227292212	real
6792	1467	1227292212	real
6792	15075	17137630080419	private_dummy
6793	4569	1268658209	real
6793	4571	1483515549	real
6793	15076	17137630080419	private_dummy
6794	4567	1009994705	real
6794	15077	17137630080419	private_dummy
6795	4565	875878519	real
6795	15078	17137630080419	private_dummy
6796	4563	796682206	real
6796	15079	17137630080419	private_dummy
6797	4561	759276436	real
6797	15080	17137630080419	private_dummy
6798	4559	759276436	real
6798	15081	17137630080419	private_dummy
6799	4557	639349752	real
6799	15082	17137630080419	private_dummy
6800	4555	525127505	real
6800	15083	17137630080419	private_dummy
6801	1222	1284404966	real
6801	1223	1227292212	real
6801	15084	17137630080419	private_dummy
6802	5090	1536494450	real
6802	5092	1670416394	real
6802	15085	17137630080419	private_dummy
6803	5088	1124216952	real
6803	15086	17137630080419	private_dummy
6804	5086	875878519	real
6804	15087	17137630080419	private_dummy
6805	5084	753572000	real
6805	15088	17137630080419	private_dummy
6806	5082	688170916	real
6806	15089	17137630080419	private_dummy
6807	5080	667354049	real
6807	15090	17137630080419	private_dummy
6808	5078	530838463	real
6808	15091	17137630080419	private_dummy
6809	5076	416616215	real
6809	15092	17137630080419	private_dummy
6810	1823	1284404966	real
6810	1824	1227292212	real
6810	1843	1227292212	real
6810	15093	17137630080419	private_dummy
6811	5577	1536494450	real
6811	5579	1672275677	real
6811	15094	17137630080419	private_dummy
6812	5575	1347326682	real
6812	15095	17137630080419	private_dummy
6813	5573	1033210972	real
6813	15096	17137630080419	private_dummy
6814	5571	796682206	real
6814	15097	17137630080419	private_dummy
6815	5569	688170916	real
6815	15098	17137630080419	private_dummy
6816	5567	639358736	real
6816	15099	17137630080419	private_dummy
6817	5565	482026282	real
6817	15100	17137630080419	private_dummy
6818	5563	367804034	real
6818	15101	17137630080419	private_dummy
6819	2294	1284404966	real
6819	2295	1227292212	real
6819	2314	1227292212	real
6819	15102	17137630080419	private_dummy
6820	6030	1536494450	real
6820	6032	1732236239	real
6820	15103	17137630080419	private_dummy
6821	6028	1347326682	real
6821	15104	17137630080419	private_dummy
6822	6026	1227292212	real
6822	15105	17137630080419	private_dummy
6823	6024	982009973	real
6823	15106	17137630080419	private_dummy
6824	6022	759276436	real
6824	15107	17137630080419	private_dummy
6825	6020	667354049	real
6825	15108	17137630080419	private_dummy
6826	6018	482026282	real
6826	15109	17137630080419	private_dummy
6827	6016	367804034	real
6827	15110	17137630080419	private_dummy
6828	2670	1284404966	real
6828	2671	1227292212	real
6828	2690	1227292212	real
6828	15111	17137630080419	private_dummy
6829	6449	1536494450	real
6829	6451	1766132158	real
6829	15112	17137630080419	private_dummy
6830	6447	1347326682	real
6830	15113	17137630080419	private_dummy
6831	6445	1227292212	real
6831	15114	17137630080419	private_dummy
6832	6443	1151478732	real
6832	15115	17137630080419	private_dummy
6833	6441	965421070	real
6833	15116	17137630080419	private_dummy
6834	6439	759276436	real
6834	15117	17137630080419	private_dummy
6835	6437	530838463	real
6835	15118	17137630080419	private_dummy
6836	6435	416616215	real
6836	15119	17137630080419	private_dummy
6837	2957	1284404966	real
6837	2958	1227292212	real
6837	2978	1227292212	real
6837	15120	17137630080419	private_dummy
6838	6834	1536494450	real
6838	6836	1790002657	real
6838	15121	17137630080419	private_dummy
6839	6832	1347326682	real
6839	15122	17137630080419	private_dummy
6840	6830	1227292212	real
6840	15123	17137630080419	private_dummy
6841	6828	1151478732	real
6841	15124	17137630080419	private_dummy
6842	6826	1111345418	real
6842	15125	17137630080419	private_dummy
6843	6824	982009973	real
6843	15126	17137630080419	private_dummy
6844	6822	639349752	real
6844	15127	17137630080419	private_dummy
6845	6820	525127505	real
6845	15128	17137630080419	private_dummy
6846	3176	1284404966	real
6846	3177	1227292212	real
6846	3197	1227292212	real
6846	15129	17137630080419	private_dummy
6847	3397	1227292212	real
6847	3398	1227292212	real
6847	3405	1227292212	real
6847	15130	17137630080419	private_dummy
6848	7185	1536494450	real
6848	7187	1808464545	real
6848	15131	17137630080419	private_dummy
6849	7183	1347326682	real
6849	15132	17137630080419	private_dummy
6850	7181	1227292212	real
6850	15133	17137630080419	private_dummy
6851	7179	1151478732	real
6851	15134	17137630080419	private_dummy
6852	7177	1111345418	real
6852	15135	17137630080419	private_dummy
6853	7175	1103469220	real
6853	15136	17137630080419	private_dummy
6854	7173	954546992	real
6854	15137	17137630080419	private_dummy
6855	7171	840324744	real
6855	15138	17137630080419	private_dummy
6856	3323	1284404966	real
6856	3324	1227292212	real
6856	15139	17137630080419	private_dummy
6857	496	1869695623	real
6857	497	1869695623	real
6857	782	1869695623	real
6857	15140	17137630080419	private_dummy
6858	1229	1536494450	real
6858	1230	1593607205	real
6858	1462	1536494450	real
6858	15141	17137630080419	private_dummy
6859	2301	1227292212	real
6859	2302	1284404966	real
6859	2464	1227292212	real
6859	15142	17137630080419	private_dummy
6860	2964	1111345418	real
6860	2965	1168458172	real
6860	3086	1111345418	real
6860	15143	17137630080419	private_dummy
6861	3183	1103469220	real
6861	3184	1160581975	real
6861	3276	1103469220	real
6861	15144	17137630080419	private_dummy
6862	3330	1127244833	real
6862	3331	1184357587	real
6862	3400	1127244833	real
6862	15145	17137630080419	private_dummy
6863	7298	1536494450	real
6863	15146	17137630080419	private_dummy
6864	7205	1347326682	real
6864	15147	17137630080419	private_dummy
6865	7300	1227292212	real
6865	15148	17137630080419	private_dummy
6866	7215	1151478732	real
6866	15149	17137630080419	private_dummy
6867	7302	1111345418	real
6867	15150	17137630080419	private_dummy
6868	7304	1103469220	real
6868	15151	17137630080419	private_dummy
6869	7306	1127244833	real
6869	15152	17137630080419	private_dummy
6870	7227	934563483	real
6870	15153	17137630080419	private_dummy
6871	493	1869695623	real
6871	494	1869695623	real
6871	15154	17137630080419	private_dummy
6872	1226	1593607205	real
6872	1227	1593607205	real
6872	15155	17137630080419	private_dummy
6873	1827	1404439436	real
6873	1828	1404439436	real
6873	2023	1347326682	real
6873	2024	1347326682	real
6873	15156	17137630080419	private_dummy
6874	2298	1284404966	real
6874	2299	1284404966	real
6874	15157	17137630080419	private_dummy
6875	2674	1208591486	real
6875	2675	1208591486	real
6875	2817	1151478732	real
6875	2818	1151478732	real
6875	15158	17137630080419	private_dummy
6876	2961	1168458172	real
6876	2962	1168458172	real
6876	15159	17137630080419	private_dummy
6877	3180	1160581975	real
6877	3181	1160581975	real
6877	15160	17137630080419	private_dummy
6878	3327	1184357587	real
6878	3328	1184357587	real
6878	15161	17137630080419	private_dummy
6879	3449	1487160959	real
6879	3450	1487160959	real
6879	3452	1430048205	real
6879	3453	1430048205	real
6879	15162	17137630080419	private_dummy
6880	3455	1759226661	real
6880	3456	1759226661	real
6880	3458	1702113907	real
6880	3459	1702113907	real
6880	15163	17137630080419	private_dummy
6881	3432	1227292212	real
6881	3434	1284404966	real
6881	3461	1227292212	real
6881	3462	1227292212	real
6881	15164	17137630080419	private_dummy
6882	502	1869695623	real
6882	503	1869695623	real
6882	784	1869695623	real
6882	15165	17137630080419	private_dummy
6883	1235	1536494450	real
6883	1236	1593607205	real
6883	1464	1536494450	real
6883	15166	17137630080419	private_dummy
6884	1835	1347326682	real
6884	1836	1404439436	real
6884	15167	17137630080419	private_dummy
6885	2682	1151478732	real
6885	2683	1208591486	real
6885	2822	1151478732	real
6885	15168	17137630080419	private_dummy
6886	2970	1111345418	real
6886	2971	1168458172	real
6886	3088	1111345418	real
6886	15169	17137630080419	private_dummy
6887	3189	1103469220	real
6887	3190	1160581975	real
6887	3278	1103469220	real
6887	15170	17137630080419	private_dummy
6888	3336	1127244833	real
6888	3337	1184357587	real
6888	3402	1127244833	real
6888	15171	17137630080419	private_dummy
6889	3452	1280892846	real
6889	3454	1338005600	real
6889	15172	17137630080419	private_dummy
6890	7308	1536494450	real
6890	15173	17137630080419	private_dummy
6891	7310	1347326682	real
6891	15174	17137630080419	private_dummy
6892	7211	1227292212	real
6892	15175	17137630080419	private_dummy
6893	7312	1151478732	real
6893	15176	17137630080419	private_dummy
6894	7314	1111345418	real
6894	15177	17137630080419	private_dummy
6895	7316	1103469220	real
6895	15178	17137630080419	private_dummy
6896	7318	1127244833	real
6896	15179	17137630080419	private_dummy
6897	7320	970117258	real
6897	15180	17137630080419	private_dummy
6898	499	1869695623	real
6898	500	1869695623	real
6898	15181	17137630080419	private_dummy
6899	1232	1593607205	real
6899	1233	1593607205	real
6899	15182	17137630080419	private_dummy
6900	1832	1404439436	real
6900	1833	1404439436	real
6900	2026	1347326682	real
6900	15183	17137630080419	private_dummy
6901	2304	1284404966	real
6901	2305	1284404966	real
6901	2466	1227292212	real
6901	15184	17137630080419	private_dummy
6902	2679	1208591486	real
6902	2680	1208591486	real
6902	2821	1151478732	real
6902	15185	17137630080419	private_dummy
6903	2967	1168458172	real
6903	2968	1168458172	real
6903	15186	17137630080419	private_dummy
6904	3186	1160581975	real
6904	3187	1160581975	real
6904	15187	17137630080419	private_dummy
6905	3333	1184357587	real
6905	3334	1184357587	real
6905	15188	17137630080419	private_dummy
6906	3449	1338005600	real
6906	3451	1338005600	real
6906	3465	1280892846	real
6906	15189	17137630080419	private_dummy
6907	3473	1759226661	real
6907	3474	1759226661	real
6907	3476	1702113907	real
6907	3477	1702113907	real
6907	15190	17137630080419	private_dummy
6908	3436	1227292212	real
6908	3438	1305960685	real
6908	3479	1227292212	real
6908	3480	1227292212	real
6908	15191	17137630080419	private_dummy
6909	508	1869695623	real
6909	509	1869695623	real
6909	786	1869695623	real
6909	15192	17137630080419	private_dummy
6910	1241	1536494450	real
6910	1242	1593607205	real
6910	1466	1536494450	real
6910	15193	17137630080419	private_dummy
6911	1841	1347326682	real
6911	1842	1404439436	real
6911	15194	17137630080419	private_dummy
6912	2312	1227292212	real
6912	2313	1284404966	real
6912	2469	1227292212	real
6912	15195	17137630080419	private_dummy
6913	2688	1151478732	real
6913	2689	1208591486	real
6913	2825	1151478732	real
6913	15196	17137630080419	private_dummy
6914	2976	1111345418	real
6914	2977	1168458172	real
6914	3090	1111345418	real
6914	15197	17137630080419	private_dummy
6915	3195	1103469220	real
6915	3196	1160581975	real
6915	3280	1103469220	real
6915	15198	17137630080419	private_dummy
6916	3342	1127244833	real
6916	3343	1184357587	real
6916	3404	1127244833	real
6916	15199	17137630080419	private_dummy
6917	3458	1280892846	real
6917	3460	1338005600	real
6917	15200	17137630080419	private_dummy
6918	3476	1430048205	real
6918	3478	1487160959	real
6918	15201	17137630080419	private_dummy
6919	7322	1536494450	real
6919	15202	17137630080419	private_dummy
6920	7324	1347326682	real
6920	15203	17137630080419	private_dummy
6921	7326	1227292212	real
6921	15204	17137630080419	private_dummy
6922	7328	1151478732	real
6922	15205	17137630080419	private_dummy
6923	7330	1111345418	real
6923	15206	17137630080419	private_dummy
6924	7332	1103469220	real
6924	15207	17137630080419	private_dummy
6925	7334	1127244833	real
6925	15208	17137630080419	private_dummy
6926	7336	970117258	real
6926	15209	17137630080419	private_dummy
6927	505	1869695623	real
6927	506	1869695623	real
6927	15210	17137630080419	private_dummy
6928	1238	1593607205	real
6928	1239	1593607205	real
6928	15211	17137630080419	private_dummy
6929	1838	1404439436	real
6929	1839	1404439436	real
6929	2028	1347326682	real
6929	15212	17137630080419	private_dummy
6930	2309	1284404966	real
6930	2310	1284404966	real
6930	15213	17137630080419	private_dummy
6931	2685	1208591486	real
6931	2686	1208591486	real
6931	2824	1151478732	real
6931	15214	17137630080419	private_dummy
6932	2973	1168458172	real
6932	2974	1168458172	real
6932	15215	17137630080419	private_dummy
6933	3192	1160581975	real
6933	3193	1160581975	real
6933	15216	17137630080419	private_dummy
6934	3339	1184357587	real
6934	3340	1184357587	real
6934	15217	17137630080419	private_dummy
6935	3455	1338005600	real
6935	3457	1338005600	real
6935	3467	1280892846	real
6935	15218	17137630080419	private_dummy
6936	3473	1487160959	real
6936	3475	1487160959	real
6936	3483	1430048205	real
6936	15219	17137630080419	private_dummy
6937	3441	1227292212	real
6937	3443	1227292212	real
6937	3489	1227292212	real
6937	3490	1227292212	real
6937	15220	17137630080419	private_dummy
6938	1843	1347326682	real
6938	1844	1404439436	real
6938	2030	1347326682	real
6938	15221	17137630080419	private_dummy
6939	2314	1227292212	real
6939	2315	1284404966	real
6939	15222	17137630080419	private_dummy
6940	2690	1151478732	real
6940	2691	1208591486	real
6940	2827	1151478732	real
6940	15223	17137630080419	private_dummy
6941	2978	1111345418	real
6941	2979	1168458172	real
6941	15224	17137630080419	private_dummy
6942	3197	1103469220	real
6942	3198	1160581975	real
6942	15225	17137630080419	private_dummy
6943	3461	1280892846	real
6943	3463	1338005600	real
6943	3469	1280892846	real
6943	15226	17137630080419	private_dummy
6944	3479	1430048205	real
6944	3481	1487160959	real
6944	3485	1430048205	real
6944	15227	17137630080419	private_dummy
6945	3489	1702113907	real
6945	3491	1759226661	real
6945	3493	1702113907	real
6945	15228	17137630080419	private_dummy
6946	490	1869695623	real
6946	491	1869695623	real
6946	780	1869695623	real
6946	15229	17137630080419	private_dummy
6947	1223	1536494450	real
6947	1224	1536494450	real
6947	1460	1536494450	real
6947	15230	17137630080419	private_dummy
6948	1824	1347326682	real
6948	1825	1347326682	real
6948	15231	17137630080419	private_dummy
6949	2295	1227292212	real
6949	2296	1227292212	real
6949	2462	1227292212	real
6949	15232	17137630080419	private_dummy
6950	2671	1151478732	real
6950	2672	1151478732	real
6950	15233	17137630080419	private_dummy
6951	2958	1111345418	real
6951	2959	1111345418	real
6951	15234	17137630080419	private_dummy
6952	3177	1103469220	real
6952	3178	1103469220	real
6952	15235	17137630080419	private_dummy
6953	3324	1127244833	real
6953	3325	1127244833	real
6953	3398	1127244833	real
6953	15236	17137630080419	private_dummy
6954	3432	1280892846	real
6954	3433	1280892846	real
6954	15237	17137630080419	private_dummy
6955	3436	1430048205	real
6955	3437	1430048205	real
6955	3439	1430048205	real
6955	15238	17137630080419	private_dummy
6956	3441	1702113907	real
6956	3442	1702113907	real
6956	3444	1702113907	real
6956	15239	17137630080419	private_dummy
6957	7268	773151825	real
6957	15240	17137630080419	private_dummy
6958	7268	773151825	real
6958	15241	17137630080419	private_dummy
6959	7269	507627513	real
6959	15242	17137630080419	private_dummy
6960	7269	507627513	real
6960	15243	17137630080419	private_dummy
6961	7270	476121280	real
6961	15244	17137630080419	private_dummy
6962	7270	476121280	real
6962	15245	17137630080419	private_dummy
6963	7271	773151825	real
6963	15246	17137630080419	private_dummy
6964	7271	773151825	real
6964	15247	17137630080419	private_dummy
6965	7272	798782256	real
6965	15248	17137630080419	private_dummy
6966	7272	855895011	real
6966	15249	17137630080419	private_dummy
6967	7273	877450729	real
6967	15250	17137630080419	private_dummy
6968	7273	877450729	real
6968	15251	17137630080419	private_dummy
6969	3506	1430048205	real
6969	15252	17137630080419	private_dummy
6970	3498	1280892846	real
6970	15253	17137630080419	private_dummy
6971	1851	1347326682	real
6971	15254	17137630080419	private_dummy
6972	3496	1280892846	real
6972	15255	17137630080419	private_dummy
6973	1849	1347326682	real
6973	15256	17137630080419	private_dummy
6974	3435	1184562466	real
6974	15257	17137630080419	private_dummy
6975	3397	1184562466	real
6975	15258	17137630080419	private_dummy
6976	3274	1184562466	real
6976	15259	17137630080419	private_dummy
6977	3084	1184562466	real
6977	15260	17137630080419	private_dummy
6978	2815	1184562466	real
6978	15261	17137630080419	private_dummy
6979	2322	1227292212	real
6979	15262	17137630080419	private_dummy
6980	2021	1184562466	real
6980	15263	17137630080419	private_dummy
6981	1459	1184562466	real
6981	15264	17137630080419	private_dummy
6982	779	1184562466	real
6982	15265	17137630080419	private_dummy
6983	7389	884804312	real
6983	15266	17137630080419	private_dummy
6984	7387	539597253	real
6984	15267	17137630080419	private_dummy
6985	7392	657324232	real
6985	15268	17137630080419	private_dummy
6986	7392	664222044	real
6986	15269	17137630080419	private_dummy
6987	7377	129410256	real
6987	15270	17137630080419	private_dummy
6988	7383	499991779	real
6988	7384	499991779	real
6988	15271	17137630080419	private_dummy
6989	7373	307111737	real
6989	7374	445740772	real
6989	15272	17137630080419	private_dummy
6990	7375	404477442	real
6990	15273	17137630080419	private_dummy
6991	7399	539597253	real
6991	15274	17137630080419	private_dummy
6992	7374	231295564	real
6992	15275	17137630080419	private_dummy
6993	7381	456883268	real
6993	15276	17137630080419	private_dummy
6994	7401	209739846	real
6994	15277	17137630080419	private_dummy
6995	7373	347364688	real
6995	15278	17137630080419	private_dummy
6996	7379	146923723	real
6996	15279	17137630080419	private_dummy
6997	7403	603067038	real
6997	15280	17137630080419	private_dummy
6998	7388	389359753	real
6998	15281	17137630080419	private_dummy
6999	7385	733552537	real
6999	7386	733552537	real
6999	15282	17137630080419	private_dummy
7000	7375	275141997	real
7000	7377	232027299	real
7000	15283	17137630080419	private_dummy
7001	7379	516840406	real
7001	7381	688170916	real
7001	15284	17137630080419	private_dummy
7002	7406	335102559	real
7002	15285	17137630080419	private_dummy
7003	7394	624622757	real
7003	15286	17137630080419	private_dummy
7004	7394	603067038	real
7004	15287	17137630080419	private_dummy
7005	7392	545954284	real
7005	7393	371114551	real
7005	7398	289598270	real
7005	15288	17137630080419	private_dummy
7006	7402	428880968	real
7006	15289	17137630080419	private_dummy
7007	7404	174182810	real
7007	15290	17137630080419	private_dummy
7008	7392	603067038	real
7008	7393	603067038	real
7008	7400	499991779	real
7008	15291	17137630080419	private_dummy
7009	7402	603067038	real
7009	15292	17137630080419	private_dummy
7010	7404	209739846	real
7010	15293	17137630080419	private_dummy
7011	7391	402626074	real
7011	15294	17137630080419	private_dummy
7012	7405	299545523	real
7012	15295	17137630080419	private_dummy
7013	7407	576800968	real
7013	15296	17137630080419	private_dummy
7014	7391	617071282	real
7014	15297	17137630080419	private_dummy
7015	7405	335102559	real
7015	15298	17137630080419	private_dummy
7016	7407	791246176	real
7016	15299	17137630080419	private_dummy
7017	7390	402626074	real
7017	15300	17137630080419	private_dummy
7018	7390	657324232	real
7018	15301	17137630080419	private_dummy
7019	7348	405465967	real
7019	7349	405465967	real
7019	15302	17137630080419	private_dummy
7020	7376	634805329	real
7020	15303	17137630080419	private_dummy
7021	7372	691918083	real
7021	15304	17137630080419	private_dummy
7022	7372	656361047	real
7022	15305	17137630080419	private_dummy
7023	7338	556136856	real
7023	7339	613249611	real
7023	15306	17137630080419	private_dummy
7024	7340	568241738	real
7024	7341	568241738	real
7024	15307	17137630080419	private_dummy
7025	7342	628199503	real
7025	7343	628199503	real
7025	15308	17137630080419	private_dummy
7026	7344	895769196	real
7026	7345	895769196	real
7026	15309	17137630080419	private_dummy
7027	7346	727471858	real
7027	7347	727471858	real
7027	15310	17137630080419	private_dummy
7028	7415	613249611	real
7028	15311	17137630080419	private_dummy
7029	7415	577692575	real
7029	15312	17137630080419	private_dummy
7030	7339	727471858	real
7030	15313	17137630080419	private_dummy
7031	7357	438906293	real
7031	15314	17137630080419	private_dummy
7032	7378	733552537	real
7032	15315	17137630080419	private_dummy
7033	7417	806140331	real
7033	15316	17137630080419	private_dummy
7034	7417	713473802	real
7034	15317	17137630080419	private_dummy
7035	7338	1052445090	real
7035	15318	17137630080419	private_dummy
7036	7350	339803765	real
7036	7351	396916519	real
7036	15319	17137630080419	private_dummy
7037	7352	313543580	real
7037	7353	313543580	real
7037	15320	17137630080419	private_dummy
7038	7354	525124244	real
7038	15321	17137630080419	private_dummy
7039	7355	634805329	real
7039	7356	634805329	real
7039	15322	17137630080419	private_dummy
7040	7419	898806860	real
7040	15323	17137630080419	private_dummy
7041	7419	944769366	real
7041	15324	17137630080419	private_dummy
7042	7341	568241738	real
7042	15325	17137630080419	private_dummy
7043	7351	282694271	real
7043	15326	17137630080419	private_dummy
7044	7364	525124244	real
7044	7365	525124244	real
7044	15327	17137630080419	private_dummy
7045	7380	357853520	real
7045	15328	17137630080419	private_dummy
7046	7421	325808969	real
7046	15329	17137630080419	private_dummy
7047	7421	404477442	real
7047	15330	17137630080419	private_dummy
7048	7340	597771310	real
7048	15331	17137630080419	private_dummy
7049	7350	440438857	real
7049	15332	17137630080419	private_dummy
7050	7358	405465967	real
7050	7359	462578721	real
7050	15333	17137630080419	private_dummy
7051	7360	459723160	real
7051	7361	459723160	real
7051	15334	17137630080419	private_dummy
7052	7362	382913971	real
7052	7363	382913971	real
7052	15335	17137630080419	private_dummy
7053	7423	540666309	real
7053	15336	17137630080419	private_dummy
7054	7423	325808969	real
7054	15337	17137630080419	private_dummy
7055	7343	628199503	real
7055	7349	628199503	real
7055	15338	17137630080419	private_dummy
7056	7353	128215813	real
7056	15339	17137630080419	private_dummy
7057	7359	462578721	real
7057	15340	17137630080419	private_dummy
7058	7368	952881950	real
7058	15341	17137630080419	private_dummy
7059	7369	332246999	real
7059	15342	17137630080419	private_dummy
7060	7425	425375005	real
7060	15343	17137630080419	private_dummy
7061	7425	268042552	real
7061	15344	17137630080419	private_dummy
7062	7342	577990920	real
7062	7348	577990920	real
7062	15345	17137630080419	private_dummy
7063	7352	143408313	real
7063	15346	17137630080419	private_dummy
7064	7358	577990920	real
7064	15347	17137630080419	private_dummy
7065	7366	647430763	real
7065	15348	17137630080419	private_dummy
7066	7367	285548266	real
7066	15349	17137630080419	private_dummy
7067	7427	440567505	real
7067	15350	17137630080419	private_dummy
7068	7427	268042552	real
7068	15351	17137630080419	private_dummy
7069	7345	895769196	real
7069	15352	17137630080419	private_dummy
7070	7361	459723160	real
7070	7365	459723160	real
7070	15353	17137630080419	private_dummy
7071	7382	733552537	real
7071	15354	17137630080419	private_dummy
7072	7429	668142471	real
7072	15355	17137630080419	private_dummy
7073	7429	461997836	real
7073	15356	17137630080419	private_dummy
7074	7344	726099236	real
7074	15357	17137630080419	private_dummy
7075	7354	174914545	real
7075	7357	174914545	real
7075	15358	17137630080419	private_dummy
7076	7360	381059179	real
7076	7364	381059179	real
7076	15359	17137630080419	private_dummy
7077	7366	726099236	real
7077	7368	783211990	real
7077	15360	17137630080419	private_dummy
7078	7370	459723160	real
7078	7371	595504387	real
7078	15361	17137630080419	private_dummy
7079	7431	540666309	real
7079	15362	17137630080419	private_dummy
7080	7431	461997836	real
7080	15363	17137630080419	private_dummy
7081	7347	855895011	real
7081	15364	17137630080419	private_dummy
7082	7356	634805329	real
7082	15365	17137630080419	private_dummy
7083	7363	382913971	real
7083	15366	17137630080419	private_dummy
7084	7371	595504387	real
7084	15367	17137630080419	private_dummy
7085	7433	1095440255	real
7085	15368	17137630080419	private_dummy
7086	7433	784584612	real
7086	15369	17137630080419	private_dummy
7087	7346	1109557844	real
7087	15370	17137630080419	private_dummy
7088	7355	497551611	real
7088	15371	17137630080419	private_dummy
7089	7362	577990920	real
7089	15372	17137630080419	private_dummy
7090	7367	726099236	real
7090	7369	726099236	real
7090	15373	17137630080419	private_dummy
7091	7370	1211545455	real
7091	15374	17137630080419	private_dummy
7092	7435	772853479	real
7092	15375	17137630080419	private_dummy
7093	7435	909215591	real
7093	15376	17137630080419	private_dummy
7094	7396	634805329	real
7094	7414	634805329	real
7094	15377	17137630080419	private_dummy
7095	7418	1009994705	real
7095	15378	17137630080419	private_dummy
7096	7420	556136856	real
7096	15379	17137630080419	private_dummy
7097	7396	727471858	real
7097	7416	727471858	real
7097	15380	17137630080419	private_dummy
7098	7418	1088663177	real
7098	15381	17137630080419	private_dummy
7099	7420	556136856	real
7099	15382	17137630080419	private_dummy
7100	7422	404885082	real
7100	15383	17137630080419	private_dummy
7101	7424	328656777	real
7101	15384	17137630080419	private_dummy
7102	7422	404885082	real
7102	15385	17137630080419	private_dummy
7103	7424	328656777	real
7103	15386	17137630080419	private_dummy
7104	7426	304786278	real
7104	15387	17137630080419	private_dummy
7105	7428	328656777	real
7105	15388	17137630080419	private_dummy
7106	7426	304786278	real
7106	15389	17137630080419	private_dummy
7107	7428	328656777	real
7107	15390	17137630080419	private_dummy
7108	7430	404885082	real
7108	15391	17137630080419	private_dummy
7109	7432	556136856	real
7109	15392	17137630080419	private_dummy
7110	7430	404885082	real
7110	15393	17137630080419	private_dummy
7111	7432	556136856	real
7111	15394	17137630080419	private_dummy
7112	7434	704543517	real
7112	15395	17137630080419	private_dummy
7113	7436	855895011	real
7113	15396	17137630080419	private_dummy
7114	7434	704543517	real
7114	15397	17137630080419	private_dummy
7115	7436	855895011	real
7115	15398	17137630080419	private_dummy
7116	7397	228443265	real
7116	15399	17137630080419	private_dummy
7117	7397	367072299	real
7117	15400	17137630080419	private_dummy
7118	7394	603067038	real
7118	7395	385769531	real
7118	15401	17137630080419	private_dummy
7119	7394	603067038	real
7119	7395	464438004	real
7119	15402	17137630080419	private_dummy
7120	3444	1184562466	real
7120	3445	1184562466	real
7120	15403	17137630080419	private_dummy
7121	3505	1487160959	real
7121	3507	1430048205	real
7121	15404	17137630080419	private_dummy
7122	3497	1338005600	real
7122	3502	1280892846	real
7122	15405	17137630080419	private_dummy
7123	3349	1184357587	real
7123	3350	1127244833	real
7123	3411	1127244833	real
7123	15406	17137630080419	private_dummy
7124	3203	1160581975	real
7124	3204	1103469220	real
7124	3287	1103469220	real
7124	15407	17137630080419	private_dummy
7125	2984	1168458172	real
7125	2985	1111345418	real
7125	3097	1111345418	real
7125	15408	17137630080419	private_dummy
7126	2694	1208591486	real
7126	2833	1151478732	real
7126	15409	17137630080419	private_dummy
7127	2320	1284404966	real
7127	2321	1227292212	real
7127	2476	1227292212	real
7127	15410	17137630080419	private_dummy
7128	1850	1404439436	real
7128	2035	1347326682	real
7128	15411	17137630080419	private_dummy
7129	1248	1593607205	real
7129	1249	1536494450	real
7129	1473	1536494450	real
7129	15412	17137630080419	private_dummy
7130	515	1869695623	real
7130	516	1869695623	real
7130	793	1869695623	real
7130	15413	17137630080419	private_dummy
7131	3442	1184562466	real
7131	3443	1184562466	real
7131	15414	17137630080419	private_dummy
7132	7438	1109557844	real
7132	15415	17137630080419	private_dummy
7133	7440	691918083	real
7133	15416	17137630080419	private_dummy
7134	7442	497551611	real
7134	15417	17137630080419	private_dummy
7135	7444	361362744	real
7135	15418	17137630080419	private_dummy
7136	7446	303596327	real
7136	15419	17137630080419	private_dummy
7137	7448	303596327	real
7137	15420	17137630080419	private_dummy
7138	7450	361362744	real
7138	15421	17137630080419	private_dummy
7139	7452	497551611	real
7139	15422	17137630080419	private_dummy
7140	3507	1702113907	real
7140	3508	1702113907	real
7140	15423	17137630080419	private_dummy
7141	3439	1184562466	real
7141	3440	1184562466	real
7141	15424	17137630080419	private_dummy
7142	3505	1759226661	real
7142	15425	17137630080419	private_dummy
7143	3495	1338005600	real
7143	3500	1280892846	real
7143	15426	17137630080419	private_dummy
7144	3347	1184357587	real
7144	3348	1127244833	real
7144	3409	1127244833	real
7144	15427	17137630080419	private_dummy
7145	3201	1160581975	real
7145	3202	1103469220	real
7145	3285	1103469220	real
7145	15428	17137630080419	private_dummy
7146	2982	1168458172	real
7146	2983	1111345418	real
7146	3095	1111345418	real
7146	15429	17137630080419	private_dummy
7147	2693	1208591486	real
7147	2831	1151478732	real
7147	15430	17137630080419	private_dummy
7148	2318	1284404966	real
7148	2319	1227292212	real
7148	2474	1227292212	real
7148	15431	17137630080419	private_dummy
7149	1848	1404439436	real
7149	2033	1347326682	real
7149	15432	17137630080419	private_dummy
7150	1246	1593607205	real
7150	1247	1536494450	real
7150	1471	1536494450	real
7150	15433	17137630080419	private_dummy
7151	513	1869695623	real
7151	514	1869695623	real
7151	791	1869695623	real
7151	15434	17137630080419	private_dummy
7152	3437	1184562466	real
7152	3438	1263230939	real
7152	15435	17137630080419	private_dummy
7153	7455	1245339071	real
7153	15436	17137630080419	private_dummy
7154	7457	691918083	real
7154	15437	17137630080419	private_dummy
7155	7459	461997836	real
7155	15438	17137630080419	private_dummy
7156	7461	325808969	real
7156	15439	17137630080419	private_dummy
7157	7463	268042552	real
7157	15440	17137630080419	private_dummy
7158	7465	268042552	real
7158	15441	17137630080419	private_dummy
7159	7467	325808969	real
7159	15442	17137630080419	private_dummy
7160	7469	461997836	real
7160	15443	17137630080419	private_dummy
7161	3502	1702113907	real
7161	3503	1702113907	real
7161	15444	17137630080419	private_dummy
7162	3500	1430048205	real
7162	3501	1430048205	real
7162	15445	17137630080419	private_dummy
7163	1846	1347326682	real
7163	1847	1347326682	real
7163	15446	17137630080419	private_dummy
7164	3497	1759226661	real
7164	15447	17137630080419	private_dummy
7165	3495	1487160959	real
7165	15448	17137630080419	private_dummy
7166	3345	1184357587	real
7166	3346	1127244833	real
7166	3407	1127244833	real
7166	15449	17137630080419	private_dummy
7167	3199	1160581975	real
7167	3200	1103469220	real
7167	3283	1103469220	real
7167	15450	17137630080419	private_dummy
7168	2980	1168458172	real
7168	2981	1111345418	real
7168	3093	1111345418	real
7168	15451	17137630080419	private_dummy
7169	2692	1208591486	real
7169	2829	1151478732	real
7169	15452	17137630080419	private_dummy
7170	2316	1284404966	real
7170	2317	1227292212	real
7170	2472	1227292212	real
7170	15453	17137630080419	private_dummy
7171	1845	1404439436	real
7171	15454	17137630080419	private_dummy
7172	1244	1593607205	real
7172	1245	1536494450	real
7172	1469	1536494450	real
7172	15455	17137630080419	private_dummy
7173	511	1869695623	real
7173	512	1869695623	real
7173	789	1869695623	real
7173	15456	17137630080419	private_dummy
7174	3433	1184562466	real
7174	3434	1241675220	real
7174	3499	1184562466	real
7174	15457	17137630080419	private_dummy
7175	7472	1430048205	real
7175	15458	17137630080419	private_dummy
7176	7474	1001882120	real
7176	15459	17137630080419	private_dummy
7177	7476	714849119	real
7177	15460	17137630080419	private_dummy
7178	7478	578660251	real
7178	15461	17137630080419	private_dummy
7179	7480	520893834	real
7179	15462	17137630080419	private_dummy
7180	7482	520893834	real
7180	15463	17137630080419	private_dummy
7181	7484	578660251	real
7181	15464	17137630080419	private_dummy
7182	7486	714849119	real
7182	15465	17137630080419	private_dummy
7183	3323	1241675220	real
7183	3325	1184562466	real
7183	3351	1184562466	real
7183	15466	17137630080419	private_dummy
7184	6899	1430048205	real
7184	6901	1508716678	real
7184	15467	17137630080419	private_dummy
7185	6896	1280892846	real
7185	15468	17137630080419	private_dummy
7186	6892	826219067	real
7186	15469	17137630080419	private_dummy
7187	6888	554248972	real
7187	15470	17137630080419	private_dummy
7188	6978	436521993	real
7188	15471	17137630080419	private_dummy
7189	6875	402626074	real
7189	15472	17137630080419	private_dummy
7190	6976	436521993	real
7190	15473	17137630080419	private_dummy
7191	6974	554248972	real
7191	15474	17137630080419	private_dummy
7192	3176	1241675220	real
7192	3178	1184562466	real
7192	3205	1184562466	real
7192	15475	17137630080419	private_dummy
7193	6540	1430048205	real
7193	6542	1508716678	real
7193	15476	17137630080419	private_dummy
7194	6537	1280892846	real
7194	15477	17137630080419	private_dummy
7195	6528	941917066	real
7195	15478	17137630080419	private_dummy
7196	6524	497139479	real
7196	15479	17137630080419	private_dummy
7197	6627	322299745	real
7197	15480	17137630080419	private_dummy
7198	6507	228443265	real
7198	15481	17137630080419	private_dummy
7199	6625	228443265	real
7199	15482	17137630080419	private_dummy
7200	6623	322299745	real
7200	15483	17137630080419	private_dummy
7201	2957	1241675220	real
7201	2959	1184562466	real
7201	2986	1184562466	real
7201	15484	17137630080419	private_dummy
7202	6145	1430048205	real
7202	6147	1508716678	real
7202	15485	17137630080419	private_dummy
7203	6142	1280892846	real
7203	15486	17137630080419	private_dummy
7204	6133	941917066	real
7204	15487	17137630080419	private_dummy
7205	6124	711996819	real
7205	15488	17137630080419	private_dummy
7206	6242	414966275	real
7206	15489	17137630080419	private_dummy
7207	6105	288403827	real
7207	15490	17137630080419	private_dummy
7208	6240	228443265	real
7208	15491	17137630080419	private_dummy
7209	6238	288403827	real
7209	15492	17137630080419	private_dummy
7210	2670	1241675220	real
7210	2672	1184562466	real
7210	2695	1184562466	real
7210	15493	17137630080419	private_dummy
7211	5716	1430048205	real
7211	5718	1508716678	real
7211	15494	17137630080419	private_dummy
7212	5713	1280892846	real
7212	15495	17137630080419	private_dummy
7213	5704	941917066	real
7213	15496	17137630080419	private_dummy
7214	5695	711996819	real
7214	15497	17137630080419	private_dummy
7215	5823	611361727	real
7215	15498	17137630080419	private_dummy
7216	5671	399773775	real
7216	15499	17137630080419	private_dummy
7217	5821	322299745	real
7217	15500	17137630080419	private_dummy
7218	5819	322299745	real
7218	15501	17137630080419	private_dummy
7219	2461	1184562466	real
7219	2462	1184562466	real
7219	15502	17137630080419	private_dummy
7220	2294	1241675220	real
7220	2296	1184562466	real
7220	15503	17137630080419	private_dummy
7221	5253	1430048205	real
7221	5255	1508716678	real
7221	15504	17137630080419	private_dummy
7222	5250	1280892846	real
7222	15505	17137630080419	private_dummy
7223	5241	941917066	real
7223	15506	17137630080419	private_dummy
7224	5232	711996819	real
7224	15507	17137630080419	private_dummy
7225	5370	611361727	real
7225	15508	17137630080419	private_dummy
7226	5205	572298728	real
7226	15509	17137630080419	private_dummy
7227	5368	446472507	real
7227	15510	17137630080419	private_dummy
7228	5366	440026725	real
7228	15511	17137630080419	private_dummy
7229	1823	1241675220	real
7229	1825	1184562466	real
7229	1852	1184562466	real
7229	15512	17137630080419	private_dummy
7230	4762	1430048205	real
7230	4764	1508716678	real
7230	15513	17137630080419	private_dummy
7231	4759	1280892846	real
7231	15514	17137630080419	private_dummy
7232	4750	941917066	real
7232	15515	17137630080419	private_dummy
7233	4741	711996819	real
7233	15516	17137630080419	private_dummy
7234	4883	611361727	real
7234	15517	17137630080419	private_dummy
7235	4714	572298728	real
7235	15518	17137630080419	private_dummy
7236	4881	585101542	real
7236	15519	17137630080419	private_dummy
7237	4879	573948669	real
7237	15520	17137630080419	private_dummy
7238	1222	1241675220	real
7238	1224	1184562466	real
7238	1250	1184562466	real
7238	15521	17137630080419	private_dummy
7239	4241	1430048205	real
7239	4243	1508716678	real
7239	15522	17137630080419	private_dummy
7240	4238	1280892846	real
7240	15523	17137630080419	private_dummy
7241	4229	941917066	real
7241	15524	17137630080419	private_dummy
7242	4220	711996819	real
7242	15525	17137630080419	private_dummy
7243	4362	611361727	real
7243	15526	17137630080419	private_dummy
7244	4193	572298728	real
7244	15527	17137630080419	private_dummy
7245	4360	585101542	real
7245	15528	17137630080419	private_dummy
7246	4358	652617141	real
7246	15529	17137630080419	private_dummy
7247	489	1241675220	real
7247	491	1184562466	real
7247	517	1184562466	real
7247	15530	17137630080419	private_dummy
7248	3686	1430048205	real
7248	3688	1508716678	real
7248	15531	17137630080419	private_dummy
7249	3683	1280892846	real
7249	15532	17137630080419	private_dummy
7250	3674	941917066	real
7250	15533	17137630080419	private_dummy
7251	3665	711996819	real
7251	15534	17137630080419	private_dummy
7252	3807	611361727	real
7252	15535	17137630080419	private_dummy
7253	3638	572298728	real
7253	15536	17137630080419	private_dummy
7254	3805	585101542	real
7254	15537	17137630080419	private_dummy
7255	3803	652617141	real
7255	15538	17137630080419	private_dummy
7256	3499	1280892846	real
7256	15539	17137630080419	private_dummy
7257	3351	1127244833	real
7257	3352	1127244833	real
7257	15540	17137630080419	private_dummy
7258	3205	1103469220	real
7258	3206	1103469220	real
7258	15541	17137630080419	private_dummy
7259	2986	1111345418	real
7259	2987	1111345418	real
7259	15542	17137630080419	private_dummy
7260	2695	1151478732	real
7260	15543	17137630080419	private_dummy
7261	1852	1347326682	real
7261	15544	17137630080419	private_dummy
7262	1250	1536494450	real
7262	1251	1536494450	real
7262	15545	17137630080419	private_dummy
7263	517	1869695623	real
7263	518	1869695623	real
7263	15546	17137630080419	private_dummy
7264	7408	1009994705	real
7264	15547	17137630080419	private_dummy
7265	7408	1009994705	real
7265	15548	17137630080419	private_dummy
7266	7409	670359104	real
7266	15549	17137630080419	private_dummy
7267	7409	670359104	real
7267	15550	17137630080419	private_dummy
7268	7410	518695198	real
7268	15551	17137630080419	private_dummy
7269	7410	461582443	real
7269	15552	17137630080419	private_dummy
7270	7411	460928780	real
7270	15553	17137630080419	private_dummy
7271	7411	403816026	real
7271	15554	17137630080419	private_dummy
7272	7412	654884065	real
7272	15555	17137630080419	private_dummy
7273	7412	597771310	real
7273	15556	17137630080419	private_dummy
7274	7413	830547118	real
7274	15557	17137630080419	private_dummy
7275	7413	830547118	real
7275	15558	17137630080419	private_dummy
7276	535	1869695623	real
7276	15559	17137630080419	private_dummy
7277	1268	1593607205	real
7277	15560	17137630080419	private_dummy
7278	2036	1347326682	real
7278	2041	1347326682	real
7278	15561	17137630080419	private_dummy
7279	2330	1284404966	real
7279	2482	1227292212	real
7279	15562	17137630080419	private_dummy
7280	2477	1347326682	real
7280	2486	1347326682	real
7280	15563	17137630080419	private_dummy
7281	2834	1347326682	real
7281	2839	1347326682	real
7281	15564	17137630080419	private_dummy
7282	3098	1347326682	real
7282	3103	1347326682	real
7282	15565	17137630080419	private_dummy
7283	3288	1347326682	real
7283	3293	1347326682	real
7283	15566	17137630080419	private_dummy
7284	3369	1184357587	real
7284	15567	17137630080419	private_dummy
7285	3494	1347326682	real
7285	3499	1347326682	real
7285	15568	17137630080419	private_dummy
7286	3532	1759226661	real
7286	15569	17137630080419	private_dummy
7287	3514	1347326682	real
7287	15570	17137630080419	private_dummy
7288	3519	1347326682	real
7288	15571	17137630080419	private_dummy
7289	7542	775591992	real
7289	15572	17137630080419	private_dummy
7290	7540	579196540	real
7290	15573	17137630080419	private_dummy
7291	7545	1073192518	real
7291	15574	17137630080419	private_dummy
7292	7545	1191460278	real
7292	15575	17137630080419	private_dummy
7293	7530	139360770	real
7293	15576	17137630080419	private_dummy
7294	7536	837944909	real
7294	7537	837944909	real
7294	15577	17137630080419	private_dummy
7295	7526	375366188	real
7295	7527	546696698	real
7295	15578	17137630080419	private_dummy
7296	7528	483553555	real
7296	15579	17137630080419	private_dummy
7297	7552	586295985	real
7297	15580	17137630080419	private_dummy
7298	7527	546696698	real
7298	15581	17137630080419	private_dummy
7299	7534	622182589	real
7299	15582	17137630080419	private_dummy
7300	7554	586295985	real
7300	15583	17137630080419	private_dummy
7301	7526	782688641	real
7301	15584	17137630080419	private_dummy
7302	7532	186523010	real
7302	15585	17137630080419	private_dummy
7303	7556	1383315512	real
7303	15586	17137630080419	private_dummy
7304	7541	383454751	real
7304	15587	17137630080419	private_dummy
7305	7538	635103674	real
7305	7539	635103674	real
7305	15588	17137630080419	private_dummy
7306	7528	72300763	real
7306	7530	72300763	real
7306	15589	17137630080419	private_dummy
7307	7532	72300763	real
7307	7534	210929798	real
7307	15590	17137630080419	private_dummy
7308	7559	361899033	real
7308	15591	17137630080419	private_dummy
7309	7547	1130305272	real
7309	15592	17137630080419	private_dummy
7310	7547	1073192518	real
7310	15593	17137630080419	private_dummy
7311	7545	1197365280	real
7311	7546	646256547	real
7311	7551	413771032	real
7311	15594	17137630080419	private_dummy
7312	7555	520893834	real
7312	15595	17137630080419	private_dummy
7313	7557	382264799	real
7313	15596	17137630080419	private_dummy
7314	7545	1211240668	real
7314	7546	990449332	real
7314	7553	679295344	real
7314	15597	17137630080419	private_dummy
7315	7555	796494047	real
7315	15598	17137630080419	private_dummy
7316	7557	460933272	real
7316	15599	17137630080419	private_dummy
7317	7544	757626495	real
7317	15600	17137630080419	private_dummy
7318	7558	383454751	real
7318	15601	17137630080419	private_dummy
7319	7560	558294485	real
7319	15602	17137630080419	private_dummy
7320	7544	836294968	real
7320	15603	17137630080419	private_dummy
7321	7558	462123224	real
7321	15604	17137630080419	private_dummy
7322	7560	636962957	real
7322	15605	17137630080419	private_dummy
7323	7543	836294968	real
7323	15606	17137630080419	private_dummy
7324	7543	1243617421	real
7324	15607	17137630080419	private_dummy
7325	7498	438906293	real
7325	7499	438906293	real
7325	15608	17137630080419	private_dummy
7326	7529	798782256	real
7326	15609	17137630080419	private_dummy
7327	7525	1008270158	real
7327	15610	17137630080419	private_dummy
7328	7525	614214026	real
7328	15611	17137630080419	private_dummy
7329	7488	895769196	real
7329	7489	952881950	real
7329	15612	17137630080419	private_dummy
7330	7490	628199503	real
7330	7491	628199503	real
7330	15613	17137630080419	private_dummy
7331	7492	568241738	real
7331	7493	568241738	real
7331	15614	17137630080419	private_dummy
7332	7494	556136856	real
7332	7495	556136856	real
7332	15615	17137630080419	private_dummy
7333	7496	895769196	real
7333	7497	895769196	real
7333	15616	17137630080419	private_dummy
7334	7568	915603629	real
7334	15617	17137630080419	private_dummy
7335	7568	521547497	real
7335	15618	17137630080419	private_dummy
7336	7489	952881950	real
7336	15619	17137630080419	private_dummy
7337	7507	199321332	real
7337	15620	17137630080419	private_dummy
7338	7531	543514117	real
7338	15621	17137630080419	private_dummy
7339	7570	915603629	real
7339	15622	17137630080419	private_dummy
7340	7570	521547497	real
7340	15623	17137630080419	private_dummy
7341	7488	1211545455	real
7341	15624	17137630080419	private_dummy
7342	7500	489570469	real
7342	7501	546683223	real
7342	15625	17137630080419	private_dummy
7343	7502	332246999	real
7343	7503	332246999	real
7343	15626	17137630080419	private_dummy
7344	7504	266836932	real
7344	15627	17137630080419	private_dummy
7345	7505	577692575	real
7345	7506	577692575	real
7345	15628	17137630080419	private_dummy
7346	7572	1111345418	real
7346	15629	17137630080419	private_dummy
7347	7572	820364546	real
7347	15630	17137630080419	private_dummy
7348	7491	628199503	real
7348	15631	17137630080419	private_dummy
7349	7501	546683223	real
7349	15632	17137630080419	private_dummy
7350	7516	225581517	real
7350	7517	225581517	real
7350	15633	17137630080419	private_dummy
7351	7533	501181730	real
7351	15634	17137630080419	private_dummy
7352	7574	679608889	real
7352	15635	17137630080419	private_dummy
7353	7574	388628018	real
7353	15636	17137630080419	private_dummy
7354	7490	726099236	real
7354	15637	17137630080419	private_dummy
7355	7500	726099236	real
7355	15638	17137630080419	private_dummy
7356	7510	371846286	real
7356	7511	428959040	real
7356	15639	17137630080419	private_dummy
7357	7512	186518519	real
7357	7513	186518519	real
7357	15640	17137630080419	private_dummy
7358	7514	444068976	real
7358	7515	444068976	real
7358	15641	17137630080419	private_dummy
7359	7576	973250410	real
7359	15642	17137630080419	private_dummy
7360	7576	249998983	real
7360	15643	17137630080419	private_dummy
7361	7493	568241738	real
7361	7499	568241738	real
7361	15644	17137630080419	private_dummy
7362	7503	332246999	real
7362	15645	17137630080419	private_dummy
7363	7511	428959040	real
7363	15646	17137630080419	private_dummy
7364	7520	613249611	real
7364	15647	17137630080419	private_dummy
7365	7521	577692575	real
7365	15648	17137630080419	private_dummy
7366	7578	646256547	real
7366	15649	17137630080419	private_dummy
7367	7578	289598270	real
7367	15650	17137630080419	private_dummy
7368	7492	577990920	real
7368	7498	577990920	real
7368	15651	17137630080419	private_dummy
7369	7502	381059179	real
7369	15652	17137630080419	private_dummy
7370	7510	577990920	real
7370	15653	17137630080419	private_dummy
7371	7518	326216609	real
7371	15654	17137630080419	private_dummy
7372	7519	486401363	real
7372	15655	17137630080419	private_dummy
7373	7580	713772147	real
7373	15656	17137630080419	private_dummy
7374	7580	289598270	real
7374	15657	17137630080419	private_dummy
7375	7495	798782256	real
7375	15658	17137630080419	private_dummy
7376	7513	371846286	real
7376	7517	371846286	real
7376	15659	17137630080419	private_dummy
7377	7535	1543068471	real
7377	15660	17137630080419	private_dummy
7378	7582	873250628	real
7378	15661	17137630080419	private_dummy
7379	7582	483553555	real
7379	15662	17137630080419	private_dummy
7380	7494	597771310	real
7380	15663	17137630080419	private_dummy
7381	7504	332246999	real
7381	7507	332246999	real
7381	15664	17137630080419	private_dummy
7382	7512	300740766	real
7382	7516	300740766	real
7382	15665	17137630080419	private_dummy
7383	7518	597771310	real
7383	7520	654884065	real
7383	15666	17137630080419	private_dummy
7384	7522	798782256	real
7384	7523	798782256	real
7384	15667	17137630080419	private_dummy
7385	7584	733552537	real
7385	15668	17137630080419	private_dummy
7386	7584	426440801	real
7386	15669	17137630080419	private_dummy
7387	7497	726099236	real
7387	15670	17137630080419	private_dummy
7388	7506	426440801	real
7388	15671	17137630080419	private_dummy
7389	7515	326341997	real
7389	15672	17137630080419	private_dummy
7390	7523	798782256	real
7390	15673	17137630080419	private_dummy
7391	7586	847395746	real
7391	15674	17137630080419	private_dummy
7392	7586	656361047	real
7392	15675	17137630080419	private_dummy
7393	7496	1052445090	real
7393	15676	17137630080419	private_dummy
7394	7505	726099236	real
7394	15677	17137630080419	private_dummy
7395	7514	577990920	real
7395	15678	17137630080419	private_dummy
7396	7519	597771310	real
7396	7521	597771310	real
7396	15679	17137630080419	private_dummy
7397	7522	855895011	real
7397	15680	17137630080419	private_dummy
7398	7588	1136695670	real
7398	15681	17137630080419	private_dummy
7399	7588	713473802	real
7399	15682	17137630080419	private_dummy
7400	7549	578660251	real
7400	7567	576800968	real
7400	15683	17137630080419	private_dummy
7401	7571	679295344	real
7401	15684	17137630080419	private_dummy
7402	7573	541247193	real
7402	15685	17137630080419	private_dummy
7403	7549	681735511	real
7403	7569	679876228	real
7403	15686	17137630080419	private_dummy
7404	7571	757963816	real
7404	15687	17137630080419	private_dummy
7405	7573	541247193	real
7405	15688	17137630080419	private_dummy
7406	7575	413771032	real
7406	15689	17137630080419	private_dummy
7407	7577	367072299	real
7407	15690	17137630080419	private_dummy
7408	7575	413771032	real
7408	15691	17137630080419	private_dummy
7409	7577	367072299	real
7409	15692	17137630080419	private_dummy
7410	7579	382264799	real
7410	15693	17137630080419	private_dummy
7411	7581	464438004	real
7411	15694	17137630080419	private_dummy
7412	7579	382264799	real
7412	15695	17137630080419	private_dummy
7413	7581	464438004	real
7413	15696	17137630080419	private_dummy
7414	7583	679295344	real
7414	15697	17137630080419	private_dummy
7415	7585	634805329	real
7415	15698	17137630080419	private_dummy
7416	7583	679295344	real
7416	15699	17137630080419	private_dummy
7417	7585	634805329	real
7417	15700	17137630080419	private_dummy
7418	7587	713473802	real
7418	15701	17137630080419	private_dummy
7419	7589	770586556	real
7419	15702	17137630080419	private_dummy
7420	7587	713473802	real
7420	15703	17137630080419	private_dummy
7421	7589	770586556	real
7421	15704	17137630080419	private_dummy
7422	7550	303596327	real
7422	15705	17137630080419	private_dummy
7423	7550	406671586	real
7423	15706	17137630080419	private_dummy
7424	7547	1208973745	real
7424	7548	934563483	real
7424	15707	17137630080419	private_dummy
7425	7547	1184562466	real
7425	7548	1184562466	real
7425	15708	17137630080419	private_dummy
7426	794	1347326682	real
7426	795	1347326682	real
7426	800	1347326682	real
7426	15709	17137630080419	private_dummy
7427	3997	1268658209	real
7427	3999	1498578456	real
7427	15710	17137630080419	private_dummy
7428	3995	1124216952	real
7428	15711	17137630080419	private_dummy
7429	3993	1033210972	real
7429	15712	17137630080419	private_dummy
7430	3991	982009973	real
7430	15713	17137630080419	private_dummy
7431	3989	965421070	real
7431	15714	17137630080419	private_dummy
7432	3987	982009973	real
7432	15715	17137630080419	private_dummy
7433	3985	1033210972	real
7433	15716	17137630080419	private_dummy
7434	3983	1009994705	real
7434	15717	17137630080419	private_dummy
7435	519	1404439436	real
7435	520	1347326682	real
7435	534	1347326682	real
7435	15718	17137630080419	private_dummy
7436	1474	1347326682	real
7436	1475	1347326682	real
7436	1480	1347326682	real
7436	15719	17137630080419	private_dummy
7437	4552	1268658209	real
7437	4554	1498578456	real
7437	15720	17137630080419	private_dummy
7438	4550	1009994705	real
7438	15721	17137630080419	private_dummy
7439	4548	875878519	real
7439	15722	17137630080419	private_dummy
7440	4546	796682206	real
7440	15723	17137630080419	private_dummy
7441	4544	759276436	real
7441	15724	17137630080419	private_dummy
7442	4542	759276436	real
7442	15725	17137630080419	private_dummy
7443	4540	796682206	real
7443	15726	17137630080419	private_dummy
7444	4538	761656271	real
7444	15727	17137630080419	private_dummy
7445	1252	1404439436	real
7445	1253	1347326682	real
7445	1267	1347326682	real
7445	15728	17137630080419	private_dummy
7446	5073	1536494450	real
7446	5075	1678292591	real
7446	15729	17137630080419	private_dummy
7447	5071	1124216952	real
7447	15730	17137630080419	private_dummy
7448	5069	875878519	real
7448	15731	17137630080419	private_dummy
7449	5067	753572000	real
7449	15732	17137630080419	private_dummy
7450	5065	688170916	real
7450	15733	17137630080419	private_dummy
7451	5063	667354049	real
7451	15734	17137630080419	private_dummy
7452	5061	688170916	real
7452	15735	17137630080419	private_dummy
7453	5059	639349752	real
7453	15736	17137630080419	private_dummy
7454	1853	1404439436	real
7454	1854	1347326682	real
7454	1868	1347326682	real
7454	1869	1347326682	real
7454	15737	17137630080419	private_dummy
7455	5560	1536494450	real
7455	5562	1672275677	real
7455	15738	17137630080419	private_dummy
7456	5558	1347326682	real
7456	15739	17137630080419	private_dummy
7457	5556	1033210972	real
7457	15740	17137630080419	private_dummy
7458	5554	796682206	real
7458	15741	17137630080419	private_dummy
7459	5552	688170916	real
7459	15742	17137630080419	private_dummy
7460	5550	639358736	real
7460	15743	17137630080419	private_dummy
7461	5548	639358736	real
7461	15744	17137630080419	private_dummy
7462	5546	573948669	real
7462	15745	17137630080419	private_dummy
7463	2323	1404439436	real
7463	2324	1347326682	real
7463	2337	1347326682	real
7463	2338	1347326682	real
7463	15746	17137630080419	private_dummy
7464	6013	1536494450	real
7464	6015	1732236239	real
7464	15747	17137630080419	private_dummy
7465	6011	1347326682	real
7465	15748	17137630080419	private_dummy
7466	6009	1227292212	real
7466	15749	17137630080419	private_dummy
7467	6007	982009973	real
7467	15750	17137630080419	private_dummy
7468	6005	759276436	real
7468	15751	17137630080419	private_dummy
7469	6003	667354049	real
7469	15752	17137630080419	private_dummy
7470	6001	639358736	real
7470	15753	17137630080419	private_dummy
7471	5999	553131802	real
7471	15754	17137630080419	private_dummy
7472	2696	1404439436	real
7472	2697	1347326682	real
7472	2711	1347326682	real
7472	2712	1347326682	real
7472	15755	17137630080419	private_dummy
7473	6432	1536494450	real
7473	6434	1766132158	real
7473	15756	17137630080419	private_dummy
7474	6430	1347326682	real
7474	15757	17137630080419	private_dummy
7475	6428	1227292212	real
7475	15758	17137630080419	private_dummy
7476	6426	1151478732	real
7476	15759	17137630080419	private_dummy
7477	6424	965421070	real
7477	15760	17137630080419	private_dummy
7478	6422	759276436	real
7478	15761	17137630080419	private_dummy
7479	6420	688170916	real
7479	15762	17137630080419	private_dummy
7480	6418	573948669	real
7480	15763	17137630080419	private_dummy
7481	2988	1404439436	real
7481	2989	1347326682	real
7481	3003	1347326682	real
7481	3004	1347326682	real
7481	15764	17137630080419	private_dummy
7482	6817	1536494450	real
7482	6819	1790002657	real
7482	15765	17137630080419	private_dummy
7483	6815	1347326682	real
7483	15766	17137630080419	private_dummy
7484	6813	1227292212	real
7484	15767	17137630080419	private_dummy
7485	6811	1151478732	real
7485	15768	17137630080419	private_dummy
7486	6809	1111345418	real
7486	15769	17137630080419	private_dummy
7487	6807	982009973	real
7487	15770	17137630080419	private_dummy
7488	6805	796682206	real
7488	15771	17137630080419	private_dummy
7489	6803	639349752	real
7489	15772	17137630080419	private_dummy
7490	3207	1404439436	real
7490	3208	1347326682	real
7490	3222	1347326682	real
7490	3223	1347326682	real
7490	15773	17137630080419	private_dummy
7491	3412	1347326682	real
7491	3413	1347326682	real
7491	3418	1347326682	real
7491	15774	17137630080419	private_dummy
7492	7168	1536494450	real
7492	7170	1808464545	real
7492	15775	17137630080419	private_dummy
7493	7166	1347326682	real
7493	15776	17137630080419	private_dummy
7494	7164	1227292212	real
7494	15777	17137630080419	private_dummy
7495	7162	1151478732	real
7495	15778	17137630080419	private_dummy
7496	7160	1111345418	real
7496	15779	17137630080419	private_dummy
7497	7158	1103469220	real
7497	15780	17137630080419	private_dummy
7498	7156	1033210972	real
7498	15781	17137630080419	private_dummy
7499	7154	761656271	real
7499	15782	17137630080419	private_dummy
7500	3353	1404439436	real
7500	3354	1347326682	real
7500	3368	1347326682	real
7500	15783	17137630080419	private_dummy
7501	7485	1536494450	real
7501	7487	1823527452	real
7501	15784	17137630080419	private_dummy
7502	7483	1347326682	real
7502	15785	17137630080419	private_dummy
7503	7481	1227292212	real
7503	15786	17137630080419	private_dummy
7504	7479	1151478732	real
7504	15787	17137630080419	private_dummy
7505	7477	1111345418	real
7505	15788	17137630080419	private_dummy
7506	7475	1103469220	real
7506	15789	17137630080419	private_dummy
7507	7473	1127244833	real
7507	15790	17137630080419	private_dummy
7508	7471	1088663177	real
7508	15791	17137630080419	private_dummy
7509	3446	1404439436	real
7509	3447	1347326682	real
7509	3461	1347326682	real
7509	3462	1347326682	real
7509	15792	17137630080419	private_dummy
7510	526	1869695623	real
7510	527	1869695623	real
7510	797	1869695623	real
7510	15793	17137630080419	private_dummy
7511	1259	1536494450	real
7511	1260	1593607205	real
7511	1477	1536494450	real
7511	15794	17137630080419	private_dummy
7512	1860	1347326682	real
7512	1861	1404439436	real
7512	2038	1347326682	real
7512	15795	17137630080419	private_dummy
7513	2703	1151478732	real
7513	2704	1208591486	real
7513	2836	1151478732	real
7513	15796	17137630080419	private_dummy
7514	2995	1111345418	real
7514	2996	1168458172	real
7514	3100	1111345418	real
7514	15797	17137630080419	private_dummy
7515	3214	1103469220	real
7515	3215	1160581975	real
7515	3290	1103469220	real
7515	15798	17137630080419	private_dummy
7516	3360	1127244833	real
7516	3361	1184357587	real
7516	3415	1127244833	real
7516	15799	17137630080419	private_dummy
7517	3453	1184562466	real
7517	3454	1241675220	real
7517	3496	1184562466	real
7517	15800	17137630080419	private_dummy
7518	7591	1536494450	real
7518	15801	17137630080419	private_dummy
7519	7593	1347326682	real
7519	15802	17137630080419	private_dummy
7520	7509	1227292212	real
7520	15803	17137630080419	private_dummy
7521	7595	1151478732	real
7521	15804	17137630080419	private_dummy
7522	7597	1111345418	real
7522	15805	17137630080419	private_dummy
7523	7599	1103469220	real
7523	15806	17137630080419	private_dummy
7524	7601	1127244833	real
7524	15807	17137630080419	private_dummy
7525	7603	1184562466	real
7525	15808	17137630080419	private_dummy
7526	523	1869695623	real
7526	524	1869695623	real
7526	15809	17137630080419	private_dummy
7527	1256	1593607205	real
7527	1257	1593607205	real
7527	15810	17137630080419	private_dummy
7528	1857	1404439436	real
7528	1858	1404439436	real
7528	15811	17137630080419	private_dummy
7529	2327	1284404966	real
7529	2328	1284404966	real
7529	2480	1227292212	real
7529	2481	1227292212	real
7529	15812	17137630080419	private_dummy
7530	2700	1208591486	real
7530	2701	1208591486	real
7530	15813	17137630080419	private_dummy
7531	2992	1168458172	real
7531	2993	1168458172	real
7531	15814	17137630080419	private_dummy
7532	3211	1160581975	real
7532	3212	1160581975	real
7532	15815	17137630080419	private_dummy
7533	3357	1184357587	real
7533	3358	1184357587	real
7533	15816	17137630080419	private_dummy
7534	3450	1241675220	real
7534	3451	1241675220	real
7534	15817	17137630080419	private_dummy
7535	3523	1759226661	real
7535	3524	1759226661	real
7535	3526	1702113907	real
7535	3527	1702113907	real
7535	15818	17137630080419	private_dummy
7536	3510	1347326682	real
7536	3512	1425995155	real
7536	3529	1347326682	real
7536	3530	1347326682	real
7536	15819	17137630080419	private_dummy
7537	532	1869695623	real
7537	533	1869695623	real
7537	799	1869695623	real
7537	15820	17137630080419	private_dummy
7538	1265	1536494450	real
7538	1266	1593607205	real
7538	1479	1536494450	real
7538	15821	17137630080419	private_dummy
7539	1866	1347326682	real
7539	1867	1404439436	real
7539	2040	1347326682	real
7539	15822	17137630080419	private_dummy
7540	2335	1227292212	real
7540	2336	1284404966	real
7540	2485	1227292212	real
7540	15823	17137630080419	private_dummy
7541	2709	1151478732	real
7541	2710	1208591486	real
7541	2838	1151478732	real
7541	15824	17137630080419	private_dummy
7542	3001	1111345418	real
7542	3002	1168458172	real
7542	3102	1111345418	real
7542	15825	17137630080419	private_dummy
7543	3220	1103469220	real
7543	3221	1160581975	real
7543	3292	1103469220	real
7543	15826	17137630080419	private_dummy
7544	3366	1127244833	real
7544	3367	1184357587	real
7544	3417	1127244833	real
7544	15827	17137630080419	private_dummy
7545	3459	1184562466	real
7545	3460	1241675220	real
7545	3498	1184562466	real
7545	15828	17137630080419	private_dummy
7546	3526	1430048205	real
7546	3528	1487160959	real
7546	15829	17137630080419	private_dummy
7547	7605	1536494450	real
7547	15830	17137630080419	private_dummy
7548	7607	1347326682	real
7548	15831	17137630080419	private_dummy
7549	7609	1227292212	real
7549	15832	17137630080419	private_dummy
7550	7611	1151478732	real
7550	15833	17137630080419	private_dummy
7551	7613	1111345418	real
7551	15834	17137630080419	private_dummy
7552	7615	1103469220	real
7552	15835	17137630080419	private_dummy
7553	7617	1127244833	real
7553	15836	17137630080419	private_dummy
7554	7619	1184562466	real
7554	15837	17137630080419	private_dummy
7555	529	1869695623	real
7555	530	1869695623	real
7555	15838	17137630080419	private_dummy
7556	1262	1593607205	real
7556	1263	1593607205	real
7556	15839	17137630080419	private_dummy
7557	1863	1404439436	real
7557	1864	1404439436	real
7557	15840	17137630080419	private_dummy
7558	2332	1284404966	real
7558	2333	1284404966	real
7558	2484	1227292212	real
7558	15841	17137630080419	private_dummy
7559	2706	1208591486	real
7559	2707	1208591486	real
7559	15842	17137630080419	private_dummy
7560	2998	1168458172	real
7560	2999	1168458172	real
7560	15843	17137630080419	private_dummy
7561	3217	1160581975	real
7561	3218	1160581975	real
7561	15844	17137630080419	private_dummy
7562	3363	1184357587	real
7562	3364	1184357587	real
7562	15845	17137630080419	private_dummy
7563	3456	1241675220	real
7563	3457	1241675220	real
7563	15846	17137630080419	private_dummy
7564	3523	1487160959	real
7564	3525	1487160959	real
7564	3533	1430048205	real
7564	15847	17137630080419	private_dummy
7565	3515	1347326682	real
7565	3517	1347326682	real
7565	3538	1347326682	real
7565	3539	1347326682	real
7565	15848	17137630080419	private_dummy
7566	1869	1347326682	real
7566	1870	1404439436	real
7566	15849	17137630080419	private_dummy
7567	2338	1227292212	real
7567	2339	1284404966	real
7567	2487	1227292212	real
7567	15850	17137630080419	private_dummy
7568	2712	1151478732	real
7568	2713	1208591486	real
7568	15851	17137630080419	private_dummy
7569	3004	1111345418	real
7569	3005	1168458172	real
7569	15852	17137630080419	private_dummy
7570	3223	1103469220	real
7570	3224	1160581975	real
7570	15853	17137630080419	private_dummy
7571	3462	1184562466	real
7571	3463	1241675220	real
7571	15854	17137630080419	private_dummy
7572	3529	1430048205	real
7572	3531	1487160959	real
7572	3534	1430048205	real
7572	15855	17137630080419	private_dummy
7573	3538	1702113907	real
7573	3540	1759226661	real
7573	3541	1702113907	real
7573	15856	17137630080419	private_dummy
7574	520	1869695623	real
7574	521	1869695623	real
7574	795	1869695623	real
7574	15857	17137630080419	private_dummy
7575	1253	1536494450	real
7575	1254	1536494450	real
7575	1475	1536494450	real
7575	15858	17137630080419	private_dummy
7576	1854	1347326682	real
7576	1855	1347326682	real
7576	15859	17137630080419	private_dummy
7577	2324	1227292212	real
7577	2325	1227292212	real
7577	2478	1227292212	real
7577	15860	17137630080419	private_dummy
7578	2697	1151478732	real
7578	2698	1151478732	real
7578	15861	17137630080419	private_dummy
7579	2989	1111345418	real
7579	2990	1111345418	real
7579	15862	17137630080419	private_dummy
7580	3208	1103469220	real
7580	3209	1103469220	real
7580	15863	17137630080419	private_dummy
7581	3354	1127244833	real
7581	3355	1127244833	real
7581	3413	1127244833	real
7581	15864	17137630080419	private_dummy
7582	3447	1184562466	real
7582	3448	1184562466	real
7582	15865	17137630080419	private_dummy
7583	3510	1430048205	real
7583	3511	1430048205	real
7583	3513	1430048205	real
7583	15866	17137630080419	private_dummy
7584	3515	1702113907	real
7584	3516	1702113907	real
7584	3518	1702113907	real
7584	15867	17137630080419	private_dummy
7585	7561	830547118	real
7585	15868	17137630080419	private_dummy
7586	7561	830547118	real
7586	15869	17137630080419	private_dummy
7587	7562	541247193	real
7587	15870	17137630080419	private_dummy
7588	7562	541247193	real
7588	15871	17137630080419	private_dummy
7589	7563	460928780	real
7589	15872	17137630080419	private_dummy
7590	7563	460928780	real
7590	15873	17137630080419	private_dummy
7591	7564	600626871	real
7591	15874	17137630080419	private_dummy
7592	7564	600626871	real
7592	15875	17137630080419	private_dummy
7593	7565	798782256	real
7593	15876	17137630080419	private_dummy
7594	7565	798782256	real
7594	15877	17137630080419	private_dummy
7595	7566	1052445090	real
7595	15878	17137630080419	private_dummy
7596	7566	1052445090	real
7596	15879	17137630080419	private_dummy
7597	3545	1430048205	real
7597	15880	17137630080419	private_dummy
7598	3494	1280892846	real
7598	15881	17137630080419	private_dummy
7599	3412	1280892846	real
7599	15882	17137630080419	private_dummy
7600	3288	1280892846	real
7600	15883	17137630080419	private_dummy
7601	3098	1280892846	real
7601	15884	17137630080419	private_dummy
7602	2834	1280892846	real
7602	15885	17137630080419	private_dummy
7603	2036	1280892846	real
7603	15886	17137630080419	private_dummy
7604	1474	1280892846	real
7604	15887	17137630080419	private_dummy
7605	794	1280892846	real
7605	15888	17137630080419	private_dummy
7606	7672	806140331	real
7606	15889	17137630080419	private_dummy
7607	7670	520893834	real
7607	15890	17137630080419	private_dummy
7608	7675	714849119	real
7608	15891	17137630080419	private_dummy
7609	7675	740450349	real
7609	15892	17137630080419	private_dummy
7610	7660	300745258	real
7610	15893	17137630080419	private_dummy
7611	7666	791246176	real
7611	7667	791246176	real
7611	15894	17137630080419	private_dummy
7612	7656	328667456	real
7612	7657	499997966	real
7612	15895	17137630080419	private_dummy
7613	7658	700851062	real
7613	15896	17137630080419	private_dummy
7614	7682	539597253	real
7614	15897	17137630080419	private_dummy
7615	7657	342665512	real
7615	15898	17137630080419	private_dummy
7616	7664	472075768	real
7616	15899	17137630080419	private_dummy
7617	7684	185333059	real
7617	15900	17137630080419	private_dummy
7618	7656	426033160	real
7618	15901	17137630080419	private_dummy
7619	7662	103813517	real
7619	15902	17137630080419	private_dummy
7620	7686	636962957	real
7620	15903	17137630080419	private_dummy
7621	7671	346249547	real
7621	15904	17137630080419	private_dummy
7622	7668	714849119	real
7622	7669	714849119	real
7622	15905	17137630080419	private_dummy
7623	7658	413771032	real
7623	7660	310695772	real
7623	15906	17137630080419	private_dummy
7624	7662	516840406	real
7624	7664	688170916	real
7624	15907	17137630080419	private_dummy
7625	7689	310695772	real
7625	15908	17137630080419	private_dummy
7626	7677	700851062	real
7626	15909	17137630080419	private_dummy
7627	7677	679295344	real
7627	15910	17137630080419	private_dummy
7628	7675	714849119	real
7628	7676	403820518	real
7628	7681	520893834	real
7628	15911	17137630080419	private_dummy
7629	7685	461586935	real
7629	15912	17137630080419	private_dummy
7630	7687	206888777	real
7630	15913	17137630080419	private_dummy
7631	7675	760230740	real
7631	7676	700851062	real
7631	7683	714849119	real
7631	15914	17137630080419	private_dummy
7632	7685	658518676	real
7632	15915	17137630080419	private_dummy
7633	7687	206888777	real
7633	15916	17137630080419	private_dummy
7634	7674	499997966	real
7634	15917	17137630080419	private_dummy
7635	7688	332251490	real
7635	15918	17137630080419	private_dummy
7636	7690	674172860	real
7636	15919	17137630080419	private_dummy
7637	7674	499997966	real
7637	15920	17137630080419	private_dummy
7638	7688	332251490	real
7638	15921	17137630080419	private_dummy
7639	7690	674172860	real
7639	15922	17137630080419	private_dummy
7640	7673	342665512	real
7640	15923	17137630080419	private_dummy
7641	7673	597363670	real
7641	15924	17137630080419	private_dummy
7642	7631	405465967	real
7642	7632	405465967	real
7642	15925	17137630080419	private_dummy
7643	7659	798782256	real
7643	15926	17137630080419	private_dummy
7644	7655	691918083	real
7644	15927	17137630080419	private_dummy
7645	7655	656361047	real
7645	15928	17137630080419	private_dummy
7646	7621	670359104	real
7646	7622	670359104	real
7646	15929	17137630080419	private_dummy
7647	7623	568241738	real
7647	7624	568241738	real
7647	15930	17137630080419	private_dummy
7648	7625	628199503	real
7648	7626	628199503	real
7648	15931	17137630080419	private_dummy
7649	7627	895769196	real
7649	7628	895769196	real
7649	15932	17137630080419	private_dummy
7650	7629	855895011	real
7650	7630	855895011	real
7650	15933	17137630080419	private_dummy
7651	7698	806140331	real
7651	15934	17137630080419	private_dummy
7652	7698	713473802	real
7652	15935	17137630080419	private_dummy
7653	7622	670359104	real
7653	15936	17137630080419	private_dummy
7654	7640	438906293	real
7654	15937	17137630080419	private_dummy
7655	7661	497551611	real
7655	15938	17137630080419	private_dummy
7656	7700	806140331	real
7656	15939	17137630080419	private_dummy
7657	7700	713473802	real
7657	15940	17137630080419	private_dummy
7658	7621	798782256	real
7658	15941	17137630080419	private_dummy
7659	7633	382913971	real
7659	7634	440026725	real
7659	15942	17137630080419	private_dummy
7660	7635	285548266	real
7660	7636	285548266	real
7660	15943	17137630080419	private_dummy
7661	7637	459723160	real
7661	15944	17137630080419	private_dummy
7662	7638	670359104	real
7662	7639	727471858	real
7662	15945	17137630080419	private_dummy
7663	7702	691918083	real
7663	15946	17137630080419	private_dummy
7664	7702	852102836	real
7664	15947	17137630080419	private_dummy
7665	7624	568241738	real
7665	15948	17137630080419	private_dummy
7666	7634	440026725	real
7666	15949	17137630080419	private_dummy
7667	7647	525124244	real
7667	7648	525124244	real
7667	15950	17137630080419	private_dummy
7668	7663	357853520	real
7668	15951	17137630080419	private_dummy
7669	7704	464438004	real
7669	15952	17137630080419	private_dummy
7670	7704	624622757	real
7670	15953	17137630080419	private_dummy
7671	7623	597771310	real
7671	15954	17137630080419	private_dummy
7672	7633	597771310	real
7672	15955	17137630080419	private_dummy
7673	7641	405465967	real
7673	7642	462578721	real
7673	15956	17137630080419	private_dummy
7674	7643	459723160	real
7674	7644	459723160	real
7674	15957	17137630080419	private_dummy
7675	7645	339803765	real
7675	7646	339803765	real
7675	15958	17137630080419	private_dummy
7676	7706	679295344	real
7676	15959	17137630080419	private_dummy
7677	7706	521547497	real
7677	15960	17137630080419	private_dummy
7678	7626	628199503	real
7678	7632	628199503	real
7678	15961	17137630080419	private_dummy
7679	7636	285548266	real
7679	15962	17137630080419	private_dummy
7680	7642	462578721	real
7680	15963	17137630080419	private_dummy
7681	7651	952881950	real
7681	15964	17137630080419	private_dummy
7682	7652	381059179	real
7682	15965	17137630080419	private_dummy
7683	7708	621770457	real
7683	15966	17137630080419	private_dummy
7684	7708	521547497	real
7684	15967	17137630080419	private_dummy
7685	7625	577990920	real
7685	7631	577990920	real
7685	15968	17137630080419	private_dummy
7686	7635	300740766	real
7686	15969	17137630080419	private_dummy
7687	7641	577990920	real
7687	15970	17137630080419	private_dummy
7688	7649	647430763	real
7688	15971	17137630080419	private_dummy
7689	7650	313543580	real
7689	15972	17137630080419	private_dummy
7690	7710	636962957	real
7690	15973	17137630080419	private_dummy
7691	7710	521547497	real
7691	15974	17137630080419	private_dummy
7692	7628	895769196	real
7692	15975	17137630080419	private_dummy
7693	7644	459723160	real
7693	7648	459723160	real
7693	15976	17137630080419	private_dummy
7694	7665	806140331	real
7694	15977	17137630080419	private_dummy
7695	7712	898062718	real
7695	15978	17137630080419	private_dummy
7696	7712	749027577	real
7696	15979	17137630080419	private_dummy
7697	7627	726099236	real
7697	15980	17137630080419	private_dummy
7698	7637	332246999	real
7698	7640	332246999	real
7698	15981	17137630080419	private_dummy
7699	7643	381059179	real
7699	7647	381059179	real
7699	15982	17137630080419	private_dummy
7700	7649	726099236	real
7700	7651	783211990	real
7700	15983	17137630080419	private_dummy
7701	7653	525124244	real
7701	7654	660905471	real
7701	15984	17137630080419	private_dummy
7702	7714	770586556	real
7702	15985	17137630080419	private_dummy
7703	7714	749027577	real
7703	15986	17137630080419	private_dummy
7704	7630	1109557844	real
7704	15987	17137630080419	private_dummy
7705	7639	727471858	real
7705	15988	17137630080419	private_dummy
7706	7646	339803765	real
7706	15989	17137630080419	private_dummy
7707	7654	660905471	real
7707	15990	17137630080419	private_dummy
7708	7716	1243846916	real
7708	15991	17137630080419	private_dummy
7709	7716	990100766	real
7709	15992	17137630080419	private_dummy
7710	7629	1109557844	real
7710	15993	17137630080419	private_dummy
7711	7638	597771310	real
7711	15994	17137630080419	private_dummy
7712	7645	577990920	real
7712	15995	17137630080419	private_dummy
7713	7650	726099236	real
7713	7652	726099236	real
7713	15996	17137630080419	private_dummy
7714	7653	1211545455	real
7714	15997	17137630080419	private_dummy
7715	7718	921260140	real
7715	15998	17137630080419	private_dummy
7716	7718	1000509497	real
7716	15999	17137630080419	private_dummy
7717	7679	634805329	real
7717	7697	634805329	real
7717	16000	17137630080419	private_dummy
7718	7701	798782256	real
7718	16001	17137630080419	private_dummy
7719	7703	634805329	real
7719	16002	17137630080419	private_dummy
7720	7679	691918083	real
7720	7699	691918083	real
7720	16003	17137630080419	private_dummy
7721	7701	855895011	real
7721	16004	17137630080419	private_dummy
7722	7703	691918083	real
7722	16005	17137630080419	private_dummy
7723	7705	543514117	real
7723	16006	17137630080419	private_dummy
7724	7707	501181730	real
7724	16007	17137630080419	private_dummy
7725	7705	600626871	real
7725	16008	17137630080419	private_dummy
7726	7707	558294485	real
7726	16009	17137630080419	private_dummy
7727	7709	501181730	real
7727	16010	17137630080419	private_dummy
7728	7711	543514117	real
7728	16011	17137630080419	private_dummy
7729	7709	558294485	real
7729	16012	17137630080419	private_dummy
7730	7711	600626871	real
7730	16013	17137630080419	private_dummy
7731	7713	634805329	real
7731	16014	17137630080419	private_dummy
7732	7715	798782256	real
7732	16015	17137630080419	private_dummy
7733	7713	691918083	real
7733	16016	17137630080419	private_dummy
7734	7715	855895011	real
7734	16017	17137630080419	private_dummy
7735	7717	952881950	real
7735	16018	17137630080419	private_dummy
7736	7719	1166670598	real
7736	16019	17137630080419	private_dummy
7737	7717	1009994705	real
7737	16020	17137630080419	private_dummy
7738	7719	1245339071	real
7738	16021	17137630080419	private_dummy
7739	7680	209739846	real
7739	16022	17137630080419	private_dummy
7740	7680	348368880	real
7740	16023	17137630080419	private_dummy
7741	7677	679295344	real
7741	7678	461997836	real
7741	16024	17137630080419	private_dummy
7742	7677	679295344	real
7742	7678	540666309	real
7742	16025	17137630080419	private_dummy
7743	3518	1280892846	real
7743	3519	1280892846	real
7743	16026	17137630080419	private_dummy
7744	3544	1487160959	real
7744	3546	1430048205	real
7744	16027	17137630080419	private_dummy
7745	3466	1241675220	real
7745	3467	1184562466	real
7745	3503	1184562466	real
7745	16028	17137630080419	private_dummy
7746	3372	1184357587	real
7746	3373	1127244833	real
7746	3422	1127244833	real
7746	16029	17137630080419	private_dummy
7747	3227	1160581975	real
7747	3228	1103469220	real
7747	3297	1103469220	real
7747	16030	17137630080419	private_dummy
7748	3008	1168458172	real
7748	3009	1111345418	real
7748	3107	1111345418	real
7748	16031	17137630080419	private_dummy
7749	2716	1208591486	real
7749	2717	1151478732	real
7749	2843	1151478732	real
7749	16032	17137630080419	private_dummy
7750	2341	1284404966	real
7750	2491	1227292212	real
7750	16033	17137630080419	private_dummy
7751	1873	1404439436	real
7751	1874	1347326682	real
7751	2045	1347326682	real
7751	16034	17137630080419	private_dummy
7752	1271	1593607205	real
7752	1272	1536494450	real
7752	1484	1536494450	real
7752	16035	17137630080419	private_dummy
7753	538	1869695623	real
7753	539	1869695623	real
7753	804	1869695623	real
7753	16036	17137630080419	private_dummy
7754	3516	1280892846	real
7754	3517	1280892846	real
7754	16037	17137630080419	private_dummy
7755	7721	855895011	real
7755	16038	17137630080419	private_dummy
7756	7723	613249611	real
7756	16039	17137630080419	private_dummy
7757	7725	461997836	real
7757	16040	17137630080419	private_dummy
7758	7727	385769531	real
7758	16041	17137630080419	private_dummy
7759	7729	361899033	real
7759	16042	17137630080419	private_dummy
7760	7731	385769531	real
7760	16043	17137630080419	private_dummy
7761	7733	461997836	real
7761	16044	17137630080419	private_dummy
7762	7735	613249611	real
7762	16045	17137630080419	private_dummy
7763	3546	1702113907	real
7763	3547	1702113907	real
7763	16046	17137630080419	private_dummy
7764	3513	1280892846	real
7764	3514	1280892846	real
7764	16047	17137630080419	private_dummy
7765	3544	1759226661	real
7765	16048	17137630080419	private_dummy
7766	3464	1241675220	real
7766	3465	1184562466	real
7766	3501	1184562466	real
7766	16049	17137630080419	private_dummy
7767	3370	1184357587	real
7767	3371	1127244833	real
7767	3420	1127244833	real
7767	16050	17137630080419	private_dummy
7768	3225	1160581975	real
7768	3226	1103469220	real
7768	3295	1103469220	real
7768	16051	17137630080419	private_dummy
7769	3006	1168458172	real
7769	3007	1111345418	real
7769	3105	1111345418	real
7769	16052	17137630080419	private_dummy
7770	2714	1208591486	real
7770	2715	1151478732	real
7770	2841	1151478732	real
7770	16053	17137630080419	private_dummy
7771	2340	1284404966	real
7771	2489	1227292212	real
7771	16054	17137630080419	private_dummy
7772	1871	1404439436	real
7772	1872	1347326682	real
7772	2043	1347326682	real
7772	16055	17137630080419	private_dummy
7773	1269	1593607205	real
7773	1270	1536494450	real
7773	1482	1536494450	real
7773	16056	17137630080419	private_dummy
7774	536	1869695623	real
7774	537	1869695623	real
7774	802	1869695623	real
7774	16057	17137630080419	private_dummy
7775	3511	1280892846	real
7775	3512	1359561318	real
7775	16058	17137630080419	private_dummy
7776	7738	1105898485	real
7776	16059	17137630080419	private_dummy
7777	7740	806140331	real
7777	16060	17137630080419	private_dummy
7778	7742	654888557	real
7778	16061	17137630080419	private_dummy
7779	7744	578660251	real
7779	16062	17137630080419	private_dummy
7780	7746	554789753	real
7780	16063	17137630080419	private_dummy
7781	7748	578660251	real
7781	16064	17137630080419	private_dummy
7782	7750	654888557	real
7782	16065	17137630080419	private_dummy
7783	7752	806140331	real
7783	16066	17137630080419	private_dummy
7784	3446	1338005600	real
7784	3448	1280892846	real
7784	3468	1280892846	real
7784	16067	17137630080419	private_dummy
7785	7226	1430048205	real
7785	7228	1372935451	real
7785	16068	17137630080419	private_dummy
7786	7305	898806860	real
7786	16069	17137630080419	private_dummy
7787	7303	611773859	real
7787	16070	17137630080419	private_dummy
7788	7301	475584991	real
7788	16071	17137630080419	private_dummy
7789	7214	417818574	real
7789	16072	17137630080419	private_dummy
7790	7299	417818574	real
7790	16073	17137630080419	private_dummy
7791	7204	475584991	real
7791	16074	17137630080419	private_dummy
7792	7297	611773859	real
7792	16075	17137630080419	private_dummy
7793	3353	1338005600	real
7793	3355	1280892846	real
7793	3374	1280892846	real
7793	16076	17137630080419	private_dummy
7794	6903	1430048205	real
7794	6905	1430048205	real
7794	16077	17137630080419	private_dummy
7795	6988	1027230012	real
7795	16078	17137630080419	private_dummy
7796	6986	554664365	real
7796	16079	17137630080419	private_dummy
7797	6984	361362744	real
7797	16080	17137630080419	private_dummy
7798	6882	243635765	real
7798	16081	17137630080419	private_dummy
7799	6982	209739846	real
7799	16082	17137630080419	private_dummy
7800	6870	243635765	real
7800	16083	17137630080419	private_dummy
7801	6980	361362744	real
7801	16084	17137630080419	private_dummy
7802	3207	1338005600	real
7802	3209	1280892846	real
7802	3229	1280892846	real
7802	16085	17137630080419	private_dummy
7803	6544	1430048205	real
7803	6546	1465601980	real
7803	16086	17137630080419	private_dummy
7804	6637	1027230012	real
7804	16087	17137630080419	private_dummy
7805	6635	784584612	real
7805	16088	17137630080419	private_dummy
7806	6633	454029273	real
7806	16089	17137630080419	private_dummy
7807	6516	303596327	real
7807	16090	17137630080419	private_dummy
7808	6631	209739846	real
7808	16091	17137630080419	private_dummy
7809	6502	209739846	real
7809	16092	17137630080419	private_dummy
7810	6629	303596327	real
7810	16093	17137630080419	private_dummy
7811	2988	1338005600	real
7811	2990	1280892846	real
7811	3010	1280892846	real
7811	16094	17137630080419	private_dummy
7812	6149	1430048205	real
7812	6151	1484305399	real
7812	16095	17137630080419	private_dummy
7813	6252	1027230012	real
7813	16096	17137630080419	private_dummy
7814	6250	784584612	real
7814	16097	17137630080419	private_dummy
7815	6248	668886613	real
7815	16098	17137630080419	private_dummy
7816	6116	414966275	real
7816	16099	17137630080419	private_dummy
7817	6246	303596327	real
7817	16100	17137630080419	private_dummy
7818	6100	243635765	real
7818	16101	17137630080419	private_dummy
7819	6244	303596327	real
7819	16102	17137630080419	private_dummy
7820	2696	1338005600	real
7820	2698	1280892846	real
7820	2718	1280892846	real
7820	16103	17137630080419	private_dummy
7821	5720	1430048205	real
7821	5722	1497108212	real
7821	16104	17137630080419	private_dummy
7822	5833	1027230012	real
7822	16105	17137630080419	private_dummy
7823	5831	784584612	real
7823	16106	17137630080419	private_dummy
7824	5829	668886613	real
7824	16107	17137630080419	private_dummy
7825	5684	611361727	real
7825	16108	17137630080419	private_dummy
7826	5827	427769088	real
7826	16109	17137630080419	private_dummy
7827	5664	361362744	real
7827	16110	17137630080419	private_dummy
7828	5825	361362744	real
7828	16111	17137630080419	private_dummy
7829	2477	1280892846	real
7829	2478	1280892846	real
7829	16112	17137630080419	private_dummy
7830	2323	1338005600	real
7830	2325	1280892846	real
7830	16113	17137630080419	private_dummy
7831	5257	1430048205	real
7831	5259	1506857394	real
7831	16114	17137630080419	private_dummy
7832	5380	1027230012	real
7832	16115	17137630080419	private_dummy
7833	5378	784584612	real
7833	16116	17137630080419	private_dummy
7834	5376	668886613	real
7834	16117	17137630080419	private_dummy
7835	5221	611361727	real
7835	16118	17137630080419	private_dummy
7836	5374	600294042	real
7836	16119	17137630080419	private_dummy
7837	5194	495284688	real
7837	16120	17137630080419	private_dummy
7838	5372	497551611	real
7838	16121	17137630080419	private_dummy
7839	1853	1338005600	real
7839	1855	1280892846	real
7839	1875	1280892846	real
7839	16122	17137630080419	private_dummy
7840	4766	1430048205	real
7840	4768	1514733592	real
7840	16123	17137630080419	private_dummy
7841	4893	1027230012	real
7841	16124	17137630080419	private_dummy
7842	4891	784584612	real
7842	16125	17137630080419	private_dummy
7843	4889	668886613	real
7843	16126	17137630080419	private_dummy
7844	4730	611361727	real
7844	16127	17137630080419	private_dummy
7845	4887	600294042	real
7845	16128	17137630080419	private_dummy
7846	4700	633913723	real
7846	16129	17137630080419	private_dummy
7847	4885	639349752	real
7847	16130	17137630080419	private_dummy
7848	1252	1338005600	real
7848	1254	1280892846	real
7848	1273	1280892846	real
7848	16131	17137630080419	private_dummy
7849	4245	1430048205	real
7849	4247	1521342111	real
7849	16132	17137630080419	private_dummy
7850	4372	1027230012	real
7850	16133	17137630080419	private_dummy
7851	4370	784584612	real
7851	16134	17137630080419	private_dummy
7852	4368	668886613	real
7852	16135	17137630080419	private_dummy
7853	4209	611361727	real
7853	16136	17137630080419	private_dummy
7854	4366	600294042	real
7854	16137	17137630080419	private_dummy
7855	4179	633913723	real
7855	16138	17137630080419	private_dummy
7856	4364	718018225	real
7856	16139	17137630080419	private_dummy
7857	519	1338005600	real
7857	521	1280892846	real
7857	540	1280892846	real
7857	16140	17137630080419	private_dummy
7858	3690	1430048205	real
7858	3692	1524286944	real
7858	16141	17137630080419	private_dummy
7859	3817	1027230012	real
7859	16142	17137630080419	private_dummy
7860	3815	784584612	real
7860	16143	17137630080419	private_dummy
7861	3813	668886613	real
7861	16144	17137630080419	private_dummy
7862	3654	611361727	real
7862	16145	17137630080419	private_dummy
7863	3811	600294042	real
7863	16146	17137630080419	private_dummy
7864	3624	633913723	real
7864	16147	17137630080419	private_dummy
7865	3809	718018225	real
7865	16148	17137630080419	private_dummy
7866	3468	1184562466	real
7866	3469	1184562466	real
7866	16149	17137630080419	private_dummy
7867	3374	1127244833	real
7867	3375	1127244833	real
7867	16150	17137630080419	private_dummy
7868	3229	1103469220	real
7868	3230	1103469220	real
7868	16151	17137630080419	private_dummy
7869	3010	1111345418	real
7869	3011	1111345418	real
7869	16152	17137630080419	private_dummy
7870	2718	1151478732	real
7870	2719	1151478732	real
7870	16153	17137630080419	private_dummy
7871	1875	1347326682	real
7871	1876	1347326682	real
7871	16154	17137630080419	private_dummy
7872	1273	1536494450	real
7872	1274	1536494450	real
7872	16155	17137630080419	private_dummy
7873	540	1869695623	real
7873	541	1869695623	real
7873	16156	17137630080419	private_dummy
7874	7691	1268658209	real
7874	16157	17137630080419	private_dummy
7875	7691	1268658209	real
7875	16158	17137630080419	private_dummy
7876	7692	727471858	real
7876	16159	17137630080419	private_dummy
7877	7692	670359104	real
7877	16160	17137630080419	private_dummy
7878	7693	499991779	real
7878	16161	17137630080419	private_dummy
7879	7693	442879024	real
7879	16162	17137630080419	private_dummy
7880	7694	499991779	real
7880	16163	17137630080419	private_dummy
7881	7694	442879024	real
7881	16164	17137630080419	private_dummy
7882	7695	727471858	real
7882	16165	17137630080419	private_dummy
7883	7695	670359104	real
7883	16166	17137630080419	private_dummy
7884	7696	934563483	real
7884	16167	17137630080419	private_dummy
7885	7696	934563483	real
7885	16168	17137630080419	private_dummy
7886	552	1869695623	real
7886	16169	17137630080419	private_dummy
7887	1285	1593607205	real
7887	16170	17137630080419	private_dummy
7888	2046	1536494450	real
7888	16171	17137630080419	private_dummy
7889	2492	1536494450	real
7889	16172	17137630080419	private_dummy
7890	2844	1536494450	real
7890	16173	17137630080419	private_dummy
7891	3108	1536494450	real
7891	16174	17137630080419	private_dummy
7892	3298	1536494450	real
7892	16175	17137630080419	private_dummy
7893	3386	1184357587	real
7893	16176	17137630080419	private_dummy
7894	3504	1536494450	real
7894	16177	17137630080419	private_dummy
7895	3542	1536494450	real
7895	16178	17137630080419	private_dummy
7896	3554	1536494450	real
7896	16179	17137630080419	private_dummy
7897	7805	851820297	real
7897	16180	17137630080419	private_dummy
7898	7803	554789753	real
7898	16181	17137630080419	private_dummy
7899	7808	1013231956	real
7899	16182	17137630080419	private_dummy
7900	7808	1131499716	real
7900	16183	17137630080419	private_dummy
7901	7793	296697716	real
7901	16184	17137630080419	private_dummy
7902	7799	837944909	real
7902	7800	837944909	real
7902	16185	17137630080419	private_dummy
7903	7789	375366188	real
7903	7790	546696698	real
7903	16186	17137630080419	private_dummy
7904	7791	640890500	real
7904	16187	17137630080419	private_dummy
7905	7815	586295985	real
7905	16188	17137630080419	private_dummy
7906	7790	546696698	real
7906	16189	17137630080419	private_dummy
7907	7797	812221010	real
7907	16190	17137630080419	private_dummy
7908	7817	586295985	real
7908	16191	17137630080419	private_dummy
7909	7789	782688641	real
7909	16192	17137630080419	private_dummy
7910	7795	343859956	real
7910	16193	17137630080419	private_dummy
7911	7819	1383315512	real
7911	16194	17137630080419	private_dummy
7912	7804	554789753	real
7912	16195	17137630080419	private_dummy
7913	7801	851820297	real
7913	7802	851820297	real
7913	16196	17137630080419	private_dummy
7914	7791	265191483	real
7914	7793	265191483	real
7914	16197	17137630080419	private_dummy
7915	7795	265191483	real
7915	7797	436521993	real
7915	16198	17137630080419	private_dummy
7916	7822	554789753	real
7916	16199	17137630080419	private_dummy
7917	7810	1091900429	real
7917	16200	17137630080419	private_dummy
7918	7810	1105898485	real
7918	16201	17137630080419	private_dummy
7919	7808	1137404718	real
7919	7809	586295985	real
7919	7814	389364245	real
7919	16202	17137630080419	private_dummy
7920	7818	554789753	real
7920	16203	17137630080419	private_dummy
7921	7820	357858012	real
7921	16204	17137630080419	private_dummy
7922	7808	1151280106	real
7922	7809	930488770	real
7922	7816	654888557	real
7922	16205	17137630080419	private_dummy
7923	7818	830389966	real
7923	16206	17137630080419	private_dummy
7924	7820	436526485	real
7924	16207	17137630080419	private_dummy
7925	7807	757626495	real
7925	16208	17137630080419	private_dummy
7926	7821	554789753	real
7926	16209	17137630080419	private_dummy
7927	7823	806438676	real
7927	16210	17137630080419	private_dummy
7928	7807	836294968	real
7928	16211	17137630080419	private_dummy
7929	7821	633458225	real
7929	16212	17137630080419	private_dummy
7930	7823	885107149	real
7930	16213	17137630080419	private_dummy
7931	7806	836294968	real
7931	16214	17137630080419	private_dummy
7932	7806	1243617421	real
7932	16215	17137630080419	private_dummy
7933	7764	438906293	real
7933	7765	438906293	real
7933	16216	17137630080419	private_dummy
7934	7792	1031550423	real
7934	16217	17137630080419	private_dummy
7935	7788	1050602544	real
7935	16218	17137630080419	private_dummy
7936	7788	690442331	real
7936	16219	17137630080419	private_dummy
7937	7754	895769196	real
7937	7755	952881950	real
7937	16220	17137630080419	private_dummy
7938	7756	628199503	real
7938	7757	628199503	real
7938	16221	17137630080419	private_dummy
7939	7758	568241738	real
7939	7759	568241738	real
7939	16222	17137630080419	private_dummy
7940	7760	670359104	real
7940	7761	670359104	real
7940	16223	17137630080419	private_dummy
7941	7762	1052445090	real
7941	7763	1052445090	real
7941	16224	17137630080419	private_dummy
7942	7831	957936015	real
7942	16225	17137630080419	private_dummy
7943	7831	597775802	real
7943	16226	17137630080419	private_dummy
7944	7755	952881950	real
7944	16227	17137630080419	private_dummy
7945	7773	313543580	real
7945	16228	17137630080419	private_dummy
7946	7794	763980730	real
7946	16229	17137630080419	private_dummy
7947	7833	957936015	real
7947	16230	17137630080419	private_dummy
7948	7833	597775802	real
7948	16231	17137630080419	private_dummy
7949	7754	1211545455	real
7949	16232	17137630080419	private_dummy
7950	7766	489570469	real
7950	7767	546683223	real
7950	16233	17137630080419	private_dummy
7951	7768	332246999	real
7951	7769	332246999	real
7951	16234	17137630080419	private_dummy
7952	7770	381059179	real
7952	16235	17137630080419	private_dummy
7953	7771	726099236	real
7953	7772	726099236	real
7953	16236	17137630080419	private_dummy
7954	7835	1153677804	real
7954	16237	17137630080419	private_dummy
7955	7835	896592851	real
7955	16238	17137630080419	private_dummy
7956	7757	628199503	real
7956	16239	17137630080419	private_dummy
7957	7767	546683223	real
7957	16240	17137630080419	private_dummy
7958	7780	339803765	real
7958	7781	339803765	real
7958	16241	17137630080419	private_dummy
7959	7796	704022965	real
7959	16242	17137630080419	private_dummy
7960	7837	692411703	real
7960	16243	17137630080419	private_dummy
7961	7837	435326750	real
7961	16244	17137630080419	private_dummy
7962	7756	726099236	real
7962	16245	17137630080419	private_dummy
7963	7766	726099236	real
7963	16246	17137630080419	private_dummy
7964	7774	371846286	real
7964	7775	428959040	real
7964	16247	17137630080419	private_dummy
7965	7776	300740766	real
7965	7777	300740766	real
7965	16248	17137630080419	private_dummy
7966	7778	577990920	real
7966	7779	577990920	real
7966	16249	17137630080419	private_dummy
7967	7839	986053224	real
7967	16250	17137630080419	private_dummy
7968	7839	296697716	real
7968	16251	17137630080419	private_dummy
7969	7759	568241738	real
7969	7765	568241738	real
7969	16252	17137630080419	private_dummy
7970	7769	332246999	real
7970	16253	17137630080419	private_dummy
7971	7775	428959040	real
7971	16254	17137630080419	private_dummy
7972	7784	727471858	real
7972	16255	17137630080419	private_dummy
7973	7785	670359104	real
7973	16256	17137630080419	private_dummy
7974	7841	646256547	real
7974	16257	17137630080419	private_dummy
7975	7841	265191483	real
7975	16258	17137630080419	private_dummy
7976	7758	577990920	real
7976	7764	577990920	real
7976	16259	17137630080419	private_dummy
7977	7768	381059179	real
7977	16260	17137630080419	private_dummy
7978	7774	577990920	real
7978	16261	17137630080419	private_dummy
7979	7782	440438857	real
7979	16262	17137630080419	private_dummy
7980	7783	597771310	real
7980	16263	17137630080419	private_dummy
7981	7843	713772147	real
7981	16264	17137630080419	private_dummy
7982	7843	265191483	real
7982	16265	17137630080419	private_dummy
7983	7761	670359104	real
7983	16266	17137630080419	private_dummy
7984	7777	300740766	real
7984	7781	300740766	real
7984	16267	17137630080419	private_dummy
7985	7798	1188226317	real
7985	16268	17137630080419	private_dummy
7986	7845	772615536	real
7986	16269	17137630080419	private_dummy
7987	7845	562222027	real
7987	16270	17137630080419	private_dummy
7988	7760	597771310	real
7988	16271	17137630080419	private_dummy
7989	7770	332246999	real
7989	7773	332246999	real
7989	16272	17137630080419	private_dummy
7990	7776	300740766	real
7990	7780	300740766	real
7990	16273	17137630080419	private_dummy
7991	7782	597771310	real
7991	7784	654884065	real
7991	16274	17137630080419	private_dummy
7992	7786	798782256	real
7992	7787	798782256	real
7992	16275	17137630080419	private_dummy
7993	7847	733552537	real
7993	16276	17137630080419	private_dummy
7994	7847	562222027	real
7994	16277	17137630080419	private_dummy
7995	7763	895769196	real
7995	16278	17137630080419	private_dummy
7996	7772	577692575	real
7996	16279	17137630080419	private_dummy
7997	7779	444068976	real
7997	16280	17137630080419	private_dummy
7998	7787	741669502	real
7998	16281	17137630080419	private_dummy
7999	7849	1005945527	real
7999	16282	17137630080419	private_dummy
8000	7849	804767708	real
8000	16283	17137630080419	private_dummy
8001	7762	1052445090	real
8001	16284	17137630080419	private_dummy
8002	7771	726099236	real
8002	16285	17137630080419	private_dummy
8003	7778	577990920	real
8003	16286	17137630080419	private_dummy
8004	7783	597771310	real
8004	7785	597771310	real
8004	16287	17137630080419	private_dummy
8005	7786	798782256	real
8005	16288	17137630080419	private_dummy
8006	7851	1151180387	real
8006	16289	17137630080419	private_dummy
8007	7851	861880462	real
8007	16290	17137630080419	private_dummy
8008	7812	654888557	real
8008	7830	660905471	real
8008	16291	17137630080419	private_dummy
8009	7834	770586556	real
8009	16292	17137630080419	private_dummy
8010	7836	625351696	real
8010	16293	17137630080419	private_dummy
8011	7812	757963816	real
8011	7832	763980730	real
8011	16294	17137630080419	private_dummy
8012	7834	849255029	real
8012	16295	17137630080419	private_dummy
8013	7836	625351696	real
8013	16296	17137630080419	private_dummy
8014	7838	481286631	real
8014	16297	17137630080419	private_dummy
8015	7840	413771032	real
8015	16298	17137630080419	private_dummy
8016	7838	481286631	real
8016	16299	17137630080419	private_dummy
8017	7840	413771032	real
8017	16300	17137630080419	private_dummy
8018	7842	400968218	real
8018	16301	17137630080419	private_dummy
8019	7844	440031217	real
8019	16302	17137630080419	private_dummy
8020	7842	400968218	real
8020	16303	17137630080419	private_dummy
8021	7844	440031217	real
8021	16304	17137630080419	private_dummy
8022	7846	540666309	real
8022	16305	17137630080419	private_dummy
8023	7848	770586556	real
8023	16306	17137630080419	private_dummy
8024	7846	540666309	real
8024	16307	17137630080419	private_dummy
8025	7848	770586556	real
8025	16308	17137630080419	private_dummy
8026	7850	877450729	real
8026	16309	17137630080419	private_dummy
8027	7852	934563483	real
8027	16310	17137630080419	private_dummy
8028	7850	877450729	real
8028	16311	17137630080419	private_dummy
8029	7852	934563483	real
8029	16312	17137630080419	private_dummy
8030	7813	279189539	real
8030	16313	17137630080419	private_dummy
8031	7813	382264799	real
8031	16314	17137630080419	private_dummy
8032	7810	1105898485	real
8032	7811	1027230012	real
8032	16315	17137630080419	private_dummy
8033	7810	1320343693	real
8033	7811	1241675220	real
8033	16316	17137630080419	private_dummy
8034	805	1536494450	real
8034	806	1536494450	real
8034	16317	17137630080419	private_dummy
8035	3980	1268658209	real
8035	3982	1511303609	real
8035	16318	17137630080419	private_dummy
8036	3978	1124216952	real
8036	16319	17137630080419	private_dummy
8037	3976	1033210972	real
8037	16320	17137630080419	private_dummy
8038	3974	982009973	real
8038	16321	17137630080419	private_dummy
8039	3972	965421070	real
8039	16322	17137630080419	private_dummy
8040	3970	982009973	real
8040	16323	17137630080419	private_dummy
8041	3968	1033210972	real
8041	16324	17137630080419	private_dummy
8042	3966	1124216952	real
8042	16325	17137630080419	private_dummy
8043	542	1593607205	real
8043	543	1536494450	real
8043	551	1536494450	real
8043	16326	17137630080419	private_dummy
8044	1485	1536494450	real
8044	1486	1536494450	real
8044	16327	17137630080419	private_dummy
8045	4535	1268658209	real
8045	4537	1511303609	real
8045	16328	17137630080419	private_dummy
8046	4533	1009994705	real
8046	16329	17137630080419	private_dummy
8047	4531	875878519	real
8047	16330	17137630080419	private_dummy
8048	4529	796682206	real
8048	16331	17137630080419	private_dummy
8049	4527	759276436	real
8049	16332	17137630080419	private_dummy
8050	4525	759276436	real
8050	16333	17137630080419	private_dummy
8051	4523	796682206	real
8051	16334	17137630080419	private_dummy
8052	4521	875878519	real
8052	16335	17137630080419	private_dummy
8053	1275	1593607205	real
8053	1276	1536494450	real
8053	1284	1536494450	real
8053	16336	17137630080419	private_dummy
8054	5056	1536494450	real
8054	5058	1684901111	real
8054	16337	17137630080419	private_dummy
8055	5054	1124216952	real
8055	16338	17137630080419	private_dummy
8056	5052	875878519	real
8056	16339	17137630080419	private_dummy
8057	5050	753572000	real
8057	16340	17137630080419	private_dummy
8058	5048	688170916	real
8058	16341	17137630080419	private_dummy
8059	5046	667354049	real
8059	16342	17137630080419	private_dummy
8060	5044	688170916	real
8060	16343	17137630080419	private_dummy
8061	5042	753572000	real
8061	16344	17137630080419	private_dummy
8062	1877	1593607205	real
8062	1878	1536494450	real
8062	1886	1536494450	real
8062	1887	1536494450	real
8062	16345	17137630080419	private_dummy
8063	5543	1536494450	real
8063	5545	1672275677	real
8063	16346	17137630080419	private_dummy
8064	5541	1347326682	real
8064	16347	17137630080419	private_dummy
8065	5539	1033210972	real
8065	16348	17137630080419	private_dummy
8066	5537	796682206	real
8066	16349	17137630080419	private_dummy
8067	5535	688170916	real
8067	16350	17137630080419	private_dummy
8068	5533	639358736	real
8068	16351	17137630080419	private_dummy
8069	5531	639358736	real
8069	16352	17137630080419	private_dummy
8070	5529	688170916	real
8070	16353	17137630080419	private_dummy
8071	2342	1593607205	real
8071	2343	1536494450	real
8071	2351	1536494450	real
8071	2352	1536494450	real
8071	16354	17137630080419	private_dummy
8072	5996	1536494450	real
8072	5998	1732236239	real
8072	16355	17137630080419	private_dummy
8073	5994	1347326682	real
8073	16356	17137630080419	private_dummy
8074	5992	1227292212	real
8074	16357	17137630080419	private_dummy
8075	5990	982009973	real
8075	16358	17137630080419	private_dummy
8076	5988	759276436	real
8076	16359	17137630080419	private_dummy
8077	5986	667354049	real
8077	16360	17137630080419	private_dummy
8078	5984	639358736	real
8078	16361	17137630080419	private_dummy
8079	5982	667354049	real
8079	16362	17137630080419	private_dummy
8080	2720	1593607205	real
8080	2721	1536494450	real
8080	2729	1536494450	real
8080	2730	1536494450	real
8080	16363	17137630080419	private_dummy
8081	6415	1536494450	real
8081	6417	1766132158	real
8081	16364	17137630080419	private_dummy
8082	6413	1347326682	real
8082	16365	17137630080419	private_dummy
8083	6411	1227292212	real
8083	16366	17137630080419	private_dummy
8084	6409	1151478732	real
8084	16367	17137630080419	private_dummy
8085	6407	965421070	real
8085	16368	17137630080419	private_dummy
8086	6405	759276436	real
8086	16369	17137630080419	private_dummy
8087	6403	688170916	real
8087	16370	17137630080419	private_dummy
8088	6401	688170916	real
8088	16371	17137630080419	private_dummy
8089	3012	1593607205	real
8089	3013	1536494450	real
8089	3021	1536494450	real
8089	3022	1536494450	real
8089	16372	17137630080419	private_dummy
8090	6800	1536494450	real
8090	6802	1790002657	real
8090	16373	17137630080419	private_dummy
8091	6798	1347326682	real
8091	16374	17137630080419	private_dummy
8092	6796	1227292212	real
8092	16375	17137630080419	private_dummy
8093	6794	1151478732	real
8093	16376	17137630080419	private_dummy
8094	6792	1111345418	real
8094	16377	17137630080419	private_dummy
8095	6790	982009973	real
8095	16378	17137630080419	private_dummy
8096	6788	796682206	real
8096	16379	17137630080419	private_dummy
8097	6786	753572000	real
8097	16380	17137630080419	private_dummy
8098	3231	1593607205	real
8098	3232	1536494450	real
8098	3240	1536494450	real
8098	3241	1536494450	real
8098	16381	17137630080419	private_dummy
8099	3423	1536494450	real
8099	3424	1536494450	real
8099	16382	17137630080419	private_dummy
8100	7151	1536494450	real
8100	7153	1808464545	real
8100	16383	17137630080419	private_dummy
8101	7149	1347326682	real
8101	16384	17137630080419	private_dummy
8102	7147	1227292212	real
8102	16385	17137630080419	private_dummy
8103	7145	1151478732	real
8103	16386	17137630080419	private_dummy
8104	7143	1111345418	real
8104	16387	17137630080419	private_dummy
8105	7141	1103469220	real
8105	16388	17137630080419	private_dummy
8106	7139	1033210972	real
8106	16389	17137630080419	private_dummy
8107	7137	875878519	real
8107	16390	17137630080419	private_dummy
8108	3376	1593607205	real
8108	3377	1536494450	real
8108	3385	1536494450	real
8108	16391	17137630080419	private_dummy
8109	7468	1536494450	real
8109	7470	1823527452	real
8109	16392	17137630080419	private_dummy
8110	7466	1347326682	real
8110	16393	17137630080419	private_dummy
8111	7464	1227292212	real
8111	16394	17137630080419	private_dummy
8112	7462	1151478732	real
8112	16395	17137630080419	private_dummy
8113	7460	1111345418	real
8113	16396	17137630080419	private_dummy
8114	7458	1103469220	real
8114	16397	17137630080419	private_dummy
8115	7456	1127244833	real
8115	16398	17137630080419	private_dummy
8116	7454	1124216952	real
8116	16399	17137630080419	private_dummy
8117	3470	1593607205	real
8117	3471	1536494450	real
8117	3479	1536494450	real
8117	3480	1536494450	real
8117	16400	17137630080419	private_dummy
8118	7751	1536494450	real
8118	7753	1836252605	real
8118	16401	17137630080419	private_dummy
8119	7749	1347326682	real
8119	16402	17137630080419	private_dummy
8120	7747	1227292212	real
8120	16403	17137630080419	private_dummy
8121	7745	1151478732	real
8121	16404	17137630080419	private_dummy
8122	7743	1111345418	real
8122	16405	17137630080419	private_dummy
8123	7741	1103469220	real
8123	16406	17137630080419	private_dummy
8124	7739	1127244833	real
8124	16407	17137630080419	private_dummy
8125	7737	1184562466	real
8125	16408	17137630080419	private_dummy
8126	3520	1593607205	real
8126	3521	1536494450	real
8126	3529	1536494450	real
8126	3530	1536494450	real
8126	16409	17137630080419	private_dummy
8127	549	1869695623	real
8127	550	1869695623	real
8127	808	1869695623	real
8127	16410	17137630080419	private_dummy
8128	1282	1536494450	real
8128	1283	1593607205	real
8128	1488	1536494450	real
8128	16411	17137630080419	private_dummy
8129	1884	1347326682	real
8129	1885	1404439436	real
8129	2048	1347326682	real
8129	16412	17137630080419	private_dummy
8130	2349	1227292212	real
8130	2350	1284404966	real
8130	2495	1227292212	real
8130	16413	17137630080419	private_dummy
8131	2727	1151478732	real
8131	2728	1208591486	real
8131	2846	1151478732	real
8131	16414	17137630080419	private_dummy
8132	3019	1111345418	real
8132	3020	1168458172	real
8132	3110	1111345418	real
8132	16415	17137630080419	private_dummy
8133	3238	1103469220	real
8133	3239	1160581975	real
8133	3300	1103469220	real
8133	16416	17137630080419	private_dummy
8134	3383	1127244833	real
8134	3384	1184357587	real
8134	3426	1127244833	real
8134	16417	17137630080419	private_dummy
8135	3477	1184562466	real
8135	3478	1241675220	real
8135	3506	1184562466	real
8135	16418	17137630080419	private_dummy
8136	3527	1280892846	real
8136	3528	1338005600	real
8136	3545	1280892846	real
8136	16419	17137630080419	private_dummy
8137	7854	1536494450	real
8137	16420	17137630080419	private_dummy
8138	7856	1347326682	real
8138	16421	17137630080419	private_dummy
8139	7858	1227292212	real
8139	16422	17137630080419	private_dummy
8140	7860	1151478732	real
8140	16423	17137630080419	private_dummy
8141	7862	1111345418	real
8141	16424	17137630080419	private_dummy
8142	7864	1103469220	real
8142	16425	17137630080419	private_dummy
8143	7866	1127244833	real
8143	16426	17137630080419	private_dummy
8144	7868	1184562466	real
8144	16427	17137630080419	private_dummy
8145	546	1869695623	real
8145	547	1869695623	real
8145	16428	17137630080419	private_dummy
8146	1279	1593607205	real
8146	1280	1593607205	real
8146	16429	17137630080419	private_dummy
8147	1881	1404439436	real
8147	1882	1404439436	real
8147	16430	17137630080419	private_dummy
8148	2346	1284404966	real
8148	2347	1284404966	real
8148	16431	17137630080419	private_dummy
8149	2724	1208591486	real
8149	2725	1208591486	real
8149	16432	17137630080419	private_dummy
8150	3016	1168458172	real
8150	3017	1168458172	real
8150	16433	17137630080419	private_dummy
8151	3235	1160581975	real
8151	3236	1160581975	real
8151	16434	17137630080419	private_dummy
8152	3380	1184357587	real
8152	3381	1184357587	real
8152	16435	17137630080419	private_dummy
8153	3474	1241675220	real
8153	3475	1241675220	real
8153	16436	17137630080419	private_dummy
8154	3524	1338005600	real
8154	3525	1338005600	real
8154	16437	17137630080419	private_dummy
8155	3550	1536494450	real
8155	3552	1536494450	real
8155	3558	1536494450	real
8155	3559	1536494450	real
8155	16438	17137630080419	private_dummy
8156	1887	1347326682	real
8156	1888	1404439436	real
8156	16439	17137630080419	private_dummy
8157	2352	1227292212	real
8157	2353	1284404966	real
8157	16440	17137630080419	private_dummy
8158	2730	1151478732	real
8158	2731	1208591486	real
8158	16441	17137630080419	private_dummy
8159	3022	1111345418	real
8159	3023	1168458172	real
8159	16442	17137630080419	private_dummy
8160	3241	1103469220	real
8160	3242	1160581975	real
8160	16443	17137630080419	private_dummy
8161	3480	1184562466	real
8161	3481	1241675220	real
8161	16444	17137630080419	private_dummy
8162	3530	1280892846	real
8162	3531	1338005600	real
8162	16445	17137630080419	private_dummy
8163	3558	1702113907	real
8163	3560	1759226661	real
8163	3561	1702113907	real
8163	16446	17137630080419	private_dummy
8164	543	1869695623	real
8164	544	1869695623	real
8164	806	1869695623	real
8164	16447	17137630080419	private_dummy
8165	1276	1536494450	real
8165	1277	1536494450	real
8165	1486	1536494450	real
8165	16448	17137630080419	private_dummy
8166	1878	1347326682	real
8166	1879	1347326682	real
8166	16449	17137630080419	private_dummy
8167	2343	1227292212	real
8167	2344	1227292212	real
8167	2493	1227292212	real
8167	16450	17137630080419	private_dummy
8168	2721	1151478732	real
8168	2722	1151478732	real
8168	16451	17137630080419	private_dummy
8169	3013	1111345418	real
8169	3014	1111345418	real
8169	16452	17137630080419	private_dummy
8170	3232	1103469220	real
8170	3233	1103469220	real
8170	16453	17137630080419	private_dummy
8171	3377	1127244833	real
8171	3378	1127244833	real
8171	3424	1127244833	real
8171	16454	17137630080419	private_dummy
8172	3471	1184562466	real
8172	3472	1184562466	real
8172	16455	17137630080419	private_dummy
8173	3521	1280892846	real
8173	3522	1280892846	real
8173	3543	1280892846	real
8173	16456	17137630080419	private_dummy
8174	3550	1702113907	real
8174	3551	1702113907	real
8174	3553	1702113907	real
8174	16457	17137630080419	private_dummy
8175	7824	934563483	real
8175	16458	17137630080419	private_dummy
8176	7824	934563483	real
8176	16459	17137630080419	private_dummy
8177	7825	625351696	real
8177	16460	17137630080419	private_dummy
8178	7825	625351696	real
8178	16461	17137630080419	private_dummy
8179	7826	507627513	real
8179	16462	17137630080419	private_dummy
8180	7826	507627513	real
8180	16463	17137630080419	private_dummy
8181	7827	576220084	real
8181	16464	17137630080419	private_dummy
8182	7827	576220084	real
8182	16465	17137630080419	private_dummy
8183	7828	934563483	real
8183	16466	17137630080419	private_dummy
8184	7828	934563483	real
8184	16467	17137630080419	private_dummy
8185	7829	1430048205	real
8185	16468	17137630080419	private_dummy
8186	7829	1372935451	real
8186	16469	17137630080419	private_dummy
8187	3534	1280892846	real
8187	16470	17137630080419	private_dummy
8188	3504	1430048205	real
8188	16471	17137630080419	private_dummy
8189	3423	1430048205	real
8189	16472	17137630080419	private_dummy
8190	3298	1430048205	real
8190	16473	17137630080419	private_dummy
8191	3108	1430048205	real
8191	16474	17137630080419	private_dummy
8192	2844	1430048205	real
8192	16475	17137630080419	private_dummy
8193	2356	1227292212	real
8193	16476	17137630080419	private_dummy
8194	2046	1430048205	real
8194	16477	17137630080419	private_dummy
8195	1485	1430048205	real
8195	16478	17137630080419	private_dummy
8196	805	1430048205	real
8196	16479	17137630080419	private_dummy
8197	7921	830547118	real
8197	16480	17137630080419	private_dummy
8198	7919	579196540	real
8198	16481	17137630080419	private_dummy
8199	7924	830547118	real
8199	16482	17137630080419	private_dummy
8200	7924	891702124	real
8200	16483	17137630080419	private_dummy
8201	7909	208081990	real
8201	16484	17137630080419	private_dummy
8202	7915	791246176	real
8202	7916	791246176	real
8202	16485	17137630080419	private_dummy
8203	7905	92666530	real
8203	7906	263997040	real
8203	16486	17137630080419	private_dummy
8204	7907	519107330	real
8204	16487	17137630080419	private_dummy
8205	7931	303596327	real
8205	16488	17137630080419	private_dummy
8206	7906	263997040	real
8206	16489	17137630080419	private_dummy
8207	7913	554248972	real
8207	16490	17137630080419	private_dummy
8208	7933	263997040	real
8208	16491	17137630080419	private_dummy
8209	7905	347364688	real
8209	16492	17137630080419	private_dummy
8210	7911	146923723	real
8210	16493	17137630080419	private_dummy
8211	7935	754689937	real
8211	16494	17137630080419	private_dummy
8212	7920	389359753	real
8212	16495	17137630080419	private_dummy
8213	7917	773151825	real
8213	7918	773151825	real
8213	16496	17137630080419	private_dummy
8214	7907	232027299	real
8214	7909	275141997	real
8214	16497	17137630080419	private_dummy
8215	7911	516840406	real
8215	7913	688170916	real
8215	16498	17137630080419	private_dummy
8216	7938	389359753	real
8216	16499	17137630080419	private_dummy
8217	7926	852102836	real
8217	16500	17137630080419	private_dummy
8218	7926	830547118	real
8218	16501	17137630080419	private_dummy
8219	7924	830547118	real
8219	7925	406671586	real
8219	7930	303596327	real
8219	16502	17137630080419	private_dummy
8220	7934	464438004	real
8220	16503	17137630080419	private_dummy
8221	7936	209739846	real
8221	16504	17137630080419	private_dummy
8222	7924	911482514	real
8222	7925	760811624	real
8222	7932	679295344	real
8222	16505	17137630080419	private_dummy
8223	7934	718479238	real
8223	16506	17137630080419	private_dummy
8224	7936	266849339	real
8224	16507	17137630080419	private_dummy
8225	7923	617071282	real
8225	16508	17137630080419	private_dummy
8226	7937	335102559	real
8226	16509	17137630080419	private_dummy
8227	7939	791246176	real
8227	16510	17137630080419	private_dummy
8228	7923	402626074	real
8228	16511	17137630080419	private_dummy
8229	7937	392212052	real
8229	16512	17137630080419	private_dummy
8230	7939	576800968	real
8230	16513	17137630080419	private_dummy
8231	7922	402626074	real
8231	16514	17137630080419	private_dummy
8232	7922	657324232	real
8232	16515	17137630080419	private_dummy
8233	7880	313543580	real
8233	7881	313543580	real
8233	16516	17137630080419	private_dummy
8234	7908	934563483	real
8234	16517	17137630080419	private_dummy
8235	7904	898806860	real
8235	16518	17137630080419	private_dummy
8236	7904	806140331	real
8236	16519	17137630080419	private_dummy
8237	7870	670359104	real
8237	7871	727471858	real
8237	16520	17137630080419	private_dummy
8238	7872	568241738	real
8238	7873	568241738	real
8238	16521	17137630080419	private_dummy
8239	7874	628199503	real
8239	7875	628199503	real
8239	16522	17137630080419	private_dummy
8240	7876	895769196	real
8240	7877	895769196	real
8240	16523	17137630080419	private_dummy
8241	7878	1109557844	real
8241	7879	1109557844	real
8241	16524	17137630080419	private_dummy
8242	7947	806140331	real
8242	16525	17137630080419	private_dummy
8243	7947	713473802	real
8243	16526	17137630080419	private_dummy
8244	7871	613249611	real
8244	16527	17137630080419	private_dummy
8245	7889	438906293	real
8245	16528	17137630080419	private_dummy
8246	7910	497551611	real
8246	16529	17137630080419	private_dummy
8247	7949	613249611	real
8247	16530	17137630080419	private_dummy
8248	7949	634805329	real
8248	16531	17137630080419	private_dummy
8249	7870	798782256	real
8249	16532	17137630080419	private_dummy
8250	7882	382913971	real
8250	7883	440026725	real
8250	16533	17137630080419	private_dummy
8251	7884	285548266	real
8251	7885	285548266	real
8251	16534	17137630080419	private_dummy
8252	7886	459723160	real
8252	16535	17137630080419	private_dummy
8253	7887	556136856	real
8253	7888	556136856	real
8253	16536	17137630080419	private_dummy
8254	7951	691918083	real
8254	16537	17137630080419	private_dummy
8255	7951	852102836	real
8255	16538	17137630080419	private_dummy
8256	7873	382913971	real
8256	16539	17137630080419	private_dummy
8257	7883	440026725	real
8257	16540	17137630080419	private_dummy
8258	7896	525124244	real
8258	7897	525124244	real
8258	16541	17137630080419	private_dummy
8259	7912	428959040	real
8259	16542	17137630080419	private_dummy
8260	7953	282694271	real
8260	16543	17137630080419	private_dummy
8261	7953	442879024	real
8261	16544	17137630080419	private_dummy
8262	7872	440438857	real
8262	16545	17137630080419	private_dummy
8263	7882	597771310	real
8263	16546	17137630080419	private_dummy
8264	7890	405465967	real
8264	7891	462578721	real
8264	16547	17137630080419	private_dummy
8265	7892	459723160	real
8265	7893	459723160	real
8265	16548	17137630080419	private_dummy
8266	7894	382913971	real
8266	7895	382913971	real
8266	16549	17137630080419	private_dummy
8267	7955	497551611	real
8267	16550	17137630080419	private_dummy
8268	7955	339803765	real
8268	16551	17137630080419	private_dummy
8269	7875	405465967	real
8269	7881	405465967	real
8269	16552	17137630080419	private_dummy
8270	7885	285548266	real
8270	16553	17137630080419	private_dummy
8271	7891	462578721	real
8271	16554	17137630080419	private_dummy
8272	7900	952881950	real
8272	16555	17137630080419	private_dummy
8273	7901	489570469	real
8273	16556	17137630080419	private_dummy
8274	7957	413766540	real
8274	16557	17137630080419	private_dummy
8275	7957	313543580	real
8275	16558	17137630080419	private_dummy
8276	7874	371846286	real
8276	7880	371846286	real
8276	16559	17137630080419	private_dummy
8277	7884	300740766	real
8277	16560	17137630080419	private_dummy
8278	7890	577990920	real
8278	16561	17137630080419	private_dummy
8279	7898	647430763	real
8279	16562	17137630080419	private_dummy
8280	7899	405465967	real
8280	16563	17137630080419	private_dummy
8281	7959	428959040	real
8281	16564	17137630080419	private_dummy
8282	7959	313543580	real
8282	16565	17137630080419	private_dummy
8283	7877	647430763	real
8283	16566	17137630080419	private_dummy
8284	7893	459723160	real
8284	7897	459723160	real
8284	16567	17137630080419	private_dummy
8285	7914	934563483	real
8285	16568	17137630080419	private_dummy
8286	7961	674159385	real
8286	16569	17137630080419	private_dummy
8287	7961	525124244	real
8287	16570	17137630080419	private_dummy
8288	7876	489570469	real
8288	16571	17137630080419	private_dummy
8289	7886	332246999	real
8289	7889	332246999	real
8289	16572	17137630080419	private_dummy
8290	7892	381059179	real
8290	7896	381059179	real
8290	16573	17137630080419	private_dummy
8291	7898	726099236	real
8291	7900	783211990	real
8291	16574	17137630080419	private_dummy
8292	7902	647430763	real
8292	7903	783211990	real
8292	16575	17137630080419	private_dummy
8293	7963	546683223	real
8293	16576	17137630080419	private_dummy
8294	7963	525124244	real
8294	16577	17137630080419	private_dummy
8295	7879	1109557844	real
8295	16578	17137630080419	private_dummy
8296	7888	556136856	real
8296	16579	17137630080419	private_dummy
8297	7895	382913971	real
8297	16580	17137630080419	private_dummy
8298	7903	783211990	real
8298	16581	17137630080419	private_dummy
8299	7965	1129624669	real
8299	16582	17137630080419	private_dummy
8300	7965	875878519	real
8300	16583	17137630080419	private_dummy
8301	7878	855895011	real
8301	16584	17137630080419	private_dummy
8302	7887	597771310	real
8302	16585	17137630080419	private_dummy
8303	7894	577990920	real
8303	16586	17137630080419	private_dummy
8304	7899	726099236	real
8304	7901	726099236	real
8304	16587	17137630080419	private_dummy
8305	7902	1211545455	real
8305	16588	17137630080419	private_dummy
8306	7967	842591667	real
8306	16589	17137630080419	private_dummy
8307	7967	783211990	real
8307	16590	17137630080419	private_dummy
8308	7928	634805329	real
8308	7946	770586556	real
8308	16591	17137630080419	private_dummy
8309	7950	798782256	real
8309	16592	17137630080419	private_dummy
8310	7952	556136856	real
8310	16593	17137630080419	private_dummy
8311	7928	773434364	real
8311	7948	830547118	real
8311	16594	17137630080419	private_dummy
8312	7950	877450729	real
8312	16595	17137630080419	private_dummy
8313	7952	556136856	real
8313	16596	17137630080419	private_dummy
8314	7954	440438857	real
8314	16597	17137630080419	private_dummy
8315	7956	382913971	real
8315	16598	17137630080419	private_dummy
8316	7954	440438857	real
8316	16599	17137630080419	private_dummy
8317	7956	382913971	real
8317	16600	17137630080419	private_dummy
8318	7958	371846286	real
8318	16601	17137630080419	private_dummy
8319	7960	405465967	real
8319	16602	17137630080419	private_dummy
8320	7958	371846286	real
8320	16603	17137630080419	private_dummy
8321	7960	405465967	real
8321	16604	17137630080419	private_dummy
8322	7962	489570469	real
8322	16605	17137630080419	private_dummy
8323	7964	647430763	real
8323	16606	17137630080419	private_dummy
8324	7962	489570469	real
8324	16607	17137630080419	private_dummy
8325	7964	647430763	real
8325	16608	17137630080419	private_dummy
8326	7966	798782256	real
8326	16609	17137630080419	private_dummy
8327	7968	1280892846	real
8327	16610	17137630080419	private_dummy
8328	7966	798782256	real
8328	16611	17137630080419	private_dummy
8329	7968	1188226317	real
8329	16612	17137630080419	private_dummy
8330	7929	268042552	real
8330	16613	17137630080419	private_dummy
8331	7929	406671586	real
8331	16614	17137630080419	private_dummy
8332	7926	830547118	real
8332	7927	613249611	real
8332	16615	17137630080419	private_dummy
8333	7926	830547118	real
8333	7927	691918083	real
8333	16616	17137630080419	private_dummy
8334	3553	1430048205	real
8334	3554	1430048205	real
8334	16617	17137630080419	private_dummy
8335	3532	1338005600	real
8335	3533	1280892846	real
8335	3547	1280892846	real
8335	16618	17137630080419	private_dummy
8336	3482	1241675220	real
8336	3483	1184562466	real
8336	3508	1184562466	real
8336	16619	17137630080419	private_dummy
8337	3387	1184357587	real
8337	3388	1127244833	real
8337	3428	1127244833	real
8337	16620	17137630080419	private_dummy
8338	3243	1160581975	real
8338	3244	1103469220	real
8338	3302	1103469220	real
8338	16621	17137630080419	private_dummy
8339	3024	1168458172	real
8339	3025	1111345418	real
8339	3112	1111345418	real
8339	16622	17137630080419	private_dummy
8340	2732	1208591486	real
8340	2733	1151478732	real
8340	2848	1151478732	real
8340	16623	17137630080419	private_dummy
8341	2354	1284404966	real
8341	2355	1227292212	real
8341	2497	1227292212	real
8341	16624	17137630080419	private_dummy
8342	1889	1404439436	real
8342	1890	1347326682	real
8342	2050	1347326682	real
8342	16625	17137630080419	private_dummy
8343	1286	1593607205	real
8343	1287	1536494450	real
8343	1490	1536494450	real
8343	16626	17137630080419	private_dummy
8344	553	1869695623	real
8344	554	1869695623	real
8344	810	1869695623	real
8344	16627	17137630080419	private_dummy
8345	3551	1430048205	real
8345	3552	1430048205	real
8345	16628	17137630080419	private_dummy
8346	7970	970117258	real
8346	16629	17137630080419	private_dummy
8347	7972	806140331	real
8347	16630	17137630080419	private_dummy
8348	7974	714849119	real
8348	16631	17137630080419	private_dummy
8349	7976	672516732	real
8349	16632	17137630080419	private_dummy
8350	7978	672516732	real
8350	16633	17137630080419	private_dummy
8351	7980	714849119	real
8351	16634	17137630080419	private_dummy
8352	7982	806140331	real
8352	16635	17137630080419	private_dummy
8353	7984	970117258	real
8353	16636	17137630080419	private_dummy
8354	3542	1430048205	real
8354	3543	1430048205	real
8354	16637	17137630080419	private_dummy
8355	3520	1487160959	real
8355	3522	1430048205	real
8355	16638	17137630080419	private_dummy
8356	7524	1280892846	real
8356	7602	1027230012	real
8356	16639	17137630080419	private_dummy
8357	7600	727471858	real
8357	16640	17137630080419	private_dummy
8358	7598	576220084	real
8358	16641	17137630080419	private_dummy
8359	7596	499991779	real
8359	16642	17137630080419	private_dummy
8360	7594	476121280	real
8360	16643	17137630080419	private_dummy
8361	7508	499991779	real
8361	16644	17137630080419	private_dummy
8362	7592	576220084	real
8362	16645	17137630080419	private_dummy
8363	7590	727471858	real
8363	16646	17137630080419	private_dummy
8364	3470	1487160959	real
8364	3472	1430048205	real
8364	3484	1430048205	real
8364	16647	17137630080419	private_dummy
8365	7231	1109557844	real
8365	7319	1166670598	real
8365	16648	17137630080419	private_dummy
8366	7317	670362365	real
8366	16649	17137630080419	private_dummy
8367	7315	461997836	real
8367	16650	17137630080419	private_dummy
8368	7313	325808969	real
8368	16651	17137630080419	private_dummy
8369	7311	268042552	real
8369	16652	17137630080419	private_dummy
8370	7210	268042552	real
8370	16653	17137630080419	private_dummy
8371	7309	325808969	real
8371	16654	17137630080419	private_dummy
8372	7307	461997836	real
8372	16655	17137630080419	private_dummy
8373	3376	1487160959	real
8373	3378	1430048205	real
8373	3389	1430048205	real
8373	16656	17137630080419	private_dummy
8374	6908	1245339071	real
8374	7002	1166670598	real
8374	16657	17137630080419	private_dummy
8375	7000	913007765	real
8375	16658	17137630080419	private_dummy
8376	6998	554664365	real
8376	16659	17137630080419	private_dummy
8377	6996	385769531	real
8377	16660	17137630080419	private_dummy
8378	6994	268042552	real
8378	16661	17137630080419	private_dummy
8379	6878	234146633	real
8379	16662	17137630080419	private_dummy
8380	6992	268042552	real
8380	16663	17137630080419	private_dummy
8381	6990	385769531	real
8381	16664	17137630080419	private_dummy
8382	3231	1487160959	real
8382	3233	1430048205	real
8382	3245	1430048205	real
8382	16665	17137630080419	private_dummy
8383	6549	1305299633	real
8383	6651	1166670598	real
8383	16666	17137630080419	private_dummy
8384	6649	913007765	real
8384	16667	17137630080419	private_dummy
8385	6647	784584612	real
8385	16668	17137630080419	private_dummy
8386	6645	497139479	real
8386	16669	17137630080419	private_dummy
8387	6643	361899033	real
8387	16670	17137630080419	private_dummy
8388	6510	268042552	real
8388	16671	17137630080419	private_dummy
8389	6641	268042552	real
8389	16672	17137630080419	private_dummy
8390	6639	361899033	real
8390	16673	17137630080419	private_dummy
8391	3012	1487160959	real
8391	3014	1430048205	real
8391	3026	1430048205	real
8391	16674	17137630080419	private_dummy
8392	6154	1339195552	real
8392	6266	1166670598	real
8392	16675	17137630080419	private_dummy
8393	6264	913007765	real
8393	16676	17137630080419	private_dummy
8394	6262	784584612	real
8394	16677	17137630080419	private_dummy
8395	6260	711996819	real
8395	16678	17137630080419	private_dummy
8396	6258	486071794	real
8396	16679	17137630080419	private_dummy
8397	6108	385769531	real
8397	16680	17137630080419	private_dummy
8398	6256	325808969	real
8398	16681	17137630080419	private_dummy
8399	6254	385769531	real
8399	16682	17137630080419	private_dummy
8400	2720	1487160959	real
8400	2722	1430048205	real
8400	2734	1430048205	real
8400	16683	17137630080419	private_dummy
8401	5725	1363066050	real
8401	5847	1166670598	real
8401	16684	17137630080419	private_dummy
8402	5845	913007765	real
8402	16685	17137630080419	private_dummy
8403	5843	784584612	real
8403	16686	17137630080419	private_dummy
8404	5841	711996819	real
8404	16687	17137630080419	private_dummy
8405	5839	682467246	real
8405	16688	17137630080419	private_dummy
8406	5674	519691475	real
8406	16689	17137630080419	private_dummy
8407	5837	461997836	real
8407	16690	17137630080419	private_dummy
8408	5835	461997836	real
8408	16691	17137630080419	private_dummy
8409	2492	1430048205	real
8409	2493	1430048205	real
8409	16692	17137630080419	private_dummy
8410	2342	1487160959	real
8410	2344	1430048205	real
8410	16693	17137630080419	private_dummy
8411	5262	1381527938	real
8411	5394	1166670598	real
8411	16694	17137630080419	private_dummy
8412	5392	913007765	real
8412	16695	17137630080419	private_dummy
8413	5390	784584612	real
8413	16696	17137630080419	private_dummy
8414	5388	711996819	real
8414	16697	17137630080419	private_dummy
8415	5386	682467246	real
8415	16698	17137630080419	private_dummy
8416	5210	692216429	real
8416	16699	17137630080419	private_dummy
8417	5384	603795977	real
8417	16700	17137630080419	private_dummy
8418	5382	613249611	real
8418	16701	17137630080419	private_dummy
8419	1877	1487160959	real
8419	1879	1430048205	real
8419	1891	1430048205	real
8419	16702	17137630080419	private_dummy
8420	4771	1396590845	real
8420	4907	1166670598	real
8420	16703	17137630080419	private_dummy
8421	4905	913007765	real
8421	16704	17137630080419	private_dummy
8422	4903	784584612	real
8422	16705	17137630080419	private_dummy
8423	4901	711996819	real
8423	16706	17137630080419	private_dummy
8424	4899	682467246	real
8424	16707	17137630080419	private_dummy
8425	4719	692216429	real
8425	16708	17137630080419	private_dummy
8426	4897	742425012	real
8426	16709	17137630080419	private_dummy
8427	4895	761656271	real
8427	16710	17137630080419	private_dummy
8428	1275	1487160959	real
8428	1277	1430048205	real
8428	1288	1430048205	real
8428	16711	17137630080419	private_dummy
8429	4250	1409315998	real
8429	4386	1166670598	real
8429	16712	17137630080419	private_dummy
8430	4384	913007765	real
8430	16713	17137630080419	private_dummy
8431	4382	784584612	real
8431	16714	17137630080419	private_dummy
8432	4380	711996819	real
8432	16715	17137630080419	private_dummy
8433	4378	682467246	real
8433	16716	17137630080419	private_dummy
8434	4198	692216429	real
8434	16717	17137630080419	private_dummy
8435	4376	742425012	real
8435	16718	17137630080419	private_dummy
8436	4374	840324744	real
8436	16719	17137630080419	private_dummy
8437	542	1487160959	real
8437	544	1430048205	real
8437	555	1430048205	real
8437	16720	17137630080419	private_dummy
8438	3695	1415009032	real
8438	3831	1166670598	real
8438	16721	17137630080419	private_dummy
8439	3829	913007765	real
8439	16722	17137630080419	private_dummy
8440	3827	784584612	real
8440	16723	17137630080419	private_dummy
8441	3825	711996819	real
8441	16724	17137630080419	private_dummy
8442	3823	682467246	real
8442	16725	17137630080419	private_dummy
8443	3643	692216429	real
8443	16726	17137630080419	private_dummy
8444	3821	742425012	real
8444	16727	17137630080419	private_dummy
8445	3819	840324744	real
8445	16728	17137630080419	private_dummy
8446	3484	1184562466	real
8446	3485	1184562466	real
8446	16729	17137630080419	private_dummy
8447	3389	1127244833	real
8447	3390	1127244833	real
8447	16730	17137630080419	private_dummy
8448	3245	1103469220	real
8448	3246	1103469220	real
8448	16731	17137630080419	private_dummy
8449	3026	1111345418	real
8449	3027	1111345418	real
8449	16732	17137630080419	private_dummy
8450	2734	1151478732	real
8450	2735	1151478732	real
8450	16733	17137630080419	private_dummy
8451	1891	1347326682	real
8451	1892	1347326682	real
8451	16734	17137630080419	private_dummy
8452	1288	1536494450	real
8452	1289	1536494450	real
8452	16735	17137630080419	private_dummy
8453	555	1869695623	real
8453	556	1869695623	real
8453	16736	17137630080419	private_dummy
8454	7940	1052445090	real
8454	16737	17137630080419	private_dummy
8455	7940	1052445090	real
8455	16738	17137630080419	private_dummy
8456	7941	691918083	real
8456	16739	17137630080419	private_dummy
8457	7941	634805329	real
8457	16740	17137630080419	private_dummy
8458	7942	558294485	real
8458	16741	17137630080419	private_dummy
8459	7942	501181730	real
8459	16742	17137630080419	private_dummy
8460	7943	600626871	real
8460	16743	17137630080419	private_dummy
8461	7943	543514117	real
8461	16744	17137630080419	private_dummy
8462	7944	855895011	real
8462	16745	17137630080419	private_dummy
8463	7944	798782256	real
8463	16746	17137630080419	private_dummy
8464	7945	1109557844	real
8464	16747	17137630080419	private_dummy
8465	7945	1109557844	real
8465	16748	17137630080419	private_dummy
8466	561	1869695623	real
8466	813	1869695623	real
8466	16749	17137630080419	private_dummy
8467	1294	1593607205	real
8467	1493	1536494450	real
8467	16750	17137630080419	private_dummy
8468	2051	1869695623	real
8468	16751	17137630080419	private_dummy
8469	2498	1869695623	real
8469	16752	17137630080419	private_dummy
8470	2849	1869695623	real
8470	16753	17137630080419	private_dummy
8471	3113	1869695623	real
8471	16754	17137630080419	private_dummy
8472	3303	1869695623	real
8472	16755	17137630080419	private_dummy
8473	3395	1184357587	real
8473	3431	1127244833	real
8473	16756	17137630080419	private_dummy
8474	3509	1869695623	real
8474	16757	17137630080419	private_dummy
8475	3548	1869695623	real
8475	16758	17137630080419	private_dummy
8476	3562	1869695623	real
8476	16759	17137630080419	private_dummy
8477	8037	1003072071	real
8477	16760	17137630080419	private_dummy
8478	8035	633453734	real
8478	16761	17137630080419	private_dummy
8479	8040	1073192518	real
8479	16762	17137630080419	private_dummy
8480	8040	1191460278	real
8480	16763	17137630080419	private_dummy
8481	8025	218029243	real
8481	16764	17137630080419	private_dummy
8482	8031	837944909	real
8482	8032	837944909	real
8482	16765	17137630080419	private_dummy
8483	8021	375366188	real
8483	8022	546696698	real
8483	16766	17137630080419	private_dummy
8484	8023	562222027	real
8484	16767	17137630080419	private_dummy
8485	8047	586295985	real
8485	16768	17137630080419	private_dummy
8486	8022	546696698	real
8486	16769	17137630080419	private_dummy
8487	8029	733552537	real
8487	16770	17137630080419	private_dummy
8488	8049	586295985	real
8488	16771	17137630080419	private_dummy
8489	8021	782688641	real
8489	16772	17137630080419	private_dummy
8490	8027	265191483	real
8490	16773	17137630080419	private_dummy
8491	8051	1383315512	real
8491	16774	17137630080419	private_dummy
8492	8036	476121280	real
8492	16775	17137630080419	private_dummy
8493	8033	773151825	real
8493	8034	773151825	real
8493	16776	17137630080419	private_dummy
8494	8023	322304237	real
8494	8025	322304237	real
8494	16777	17137630080419	private_dummy
8495	8027	322304237	real
8495	8029	493634747	real
8495	16778	17137630080419	private_dummy
8496	8054	554789753	real
8496	16779	17137630080419	private_dummy
8497	8042	1151860991	real
8497	16780	17137630080419	private_dummy
8498	8042	1301640274	real
8498	16781	17137630080419	private_dummy
8499	8040	1197365280	real
8499	8041	646256547	real
8499	8046	468028226	real
8499	16782	17137630080419	private_dummy
8500	8050	672516732	real
8500	16783	17137630080419	private_dummy
8501	8052	436521993	real
8501	16784	17137630080419	private_dummy
8502	8040	1211240668	real
8502	8041	990449332	real
8502	8048	733552537	real
8502	16785	17137630080419	private_dummy
8503	8050	948116945	real
8503	16786	17137630080419	private_dummy
8504	8052	515190466	real
8504	16787	17137630080419	private_dummy
8505	8039	757626495	real
8505	16788	17137630080419	private_dummy
8506	8053	476121280	real
8506	16789	17137630080419	private_dummy
8507	8055	806438676	real
8507	16790	17137630080419	private_dummy
8508	8039	836294968	real
8508	16791	17137630080419	private_dummy
8509	8053	554789753	real
8509	16792	17137630080419	private_dummy
8510	8055	885107149	real
8510	16793	17137630080419	private_dummy
8511	8038	836294968	real
8511	16794	17137630080419	private_dummy
8512	8038	1243617421	real
8512	16795	17137630080419	private_dummy
8513	7996	438906293	real
8513	7997	438906293	real
8513	16796	17137630080419	private_dummy
8514	8024	952881950	real
8514	16797	17137630080419	private_dummy
8515	8020	1084127339	real
8515	16798	17137630080419	private_dummy
8516	8020	841694106	real
8516	16799	17137630080419	private_dummy
8517	7986	895769196	real
8517	7987	952881950	real
8517	16800	17137630080419	private_dummy
8518	7988	628199503	real
8518	7989	628199503	real
8518	16801	17137630080419	private_dummy
8519	7990	568241738	real
8519	7991	568241738	real
8519	16802	17137630080419	private_dummy
8520	7992	670359104	real
8520	7993	670359104	real
8520	16803	17137630080419	private_dummy
8521	7994	1052445090	real
8521	7995	1052445090	real
8521	16804	17137630080419	private_dummy
8522	8063	991460810	real
8522	16805	17137630080419	private_dummy
8523	8063	749027577	real
8523	16806	17137630080419	private_dummy
8524	7987	952881950	real
8524	16807	17137630080419	private_dummy
8525	8005	313543580	real
8525	16808	17137630080419	private_dummy
8526	8026	685312258	real
8526	16809	17137630080419	private_dummy
8527	8065	991460810	real
8527	16810	17137630080419	private_dummy
8528	8065	749027577	real
8528	16811	17137630080419	private_dummy
8529	7986	1211545455	real
8529	16812	17137630080419	private_dummy
8530	7998	489570469	real
8530	7999	546683223	real
8530	16813	17137630080419	private_dummy
8531	8000	332246999	real
8531	8001	332246999	real
8531	16814	17137630080419	private_dummy
8532	8002	381059179	real
8532	16815	17137630080419	private_dummy
8533	8003	726099236	real
8533	8004	726099236	real
8533	16816	17137630080419	private_dummy
8534	8067	1187202599	real
8534	16817	17137630080419	private_dummy
8535	8067	1047844625	real
8535	16818	17137630080419	private_dummy
8536	7989	628199503	real
8536	16819	17137630080419	private_dummy
8537	7999	546683223	real
8537	16820	17137630080419	private_dummy
8538	8012	339803765	real
8538	8013	339803765	real
8538	16821	17137630080419	private_dummy
8539	8028	625354492	real
8539	16822	17137630080419	private_dummy
8540	8069	702160885	real
8540	16823	17137630080419	private_dummy
8541	8069	562802912	real
8541	16824	17137630080419	private_dummy
8542	7988	726099236	real
8542	16825	17137630080419	private_dummy
8543	7998	726099236	real
8543	16826	17137630080419	private_dummy
8544	8006	371846286	real
8544	8007	428959040	real
8544	16827	17137630080419	private_dummy
8545	8008	300740766	real
8545	8009	300740766	real
8545	16828	17137630080419	private_dummy
8546	8010	577990920	real
8546	8011	577990920	real
8546	16829	17137630080419	private_dummy
8547	8071	995802406	real
8547	16830	17137630080419	private_dummy
8548	8071	424173877	real
8548	16831	17137630080419	private_dummy
8549	7991	568241738	real
8549	7997	568241738	real
8549	16832	17137630080419	private_dummy
8550	8001	332246999	real
8550	16833	17137630080419	private_dummy
8551	8007	428959040	real
8551	16834	17137630080419	private_dummy
8552	8016	727471858	real
8552	16835	17137630080419	private_dummy
8553	8017	670359104	real
8553	16836	17137630080419	private_dummy
8554	8073	646256547	real
8554	16837	17137630080419	private_dummy
8555	8073	343855464	real
8555	16838	17137630080419	private_dummy
8556	7990	577990920	real
8556	7996	577990920	real
8556	16839	17137630080419	private_dummy
8557	8000	381059179	real
8557	16840	17137630080419	private_dummy
8558	8006	577990920	real
8558	16841	17137630080419	private_dummy
8559	8014	440438857	real
8559	16842	17137630080419	private_dummy
8560	8015	597771310	real
8560	16843	17137630080419	private_dummy
8561	8075	713772147	real
8561	16844	17137630080419	private_dummy
8562	8075	343855464	real
8562	16845	17137630080419	private_dummy
8563	7993	670359104	real
8563	16846	17137630080419	private_dummy
8564	8009	300740766	real
8564	8013	300740766	real
8564	16847	17137630080419	private_dummy
8565	8030	1188226317	real
8565	16848	17137630080419	private_dummy
8566	8077	772615536	real
8566	16849	17137630080419	private_dummy
8567	8077	483553555	real
8567	16850	17137630080419	private_dummy
8568	7992	597771310	real
8568	16851	17137630080419	private_dummy
8569	8002	332246999	real
8569	8005	332246999	real
8569	16852	17137630080419	private_dummy
8570	8008	300740766	real
8570	8012	300740766	real
8570	16853	17137630080419	private_dummy
8571	8014	597771310	real
8571	8016	654884065	real
8571	16854	17137630080419	private_dummy
8572	8018	798782256	real
8572	8019	855895011	real
8572	16855	17137630080419	private_dummy
8573	8079	733552537	real
8573	16856	17137630080419	private_dummy
8574	8079	483553555	real
8574	16857	17137630080419	private_dummy
8575	7995	1052445090	real
8575	16858	17137630080419	private_dummy
8576	8004	726099236	real
8576	16859	17137630080419	private_dummy
8577	8011	577990920	real
8577	16860	17137630080419	private_dummy
8578	8019	855895011	real
8578	16861	17137630080419	private_dummy
8579	8081	1151180387	real
8579	16862	17137630080419	private_dummy
8580	8081	861880462	real
8580	16863	17137630080419	private_dummy
8581	7994	798782256	real
8581	16864	17137630080419	private_dummy
8582	8003	489570469	real
8582	16865	17137630080419	private_dummy
8583	8010	371846286	real
8583	16866	17137630080419	private_dummy
8584	8015	440438857	real
8584	8017	440438857	real
8584	16867	17137630080419	private_dummy
8585	8018	798782256	real
8585	16868	17137630080419	private_dummy
8586	8083	921260140	real
8586	16869	17137630080419	private_dummy
8587	8083	861880462	real
8587	16870	17137630080419	private_dummy
8588	8044	806140331	real
8588	8062	818765765	real
8588	16871	17137630080419	private_dummy
8589	8066	934563483	real
8589	16872	17137630080419	private_dummy
8590	8068	783211990	real
8590	16873	17137630080419	private_dummy
8591	8044	909215591	real
8591	8064	921841024	real
8591	16874	17137630080419	private_dummy
8592	8066	1013231956	real
8592	16875	17137630080419	private_dummy
8593	8068	783211990	real
8593	16876	17137630080419	private_dummy
8594	8070	625351696	real
8594	16877	17137630080419	private_dummy
8595	8072	541247193	real
8595	16878	17137630080419	private_dummy
8596	8070	625351696	real
8596	16879	17137630080419	private_dummy
8597	8072	541247193	real
8597	16880	17137630080419	private_dummy
8598	8074	507627513	real
8598	16881	17137630080419	private_dummy
8599	8076	518695198	real
8599	16882	17137630080419	private_dummy
8600	8074	507627513	real
8600	16883	17137630080419	private_dummy
8601	8076	518695198	real
8601	16884	17137630080419	private_dummy
8602	8078	576220084	real
8602	16885	17137630080419	private_dummy
8603	8080	691918083	real
8603	16886	17137630080419	private_dummy
8604	8078	576220084	real
8604	16887	17137630080419	private_dummy
8605	8080	691918083	real
8605	16888	17137630080419	private_dummy
8606	8082	934563483	real
8606	16889	17137630080419	private_dummy
8607	8084	1088663177	real
8607	16890	17137630080419	private_dummy
8608	8082	934563483	real
8608	16891	17137630080419	private_dummy
8609	8084	1088663177	real
8609	16892	17137630080419	private_dummy
8610	8045	357853520	real
8610	16893	17137630080419	private_dummy
8611	8045	460928780	real
8611	16894	17137630080419	private_dummy
8612	8042	1244527520	real
8612	8043	1027230012	real
8612	16895	17137630080419	private_dummy
8613	8042	1380304255	real
8613	8043	1241675220	real
8613	16896	17137630080419	private_dummy
8614	811	1869695623	real
8614	812	1869695623	real
8614	16897	17137630080419	private_dummy
8615	3963	1268658209	real
8615	3965	1516996642	real
8615	16898	17137630080419	private_dummy
8616	3961	1124216952	real
8616	16899	17137630080419	private_dummy
8617	3959	1033210972	real
8617	16900	17137630080419	private_dummy
8618	3957	982009973	real
8618	16901	17137630080419	private_dummy
8619	3955	965421070	real
8619	16902	17137630080419	private_dummy
8620	3953	982009973	real
8620	16903	17137630080419	private_dummy
8621	3951	1033210972	real
8621	16904	17137630080419	private_dummy
8622	3949	1124216952	real
8622	16905	17137630080419	private_dummy
8623	557	1869695623	real
8623	558	1869695623	real
8623	560	1869695623	real
8623	16906	17137630080419	private_dummy
8624	1491	1869695623	real
8624	1492	1869695623	real
8624	16907	17137630080419	private_dummy
8625	4518	1268658209	real
8625	4520	1516996642	real
8625	16908	17137630080419	private_dummy
8626	4516	1009994705	real
8626	16909	17137630080419	private_dummy
8627	4514	875878519	real
8627	16910	17137630080419	private_dummy
8628	4512	796682206	real
8628	16911	17137630080419	private_dummy
8629	4510	759276436	real
8629	16912	17137630080419	private_dummy
8630	4508	759276436	real
8630	16913	17137630080419	private_dummy
8631	4506	796682206	real
8631	16914	17137630080419	private_dummy
8632	4504	875878519	real
8632	16915	17137630080419	private_dummy
8633	1290	1869695623	real
8633	1291	1869695623	real
8633	1293	1869695623	real
8633	16916	17137630080419	private_dummy
8634	5039	1536494450	real
8634	5041	1687845944	real
8634	16917	17137630080419	private_dummy
8635	5037	1124216952	real
8635	16918	17137630080419	private_dummy
8636	5035	875878519	real
8636	16919	17137630080419	private_dummy
8637	5033	753572000	real
8637	16920	17137630080419	private_dummy
8638	5031	688170916	real
8638	16921	17137630080419	private_dummy
8639	5029	667354049	real
8639	16922	17137630080419	private_dummy
8640	5027	688170916	real
8640	16923	17137630080419	private_dummy
8641	5025	753572000	real
8641	16924	17137630080419	private_dummy
8642	1893	1869695623	real
8642	1894	1869695623	real
8642	1896	1869695623	real
8642	1897	1869695623	real
8642	16925	17137630080419	private_dummy
8643	5526	1536494450	real
8643	5528	1672275677	real
8643	16926	17137630080419	private_dummy
8644	5524	1347326682	real
8644	16927	17137630080419	private_dummy
8645	5522	1033210972	real
8645	16928	17137630080419	private_dummy
8646	5520	796682206	real
8646	16929	17137630080419	private_dummy
8647	5518	688170916	real
8647	16930	17137630080419	private_dummy
8648	5516	639358736	real
8648	16931	17137630080419	private_dummy
8649	5514	639358736	real
8649	16932	17137630080419	private_dummy
8650	5512	688170916	real
8650	16933	17137630080419	private_dummy
8651	2357	1869695623	real
8651	2358	1869695623	real
8651	2360	1869695623	real
8651	2361	1869695623	real
8651	16934	17137630080419	private_dummy
8652	5979	1536494450	real
8652	5981	1732236239	real
8652	16935	17137630080419	private_dummy
8653	5977	1347326682	real
8653	16936	17137630080419	private_dummy
8654	5975	1227292212	real
8654	16937	17137630080419	private_dummy
8655	5973	982009973	real
8655	16938	17137630080419	private_dummy
8656	5971	759276436	real
8656	16939	17137630080419	private_dummy
8657	5969	667354049	real
8657	16940	17137630080419	private_dummy
8658	5967	639358736	real
8658	16941	17137630080419	private_dummy
8659	5965	667354049	real
8659	16942	17137630080419	private_dummy
8660	2736	1869695623	real
8660	2737	1869695623	real
8660	2739	1869695623	real
8660	2740	1869695623	real
8660	16943	17137630080419	private_dummy
8661	6398	1536494450	real
8661	6400	1766132158	real
8661	16944	17137630080419	private_dummy
8662	6396	1347326682	real
8662	16945	17137630080419	private_dummy
8663	6394	1227292212	real
8663	16946	17137630080419	private_dummy
8664	6392	1151478732	real
8664	16947	17137630080419	private_dummy
8665	6390	965421070	real
8665	16948	17137630080419	private_dummy
8666	6388	759276436	real
8666	16949	17137630080419	private_dummy
8667	6386	688170916	real
8667	16950	17137630080419	private_dummy
8668	6384	688170916	real
8668	16951	17137630080419	private_dummy
8669	3028	1869695623	real
8669	3029	1869695623	real
8669	3031	1869695623	real
8669	3032	1869695623	real
8669	16952	17137630080419	private_dummy
8670	6783	1536494450	real
8670	6785	1790002657	real
8670	16953	17137630080419	private_dummy
8671	6781	1347326682	real
8671	16954	17137630080419	private_dummy
8672	6779	1227292212	real
8672	16955	17137630080419	private_dummy
8673	6777	1151478732	real
8673	16956	17137630080419	private_dummy
8674	6775	1111345418	real
8674	16957	17137630080419	private_dummy
8675	6773	982009973	real
8675	16958	17137630080419	private_dummy
8676	6771	796682206	real
8676	16959	17137630080419	private_dummy
8677	6769	753572000	real
8677	16960	17137630080419	private_dummy
8678	3247	1869695623	real
8678	3248	1869695623	real
8678	3250	1869695623	real
8678	3251	1869695623	real
8678	16961	17137630080419	private_dummy
8679	3429	1869695623	real
8679	3430	1869695623	real
8679	16962	17137630080419	private_dummy
8680	7134	1536494450	real
8680	7136	1808464545	real
8680	16963	17137630080419	private_dummy
8681	7132	1347326682	real
8681	16964	17137630080419	private_dummy
8682	7130	1227292212	real
8682	16965	17137630080419	private_dummy
8683	7128	1151478732	real
8683	16966	17137630080419	private_dummy
8684	7126	1111345418	real
8684	16967	17137630080419	private_dummy
8685	7124	1103469220	real
8685	16968	17137630080419	private_dummy
8686	7122	1033210972	real
8686	16969	17137630080419	private_dummy
8687	7120	875878519	real
8687	16970	17137630080419	private_dummy
8688	3391	1869695623	real
8688	3392	1869695623	real
8688	3394	1869695623	real
8688	16971	17137630080419	private_dummy
8689	7451	1536494450	real
8689	7453	1823527452	real
8689	16972	17137630080419	private_dummy
8690	7449	1347326682	real
8690	16973	17137630080419	private_dummy
8691	7447	1227292212	real
8691	16974	17137630080419	private_dummy
8692	7445	1151478732	real
8692	16975	17137630080419	private_dummy
8693	7443	1111345418	real
8693	16976	17137630080419	private_dummy
8694	7441	1103469220	real
8694	16977	17137630080419	private_dummy
8695	7439	1127244833	real
8695	16978	17137630080419	private_dummy
8696	7437	1124216952	real
8696	16979	17137630080419	private_dummy
8697	3486	1869695623	real
8697	3487	1869695623	real
8697	3489	1869695623	real
8697	3490	1869695623	real
8697	16980	17137630080419	private_dummy
8698	7734	1536494450	real
8698	7736	1836252605	real
8698	16981	17137630080419	private_dummy
8699	7732	1347326682	real
8699	16982	17137630080419	private_dummy
8700	7730	1227292212	real
8700	16983	17137630080419	private_dummy
8701	7728	1151478732	real
8701	16984	17137630080419	private_dummy
8702	7726	1111345418	real
8702	16985	17137630080419	private_dummy
8703	7724	1103469220	real
8703	16986	17137630080419	private_dummy
8704	7722	1127244833	real
8704	16987	17137630080419	private_dummy
8705	7720	1184562466	real
8705	16988	17137630080419	private_dummy
8706	3535	1869695623	real
8706	3536	1869695623	real
8706	3538	1869695623	real
8706	3539	1869695623	real
8706	16989	17137630080419	private_dummy
8707	7983	1536494450	real
8707	7985	1841945638	real
8707	16990	17137630080419	private_dummy
8708	7981	1347326682	real
8708	16991	17137630080419	private_dummy
8709	7979	1227292212	real
8709	16992	17137630080419	private_dummy
8710	7977	1151478732	real
8710	16993	17137630080419	private_dummy
8711	7975	1111345418	real
8711	16994	17137630080419	private_dummy
8712	7973	1103469220	real
8712	16995	17137630080419	private_dummy
8713	7971	1127244833	real
8713	16996	17137630080419	private_dummy
8714	7969	1184562466	real
8714	16997	17137630080419	private_dummy
8715	3555	1869695623	real
8715	3556	1869695623	real
8715	3558	1869695623	real
8715	3559	1869695623	real
8715	16998	17137630080419	private_dummy
8716	1897	1347326682	real
8716	1898	1404439436	real
8716	16999	17137630080419	private_dummy
8717	2361	1227292212	real
8717	2362	1284404966	real
8717	17000	17137630080419	private_dummy
8718	2740	1151478732	real
8718	2741	1208591486	real
8718	17001	17137630080419	private_dummy
8719	3032	1111345418	real
8719	3033	1168458172	real
8719	17002	17137630080419	private_dummy
8720	3251	1103469220	real
8720	3252	1160581975	real
8720	17003	17137630080419	private_dummy
8721	3490	1184562466	real
8721	3491	1241675220	real
8721	17004	17137630080419	private_dummy
8722	3539	1280892846	real
8722	3540	1338005600	real
8722	17005	17137630080419	private_dummy
8723	3559	1430048205	real
8723	3560	1487160959	real
8723	17006	17137630080419	private_dummy
8724	558	1869695623	real
8724	559	1869695623	real
8724	812	1869695623	real
8724	17007	17137630080419	private_dummy
8725	1291	1536494450	real
8725	1292	1593607205	real
8725	1492	1536494450	real
8725	17008	17137630080419	private_dummy
8726	1894	1347326682	real
8726	1895	1404439436	real
8726	17009	17137630080419	private_dummy
8727	2358	1227292212	real
8727	2359	1284404966	real
8727	2499	1227292212	real
8727	17010	17137630080419	private_dummy
8728	2737	1151478732	real
8728	2738	1208591486	real
8728	17011	17137630080419	private_dummy
8729	3029	1111345418	real
8729	3030	1168458172	real
8729	17012	17137630080419	private_dummy
8730	3248	1103469220	real
8730	3249	1160581975	real
8730	17013	17137630080419	private_dummy
8731	3392	1127244833	real
8731	3393	1184357587	real
8731	3430	1127244833	real
8731	17014	17137630080419	private_dummy
8732	3487	1184562466	real
8732	3488	1241675220	real
8732	17015	17137630080419	private_dummy
8733	3536	1280892846	real
8733	3537	1338005600	real
8733	3549	1280892846	real
8733	17016	17137630080419	private_dummy
8734	3556	1430048205	real
8734	3557	1487160959	real
8734	3563	1430048205	real
8734	17017	17137630080419	private_dummy
8735	8056	1109557844	real
8735	17018	17137630080419	private_dummy
8736	8056	1109557844	real
8736	17019	17137630080419	private_dummy
8737	8057	783211990	real
8737	17020	17137630080419	private_dummy
8738	8057	783211990	real
8738	17021	17137630080419	private_dummy
8739	8058	635103674	real
8739	17022	17137630080419	private_dummy
8740	8058	635103674	real
8740	17023	17137630080419	private_dummy
8741	8059	654884065	real
8741	17024	17137630080419	private_dummy
8742	8059	654884065	real
8742	17025	17137630080419	private_dummy
8743	8060	855895011	real
8743	17026	17137630080419	private_dummy
8744	8060	855895011	real
8744	17027	17137630080419	private_dummy
8745	8061	1430048205	real
8745	17028	17137630080419	private_dummy
8746	8061	1508716678	real
8746	17029	17137630080419	private_dummy
8747	3561	1430048205	real
8747	17030	17137630080419	private_dummy
8748	3541	1280892846	real
8748	17031	17137630080419	private_dummy
8749	3509	1702113907	real
8749	17032	17137630080419	private_dummy
8750	3429	1702113907	real
8750	17033	17137630080419	private_dummy
8751	3303	1702113907	real
8751	17034	17137630080419	private_dummy
8752	3113	1702113907	real
8752	17035	17137630080419	private_dummy
8753	2849	1702113907	real
8753	17036	17137630080419	private_dummy
8754	2363	1227292212	real
8754	17037	17137630080419	private_dummy
8755	2051	1702113907	real
8755	17038	17137630080419	private_dummy
8756	1491	1702113907	real
8756	17039	17137630080419	private_dummy
8757	811	1702113907	real
8757	17040	17137630080419	private_dummy
8758	8136	1003072071	real
8758	17041	17137630080419	private_dummy
8759	8134	775591992	real
8759	17042	17137630080419	private_dummy
8760	8139	1040108784	real
8760	17043	17137630080419	private_dummy
8761	8139	1040108784	real
8761	17044	17137630080419	private_dummy
8762	8124	403820518	real
8762	17045	17137630080419	private_dummy
8763	8130	791246176	real
8763	8131	791246176	real
8763	17046	17137630080419	private_dummy
8764	8120	171335002	real
8764	8121	342665512	real
8764	17047	17137630080419	private_dummy
8765	8122	597775802	real
8765	17048	17137630080419	private_dummy
8766	8146	382264799	real
8766	17049	17137630080419	private_dummy
8767	8121	342665512	real
8767	17050	17137630080419	private_dummy
8768	8128	769106312	real
8768	17051	17137630080419	private_dummy
8769	8148	382264799	real
8769	17052	17137630080419	private_dummy
8770	8120	426033160	real
8770	17053	17137630080419	private_dummy
8771	8126	332251490	real
8771	17054	17137630080419	private_dummy
8772	8150	888611881	real
8772	17055	17137630080419	private_dummy
8773	8135	574687520	real
8773	17056	17137630080419	private_dummy
8774	8132	969547277	real
8774	8133	969547277	real
8774	17057	17137630080419	private_dummy
8775	8122	310695772	real
8775	8124	413771032	real
8775	17058	17137630080419	private_dummy
8776	8126	516840406	real
8776	8128	688170916	real
8776	17059	17137630080419	private_dummy
8777	8153	507627513	real
8777	17060	17137630080419	private_dummy
8778	8141	1000509497	real
8778	17061	17137630080419	private_dummy
8779	8141	978953779	real
8779	17062	17137630080419	private_dummy
8780	8139	1014507554	real
8780	8140	575151028	real
8780	8145	417818574	real
8780	17063	17137630080419	private_dummy
8781	8149	632917445	real
8781	17064	17137630080419	private_dummy
8782	8151	378219287	real
8782	17065	17137630080419	private_dummy
8783	8139	1059889175	real
8783	8140	872181572	real
8783	8147	817924378	real
8783	17066	17137630080419	private_dummy
8784	8149	829849186	real
8784	17067	17137630080419	private_dummy
8785	8151	378219287	real
8785	17068	17137630080419	private_dummy
8786	8138	671328476	real
8786	17069	17137630080419	private_dummy
8787	8152	503582000	real
8787	17070	17137630080419	private_dummy
8788	8154	845503370	real
8788	17071	17137630080419	private_dummy
8789	8138	513996022	real
8789	17072	17137630080419	private_dummy
8790	8152	503582000	real
8790	17073	17137630080419	private_dummy
8791	8154	688170916	real
8791	17074	17137630080419	private_dummy
8792	8137	513996022	real
8792	17075	17137630080419	private_dummy
8793	8137	768694180	real
8793	17076	17137630080419	private_dummy
8794	8095	313543580	real
8794	8096	313543580	real
8794	17077	17137630080419	private_dummy
8795	8123	855895011	real
8795	17078	17137630080419	private_dummy
8796	8119	898806860	real
8796	17079	17137630080419	private_dummy
8797	8119	806140331	real
8797	17080	17137630080419	private_dummy
8798	8085	556136856	real
8798	8086	613249611	real
8798	17081	17137630080419	private_dummy
8799	8087	382913971	real
8799	8088	382913971	real
8799	17082	17137630080419	private_dummy
8800	8089	405465967	real
8800	8090	405465967	real
8800	17083	17137630080419	private_dummy
8801	8091	647430763	real
8801	8092	647430763	real
8801	17084	17137630080419	private_dummy
8802	8093	1052445090	real
8802	8094	1109557844	real
8802	17085	17137630080419	private_dummy
8803	8162	691918083	real
8803	17086	17137630080419	private_dummy
8804	8162	713473802	real
8804	17087	17137630080419	private_dummy
8805	8086	613249611	real
8805	17088	17137630080419	private_dummy
8806	8104	438906293	real
8806	17089	17137630080419	private_dummy
8807	8125	654884065	real
8807	17090	17137630080419	private_dummy
8808	8164	691918083	real
8808	17091	17137630080419	private_dummy
8809	8164	713473802	real
8809	17092	17137630080419	private_dummy
8810	8085	798782256	real
8810	17093	17137630080419	private_dummy
8811	8097	382913971	real
8811	8098	440026725	real
8811	17094	17137630080419	private_dummy
8812	8099	285548266	real
8812	8100	285548266	real
8812	17095	17137630080419	private_dummy
8813	8101	459723160	real
8813	17096	17137630080419	private_dummy
8814	8102	670359104	real
8814	8103	670359104	real
8814	17097	17137630080419	private_dummy
8815	8166	784584612	real
8815	17098	17137630080419	private_dummy
8816	8166	944769366	real
8816	17099	17137630080419	private_dummy
8817	8088	382913971	real
8817	17100	17137630080419	private_dummy
8818	8098	440026725	real
8818	17101	17137630080419	private_dummy
8819	8111	525124244	real
8819	8112	525124244	real
8819	17102	17137630080419	private_dummy
8820	8127	635103674	real
8820	17103	17137630080419	private_dummy
8821	8168	361362744	real
8821	17104	17137630080419	private_dummy
8822	8168	521547497	real
8822	17105	17137630080419	private_dummy
8823	8087	440438857	real
8823	17106	17137630080419	private_dummy
8824	8097	597771310	real
8824	17107	17137630080419	private_dummy
8825	8105	405465967	real
8825	8106	462578721	real
8825	17108	17137630080419	private_dummy
8826	8107	459723160	real
8826	8108	459723160	real
8826	17109	17137630080419	private_dummy
8827	8109	568241738	real
8827	8110	568241738	real
8827	17110	17137630080419	private_dummy
8828	8170	576220084	real
8828	17111	17137630080419	private_dummy
8829	8170	418472237	real
8829	17112	17137630080419	private_dummy
8830	8090	405465967	real
8830	8096	405465967	real
8830	17113	17137630080419	private_dummy
8831	8100	285548266	real
8831	17114	17137630080419	private_dummy
8832	8106	462578721	real
8832	17115	17137630080419	private_dummy
8833	8115	952881950	real
8833	17116	17137630080419	private_dummy
8834	8116	726099236	real
8834	17117	17137630080419	private_dummy
8835	8172	492435013	real
8835	17118	17137630080419	private_dummy
8836	8172	392212052	real
8836	17119	17137630080419	private_dummy
8837	8089	371846286	real
8837	8095	371846286	real
8837	17120	17137630080419	private_dummy
8838	8099	300740766	real
8838	17121	17137630080419	private_dummy
8839	8105	577990920	real
8839	17122	17137630080419	private_dummy
8840	8113	647430763	real
8840	17123	17137630080419	private_dummy
8841	8114	628199503	real
8841	17124	17137630080419	private_dummy
8842	8174	507627513	real
8842	17125	17137630080419	private_dummy
8843	8174	392212052	real
8843	17126	17137630080419	private_dummy
8844	8092	647430763	real
8844	17127	17137630080419	private_dummy
8845	8108	459723160	real
8845	8112	459723160	real
8845	17128	17137630080419	private_dummy
8846	8129	1188226317	real
8846	17129	17137630080419	private_dummy
8847	8176	752827857	real
8847	17130	17137630080419	private_dummy
8848	8176	603792716	real
8848	17131	17137630080419	private_dummy
8849	8091	489570469	real
8849	17132	17137630080419	private_dummy
8850	8101	332246999	real
8850	8104	332246999	real
8850	17133	17137630080419	private_dummy
8851	8107	381059179	real
8851	8111	381059179	real
8851	17134	17137630080419	private_dummy
8852	8113	726099236	real
8852	8115	783211990	real
8852	17135	17137630080419	private_dummy
8853	8117	895769196	real
8853	8118	1031550423	real
8853	17136	17137630080419	private_dummy
8854	8178	625351696	real
8854	17137	17137630080419	private_dummy
8855	8178	603792716	real
8855	17138	17137630080419	private_dummy
8856	8094	1109557844	real
8856	17139	17137630080419	private_dummy
8857	8103	670359104	real
8857	17140	17137630080419	private_dummy
8858	8110	568241738	real
8858	17141	17137630080419	private_dummy
8859	8118	1031550423	real
8859	17142	17137630080419	private_dummy
8860	8180	1243846916	real
8860	17143	17137630080419	private_dummy
8861	8180	990100766	real
8861	17144	17137630080419	private_dummy
8862	8093	798782256	real
8862	17145	17137630080419	private_dummy
8863	8102	597771310	real
8863	17146	17137630080419	private_dummy
8864	8109	577990920	real
8864	17147	17137630080419	private_dummy
8865	8114	726099236	real
8865	8116	726099236	real
8865	17148	17137630080419	private_dummy
8866	8117	1211545455	real
8866	17149	17137630080419	private_dummy
8867	8182	921260140	real
8867	17150	17137630080419	private_dummy
8868	8182	861880462	real
8868	17151	17137630080419	private_dummy
8869	8143	691918083	real
8869	8161	691918083	real
8869	17152	17137630080419	private_dummy
8870	8165	855895011	real
8870	17153	17137630080419	private_dummy
8871	8167	613249611	real
8871	17154	17137630080419	private_dummy
8872	8143	830547118	real
8872	8163	909215591	real
8872	17155	17137630080419	private_dummy
8873	8165	934563483	real
8873	17156	17137630080419	private_dummy
8874	8167	613249611	real
8874	17157	17137630080419	private_dummy
8875	8169	497551611	real
8875	17158	17137630080419	private_dummy
8876	8171	440026725	real
8876	17159	17137630080419	private_dummy
8877	8169	497551611	real
8877	17160	17137630080419	private_dummy
8878	8171	440026725	real
8878	17161	17137630080419	private_dummy
8879	8173	428959040	real
8879	17162	17137630080419	private_dummy
8880	8175	462578721	real
8880	17163	17137630080419	private_dummy
8881	8173	428959040	real
8881	17164	17137630080419	private_dummy
8882	8175	462578721	real
8882	17165	17137630080419	private_dummy
8883	8177	546683223	real
8883	17166	17137630080419	private_dummy
8884	8179	704543517	real
8884	17167	17137630080419	private_dummy
8885	8177	546683223	real
8885	17168	17137630080419	private_dummy
8886	8179	704543517	real
8886	17169	17137630080419	private_dummy
8887	8181	855895011	real
8887	17170	17137630080419	private_dummy
8888	8183	1338005600	real
8888	17171	17137630080419	private_dummy
8889	8181	855895011	real
8889	17172	17137630080419	private_dummy
8890	8183	1166670598	real
8890	17173	17137630080419	private_dummy
8891	8144	464438004	real
8891	17174	17137630080419	private_dummy
8892	8144	603067038	real
8892	17175	17137630080419	private_dummy
8893	8141	978953779	real
8893	8142	761656271	real
8893	17176	17137630080419	private_dummy
8894	8141	978953779	real
8894	8142	840324744	real
8894	17177	17137630080419	private_dummy
8895	3562	1702113907	real
8895	3563	1702113907	real
8895	17178	17137630080419	private_dummy
8896	3555	1702113907	real
8896	3557	1759226661	real
8896	17179	17137630080419	private_dummy
8897	7867	970117258	real
8897	7869	1280892846	real
8897	17180	17137630080419	private_dummy
8898	7865	806140331	real
8898	17181	17137630080419	private_dummy
8899	7863	714849119	real
8899	17182	17137630080419	private_dummy
8900	7861	672516732	real
8900	17183	17137630080419	private_dummy
8901	7859	672516732	real
8901	17184	17137630080419	private_dummy
8902	7857	714849119	real
8902	17185	17137630080419	private_dummy
8903	7855	806140331	real
8903	17186	17137630080419	private_dummy
8904	7853	970117258	real
8904	17187	17137630080419	private_dummy
8905	3548	1702113907	real
8905	3549	1702113907	real
8905	17188	17137630080419	private_dummy
8906	3535	1702113907	real
8906	3537	1759226661	real
8906	17189	17137630080419	private_dummy
8907	7618	913007765	real
8907	7620	1166670598	real
8907	17190	17137630080419	private_dummy
8908	7616	691918083	real
8908	17191	17137630080419	private_dummy
8909	7614	540666309	real
8909	17192	17137630080419	private_dummy
8910	7612	464438004	real
8910	17193	17137630080419	private_dummy
8911	7610	440567505	real
8911	17194	17137630080419	private_dummy
8912	7608	464438004	real
8912	17195	17137630080419	private_dummy
8913	7606	540666309	real
8913	17196	17137630080419	private_dummy
8914	7604	691918083	real
8914	17197	17137630080419	private_dummy
8915	3486	1702113907	real
8915	3488	1759226661	real
8915	3492	1702113907	real
8915	17198	17137630080419	private_dummy
8916	7335	1166670598	real
8916	7337	1109557844	real
8916	17199	17137630080419	private_dummy
8917	7333	784584612	real
8917	17200	17137630080419	private_dummy
8918	7331	600626871	real
8918	17201	17137630080419	private_dummy
8919	7329	464438004	real
8919	17202	17137630080419	private_dummy
8920	7327	406671586	real
8920	17203	17137630080419	private_dummy
8921	7325	406671586	real
8921	17204	17137630080419	private_dummy
8922	7323	464438004	real
8922	17205	17137630080419	private_dummy
8923	7321	600626871	real
8923	17206	17137630080419	private_dummy
8924	3391	1702113907	real
8924	3393	1759226661	real
8924	3396	1702113907	real
8924	17207	17137630080419	private_dummy
8925	7018	1166670598	real
8925	7020	1245339071	real
8925	17208	17137630080419	private_dummy
8926	7016	1027230012	real
8926	17209	17137630080419	private_dummy
8927	7014	711996819	real
8927	17210	17137630080419	private_dummy
8928	7012	558294485	real
8928	17211	17137630080419	private_dummy
8929	7010	440567505	real
8929	17212	17137630080419	private_dummy
8930	7008	406671586	real
8930	17213	17137630080419	private_dummy
8931	7006	440567505	real
8931	17214	17137630080419	private_dummy
8932	7004	558294485	real
8932	17215	17137630080419	private_dummy
8933	3247	1702113907	real
8933	3249	1759226661	real
8933	3253	1702113907	real
8933	17216	17137630080419	private_dummy
8934	6667	1166670598	real
8934	6669	1305299633	real
8934	17217	17137630080419	private_dummy
8935	6665	1027230012	real
8935	17218	17137630080419	private_dummy
8936	6663	941917066	real
8936	17219	17137630080419	private_dummy
8937	6661	682467246	real
8937	17220	17137630080419	private_dummy
8938	6659	558294485	real
8938	17221	17137630080419	private_dummy
8939	6657	464438004	real
8939	17222	17137630080419	private_dummy
8940	6655	464438004	real
8940	17223	17137630080419	private_dummy
8941	6653	558294485	real
8941	17224	17137630080419	private_dummy
8942	3028	1702113907	real
8942	3030	1759226661	real
8942	3034	1702113907	real
8942	17225	17137630080419	private_dummy
8943	6282	1166670598	real
8943	6284	1339195552	real
8943	17226	17137630080419	private_dummy
8944	6280	1027230012	real
8944	17227	17137630080419	private_dummy
8945	6278	941917066	real
8945	17228	17137630080419	private_dummy
8946	6276	897324586	real
8946	17229	17137630080419	private_dummy
8947	6274	692216429	real
8947	17230	17137630080419	private_dummy
8948	6272	600626871	real
8948	17231	17137630080419	private_dummy
8949	6270	540666309	real
8949	17232	17137630080419	private_dummy
8950	6268	600626871	real
8950	17233	17137630080419	private_dummy
8951	2736	1702113907	real
8951	2738	1759226661	real
8951	2742	1702113907	real
8951	17234	17137630080419	private_dummy
8952	5863	1166670598	real
8952	5865	1363066050	real
8952	17235	17137630080419	private_dummy
8953	5861	1027230012	real
8953	17236	17137630080419	private_dummy
8954	5859	941917066	real
8954	17237	17137630080419	private_dummy
8955	5857	897324586	real
8955	17238	17137630080419	private_dummy
8956	5855	888611881	real
8956	17239	17137630080419	private_dummy
8957	5853	742425012	real
8957	17240	17137630080419	private_dummy
8958	5851	691918083	real
8958	17241	17137630080419	private_dummy
8959	5849	691918083	real
8959	17242	17137630080419	private_dummy
8960	2498	1702113907	real
8960	2499	1702113907	real
8960	17243	17137630080419	private_dummy
8961	2357	1702113907	real
8961	2359	1759226661	real
8961	17244	17137630080419	private_dummy
8962	5410	1166670598	real
8962	5412	1381527938	real
8962	17245	17137630080419	private_dummy
8963	5408	1027230012	real
8963	17246	17137630080419	private_dummy
8964	5406	941917066	real
8964	17247	17137630080419	private_dummy
8965	5404	897324586	real
8965	17248	17137630080419	private_dummy
8966	5402	888611881	real
8966	17249	17137630080419	private_dummy
8967	5400	914949965	real
8967	17250	17137630080419	private_dummy
8968	5398	840324744	real
8968	17251	17137630080419	private_dummy
8969	5396	855895011	real
8969	17252	17137630080419	private_dummy
8970	1893	1702113907	real
8970	1895	1759226661	real
8970	1899	1702113907	real
8970	17253	17137630080419	private_dummy
8971	4923	1166670598	real
8971	4925	1396590845	real
8971	17254	17137630080419	private_dummy
8972	4921	1027230012	real
8972	17255	17137630080419	private_dummy
8973	4919	941917066	real
8973	17256	17137630080419	private_dummy
8974	4917	897324586	real
8974	17257	17137630080419	private_dummy
8975	4915	888611881	real
8975	17258	17137630080419	private_dummy
8976	4913	914949965	real
8976	17259	17137630080419	private_dummy
8977	4911	978953779	real
8977	17260	17137630080419	private_dummy
8978	4909	1009994705	real
8978	17261	17137630080419	private_dummy
8979	1290	1702113907	real
8979	1292	1759226661	real
8979	1295	1702113907	real
8979	17262	17137630080419	private_dummy
8980	4402	1166670598	real
8980	4404	1409315998	real
8980	17263	17137630080419	private_dummy
8981	4400	1027230012	real
8981	17264	17137630080419	private_dummy
8982	4398	941917066	real
8982	17265	17137630080419	private_dummy
8983	4396	897324586	real
8983	17266	17137630080419	private_dummy
8984	4394	888611881	real
8984	17267	17137630080419	private_dummy
8985	4392	914949965	real
8985	17268	17137630080419	private_dummy
8986	4390	978953779	real
8986	17269	17137630080419	private_dummy
8987	4388	1088663177	real
8987	17270	17137630080419	private_dummy
8988	557	1702113907	real
8988	559	1702113907	real
8988	562	1702113907	real
8988	17271	17137630080419	private_dummy
8989	3847	1166670598	real
8989	3849	1415009032	real
8989	17272	17137630080419	private_dummy
8990	3845	1027230012	real
8990	17273	17137630080419	private_dummy
8991	3843	941917066	real
8991	17274	17137630080419	private_dummy
8992	3841	897324586	real
8992	17275	17137630080419	private_dummy
8993	3839	888611881	real
8993	17276	17137630080419	private_dummy
8994	3837	914949965	real
8994	17277	17137630080419	private_dummy
8995	3835	978953779	real
8995	17278	17137630080419	private_dummy
8996	3833	1088663177	real
8996	17279	17137630080419	private_dummy
8997	3492	1184562466	real
8997	3493	1184562466	real
8997	17280	17137630080419	private_dummy
8998	3396	1127244833	real
8998	17281	17137630080419	private_dummy
8999	3253	1103469220	real
8999	3254	1103469220	real
8999	17282	17137630080419	private_dummy
9000	3034	1111345418	real
9000	3035	1111345418	real
9000	17283	17137630080419	private_dummy
9001	2742	1151478732	real
9001	2743	1151478732	real
9001	17284	17137630080419	private_dummy
9002	1899	1347326682	real
9002	1900	1347326682	real
9002	17285	17137630080419	private_dummy
9003	1295	1536494450	real
9003	17286	17137630080419	private_dummy
9004	562	1869695623	real
9004	17287	17137630080419	private_dummy
9005	8155	1109557844	real
9005	17288	17137630080419	private_dummy
9006	8155	1052445090	real
9006	17289	17137630080419	private_dummy
9007	8156	830547118	real
9007	17290	17137630080419	private_dummy
9008	8156	773434364	real
9008	17291	17137630080419	private_dummy
9009	8157	754689937	real
9009	17292	17137630080419	private_dummy
9010	8157	697577182	real
9010	17293	17137630080419	private_dummy
9011	8158	830547118	real
9011	17294	17137630080419	private_dummy
9012	8158	773434364	real
9012	17295	17137630080419	private_dummy
9013	8159	1109557844	real
9013	17296	17137630080419	private_dummy
9014	8159	1052445090	real
9014	17297	17137630080419	private_dummy
9015	8160	1268658209	real
9015	17298	17137630080419	private_dummy
9016	8160	1268658209	real
9016	17299	17137630080419	private_dummy
9017	8235	1151478732	real
9017	17300	17137630080419	private_dummy
9018	8233	751721493	real
9018	17301	17137630080419	private_dummy
9019	8238	1184562466	real
9019	17302	17137630080419	private_dummy
9020	8238	1302830226	real
9020	17303	17137630080419	private_dummy
9021	8223	296697716	real
9021	17304	17137630080419	private_dummy
9022	8229	837944909	real
9022	8230	837944909	real
9022	17305	17137630080419	private_dummy
9023	8219	375366188	real
9023	8220	546696698	real
9023	17306	17137630080419	private_dummy
9024	8221	640890500	real
9024	17307	17137630080419	private_dummy
9025	8245	586295985	real
9025	17308	17137630080419	private_dummy
9026	8220	546696698	real
9026	17309	17137630080419	private_dummy
9027	8227	812221010	real
9027	17310	17137630080419	private_dummy
9028	8247	586295985	real
9028	17311	17137630080419	private_dummy
9029	8219	782688641	real
9029	17312	17137630080419	private_dummy
9030	8225	343859956	real
9030	17313	17137630080419	private_dummy
9031	8249	1383315512	real
9031	17314	17137630080419	private_dummy
9032	8234	554789753	real
9032	17315	17137630080419	private_dummy
9033	8231	851820297	real
9033	8232	851820297	real
9033	17316	17137630080419	private_dummy
9034	8221	343859956	real
9034	8223	343859956	real
9034	17317	17137630080419	private_dummy
9035	8225	343859956	real
9035	8227	515190466	real
9035	17318	17137630080419	private_dummy
9036	8252	554789753	real
9036	17319	17137630080419	private_dummy
9037	8240	1263230939	real
9037	17320	17137630080419	private_dummy
9038	8240	1355897468	real
9038	17321	17137630080419	private_dummy
9039	8238	1308735228	real
9039	8239	757626495	real
9039	8244	586295985	real
9039	17322	17137630080419	private_dummy
9040	8248	806438676	real
9040	17323	17137630080419	private_dummy
9041	8250	554789753	real
9041	17324	17137630080419	private_dummy
9042	8238	1322610616	real
9042	8239	1101819280	real
9042	8246	851820297	real
9042	17325	17137630080419	private_dummy
9043	8248	1082038889	real
9043	17326	17137630080419	private_dummy
9044	8250	633458225	real
9044	17327	17137630080419	private_dummy
9045	8237	757626495	real
9045	17328	17137630080419	private_dummy
9046	8251	554789753	real
9046	17329	17137630080419	private_dummy
9047	8253	806438676	real
9047	17330	17137630080419	private_dummy
9048	8237	836294968	real
9048	17331	17137630080419	private_dummy
9049	8251	633458225	real
9049	17332	17137630080419	private_dummy
9050	8253	885107149	real
9050	17333	17137630080419	private_dummy
9051	8236	836294968	real
9051	17334	17137630080419	private_dummy
9052	8236	1243617421	real
9052	17335	17137630080419	private_dummy
9053	8194	438906293	real
9053	8195	438906293	real
9053	17336	17137630080419	private_dummy
9054	8222	1031550423	real
9054	17337	17137630080419	private_dummy
9055	8218	1098612056	real
9055	17338	17137630080419	private_dummy
9056	8218	990100766	real
9056	17339	17137630080419	private_dummy
9057	8184	895769196	real
9057	8185	952881950	real
9057	17340	17137630080419	private_dummy
9058	8186	628199503	real
9058	8187	628199503	real
9058	17341	17137630080419	private_dummy
9059	8188	568241738	real
9059	8189	568241738	real
9059	17342	17137630080419	private_dummy
9060	8190	670359104	real
9060	8191	670359104	real
9060	17343	17137630080419	private_dummy
9061	8192	1052445090	real
9061	8193	1052445090	real
9061	17344	17137630080419	private_dummy
9062	8261	1005945527	real
9062	17345	17137630080419	private_dummy
9063	8261	897434237	real
9063	17346	17137630080419	private_dummy
9064	8185	952881950	real
9064	17347	17137630080419	private_dummy
9065	8203	313543580	real
9065	17348	17137630080419	private_dummy
9066	8224	763980730	real
9066	17349	17137630080419	private_dummy
9067	8263	1005945527	real
9067	17350	17137630080419	private_dummy
9068	8263	897434237	real
9068	17351	17137630080419	private_dummy
9069	8184	1211545455	real
9069	17352	17137630080419	private_dummy
9070	8196	489570469	real
9070	8197	546683223	real
9070	17353	17137630080419	private_dummy
9071	8198	332246999	real
9071	8199	332246999	real
9071	17354	17137630080419	private_dummy
9072	8200	381059179	real
9072	17355	17137630080419	private_dummy
9073	8201	726099236	real
9073	8202	726099236	real
9073	17356	17137630080419	private_dummy
9074	8265	1201687316	real
9074	17357	17137630080419	private_dummy
9075	8265	1196251286	real
9075	17358	17137630080419	private_dummy
9076	8187	628199503	real
9076	17359	17137630080419	private_dummy
9077	8197	546683223	real
9077	17360	17137630080419	private_dummy
9078	8210	339803765	real
9078	8211	339803765	real
9078	17361	17137630080419	private_dummy
9079	8226	704022965	real
9079	17362	17137630080419	private_dummy
9080	8267	706287092	real
9080	17363	17137630080419	private_dummy
9081	8267	700851062	real
9081	17364	17137630080419	private_dummy
9082	8186	726099236	real
9082	17365	17137630080419	private_dummy
9083	8196	726099236	real
9083	17366	17137630080419	private_dummy
9084	8204	371846286	real
9084	8205	428959040	real
9084	17367	17137630080419	private_dummy
9085	8206	300740766	real
9085	8207	300740766	real
9085	17368	17137630080419	private_dummy
9086	8208	577990920	real
9086	8209	577990920	real
9086	17369	17137630080419	private_dummy
9087	8269	999928613	real
9087	17370	17137630080419	private_dummy
9088	8269	562222027	real
9088	17371	17137630080419	private_dummy
9089	8189	568241738	real
9089	8195	568241738	real
9089	17372	17137630080419	private_dummy
9090	8199	332246999	real
9090	17373	17137630080419	private_dummy
9091	8205	428959040	real
9091	17374	17137630080419	private_dummy
9092	8214	727471858	real
9092	17375	17137630080419	private_dummy
9093	8215	670359104	real
9093	17376	17137630080419	private_dummy
9094	8271	646256547	real
9094	17377	17137630080419	private_dummy
9095	8271	462123224	real
9095	17378	17137630080419	private_dummy
9096	8188	577990920	real
9096	8194	577990920	real
9096	17379	17137630080419	private_dummy
9097	8198	381059179	real
9097	17380	17137630080419	private_dummy
9098	8204	577990920	real
9098	17381	17137630080419	private_dummy
9099	8212	440438857	real
9099	17382	17137630080419	private_dummy
9100	8213	597771310	real
9100	17383	17137630080419	private_dummy
9101	8273	713772147	real
9101	17384	17137630080419	private_dummy
9102	8273	462123224	real
9102	17385	17137630080419	private_dummy
9103	8191	670359104	real
9103	17386	17137630080419	private_dummy
9104	8207	300740766	real
9104	8211	300740766	real
9104	17387	17137630080419	private_dummy
9105	8228	1280892846	real
9105	17388	17137630080419	private_dummy
9106	8275	772615536	real
9106	17389	17137630080419	private_dummy
9107	8275	562222027	real
9107	17390	17137630080419	private_dummy
9108	8190	597771310	real
9108	17391	17137630080419	private_dummy
9109	8200	332246999	real
9109	8203	332246999	real
9109	17392	17137630080419	private_dummy
9110	8206	300740766	real
9110	8210	300740766	real
9110	17393	17137630080419	private_dummy
9111	8212	597771310	real
9111	8214	654884065	real
9111	17394	17137630080419	private_dummy
9112	8216	798782256	real
9112	8217	855895011	real
9112	17395	17137630080419	private_dummy
9113	8277	733552537	real
9113	17396	17137630080419	private_dummy
9114	8277	562222027	real
9114	17397	17137630080419	private_dummy
9115	8193	1052445090	real
9115	17398	17137630080419	private_dummy
9116	8202	726099236	real
9116	17399	17137630080419	private_dummy
9117	8209	577990920	real
9117	17400	17137630080419	private_dummy
9118	8217	855895011	real
9118	17401	17137630080419	private_dummy
9119	8279	1151180387	real
9119	17402	17137630080419	private_dummy
9120	8279	861880462	real
9120	17403	17137630080419	private_dummy
9121	8192	798782256	real
9121	17404	17137630080419	private_dummy
9122	8201	489570469	real
9122	17405	17137630080419	private_dummy
9123	8208	371846286	real
9123	17406	17137630080419	private_dummy
9124	8213	440438857	real
9124	8215	440438857	real
9124	17407	17137630080419	private_dummy
9125	8216	798782256	real
9125	17408	17137630080419	private_dummy
9126	8281	921260140	real
9126	17409	17137630080419	private_dummy
9127	8281	861880462	real
9127	17410	17137630080419	private_dummy
9128	8242	954546992	real
9128	8260	970117258	real
9128	17411	17137630080419	private_dummy
9129	8264	1088663177	real
9129	17412	17137630080419	private_dummy
9130	8266	934563483	real
9130	17413	17137630080419	private_dummy
9131	8242	1057622251	real
9131	8262	1073192518	real
9131	17414	17137630080419	private_dummy
9132	8264	1167331650	real
9132	17415	17137630080419	private_dummy
9133	8266	934563483	real
9133	17416	17137630080419	private_dummy
9134	8268	770586556	real
9134	17417	17137630080419	private_dummy
9135	8270	679295344	real
9135	17418	17137630080419	private_dummy
9136	8268	770586556	real
9136	17419	17137630080419	private_dummy
9137	8270	679295344	real
9137	17420	17137630080419	private_dummy
9138	8272	636962957	real
9138	17421	17137630080419	private_dummy
9139	8274	636962957	real
9139	17422	17137630080419	private_dummy
9140	8272	636962957	real
9140	17423	17137630080419	private_dummy
9141	8274	636962957	real
9141	17424	17137630080419	private_dummy
9142	8276	679295344	real
9142	17425	17137630080419	private_dummy
9143	8278	770586556	real
9143	17426	17137630080419	private_dummy
9144	8276	679295344	real
9144	17427	17137630080419	private_dummy
9145	8278	770586556	real
9145	17428	17137630080419	private_dummy
9146	8280	934563483	real
9146	17429	17137630080419	private_dummy
9147	8282	1088663177	real
9147	17430	17137630080419	private_dummy
9148	8280	934563483	real
9148	17431	17137630080419	private_dummy
9149	8282	1088663177	real
9149	17432	17137630080419	private_dummy
9150	8243	476121280	real
9150	17433	17137630080419	private_dummy
9151	8243	579196540	real
9151	17434	17137630080419	private_dummy
9152	8240	1277228995	real
9152	8241	1027230012	real
9152	17435	17137630080419	private_dummy
9153	8240	1399007674	real
9153	8241	1241675220	real
9153	17436	17137630080419	private_dummy
9154	8254	1268658209	real
9154	17437	17137630080419	private_dummy
9155	8254	1268658209	real
9155	17438	17137630080419	private_dummy
9156	8255	934563483	real
9156	17439	17137630080419	private_dummy
9157	8255	934563483	real
9157	17440	17137630080419	private_dummy
9158	8256	773151825	real
9158	17441	17137630080419	private_dummy
9159	8256	773151825	real
9159	17442	17137630080419	private_dummy
9160	8257	773151825	real
9160	17443	17137630080419	private_dummy
9161	8257	773151825	real
9161	17444	17137630080419	private_dummy
9162	8258	934563483	real
9162	17445	17137630080419	private_dummy
9163	8258	934563483	real
9163	17446	17137630080419	private_dummy
9164	8259	1430048205	real
9164	17447	17137630080419	private_dummy
9165	8259	1508716678	real
9165	17448	17137630080419	private_dummy
